scenario,lambda,mu_nurse,mu_doctor,s_nurse_max,s_doctor_max,Tmax,nurse_price,doctor_price,optimal_nurses,optimal_doctors,system_total_time,patient_loss,hospital_overload,arrival_pattern,lambda_variance,uncertainty_penalty
standard,12.981805832971299,5.9811373438267585,3.856456181286129,14,12,20.318827189768253,73.70264702549575,443.7420427211019,3,4,2.124411073049217,0.0,0.0,poisson,,
standard,7.339736711695129,5.039339989391026,3.703235600765803,16,5,19.35454349071042,106.21920554599939,332.8013767081428,2,3,2.025973248977519,0.0,0.0,poisson,,
standard,17.45545603130299,7.440223223396597,2.276945688714849,20,11,30.897529332156985,85.27357735265076,229.16015079874185,3,8,4.122265958197344,0.0,0.0,poisson,,
standard,20.608973040440134,4.113607976845528,3.940707749186732,14,14,33.44338261650624,130.5050719855687,491.2430989511522,6,6,1.9677620517364696,0.0,0.0,poisson,,
standard,21.710144916936148,3.5708449918445657,3.283795235467494,11,11,41.34181232819098,65.34284727106706,385.97381023686796,7,7,3.4399639155986845,0.0,0.0,poisson,,
standard,5.845302075195478,6.935154264071672,3.9861813937337947,17,15,19.550848415363227,100.26518418612443,415.6382029009419,1,2,6.920966497311422,0.0,0.0,poisson,,
standard,29.02687559152415,5.111194591965022,2.4187575608225194,12,15,56.58839678269221,120.87096284481147,331.20332329417454,6,13,3.983203190090417,0.0,0.0,poisson,,
standard,10.493933283486708,7.503212952018827,1.059400046708779,15,15,33.40458345212288,117.24860362370657,293.6707147723968,2,10,12.258293588610108,0.0,0.0,poisson,,
standard,22.816214105759645,3.84015229551384,3.521071408153447,8,14,16.731574723708572,78.09048089842727,342.8165989899464,7,7,2.620204129806746,0.0,0.0,poisson,,
standard,22.171987651711664,4.7318093157405725,2.5754510311039844,14,14,26.768246213116576,99.58522481094755,450.2011111449183,5,9,5.483867435678614,0.0,0.0,poisson,,
standard,12.932404571895841,6.368198897087746,3.117139123198472,8,8,31.42867494671578,122.87697493797766,288.1127177220258,3,5,1.6714417021729975,0.0,0.0,poisson,,
standard,10.856696251791192,5.692605721423455,3.9718427147751125,5,3,38.26934119217351,138.243721632862,420.22325394887275,2,3,13.593376919514826,0.0,0.0,poisson,,
standard,19.96344528822916,5.033860719690869,2.159972309633816,14,14,25.237800062842293,78.01331325243169,369.84196239628807,5,10,2.164989078418822,0.0,0.0,poisson,,
standard,7.644167006659627,7.030478095676668,1.2709780392049244,15,12,10.349771961068313,146.90097170165535,262.37307333380375,2,7,1.9763442510635603,0.0,0.0,poisson,,
standard,21.21613256606506,3.7437381377892964,2.4157405040404702,15,10,21.09072272065923,80.44550431392629,301.11221904020596,6,9,7.459027224604043,0.0,0.0,poisson,,
standard,10.208111312521037,6.007888058820969,1.4326041852919433,19,10,24.83946799524083,51.650651590338,327.39785389281394,2,8,4.231999358882107,0.0,0.0,poisson,,
standard,27.44113555260949,3.8404501623131813,3.6906696185732355,13,8,38.07450161292685,110.12917910127915,328.60506324001005,8,8,2.7184628675555413,0.0,0.0,poisson,,
standard,13.628165900926376,3.7195120162606123,3.993194170676306,14,7,38.200923627522386,123.03314720473755,416.1003627918092,4,4,4.145057755053999,0.0,0.0,poisson,,
standard,6.052680285292156,4.655532265934459,3.432944386211296,3,5,17.183371614655613,65.77060210762087,436.8915224023456,2,2,4.725118006185389,0.0,0.0,poisson,,
standard,13.350587721000348,2.95996588146849,2.9634821157487585,7,7,12.706351648014849,95.1145262762619,360.64349038049374,5,5,3.787154283888118,0.0,0.0,poisson,,
standard,21.34736416533954,4.971914777504704,3.7974895513621827,10,15,45.19921063364471,58.67339338440068,465.710033890806,5,6,3.614249326551411,0.0,0.0,poisson,,
standard,8.001557564057755,7.8517536459945,3.9522474475375757,10,7,39.89651931221736,95.38652264529068,223.22557867411035,2,3,1.1985651497207346,0.0,0.0,poisson,,
standard,14.608354400290443,6.6556291573554995,2.1337505641510455,5,12,42.47794911645852,61.74181889998233,320.71389563947776,3,7,7.3719122599492195,0.0,0.0,poisson,,
standard,37.89640629815344,6.272804207213094,3.916766361338476,9,10,53.01507199242073,128.62739899070618,241.93852956727952,7,10,3.7959057955726303,0.0,0.0,poisson,,
standard,9.858863031792875,7.288715111391846,2.36455036913541,9,9,47.09471663958874,64.44010502982509,224.09507798330804,2,5,2.151101416823174,0.0,0.0,poisson,,
standard,5.8820864591029345,7.585427562348318,3.618553475401536,13,4,52.69183693403762,103.49868080623801,403.40862352379406,1,2,5.80774933883246,0.0,0.0,poisson,,
standard,17.750929382374792,7.752907358826476,2.2693452043906293,4,14,16.519789489183793,108.13833864740653,409.8906456820787,3,8,6.618780645817227,0.0,0.0,poisson,,
standard,7.049251383073721,7.449008689492124,2.6404918062426566,18,8,17.685317408881442,121.5013901612143,218.41655968024122,2,3,3.221057929648076,0.0,0.0,poisson,,
standard,9.690393169196755,5.803165188457821,1.9223099738568514,13,8,50.19184086621571,128.37919652380182,230.959668756299,2,6,3.622040070914313,0.0,0.0,poisson,,
standard,15.42329611837799,6.785848101443165,3.9334266747241378,16,12,28.731136550796023,121.18422704967062,266.79065278813226,3,4,13.320301898906505,0.0,0.0,poisson,,
standard,11.062502983276339,2.316432120060769,3.591700450289489,20,4,42.19048585867469,89.37770549070565,227.30309915953708,5,4,5.2683272229791775,0.0,0.0,poisson,,
standard,8.654763173488803,3.9922051180752005,2.743531782789992,8,8,17.340156519055757,88.9109358217056,246.05354630493588,3,4,1.9286233284350218,0.0,0.0,poisson,,
standard,13.980109076495872,3.8546172847826847,2.647683296147058,10,9,34.80462414313219,110.81445798197223,426.4818707232836,4,6,3.7468013102517803,0.0,0.0,poisson,,
standard,15.114009367710878,3.4004123194802247,3.445638012537002,16,12,16.89551190661438,89.05107021794552,234.83651444655598,5,5,3.0746205348667375,0.0,0.0,poisson,,
standard,11.174708528321133,3.2007472879244387,3.2001759863508137,9,4,11.001956401249915,65.56384524962016,343.22554281424596,4,4,3.5112877451292315,0.0,0.0,poisson,,
standard,8.40618620103837,4.6641029458910666,2.1787196403370293,8,5,37.19870954701599,90.0486893515008,310.01545106947395,2,4,11.506465768015602,0.0,0.0,poisson,,
standard,10.052879754023987,3.8448457832346925,3.151974335517857,8,4,10.868611367379208,69.40700404026565,390.88626798018834,3,4,3.298410306036105,0.0,0.0,poisson,,
standard,10.692102479073416,2.9305607159656506,3.1287380242398517,5,13,51.10187247318009,81.48133435282035,308.1296746035056,4,4,4.169481528013168,0.0,0.0,poisson,,
standard,13.963136952322962,2.741050249644883,2.9410385954889353,20,9,23.187001679602766,107.70034395577875,287.3416020891732,6,5,4.865965562115639,0.0,0.0,poisson,,
standard,10.872994309949775,5.36674820304704,3.828325775907035,15,9,43.833792611452466,98.13893829191693,380.4533039782138,3,3,6.552754411401708,0.0,0.0,poisson,,
standard,9.132648167540701,3.363323409278779,3.187648469280706,12,8,57.6130707504024,114.00606581413851,231.60299227240213,3,3,10.300522524920433,0.0,0.0,poisson,,
standard,12.207606959166714,5.400884055825499,3.0911587338048103,9,14,14.745141732715158,106.5279924903331,371.7025541119241,3,5,1.7922513437250869,0.0,0.0,poisson,,
standard,6.224114902621523,2.2854489046815107,1.195031995126242,5,6,23.552388578393327,92.34047726020174,279.0435834181182,3,6,5.117636713175489,0.0,0.0,poisson,,
standard,25.31511902731061,3.2259970345565634,3.742407361553572,11,12,41.215714242444136,50.43950507766613,445.8173772989993,8,7,10.546606928184104,0.0,0.0,poisson,,
standard,24.14572987634627,7.815606157504179,2.3240647602419306,12,15,10.606264339419727,130.30416700948223,284.1910222239548,4,11,2.4668275140963805,0.0,0.0,poisson,,
standard,16.33216717124494,6.3199443024646875,2.3446563833598257,8,10,15.249260871684601,128.2770497579555,399.99349673980015,3,8,2.99185390232216,0.0,0.0,poisson,,
standard,14.977629263375265,4.874130809377011,1.621041001222951,17,11,42.92212026880662,68.90334347179686,272.0892602740563,4,10,2.380196500628564,0.0,0.0,poisson,,
standard,16.603412573743164,2.0035028488894033,1.9495572369898997,11,11,14.276344233786379,90.65256664278105,440.59271506843487,9,9,3.759237014245179,0.0,0.0,poisson,,
standard,16.27707636629452,3.0828149318287776,3.622687278155188,19,5,36.55405826540064,131.81939200330135,423.78025045786603,6,5,3.0603008226952264,0.0,0.0,poisson,,
standard,10.4994158588372,7.812747426528485,3.9561602918202556,8,15,52.68211734956943,103.72645189053453,498.7672240892328,2,3,3.487033311115103,0.0,0.0,poisson,,
standard,8.450118666502659,5.754713695130255,1.7582649649734945,7,6,39.55518243468502,82.33587425206012,205.49525309567014,2,5,6.573150012999504,0.0,0.0,poisson,,
standard,11.219284498393819,7.912915949978094,2.2241135030101487,15,15,51.6451116905276,105.50134993130854,386.8159203101635,2,6,2.217960652505474,0.0,0.0,poisson,,
standard,16.714985930985716,5.927382025354438,3.4439189375434576,16,14,26.851269714233723,57.56363991557336,436.30120364900154,3,5,11.7260454055779,0.0,0.0,poisson,,
standard,15.39512749127638,3.691422477589213,1.7732218558187247,15,11,57.250409396748864,78.31922056889299,415.9332321258868,5,9,4.35657321543929,0.0,0.0,poisson,,
standard,9.102173706911923,5.119056961514555,3.404711726809289,5,10,38.47336344941212,109.22869844613325,378.70361207535404,2,3,6.71414160472005,0.0,0.0,poisson,,
standard,17.470111952232443,4.176911102878502,3.5073804062339002,7,12,28.527029723989198,78.30546494257081,397.9617214910269,5,6,1.8609057226805559,0.0,0.0,poisson,,
standard,11.751470555064826,4.293831457523957,1.817834086762715,12,9,53.90142816023997,103.08018900518539,286.0453795290015,3,7,5.4304655162064375,0.0,0.0,poisson,,
standard,18.545392216810953,7.9172979772732965,3.5972196905381377,11,11,56.83625505016579,106.81061746185469,403.3905776207264,3,6,2.104861261081591,0.0,0.0,poisson,,
standard,13.184282603608562,5.741588523717751,2.8381047269861757,5,10,44.932606393998626,128.91480192603075,293.87756994267477,3,5,3.704942647216451,0.0,0.0,poisson,,
standard,6.116830503774109,3.7474009167086733,1.6294994508085128,17,9,16.6957895685262,137.0636144909496,305.7666585721004,2,4,6.3971338558852775,0.0,0.0,poisson,,
standard,9.849764415119491,6.986555129077134,3.2253594833963644,16,4,47.02255723044977,107.29895344962532,210.25690841051897,2,4,2.0033896874885295,0.0,0.0,poisson,,
standard,20.400457527772282,7.5319196016372025,2.9618081003580183,18,8,44.41892877963111,67.51932036804365,416.736523280087,3,7,11.780391425283671,0.0,0.0,poisson,,
standard,16.185191949114085,2.1526851590708436,2.350273107556335,8,7,41.98990539517219,105.07248139974243,216.48841006111695,8,7,10.966579669686062,0.0,0.0,poisson,,
standard,7.9251442797435,2.6835605033326493,3.419552470208256,18,13,33.88666198221473,101.63083243352918,207.18947589347422,3,3,22.29877742994228,0.0,0.0,poisson,,
standard,5.037305615116196,6.574529487541356,1.7908097813810322,5,6,56.632035797620055,138.05985349927963,205.0253028449943,1,3,8.713645685779056,0.0,0.0,poisson,,
standard,23.88165143930691,5.620967152311608,3.648165128920181,18,10,32.398542298424516,125.48011010646167,276.76131936692957,5,7,3.1148053726582203,0.0,0.0,poisson,,
standard,22.13276053220942,3.4419336049117524,3.656594401601096,7,11,10.563803794871747,58.35713359090286,355.8099698516147,7,7,2.580555524998232,0.0,0.0,poisson,,
standard,10.530094175310897,3.8384698754259654,1.0154679397922324,20,12,25.09017059103401,56.60548130603177,300.0457819577753,3,11,5.784765431458654,0.0,0.0,poisson,,
standard,24.406101933329502,4.8412537221641845,3.6092541977055745,12,7,59.27088473024371,55.94766622935185,217.39014583174588,6,7,4.8944893702477605,0.0,0.0,poisson,,
standard,10.046555245672254,5.292331183292751,2.030348109738638,5,8,58.94322740532209,141.1749183169834,320.289141760784,2,5,28.576300978676507,0.0,0.0,poisson,,
standard,18.99137803224548,6.569405822345128,3.872561093601775,5,10,46.95309892802406,148.7744755611398,291.8225920766689,3,5,18.881334442585626,0.0,0.0,poisson,,
standard,15.137667856647647,6.514525626859912,1.25683570312236,18,14,34.4323066556141,129.94458422605578,267.89315976356073,3,13,2.5950422748957847,0.0,0.0,poisson,,
standard,15.30316175296296,2.9542614967397762,1.8016393886403401,7,9,35.76206983522603,82.37665075422191,389.7377875655706,6,9,3.302099086509253,0.0,0.0,poisson,,
standard,18.45092820556115,2.4014763050605623,3.8469223037922102,16,12,13.897810778402622,52.47881363114196,352.94141197950233,8,5,7.857050103475174,0.0,0.0,poisson,,
standard,48.56225395916032,5.077421864568205,3.4915582705947066,15,14,31.65352074198147,104.61850248876402,447.2280073273671,10,14,13.043237180029305,0.0,0.0,poisson,,
standard,31.4278984677608,3.0736735259763703,3.3798729698054455,20,11,50.47553591212255,62.74455144979848,294.4018235806882,11,10,2.66988058906837,0.0,0.0,poisson,,
standard,14.120028043779138,7.42697766574745,3.7681694756233193,14,12,57.45365995297443,116.19911938672264,304.96672120930833,2,4,13.191609647973067,0.0,0.0,poisson,,
standard,6.505213843650485,4.841003257616397,2.458937691420261,17,7,13.779300271031506,69.75484697937034,485.71800270236,2,3,3.6513624873664408,0.0,0.0,poisson,,
standard,9.627404253661883,6.90225067486245,3.8501471237084393,15,13,35.71173224190041,137.77619686882755,254.93852405790946,2,3,2.758153982314453,0.0,0.0,poisson,,
standard,9.094902624607974,5.79765336966188,2.4117246116912554,10,9,10.17043517501525,98.70648212531593,211.95697040941525,2,4,6.013960702310035,0.0,0.0,poisson,,
standard,12.198470629197278,7.457623824675772,3.4639312555469246,10,6,35.98286996793657,114.5249570865738,444.130892169478,2,4,4.007362720389102,0.0,0.0,poisson,,
standard,16.619426850914635,6.942385348639168,3.2342140693179955,17,12,53.91834908097908,63.6366748174692,264.17956747496027,3,6,2.2568068440096885,0.0,0.0,poisson,,
standard,15.011846904509044,3.460615032447177,2.194822348509123,13,10,59.713645102661644,58.6259060545545,262.13592879238155,5,7,7.601847312583285,0.0,0.0,poisson,,
standard,28.37835786460229,5.677571616574948,3.2063451673271155,19,11,27.314718871634753,87.98308533632022,267.01804310822496,6,9,7.39251696781615,0.0,0.0,poisson,,
standard,8.645324342872238,6.389022207946867,1.7051854329144653,9,8,36.169934730495584,107.59773191123637,396.2135890580339,2,6,2.2462873618373145,0.0,0.0,poisson,,
standard,13.614250467621625,2.225512769464088,1.954381626383325,18,10,42.59916408749973,67.91433695884623,219.8187537262996,7,7,30.69681345016804,0.0,0.0,poisson,,
standard,5.293555601427501,3.326158899169034,3.937955443695697,3,5,36.57798057943337,131.04047147983067,371.87126591179936,2,2,3.104923668410943,0.0,0.0,poisson,,
standard,11.513205946779298,7.459915801001887,1.486458949671138,9,8,50.34146647480105,76.98955092204822,269.82154254894255,2,8,5.810961695049316,0.0,0.0,poisson,,
standard,13.669948861093875,5.055374076718461,2.805755647415724,12,5,30.701133468636662,119.3389057083913,482.9905291191114,3,5,10.646851622634525,0.0,0.0,poisson,,
standard,6.739342954897538,2.1661798432288126,1.234655158199853,13,7,53.75846615899476,112.92508054001495,253.16646945774687,4,6,3.3088876824027924,0.0,0.0,poisson,,
standard,11.401110025955749,4.927407092499612,1.705026194493393,17,14,44.82272634613843,106.95952712211576,326.96784277645816,3,7,4.4404278059965465,0.0,0.0,poisson,,
standard,17.939948856414382,2.1266973242350975,3.6489224821565793,18,13,45.47751051705744,84.24602151049727,450.96014056755587,9,5,13.63193363449349,0.0,0.0,poisson,,
standard,5.699183778234598,4.967107824942323,2.69783925228641,6,13,16.139046240661923,147.713968574644,482.78764472895625,2,3,1.624231283140693,0.0,0.0,poisson,,
standard,7.696030735084269,5.6163941193105185,2.88810047572912,15,4,10.701872995779674,148.17846576884406,257.595424696027,2,3,3.7844154899913907,0.0,0.0,poisson,,
standard,7.216918034499279,5.192433730278269,1.5223749289716495,16,8,44.903504560253005,99.55277341164016,473.3698733730092,2,5,5.14974731491211,0.0,0.0,poisson,,
standard,36.141017283747544,6.9666874598976225,3.365816717996391,7,14,32.13276588500008,128.21736674386477,420.4832583450709,6,11,4.719526545904794,0.0,0.0,poisson,,
standard,15.403741397481035,4.513447830493076,2.190882556547647,10,11,16.29460592968624,51.362010425160754,343.70637289967397,4,8,2.5283416894403983,0.0,0.0,poisson,,
standard,27.20935030422674,5.731436562806941,2.5100968877623546,7,12,52.6062620673084,64.63099022838179,209.19583669782648,5,11,9.946163195147625,0.0,0.0,poisson,,
standard,23.612935728063945,5.379412371028584,2.125754936596929,13,12,21.87368260180395,56.065924005987554,242.22787071348188,5,12,2.637270272800708,0.0,0.0,poisson,,
standard,7.292882497484362,5.991452811006123,3.515151272383803,8,6,23.217537343172886,52.8500132909859,468.2152730419361,2,3,1.55849897147658,0.0,0.0,poisson,,
standard,21.38942348905859,4.8451732720121345,3.64862378888066,10,6,14.733153843715465,75.31334865809004,413.30606107099953,5,6,8.526127620311218,0.0,0.0,poisson,,
standard,5.813061107122348,2.8588243618302247,2.229018863341883,5,13,20.418299947104842,56.09882200144355,494.30469781500625,3,3,3.221575330678707,0.0,0.0,poisson,,
standard,6.440053592367775,2.5178895434699378,3.6167901224094727,11,2,53.00552420710644,87.41947881560523,265.1294068845505,3,2,6.15730582772971,0.0,0.0,poisson,,
standard,8.274601838805243,6.522298617047503,3.1099767570715318,9,6,22.727673375741883,136.84255431251174,296.9351747873337,2,3,3.4880325651790236,0.0,0.0,poisson,,
standard,22.503400205982437,7.6417592010479725,2.0819023538007992,7,12,28.302334713910984,93.78963985115836,228.10360964133412,3,11,22.99179106319437,0.0,0.0,poisson,,
standard,7.133668532784196,7.8306980282586265,3.2015286760181936,13,13,56.64139100728485,111.53549241452733,205.15353443437098,1,3,11.395544369775093,0.0,0.0,poisson,,
standard,41.489599815362304,7.263776849456144,3.3661504165554543,14,13,26.059338687603198,78.48221033901245,465.23936678234185,6,13,4.6342624554296155,0.0,0.0,poisson,,
standard,10.410312467261551,7.674856916939193,3.6158653486335917,5,13,43.93081769674253,121.83850118780668,295.9714986513438,2,3,8.905664587044132,0.0,0.0,poisson,,
standard,10.608763190575871,6.245223457253087,1.308980721834538,6,13,12.204471812556601,92.72408323395169,375.2653497349485,2,9,4.2795202801416465,0.0,0.0,poisson,,
standard,9.834437489454148,3.2550174769636433,2.7418551228351955,5,6,55.28506410000524,149.48295127594116,201.949176763125,4,4,3.0918876759203204,0.0,0.0,poisson,,
standard,22.35791421584922,4.05038108774043,2.393146365261387,10,11,47.50096273412373,98.63440034176237,232.90893778771678,6,10,3.4862603256509455,0.0,0.0,poisson,,
standard,6.376057072458305,6.7147041088610075,2.9631217827162843,7,13,37.349176779990124,78.48644547222219,271.8335933330331,1,3,19.925050064947726,0.0,0.0,poisson,,
standard,8.527481997522184,4.709390122100761,2.3031043924006473,10,11,42.90810404761929,94.2959934273327,261.81830610258135,2,4,8.018223968128233,0.0,0.0,poisson,,
standard,9.169219800154995,7.980152398500295,2.1570169770662204,6,13,23.937630076404517,129.2137366283949,232.27669649916118,2,5,1.9557086155128067,0.0,0.0,poisson,,
standard,10.26066218510243,5.184454049484549,2.520062955935062,19,12,43.663466042402796,71.10805951009127,284.66116174964054,3,5,1.6424297546738107,0.0,0.0,poisson,,
standard,17.3249682025748,7.698395934352232,3.5154739599424416,18,5,47.11651794369081,123.79047756084525,291.5204391270321,3,5,14.601930333922262,0.0,0.0,poisson,,
standard,13.418364275803398,4.076744368110942,1.3576892677515349,14,12,55.05503817484019,77.21053722810811,463.91588754877984,4,10,10.084810799206553,0.0,0.0,poisson,,
standard,7.663768050810002,6.262653857291291,3.4691810729066375,14,11,25.743110721734666,123.58628639631732,264.7813096423514,2,3,1.737677212899443,0.0,0.0,poisson,,
standard,6.157692621290122,7.617056915200383,2.7745533057866774,3,11,42.90342906676303,91.56145573166668,499.6928621329346,1,3,5.418248718597416,0.0,0.0,poisson,,
standard,13.272864145478948,2.263930452284604,3.8099099956180886,20,9,26.096712186647284,88.27044852484103,405.68515466398037,6,4,8.948275251508033,0.0,0.0,poisson,,
standard,15.975930116648728,4.36654377008749,3.23560077280682,7,12,31.27383577821562,124.80815399404372,365.61492421622665,4,5,18.44705112640376,0.0,0.0,poisson,,
standard,13.506156906148343,3.6104841556924065,1.7059176096623425,13,15,36.607446808094224,66.35208515108513,289.8788271901399,4,8,15.862702621083137,0.0,0.0,poisson,,
standard,5.332738658240685,7.347664266975065,2.353308681764686,6,4,34.321800238005565,83.27174964516047,203.80279030460383,1,3,3.992556110771514,0.0,0.0,poisson,,
standard,15.801540698567155,6.259156010245589,2.537473957064812,6,14,22.30184157908932,142.90464372079222,455.30460587694085,3,7,2.957206428491925,0.0,0.0,poisson,,
standard,29.249591278388202,6.507143883127491,3.5351909249117295,12,11,38.49204428054772,114.23609115557235,212.34584309294445,5,9,2.9619438145286905,0.0,0.0,poisson,,
standard,8.162848511570328,2.500292990597509,3.409647191707329,12,5,11.556059917625074,125.4528759607686,319.9256800821688,4,3,2.607218361575929,0.0,0.0,poisson,,
standard,6.851702696650923,2.1725492993181623,2.2601886109564195,10,4,36.05819369714612,77.12363095228105,349.47299436926187,4,4,2.122841398395306,0.0,0.0,poisson,,
standard,34.251957718121396,6.936548846623728,3.444990654924019,7,13,43.403227470885824,107.02854208776324,313.18377564656805,5,10,33.0770409143964,0.0,0.0,poisson,,
standard,29.534206122230195,6.746948814201507,2.3284979083881057,9,13,56.885139091146925,86.16193308740694,266.0197421501231,5,13,4.563286342957233,0.0,0.0,poisson,,
standard,21.916855493998227,6.06800532455556,3.7204892772558757,9,10,36.03211411710383,109.12490925427264,474.5625002268804,4,6,11.183379778359672,0.0,0.0,poisson,,
standard,15.018810780239624,2.0773227696242915,1.5837804867205874,18,11,28.51777880994088,78.68923812912038,451.6177496621376,8,10,3.6225494980663386,0.0,0.0,poisson,,
standard,31.44407128326156,6.201114302674771,3.9377383928016014,17,9,38.19438680947043,77.69146409497782,210.5874920581145,6,9,1.714532782969851,0.0,0.0,poisson,,
standard,10.73198026328232,4.744239937848287,3.546405124521755,13,7,56.86965425941813,57.90506945706161,225.10314617231887,3,4,1.805125537759229,0.0,0.0,poisson,,
standard,7.580873955097497,3.072390843267554,1.539141708472238,17,5,52.298831574660255,103.27591811447658,296.2136860556184,3,5,15.16469620062512,0.0,0.0,poisson,,
standard,25.46140578454615,3.6429025394924457,2.677187814685383,15,15,19.31639421844227,114.74598356402068,255.7521028032044,8,10,2.9669553543241425,0.0,0.0,poisson,,
standard,12.480400793772322,2.9663888528073032,3.862878867890176,17,14,20.172680804992385,63.549004663499645,409.7618708809887,5,4,2.192829980765762,0.0,0.0,poisson,,
standard,20.931830439524262,3.5782077852771588,3.5354369286250296,9,11,47.222859725334565,53.488967147261434,447.57131777235634,6,6,18.89749315820348,0.0,0.0,poisson,,
standard,21.884106001725563,6.685828342306678,3.8913401955883344,11,8,16.84414702146296,111.20911598547346,400.06346766089337,4,6,3.486892975347347,0.0,0.0,poisson,,
standard,9.617459254167336,5.394609951664238,2.5392702360539916,19,8,21.721417808782014,63.79318344107803,218.64051616048442,2,4,8.610886560706959,0.0,0.0,poisson,,
standard,12.819099935964529,5.2639240707175485,1.7542390445260059,15,9,51.98747359325895,110.54942809812371,489.251762301745,3,8,3.006590568264516,0.0,0.0,poisson,,
standard,6.517846120923947,3.694097336039435,3.475427519208064,13,6,54.29017599795749,120.77529061398226,326.3929706518725,2,2,11.352735428515174,0.0,0.0,poisson,,
standard,22.059187992464242,4.801736729942228,3.283722523892385,12,12,26.244469074179662,63.13137913440274,497.52471284080616,5,7,5.619554114894383,0.0,0.0,poisson,,
standard,5.030653443749072,7.3111246397311085,2.2400596448926273,14,9,54.10831256240557,101.31207522148624,222.7632233120202,1,3,3.539030981974963,0.0,0.0,poisson,,
standard,31.151014184504533,5.282076712284909,3.6402304441558098,19,13,47.27538419803283,116.68442141344214,309.92081707984903,6,9,11.653600354322316,0.0,0.0,poisson,,
standard,13.387657092792741,4.050114876680617,1.035911595381748,19,15,11.409306330777937,108.26055020293288,318.90364178096667,4,14,2.785405846303264,0.0,0.0,poisson,,
standard,11.912139847472236,6.3385008523188215,1.162456359187577,19,15,36.27599610123428,108.08704075596397,392.88135977827335,2,11,9.565632994317772,0.0,0.0,poisson,,
standard,11.788772103438156,3.632734965290116,2.6395761287380664,15,10,53.37699139661383,97.10460976348968,311.2786215595927,4,5,2.871487896670509,0.0,0.0,poisson,,
standard,26.793181089787495,7.119230346389662,3.9527927930360667,16,9,50.26004078949345,106.74072080879805,201.41968341841695,4,7,8.169876808609807,0.0,0.0,poisson,,
standard,31.491089777074418,5.31126006739484,3.743757102778266,14,15,31.298452557824703,121.1944861589004,380.9923376353476,6,9,15.4415560344543,0.0,0.0,poisson,,
standard,24.96529681845345,7.325745371188616,2.993799701662994,13,13,20.06172868856688,126.7733663913548,261.8509970410841,4,9,2.794295755373093,0.0,0.0,poisson,,
standard,22.718704433501802,2.5071912722104983,2.444319242006596,20,12,12.327550434380516,67.84714179986125,315.8774935856904,10,10,2.615723278149799,0.0,0.0,poisson,,
standard,15.346282148866624,5.008439555722838,3.145248396879778,10,5,38.56561383755562,135.03328314119148,205.2222955017345,4,5,8.87311355236339,0.0,0.0,poisson,,
standard,7.6380196662918305,6.278497246904349,1.9946788818298244,8,8,50.27040413358029,145.67830755804073,219.42124490060363,2,4,6.557948127319384,0.0,0.0,poisson,,
standard,22.611401494225262,2.285407471208856,3.2981080718025138,16,12,47.356593664926066,107.24247911154228,455.58024773444515,10,7,16.309275160620746,0.0,0.0,poisson,,
standard,16.127136855760426,6.920027674611222,3.545281289472469,4,12,18.71068165008504,69.6062450021303,336.6628447619428,3,5,3.076622692648086,0.0,0.0,poisson,,
standard,5.069555481999885,2.4371774047998667,3.512808361012878,4,5,26.349158540832846,66.06541680048734,237.4402996163011,3,2,2.3059484000181114,0.0,0.0,poisson,,
standard,23.099649442414577,3.0427545762937482,2.823690507217167,19,10,16.361046053519086,80.63913855423675,212.79562040608033,8,9,3.609564220349114,0.0,0.0,poisson,,
standard,18.048152804309552,2.9125005303039924,3.9476346648176923,14,6,25.284796096273915,140.13842479838516,254.6783096394565,7,5,3.3031678314774626,0.0,0.0,poisson,,
standard,11.761886789019934,2.778755671562211,3.8454112984879907,14,10,43.394025017917436,126.64828445179843,329.72461099760284,5,4,2.031283099896826,0.0,0.0,poisson,,
standard,10.723501298542859,4.720742135643057,1.1174681934160908,11,10,16.27618790032574,90.30669697370058,245.54145457598187,3,10,4.026084288259116,0.0,0.0,poisson,,
standard,7.589364782722807,2.7981922436712834,3.420544912888727,16,3,54.25413967481916,88.14665733216287,338.18187953469186,3,3,4.2203792009434205,0.0,0.0,poisson,,
standard,22.569189743144786,4.322592631341148,2.6343772266653835,7,14,39.0020614817303,96.72041228455814,482.8942093476347,6,9,3.4131951433638563,0.0,0.0,poisson,,
standard,7.216008898482065,5.905945066688799,2.121644904532635,20,5,11.73737421959238,93.41124921614933,254.32861280593812,2,4,2.388043879302065,0.0,0.0,poisson,,
standard,18.68379784059129,6.569329187407075,2.4787564818728223,19,9,47.649003144873355,119.55422321267461,273.64497182802563,3,8,8.125722320633203,0.0,0.0,poisson,,
standard,19.548560483948258,4.056056077753059,3.1962678914316456,12,9,46.790528887712256,94.24982864999035,207.93706648131197,5,7,6.349754864299612,0.0,0.0,poisson,,
standard,25.39409338301288,7.3419711029191745,3.967034520079082,8,11,20.929592296765144,67.89356964856964,294.2322530751917,4,7,2.9798028837516934,0.0,0.0,poisson,,
standard,7.74871114243622,7.7538629978494615,3.8568101643549824,8,7,36.00783046574993,118.39864124184568,429.6919286415056,2,3,1.1738340299180483,0.0,0.0,poisson,,
standard,26.376122260040248,4.101854772775809,3.7517628966302965,8,14,16.864408399173207,92.37295232402637,395.2900544462418,7,8,2.5249366515308482,0.0,0.0,poisson,,
standard,8.549949018154699,5.838133584067261,2.690858663452177,17,7,21.748893311315513,113.61630278553571,437.6672273646011,2,4,2.4117215488254793,0.0,0.0,poisson,,
standard,5.378376494544994,5.375644446018666,1.8107516193454831,18,3,38.024310585445576,99.02208327614741,312.33728265510933,2,3,34.05246357042318,0.0,0.0,poisson,,
standard,16.749893422413024,3.573909518597538,3.42542086613294,6,6,12.57996712706608,135.99463984857613,472.29491424392853,5,5,11.862976713761535,0.0,0.0,poisson,,
standard,8.832171403518903,4.400499198240972,3.613565480897379,20,5,54.35737323179594,112.34507714355995,496.16648763832023,3,3,2.162710454572183,0.0,0.0,poisson,,
standard,29.793665185595483,5.619377505031952,3.2526552306183243,15,12,13.722200001321923,126.91221542454845,379.1206753587865,6,10,2.3430926852909195,0.0,0.0,poisson,,
standard,21.87033683378551,2.976853534324375,3.5782984695055196,20,11,24.21872089258448,58.02498174278704,248.17957973545901,8,7,2.5017748025369375,0.0,0.0,poisson,,
standard,10.986967342686391,4.379411562164062,3.8314126297779003,19,13,34.762339763367066,134.74366696213139,319.3255413500724,3,3,8.860818537297973,0.0,0.0,poisson,,
standard,32.26271610375677,4.9030925716347795,3.3797742673462317,17,13,52.519394798107456,133.2234150084043,490.8967308925988,7,10,4.319822214783509,0.0,0.0,poisson,,
standard,5.960067574010756,2.9647883080266766,2.615622916506199,4,4,33.3036517610859,138.34509166713121,322.27860545119415,3,3,1.9812328194016935,0.0,0.0,poisson,,
standard,23.007241385331564,6.559811050653388,3.440369851056579,6,11,14.599404660258438,115.8834420625014,431.40628646277395,4,7,4.72980533318257,0.0,0.0,poisson,,
standard,11.269092180859563,2.729132136570011,3.865919630081249,10,3,37.95732190941675,116.8289040775085,485.8470292873565,5,3,12.458065738778712,0.0,0.0,poisson,,
standard,27.848918273149877,7.812671757924578,3.20901397444999,14,10,57.00280522168566,96.17193563242608,412.93434963551204,4,9,4.944378550132408,0.0,0.0,poisson,,
standard,14.76010787290559,7.820300048946669,1.4005481811229685,14,13,12.52152208054206,120.4326361791385,212.5936420504949,2,11,10.813707364876016,0.0,0.0,poisson,,
standard,11.491520446564262,3.8403681147053543,3.7895516824758824,5,6,57.143042763015764,76.4250175214184,455.64688073557113,4,4,1.5672636315122994,0.0,0.0,poisson,,
standard,20.939725506052582,2.5243479511156903,3.807371893689957,10,15,21.145394135321396,80.30554176300295,433.01105565129467,9,6,3.2804705176729207,0.0,0.0,poisson,,
standard,18.8116766676594,6.420469163415628,2.267154843245721,9,13,53.65797440999347,116.7135183666047,250.89720588807427,3,9,15.31331540214893,0.0,0.0,poisson,,
standard,9.414685976442804,6.701978707986608,2.187554534716719,6,6,31.976177009359223,121.39893691587835,483.12723314190407,2,5,2.552485963677547,0.0,0.0,poisson,,
standard,18.76813695074106,2.780229577445967,3.6292492021972853,7,15,11.359615862579261,100.51757711942643,208.40795778763714,7,6,5.009437938969871,0.0,0.0,poisson,,
standard,26.387022844070437,2.8424325421761347,2.5085877784211603,18,14,55.520579006495744,93.71052060422481,421.15412102636105,10,11,3.5471924720998995,0.0,0.0,poisson,,
standard,29.084853140763087,2.8617241287000303,3.2564984490873883,13,10,19.14554167731399,107.95179106371033,341.28623924126,11,9,15.708660621207837,0.0,0.0,poisson,,
standard,12.662634337874218,5.546715661993405,1.8698896086122567,16,12,47.70542539605247,120.59653610453817,440.87465377076927,3,7,5.492733645572788,0.0,0.0,poisson,,
standard,6.806954808028817,4.676597000510485,3.7325170792439843,13,12,23.266536199877,51.91357185257372,406.9728865216044,2,2,6.541167341952631,0.0,0.0,poisson,,
standard,5.3267287491285895,6.325301114581926,1.788551836229278,18,9,12.479367368817869,140.1823901061332,458.98621361127124,1,4,6.541229338919444,0.0,0.0,poisson,,
standard,18.238738962237175,6.737823469457503,3.6551198763941004,11,12,40.43615275599828,95.18476899441494,317.3535633469755,3,6,3.801813406021319,0.0,0.0,poisson,,
standard,9.999938936296743,5.823445690095193,3.9693601229056013,9,15,24.566043937438536,119.58326930087013,225.05949622230665,2,3,4.711862229943181,0.0,0.0,poisson,,
standard,38.815650254370226,6.285920079894661,3.786326716958937,10,12,10.765607632976323,132.09390892732125,423.00756957077584,7,11,2.2509735400087942,0.0,0.0,poisson,,
standard,15.206383045891055,4.319709173964579,3.7790951265830595,19,7,29.990386071945622,74.40240520493725,356.1162667885435,4,5,2.6319609801368755,0.0,0.0,poisson,,
standard,6.154095334845589,4.09234631255633,2.1701126383447433,14,13,10.835203696189668,94.12219096966453,345.548296834384,2,3,7.478574858398524,0.0,0.0,poisson,,
standard,11.934862392380335,3.559135224214545,2.727180309202567,19,13,38.60285582998959,104.50774907728456,340.32746208863176,4,5,2.81447609317791,0.0,0.0,poisson,,
standard,6.258630427098552,3.024320023660782,1.9850056019775528,3,4,43.840888214871754,128.97926821620177,337.6241322281801,3,4,2.0268862433217247,0.0,0.0,poisson,,
standard,5.5675170430323115,4.930446519665563,2.2379322679328584,8,13,44.73919681767058,93.81066576817653,283.3928904497674,2,3,2.475356103773606,0.0,0.0,poisson,,
standard,33.18804388972733,5.281623693345847,2.2302233017118316,9,15,21.928837591549502,62.17630247622331,366.1407069381305,7,15,9.740621873752985,0.0,0.0,poisson,,
standard,16.266267556981845,5.567368436463159,3.874687558443765,8,6,31.839950331547502,91.20157063005527,494.92447618471374,3,5,13.376364226803641,0.0,0.0,poisson,,
standard,6.825656001903305,4.67134977992739,2.894389396053514,16,8,44.37070446123488,87.05359365493852,470.9212255380921,2,3,2.6777654963797666,0.0,0.0,poisson,,
standard,17.331517920565748,3.962131150738758,2.2176639426094193,16,15,51.216560762932374,144.48772115388354,489.89762495220793,5,8,6.847008792766966,0.0,0.0,poisson,,
standard,18.309641301886543,3.6354486077025627,2.0641931753962828,13,10,39.440411614516464,145.71129484189402,380.9638294071144,6,9,8.702844331210763,0.0,0.0,poisson,,
standard,33.04508178093263,4.766732057254906,3.7452831810838267,19,9,33.73976168822851,85.88656498708576,281.8748496240876,7,9,20.125882998485224,0.0,0.0,poisson,,
standard,13.44047712044253,6.83024938794302,1.7953664982880913,20,14,34.24959278404646,87.4433233157796,361.20497838694405,2,8,32.560321560207335,0.0,0.0,poisson,,
standard,16.053944997836417,3.661948556851144,3.8856502333738536,19,11,23.407822387130047,63.33109595846649,221.54923764595412,5,5,2.3831358383644092,0.0,0.0,poisson,,
standard,5.663653685340804,7.61023117348992,3.459456015331301,17,11,13.170021516520709,56.43835752241056,487.79087751318093,1,2,5.360921031357268,0.0,0.0,poisson,,
standard,10.34264931828978,3.626499860003984,2.984706129838952,8,6,45.896415184776785,121.9677074797554,490.7033938225384,3,4,8.093728090305548,0.0,0.0,poisson,,
standard,8.940018344098064,4.39365571584414,2.547384880819413,19,13,39.70560066574543,117.70147782938173,343.79666825699775,3,4,2.611429283172985,0.0,0.0,poisson,,
standard,31.68042265806279,3.7934740718521156,3.721385226760015,14,10,34.04618382964132,55.95487808390705,450.5053421586625,9,9,3.4012527895059455,0.0,0.0,poisson,,
standard,10.570737374087644,2.1096180807827505,3.1928213746181378,10,13,28.705361037256957,56.5281179940295,400.8753745591075,6,4,2.324026866982464,0.0,0.0,poisson,,
standard,10.226371539507134,3.1890212634246926,2.926998104178206,18,10,46.50982891106923,65.58720462262671,393.27503017214383,4,4,2.8625868245281283,0.0,0.0,poisson,,
standard,22.144506313010133,6.569734731052513,2.9957674349380854,5,11,27.405717001281833,55.02214931421072,256.81187027855555,4,8,2.8226620296776015,0.0,0.0,poisson,,
standard,20.066732951497563,6.431858495280688,2.152524355323546,4,12,27.389531412800956,90.9722320282786,231.48835295953086,4,10,2.390523106562025,0.0,0.0,poisson,,
standard,18.51049904134201,4.45499060305096,1.670770039059421,6,12,14.737192144410002,79.56121486402806,484.61001999755155,5,12,2.328582563853609,0.0,0.0,poisson,,
standard,26.298491353891208,5.147929601769372,2.6842130144958394,12,14,47.18442273947134,138.22138504803496,263.7711658253816,6,10,5.848797451326531,0.0,0.0,poisson,,
standard,6.176284784525173,2.572417164283367,3.0465129851663653,4,15,14.143220812439669,117.0201441608329,460.1267538396979,3,3,2.268437940604281,0.0,0.0,poisson,,
standard,16.960743254290644,2.823170732729892,3.0380960440949916,20,10,15.60118983958372,104.0876220849595,319.0203188613042,7,6,3.2586134729345457,0.0,0.0,poisson,,
standard,19.075927440777004,4.658258975989869,3.3454614028073966,12,13,17.406669925058758,111.98758503909266,459.90725269800976,5,6,4.074994447150632,0.0,0.0,poisson,,
standard,25.435094314760747,4.259218109954382,2.732724189085998,19,15,45.467485351071865,106.19041625410364,433.0527671196148,6,10,36.67193818997942,0.0,0.0,poisson,,
standard,6.739869585678721,6.775221947173308,3.3288981303840455,9,13,18.50646636712002,128.07260995974246,355.1924209785674,2,3,1.2443197733818168,0.0,0.0,poisson,,
standard,35.41687219381036,7.060357465299499,2.7870752591520116,19,13,48.281899936245885,140.5779399593823,339.7988112723814,6,13,4.207159174963581,0.0,0.0,poisson,,
standard,7.71417473521087,3.827560808447225,2.681900989776819,10,9,31.477092936092795,131.29208730149264,449.9267966372171,3,3,8.560747941960386,0.0,0.0,poisson,,
standard,13.736421240584615,5.772985916224331,2.5481885300165854,6,8,33.759574464454246,56.66261343159913,400.75061352164226,3,6,2.7991075007359525,0.0,0.0,poisson,,
standard,8.774375633779151,2.838677279548257,2.168964057396285,6,7,53.90127288108727,101.50816354041302,357.9857236597134,4,5,2.0154564584240893,0.0,0.0,poisson,,
standard,5.261663660165599,6.015957649098103,1.3395192274150043,17,9,24.452850010760358,96.5262286809104,336.40310819779677,1,4,21.231388775888856,0.0,0.0,poisson,,
standard,6.620998144272102,5.778039702196553,1.894184680369793,15,5,44.08790404972098,70.39011620896247,310.754719133725,2,4,2.647602503809664,0.0,0.0,poisson,,
standard,25.80282519018132,4.591882765237639,2.195717443064602,12,13,23.387972182452557,136.97504605257845,246.95223530937432,6,12,6.549511632432061,0.0,0.0,poisson,,
standard,7.47881178270435,4.690365651806254,1.250994563623951,19,11,19.20312223233421,134.40550609383638,245.89712205309695,2,7,3.350492709945604,0.0,0.0,poisson,,
standard,40.874258624503106,7.908090190950741,3.4369003498175887,16,12,41.12645691456898,78.30028198643558,270.956818452761,6,12,10.191444654686784,0.0,0.0,poisson,,
standard,20.294531623041077,7.395504659041691,3.916114040685092,11,14,25.52695958052997,132.41337644596905,215.56271631121527,3,6,4.487571689916892,0.0,0.0,poisson,,
standard,6.950198166654621,4.826427672810521,1.9125780869480722,3,13,19.793908035974837,104.65428718145452,422.4355111413405,2,4,4.005620707810767,0.0,0.0,poisson,,
standard,6.24003415124123,4.092308591452101,3.8158969884560694,16,15,42.72303034335661,60.91350179076434,298.62985236127815,2,2,3.9114515707894952,0.0,0.0,poisson,,
standard,6.37782247280045,6.282053870768611,1.2747604342902372,19,11,30.759001808610574,145.6654648823278,221.26143230115764,2,6,1.8812877649641604,0.0,0.0,poisson,,
standard,22.991058889367583,7.915983367882164,2.779848756392412,16,13,20.45025340714203,81.85278700065689,246.8292310067625,3,9,11.33508350548335,0.0,0.0,poisson,,
standard,16.869819730822964,4.904107665658061,3.292344844077477,12,11,33.89935731258945,62.61884446053835,284.8326091253454,4,6,2.495272947710345,0.0,0.0,poisson,,
standard,15.594165831111766,7.977041698671375,3.5661818504685066,5,14,53.203773966581736,143.8048947199645,233.69704460531923,2,5,22.948713344012095,0.0,0.0,poisson,,
standard,11.315600334446698,4.513479939005057,3.945211351636268,19,13,16.11693240074282,119.57997268971855,444.89505630481267,3,3,8.872992288837551,0.0,0.0,poisson,,
standard,9.361399825548776,3.3842076417707485,3.8064869000152193,8,7,17.436131948864805,66.91986108242864,316.10668693676973,3,3,5.478114124753812,0.0,0.0,poisson,,
standard,24.364714654986628,3.4901627549855103,2.710308331877243,9,15,25.327894391121937,70.17376808733788,201.14896869895875,8,10,1.9317763948464213,0.0,0.0,poisson,,
standard,21.73665091126921,6.557560408409884,2.9098683769725877,20,13,34.64954807460093,73.30892059415936,469.30800389064586,4,8,2.9457330801673285,0.0,0.0,poisson,,
standard,22.917578692540992,3.130340945518361,3.1931549306595604,12,9,54.250636589089325,141.58711441847987,278.3239840611391,8,8,2.5705813645067295,0.0,0.0,poisson,,
standard,29.468416999867074,4.282821863771077,2.691383973062564,16,11,28.711001069557682,111.36088059755298,259.66791751812417,7,11,27.87909527444561,0.0,0.0,poisson,,
standard,41.00243771515393,2.8732171598219898,3.716841689809547,16,13,19.723601608088345,60.548045903401736,351.8830982529529,15,12,2.428928334061948,0.0,0.0,poisson,,
standard,8.666195115906907,7.7192844937398295,3.5652746028281834,14,6,29.324753207729305,117.01035793643587,437.3703090672486,2,3,2.0363601398366487,0.0,0.0,poisson,,
standard,44.31811632692417,3.47936005393729,3.3557324182330213,20,14,39.8117311912981,59.92236698586419,264.7256067413074,13,14,5.046099432969822,0.0,0.0,poisson,,
standard,31.448764041743324,4.645146827284622,3.7048770729339644,20,10,29.399405682075187,53.34142744713526,431.20660524616636,7,9,6.006082476547027,0.0,0.0,poisson,,
standard,36.40943126154958,3.8510656124631106,3.119091925202342,14,13,46.627204782043975,121.64508622047076,464.34925189363975,10,12,4.798176052313748,0.0,0.0,poisson,,
standard,44.02927085802116,6.758065032586779,3.0497255270967427,14,15,15.053975446118175,144.90800104459066,201.56791998222664,7,15,3.6159891266747826,0.0,0.0,poisson,,
standard,6.826539408036179,4.177793883959472,3.776240695724315,6,6,54.56366010053428,132.051301735959,439.9528858648217,2,2,6.976107224470724,0.0,0.0,poisson,,
standard,6.775455895752452,5.940141727229735,1.2532854283864543,10,12,15.705470191531141,126.6518576355619,297.24149609607196,2,6,2.6987971364871415,0.0,0.0,poisson,,
standard,21.36599853857096,3.8125538787213746,2.438784953538715,8,13,24.66070080549113,71.64777156179585,231.62765906098156,6,9,6.562240159804716,0.0,0.0,poisson,,
standard,15.699282817373282,2.627123552443,3.164583245735426,15,7,43.73620800143229,103.0321033435733,385.8486406006339,7,5,26.38448464348028,0.0,0.0,poisson,,
standard,5.938273880078811,7.5667706766904494,2.594523553032204,16,9,13.613900732910752,149.42253864391137,460.6494599354945,1,3,4.990679765306858,0.0,0.0,poisson,,
standard,36.647350339262815,3.2305881036413977,3.330976829448011,19,12,36.92450486689559,79.85548567073799,411.7996538302192,12,12,2.513067996219216,0.0,0.0,poisson,,
standard,31.174875876803778,2.6883723518920837,3.9019718211024923,13,15,17.78161776172802,98.21929258036536,240.02098272716955,12,9,3.42379260306791,0.0,0.0,poisson,,
standard,10.86675815722619,7.066754204502423,3.68854828235634,4,14,36.667483792306356,141.3771033290625,447.25079716307494,2,3,19.778300492672113,0.0,0.0,poisson,,
standard,11.450657929372067,3.1022919557016833,2.2297725879089,12,8,36.98428261155473,95.27633570301276,219.79953519815103,4,6,4.208095750569673,0.0,0.0,poisson,,
standard,12.894424127400193,3.474069628680362,2.6665727558904164,7,15,52.60421740366608,89.79792875027097,490.46901718826877,4,5,9.181515710299887,0.0,0.0,poisson,,
standard,9.777753837072414,2.208522857193514,2.609240415602109,13,9,29.157598976403566,95.09878241777955,323.955498736669,5,4,5.529624891640245,0.0,0.0,poisson,,
standard,15.482993408112051,7.852969973904268,3.836411467152292,12,12,48.147183972560995,51.55929528825093,441.65145844065864,2,5,35.45243358197688,0.0,0.0,poisson,,
standard,5.439611440721452,2.679855290824972,1.7014392376318324,3,7,36.008211638164774,53.02508313837235,212.98960761047584,3,4,2.1746747784029656,0.0,0.0,poisson,,
standard,10.35922411634887,4.581690842360851,3.9224258542868684,18,12,22.219482708112608,70.4780805356568,331.84250171167764,3,3,3.4292245863189317,0.0,0.0,poisson,,
standard,11.758024613839735,5.9675941416323806,2.9422006202187685,18,8,21.425382298331716,100.75998817325024,371.1039147900676,3,5,1.4763274791692393,0.0,0.0,poisson,,
standard,11.426454899607268,3.359470442670389,3.876933367334635,16,8,55.46690610256228,133.93904060645326,227.85263578628,4,3,20.0540993206542,0.0,0.0,poisson,,
standard,5.1716857168104,2.2362452609654335,3.2131830478318237,12,10,31.401601230640843,132.3630003305796,280.1379166457314,3,2,3.470016811430373,0.0,0.0,poisson,,
standard,6.6874766815538305,6.163522442164421,2.251426667254475,9,6,39.532950481886175,63.31999206823164,303.98356274477123,2,3,34.09803074736769,0.0,0.0,poisson,,
standard,11.709783889238038,2.2152662942170416,2.591526969486374,7,5,27.76703448070839,70.05397095687546,466.80835406969516,6,5,3.4111614097969505,0.0,0.0,poisson,,
standard,28.78704749240088,7.117224373259206,2.2313897201642154,19,14,50.62759037443181,110.99305488632187,255.4881594419066,5,13,10.961555771411131,0.0,0.0,poisson,,
standard,30.292063421268317,7.352015302145016,3.7567638309392555,14,14,11.435948369478396,61.36960564342567,393.0150568751395,5,9,1.8043120149171354,0.0,0.0,poisson,,
standard,21.50437896260948,2.3759194506164714,3.145318624169497,18,12,36.76839196843119,104.29654474256631,307.5527079392847,10,7,7.168369782457065,0.0,0.0,poisson,,
standard,9.136045807213959,4.793402682699558,2.584461860288664,5,4,26.762327012094026,134.1431062890133,201.863063048123,2,4,12.109602083661144,0.0,0.0,poisson,,
standard,31.08286017602961,2.628488381366058,2.889596586422613,18,14,14.709220795873648,102.48743240799027,248.6045337579469,12,11,9.891606241064757,0.0,0.0,poisson,,
standard,9.138742357559316,7.642336226100467,3.8161748750702245,6,8,56.26384697827522,89.5438369597878,300.01410194604125,2,3,2.0138471629138817,0.0,0.0,poisson,,
standard,33.363759128186615,6.0564435061889,3.548117467064062,14,10,25.28559141971394,104.3773961169105,264.8854039243493,6,10,3.3744360317196826,0.0,0.0,poisson,,
standard,22.581658600902013,4.11838756240021,2.449779674439122,15,13,17.675832694922374,133.32135950151758,233.30454401489905,6,10,3.087972950617001,0.0,0.0,poisson,,
standard,22.578117492204356,7.4580244340671475,2.7787547430736343,8,12,54.734993671950896,147.72588000429113,251.53674814154738,4,9,1.8213045959737717,0.0,0.0,poisson,,
standard,5.8072712754576985,4.869766022877052,2.677490278649171,18,11,54.51493688248202,142.34322257790396,353.2363842035332,2,3,1.7639688638668836,0.0,0.0,poisson,,
standard,35.98152109065546,5.3945399112110675,3.3045138600238695,9,15,36.0286987977143,93.3905756758176,339.7631934076917,7,11,11.73123277852758,0.0,0.0,poisson,,
standard,12.618847854460101,4.738428435885896,3.817481668728422,9,5,59.52660885007399,145.26461072301177,447.3716948179572,3,4,3.7622963606208355,0.0,0.0,poisson,,
standard,25.72174521813667,3.687954267741563,3.75884906683304,11,14,54.582991795501826,94.40493881109325,274.2422810601687,7,7,45.3124115335879,0.0,0.0,poisson,,
standard,16.164562251215617,3.6682781618206532,2.990907749677245,12,7,25.065165685634202,118.0459460015178,345.9439748998574,5,6,3.068470674237787,0.0,0.0,poisson,,
standard,24.173382609629424,2.3961724373256508,3.432568712008307,15,13,11.339317443519706,93.61585436053267,239.87914900394478,11,8,2.1625325765717194,0.0,0.0,poisson,,
standard,5.799200103693084,3.675311718261127,1.3433722792222795,16,11,53.099280308532,135.97666167130362,206.85513391808956,2,5,3.66429274048698,0.0,0.0,poisson,,
standard,8.727682916374226,5.517314246386689,2.943100906488978,20,4,11.755012206415024,123.31675384091378,205.02781095503138,2,4,2.670331547380008,0.0,0.0,poisson,,
standard,6.851205749328276,4.759472852148058,2.0672442946774092,12,8,38.25422938320604,122.12894780452768,445.86036773761845,2,4,2.714617348511201,0.0,0.0,poisson,,
standard,18.9751663207946,3.4426136544089587,2.599755780570063,14,11,41.09254005321047,127.36897599894863,455.4228653525514,6,8,3.3339148781842263,0.0,0.0,poisson,,
standard,14.872747699685412,2.302165222796172,1.7941822548471555,17,14,13.41658022410058,91.6952656961721,348.5222410290984,7,9,3.4869343435759164,0.0,0.0,poisson,,
standard,7.142896945853119,4.959837752794352,3.9490750712111677,9,12,11.212346292217909,134.62671067116332,422.6854432929788,2,2,6.023075369995052,0.0,0.0,poisson,,
standard,5.043528424146087,7.591788457200237,1.2345765687925314,12,9,24.07529291075275,54.666158762153614,459.6230415033942,1,5,3.563094008124398,0.0,0.0,poisson,,
standard,26.134235530927292,7.04861984264191,2.449762083366471,15,15,26.5305041829798,69.5425918720034,489.86211125257074,4,11,6.107114266521913,0.0,0.0,poisson,,
standard,18.900008475802814,6.236139788993638,3.549302344597621,10,9,15.794550648951247,115.79648595839141,464.53041023723364,4,6,2.033208341828061,0.0,0.0,poisson,,
standard,8.733855488377237,4.451331477737782,3.990940166888939,16,4,53.043540833079554,117.15949601475015,374.65050124373465,2,3,26.75769751871871,0.0,0.0,poisson,,
standard,6.313008524907958,5.197522570967244,3.5996495877391554,10,10,25.708953339937842,70.9441666721232,459.3349034680241,2,2,4.382425464268177,0.0,0.0,poisson,,
standard,7.31431201211584,7.832934909374296,2.4626705226531675,19,6,11.361276475831419,136.16886051492503,471.7165359452214,2,4,1.2949896273244716,0.0,0.0,poisson,,
standard,39.932892085173926,6.451778310094123,3.6508635851184206,11,13,32.76326659928217,144.21547900673954,205.72730909377455,7,11,17.030363876963527,0.0,0.0,poisson,,
standard,9.006004813516416,5.299476393857565,3.7425552535067648,7,5,17.409555997980615,97.09012425042704,388.3984256955145,2,3,4.149119367082307,0.0,0.0,poisson,,
standard,28.24556110336572,4.872351629832279,3.7794006546567056,9,13,29.401623312453424,54.09328268106724,348.2650284531835,6,8,6.460992608041175,0.0,0.0,poisson,,
standard,12.83099469958015,5.180327482502942,2.4875563484180763,13,13,23.571498103313353,122.55855069644942,272.22225864424865,3,6,2.679822970712879,0.0,0.0,poisson,,
standard,10.99165168151858,4.735439513557877,2.485515559380066,13,12,37.5875960891786,144.12315100614444,366.6677978969012,3,5,2.7649673908009422,0.0,0.0,poisson,,
standard,11.001014886492573,7.128841673279615,2.2325363250227452,8,12,45.83711683520405,89.96416263924337,336.3955794242879,2,5,15.370637549937346,0.0,0.0,poisson,,
standard,5.848355394724984,4.062828387131217,3.670662966208149,6,15,52.29142691893759,97.7282077329038,373.99164084542065,2,2,3.330288538885493,0.0,0.0,poisson,,
standard,8.414413247472915,4.158138977863764,3.8401455530486186,4,6,14.053245243645982,123.28557698918632,356.94264626263066,3,3,1.6322526758367415,0.0,0.0,poisson,,
standard,40.52230913475151,7.877241890345301,3.1203111287554695,14,14,38.49384969747172,149.51871779537998,484.987974746233,6,14,1.8969023522540889,0.0,0.0,poisson,,
standard,14.109324343240752,5.551014263225491,3.02487745279204,18,10,32.22672335029743,59.0455020429291,494.99297087490464,3,5,4.590267448177224,0.0,0.0,poisson,,
standard,17.182092472448772,5.277912193805765,3.547147283724071,10,13,15.071218977728027,111.5205385709213,483.81366878528286,4,5,7.219360936309672,0.0,0.0,poisson,,
standard,21.37814147751312,5.585597875377066,1.5419322587320046,10,14,48.83050688882204,113.87801813351464,288.535995618744,4,14,13.147147440207744,0.0,0.0,poisson,,
standard,22.53748053119669,3.5827366708923787,3.144626735678581,19,12,30.232057773005724,66.92024514899711,348.3033488679401,7,8,2.435834860211366,0.0,0.0,poisson,,
standard,6.457560399441614,6.9539514566553855,3.8435405906447047,12,11,15.187040383051734,53.60872502409661,434.7563095242855,2,2,3.0765902464150314,0.0,0.0,poisson,,
standard,14.876918377475599,7.7979050660101645,2.8890043696344105,5,14,15.478093525808648,70.09964266188,342.03659188309575,2,6,11.332875741100953,0.0,0.0,poisson,,
standard,23.237241422354717,6.25342530467802,3.5779591318535613,6,8,15.258775329674265,94.39301053393825,305.05234429125693,4,7,4.99130816476471,0.0,0.0,poisson,,
standard,7.558302056145947,5.864015443880849,3.7092525989511964,15,12,15.129939395167167,60.90003890957833,344.36655387940857,2,3,1.630879742182378,0.0,0.0,poisson,,
standard,43.62199991429022,5.194477712625469,3.9221235638161245,16,13,55.35582649084268,55.12254188077951,450.68853716900253,9,12,2.5752680723453976,0.0,0.0,poisson,,
standard,20.045121959181575,4.96201967788651,1.9765803405454647,7,14,12.216457351492696,81.101091958458,333.1590107719579,5,11,2.1425887247587507,0.0,0.0,poisson,,
standard,26.181685334486712,7.466627111061743,3.257947466263915,7,11,11.239694976438088,117.97642343631607,360.8600439624719,4,9,2.6320433775465246,0.0,0.0,poisson,,
standard,22.677207413506913,5.796377994571164,3.2460040398094914,8,10,55.46730867535532,143.83347208381497,312.0405544980542,4,8,11.956645879690578,0.0,0.0,poisson,,
standard,7.207390350386635,3.876763130229114,3.9567199267061604,18,7,28.453712320988636,120.9434996473495,315.18202883315985,2,2,11.734039273108866,0.0,0.0,poisson,,
standard,19.663097558625296,4.918389616488904,3.2476148362957726,8,10,37.97462796437346,115.13510803571322,399.3696090626855,5,7,1.7324165754664094,0.0,0.0,poisson,,
standard,19.811983995363743,6.01741539363091,3.324598066691611,4,13,48.94431339765866,121.7450604423782,275.88236078358227,4,6,25.425955531019188,0.0,0.0,poisson,,
standard,8.651897130655936,4.917029523818196,2.7601587615881793,14,7,28.197328205815168,72.58488439096367,486.3207864241438,2,4,4.646527766861347,0.0,0.0,poisson,,
standard,25.10078668373548,6.8327498636883455,2.8090372941998805,9,14,39.25703741244146,58.04316030280117,283.63817281896473,4,9,18.207279213566547,0.0,0.0,poisson,,
standard,18.490721767316742,5.364507891122466,2.227975856039173,11,12,34.83830396383037,120.77804676432483,206.16080063902584,4,9,2.991354218804496,0.0,0.0,poisson,,
standard,35.703992865598195,2.534381215995899,3.746698266143226,16,15,42.936895524838974,52.52641894548575,305.5880263981584,15,10,3.2532120751836366,0.0,0.0,poisson,,
standard,7.576233583763086,7.316015003681777,3.136407159032069,9,14,26.845024156952306,124.636558233586,489.8158984004884,2,3,1.9437227898157001,0.0,0.0,poisson,,
standard,11.053802194808886,4.569734738037905,2.3903987874876,8,5,56.721638702975305,60.521798716845296,378.65324791187857,3,5,3.9480551429392676,0.0,0.0,poisson,,
standard,15.369273549578272,4.225142346087885,1.4131952306363118,10,11,32.4892506947352,124.46816586039238,442.3360522945949,4,11,10.859540274296398,0.0,0.0,poisson,,
standard,17.63802926763033,5.312486114503196,3.117492156859143,4,15,30.613662243264645,60.72958300981139,413.69854259067813,4,6,3.943266251471336,0.0,0.0,poisson,,
standard,11.55759806165699,4.323693689199573,3.329793760270527,19,12,28.861953936725417,149.70657666969066,417.3187576987583,3,4,4.35039279893431,0.0,0.0,poisson,,
standard,12.010675469146701,4.028572230457652,2.6352269764372886,5,8,28.36704992933511,85.2713903499954,372.69639714162867,4,5,2.9030315818425207,0.0,0.0,poisson,,
standard,11.504300874516439,2.049056665289615,2.4727304919317197,7,9,15.838662138212309,146.27712283491832,218.63678866690313,6,5,5.436172377958549,0.0,0.0,poisson,,
standard,10.140378344770262,2.482927304960937,2.3325134618523427,12,10,27.05813142884579,93.26160667587999,468.11083499769455,5,5,2.538298800140085,0.0,0.0,poisson,,
standard,12.712045866950945,4.462388708523257,3.9390263103381544,7,11,18.027668005963157,132.31415192929097,341.64222960863856,3,4,7.255573422596912,0.0,0.0,poisson,,
standard,19.27955955241336,4.595314657927443,3.5476583578434187,5,13,31.966670332607595,118.39280025767948,427.0790291655314,5,6,2.618268735699756,0.0,0.0,poisson,,
standard,9.815157359065827,3.41839049237855,2.566068924724359,18,7,27.67862173444762,125.07212000387929,471.6046343376942,3,4,12.998877567387233,0.0,0.0,poisson,,
standard,19.209637381915222,4.6421639422211864,2.01904895834674,7,14,22.330226217199186,81.99622230935266,245.12926187756614,5,10,3.125903896773936,0.0,0.0,poisson,,
standard,5.408521883858349,5.327184126250842,3.3683108000001662,8,10,42.132894933118756,109.52847776999698,448.47951603917625,2,2,2.6452780152441933,0.0,0.0,poisson,,
standard,21.836933921694204,4.0661248000019885,2.938886561111766,12,10,19.829498064341145,118.53257682601912,377.9204071296516,6,8,3.1158225943190603,0.0,0.0,poisson,,
standard,11.098412801961205,2.016474919324649,1.4412128416997874,20,12,35.18866406749231,113.41356915503549,225.62292418346505,6,8,5.71499544566314,0.0,0.0,poisson,,
standard,13.629846271613662,7.028491678746461,3.769948875573209,13,11,52.946125180810455,66.62449062922616,382.32987471223055,2,4,18.184750436965874,0.0,0.0,poisson,,
standard,6.184392193258362,7.696384828271867,1.4861988324592776,16,14,35.814429500921925,126.81394530869999,474.1697287088386,1,5,5.629713061791568,0.0,0.0,poisson,,
standard,26.307201974583577,5.166026757206518,1.8091689084718419,10,15,14.319556245249235,65.22861769852443,228.66612837142588,6,15,3.3181314417247547,0.0,0.0,poisson,,
standard,6.670781170358438,2.029016929302325,2.0255341921168917,8,9,11.355879292046508,127.52411410698635,274.4616279055092,4,4,2.784413600894806,0.0,0.0,poisson,,
standard,13.735327146097728,3.289701093785503,3.7368487321927066,6,4,33.00778800881695,52.484840885231506,432.6184720563566,5,4,3.8754559584393142,0.0,0.0,poisson,,
standard,15.46583365244874,6.445327081279919,2.62443719184966,18,14,37.89461807867395,120.71290383992925,237.53848384997428,3,6,10.502869473306262,0.0,0.0,poisson,,
standard,20.39517479672178,5.027276475251975,2.9053723790665456,6,10,28.841187287501644,61.0009248931253,489.7188427570823,5,8,1.8088310564663086,0.0,0.0,poisson,,
standard,8.640796313214363,4.897714539103996,3.397862837929483,12,12,54.48825963271079,60.08127879181495,287.163202291243,2,3,5.595503283523047,0.0,0.0,poisson,,
standard,5.201323403967689,2.8972947490286614,3.0006371056116237,16,7,41.773051062078956,75.6994086722698,376.4080446714086,2,2,7.844413862149079,0.0,0.0,poisson,,
standard,18.5650096439914,6.3484056943510945,3.3993031699840466,18,7,54.854503403047914,100.3561797595656,326.15872687029304,3,6,14.467533135673857,0.0,0.0,poisson,,
standard,22.11037500471889,2.2573595776224704,3.528895015436871,13,8,36.08057071619952,69.61563124744174,244.31288508912996,10,7,6.203571961172921,0.0,0.0,poisson,,
standard,32.78937921197462,3.4659228299570572,3.9716920260490953,20,14,23.38727614686816,102.20317791353986,400.60203991889625,10,9,3.0336380983700284,0.0,0.0,poisson,,
standard,6.318753820221111,2.2372271520451754,3.131913877153283,5,15,35.30509265183029,75.20825369511401,387.77868515593934,3,3,6.3025547889722535,0.0,0.0,poisson,,
standard,29.622230771953035,4.2395341356726455,3.878750394709334,9,9,12.018949762362777,94.59612953071358,465.5823469489941,8,8,3.4810104872880068,0.0,0.0,poisson,,
standard,7.459160951164179,4.83047364342338,1.1863537235546537,6,7,33.299889937133585,94.76316601441465,223.92644755604522,2,7,3.52993687879953,0.0,0.0,poisson,,
standard,8.10812575141421,4.792771523688304,2.0041271573490116,17,6,20.20201789273135,147.61831853412002,340.10863339084824,2,5,3.8217820685619137,0.0,0.0,poisson,,
standard,8.694486673210246,4.607572849273933,2.144355661751475,19,8,58.20216319307397,80.84687187920936,417.3057111171066,2,5,9.39872133116469,0.0,0.0,poisson,,
standard,42.82316447880608,5.32392329601234,3.1060020716391374,20,15,33.78120931821125,139.07952316259116,488.7087033663763,9,14,5.599523691021999,0.0,0.0,poisson,,
standard,14.843510563176602,3.926060931069043,1.7189218354135196,10,9,47.750785373091304,81.8690426810064,225.66094415697575,4,9,7.2276740212668695,0.0,0.0,poisson,,
standard,12.262575933114437,6.4504333972251855,1.1400442690158439,16,14,16.198004811219565,136.469444407805,361.31628174642884,2,11,14.15407122869233,0.0,0.0,poisson,,
standard,18.228628599830042,5.030903084624921,3.08474576469147,5,10,47.26053563059581,73.28979471806187,450.5863043336327,4,6,13.210591426783866,0.0,0.0,poisson,,
standard,36.71137591229441,4.4467398776097555,3.7556550426723554,20,13,57.94573663109709,125.28742193193163,366.10750164846604,9,10,5.563706531145817,0.0,0.0,poisson,,
standard,11.50368016532446,2.6325292015324147,2.269947131932544,15,11,40.87541687700247,98.54596732102084,381.8308488354809,5,6,2.5963339190260255,0.0,0.0,poisson,,
standard,12.79851492872839,7.742292157157931,2.421825857591096,3,10,16.906227262900455,91.15623004862704,341.22142824240194,2,6,3.6688709860692965,0.0,0.0,poisson,,
standard,25.391795616480472,4.08927587054983,3.975648832137769,14,14,49.48386372341783,107.2430727843059,436.1051244055327,7,7,2.591826926288504,0.0,0.0,poisson,,
standard,17.189554060502736,7.333577177123598,3.295777824151399,3,13,20.172340031472437,88.5387428501638,297.40181839478635,3,6,2.231536876473569,0.0,0.0,poisson,,
standard,8.461660791416461,7.111204098771545,3.033766082988311,16,13,14.013797685798847,58.08211077313288,444.8440984386327,2,3,5.145220772583461,0.0,0.0,poisson,,
standard,14.54012764804887,7.5680081918366255,3.0393778257292317,17,10,47.19293540240261,85.6931094956179,395.0325396307727,2,5,16.553732034849613,0.0,0.0,poisson,,
standard,6.441545727287053,2.173031709801359,2.0663571040863533,7,13,14.547508067204125,72.47734801038112,277.04660352902476,4,4,2.055803348566092,0.0,0.0,poisson,,
standard,10.941797236810629,5.8859573447436935,1.7518780518579717,9,9,19.725075669560134,144.71990870541646,378.3909162988325,2,7,8.0186126225878,0.0,0.0,poisson,,
standard,6.964938966139378,7.123986271336678,1.3014455911963043,14,14,38.508194338846245,115.54862207681703,279.5455748308177,2,6,2.334547576360527,0.0,0.0,poisson,,
standard,6.020013235812874,4.174055053931159,2.903242337591275,6,7,39.91282659781423,70.79790336646462,251.12975368882417,2,3,2.1849792476775285,0.0,0.0,poisson,,
standard,6.168856584042455,6.675742610336108,3.832077792595091,5,5,35.873453430398655,139.09091045512213,473.12232403578116,1,2,14.42063122478006,0.0,0.0,poisson,,
standard,8.818782921482132,4.7109400957605505,2.8645206774047822,18,15,25.627438229299166,67.34083311350443,354.2581440189364,2,4,8.22012062982912,0.0,0.0,poisson,,
standard,9.883921757534775,3.940038593468909,1.8094182922309492,6,11,17.463389963009092,56.30653915459245,359.06168822929874,3,6,3.669415721819877,0.0,0.0,poisson,,
standard,16.897670590325482,3.422522589632516,1.2205682266159872,9,15,20.510409842189446,122.55349613338196,270.1446012787187,6,14,7.7487926819207225,0.0,0.0,poisson,,
standard,14.518447956421001,7.889005531522335,3.731676056763052,9,14,29.64626945682269,89.43922616158461,300.84012381820196,2,4,14.510635333369002,0.0,0.0,poisson,,
standard,6.481390232814068,3.0682330489094376,3.7946047381737316,8,4,23.228191804993077,103.47264387425992,271.38002742406195,3,2,3.845985159518178,0.0,0.0,poisson,,
standard,12.071275695515002,2.9354064995100058,2.056149945761025,13,15,28.2818342798835,117.43034996972959,432.15352427755215,5,6,8.78543993283634,0.0,0.0,poisson,,
standard,14.474500637424551,3.7007667811629554,3.6381688847685734,4,9,40.514592819535785,85.33309512402413,446.04413463117544,4,5,11.793306509444639,0.0,0.0,poisson,,
standard,28.253342459361033,5.713183838497976,2.3814083609795427,10,15,47.931778434812024,70.92158095730481,424.1768493875796,5,12,25.40122230682388,0.0,0.0,poisson,,
standard,8.008260630970998,3.0627141009317684,1.2877851655847024,20,11,13.533806756992558,126.38988821656665,378.78587793515476,3,7,3.978480341563772,0.0,0.0,poisson,,
standard,11.671714202746061,3.2119496922980826,3.526152449793529,10,13,30.909326208357047,108.82159738312237,453.94303122749335,4,4,3.730747978009831,0.0,0.0,poisson,,
standard,16.933485003964574,5.61539365048181,2.8148738780749434,16,8,19.999483966738758,71.61054791112632,204.17927379722818,4,7,1.6865273477018579,0.0,0.0,poisson,,
standard,10.349407242664956,3.887510121580754,3.4467252205882906,9,5,40.49962724288695,148.84011465310778,337.4904017826806,3,4,3.412635971183562,0.0,0.0,poisson,,
standard,7.657295240011324,6.722134874675026,2.2367197367583334,13,12,46.29208087268598,74.29848911337015,341.03817313338016,2,4,2.2911191910811093,0.0,0.0,poisson,,
standard,5.357926421109561,2.969151867628366,1.3332332662573871,18,13,39.79632796754511,81.12435013600083,281.0061985135718,2,5,6.037684903791678,0.0,0.0,poisson,,
standard,16.76744274182102,3.092297448784665,3.715523528278781,7,14,18.726242519648416,146.68495600813628,430.8611428171055,6,5,3.466197123225499,0.0,0.0,poisson,,
standard,15.819513258401768,3.1687053621629913,2.6460983492712216,11,8,22.046627239229263,69.52870251287115,242.17926931545807,6,7,1.8676214916199934,0.0,0.0,poisson,,
standard,11.50204359901301,7.575117214895284,3.926169415956399,20,8,24.593573777457223,133.51506281260345,280.5515254316856,2,3,15.323541690134455,0.0,0.0,poisson,,
standard,20.98780979009762,6.367049789679876,3.54864839750511,4,8,29.463175750780326,128.10127391173188,335.5685321009755,4,6,12.560701897127977,0.0,0.0,poisson,,
standard,24.837656706352075,7.743653387107461,3.6115289379867743,4,8,10.783423218645913,115.07112240081987,245.42087036667743,4,7,8.888606975790482,0.0,0.0,poisson,,
standard,20.07247437744806,6.728849650395814,2.0103249196132444,19,11,35.67063370018541,144.99517206682822,386.47218925990944,4,11,1.807555772922374,0.0,0.0,poisson,,
standard,6.441753245597783,5.603801019390664,3.4387181552430546,6,13,14.320857230737811,111.20137666935987,427.6454883314203,2,2,8.113471397400625,0.0,0.0,poisson,,
standard,8.018684139665282,5.503685365816327,3.8224501305262257,3,13,38.242887566838846,75.6362591541399,458.0788291675019,2,3,2.1185948295625523,0.0,0.0,poisson,,
standard,18.578657189401312,3.098483667602017,3.9895830453476067,14,15,12.288866432972746,138.38022494955135,261.2121146515764,7,5,3.6134297609983657,0.0,0.0,poisson,,
standard,25.438093357526515,7.167124721016409,3.220982040618762,15,9,39.34242838067299,67.88078770105722,457.96059410336966,4,8,11.507221354283633,0.0,0.0,poisson,,
standard,9.933449848113966,2.466412758800822,1.6600826826237713,18,12,25.424529557567986,119.37214297927008,331.98106987488023,5,7,2.1871134212716044,0.0,0.0,poisson,,
standard,31.84530141856661,4.628765127443834,3.0486347468817776,14,13,42.361024023174636,136.84076010394443,280.51316589267293,7,11,9.914232121887782,0.0,0.0,poisson,,
standard,6.238805937963748,7.8193927364786155,1.8263103585983267,18,12,24.89709270787815,54.709390275211575,447.3177477567085,1,4,5.816266408645737,0.0,0.0,poisson,,
standard,13.60592032233797,7.415154927812428,3.5784034585119784,8,8,20.011069263263355,92.10193834423123,389.2497098967834,2,4,10.244675065052753,0.0,0.0,poisson,,
standard,6.949394092781047,6.607623640357868,2.3467630366783583,8,5,28.41164307484081,85.1967935465473,441.5583963689385,2,3,26.15090706642862,0.0,0.0,poisson,,
standard,5.94608068203504,4.0810409241112335,3.820389763129268,10,11,35.59884142099588,142.03780311623024,449.1497335434681,2,2,3.1731814617371534,0.0,0.0,poisson,,
standard,28.921546798731576,6.063114721758008,3.4348383334964074,11,9,46.13015640447148,111.43011091774852,274.53965435858913,5,9,5.67714792480516,0.0,0.0,poisson,,
standard,24.13099865020151,6.515349710274508,3.5652693177469525,5,8,24.663124423091567,129.80562374517504,252.252949228052,4,7,7.167859319110995,0.0,0.0,poisson,,
standard,8.920281926872718,6.267293846300706,2.230117812447134,6,6,18.233665325956363,104.7584413451927,259.06011295147334,2,5,2.1881375536903085,0.0,0.0,poisson,,
standard,13.957519360849114,3.331762263730219,2.0608650432900335,6,13,23.934740332882722,138.93605831334588,255.8858680370207,5,7,5.538867727055099,0.0,0.0,poisson,,
standard,14.135838261881391,5.588895111901142,2.347939053880573,6,15,52.901870085534796,58.70546931676375,369.45352005961,3,7,2.7653789597949165,0.0,0.0,poisson,,
standard,9.508122323841217,5.3043998104813035,2.5052937938780695,18,6,16.206714033793375,132.12236764954818,339.9481691294426,2,4,9.011064060801372,0.0,0.0,poisson,,
standard,5.00012733000408,4.785148492480031,1.1991623353604943,7,7,17.668026073367983,123.92007821857793,350.78806110740936,2,5,2.166708909032722,0.0,0.0,poisson,,
standard,21.224945688534923,6.673278521791267,3.711120290526147,7,11,31.942585928343906,108.85196130859573,279.5846128156262,4,6,4.24988583616628,0.0,0.0,poisson,,
standard,5.419532918524607,6.762661906104429,1.698753185110045,10,12,42.97453681271549,87.30398048508599,288.51149194806123,1,4,5.502770957160342,0.0,0.0,poisson,,
standard,20.608102368436512,7.044356242579599,3.5568419579640618,14,11,24.508121864047965,131.5705036687595,247.0010828044476,3,6,17.617089826927646,0.0,0.0,poisson,,
standard,9.426499413676392,5.537856552559335,1.1324887295316348,15,12,49.54562104920305,79.73927019265246,424.8314188485125,2,9,4.811160929155353,0.0,0.0,poisson,,
standard,6.843120462608452,3.0899392031097666,1.9111725441046858,14,4,46.10024572531043,72.89240226662807,329.63440013536433,3,4,3.401585052193788,0.0,0.0,poisson,,
standard,22.016171710301766,5.945277170426463,2.9655461260911764,18,11,28.040236805992254,146.3165659839275,358.20067129495965,4,8,4.690633291990619,0.0,0.0,poisson,,
standard,23.55133602477584,7.021011073643238,2.1915807291735727,16,12,52.72633959895461,52.65254443885927,405.5388711540494,4,11,5.232079260303384,0.0,0.0,poisson,,
standard,19.817185806600033,2.3939854371055285,2.409048586021818,10,13,58.278598123023805,91.15774137514177,349.46092209150083,9,9,2.7972570615874903,0.0,0.0,poisson,,
standard,19.0379960038525,2.1289928658745945,2.7135019841194072,12,10,25.504825753365104,104.52413035682957,389.3122998092603,9,8,18.424376876804537,0.0,0.0,poisson,,
standard,6.590358759513906,5.212214134789474,1.0942926141033047,11,14,57.55898636489804,82.49158745428878,359.91676638199704,2,7,2.407249201171724,0.0,0.0,poisson,,
standard,19.37622885560775,3.9093923153540913,2.559974315510963,13,9,57.158862592817606,116.00756936138995,398.204080300865,5,8,24.975776745772066,0.0,0.0,poisson,,
standard,10.721831430002625,4.197633639079016,3.3051671941442957,14,14,22.50182007757705,84.44079787964894,467.6284195398728,3,4,2.9999974052289597,0.0,0.0,poisson,,
standard,39.9820385151519,5.664293291608659,3.8858032636512383,20,13,37.28051979981855,133.18468637434063,350.99158001262754,8,11,2.2086350290324073,0.0,0.0,poisson,,
standard,11.524814239353422,4.529454929816275,1.5122786757587248,13,8,16.290029677452488,138.06825448402986,297.451008265141,3,8,4.7251483376498244,0.0,0.0,poisson,,
standard,10.012990330200086,5.480126548859646,3.3841806374709855,17,15,31.932730404157446,114.50298934659571,342.0079238790876,2,3,29.147865933370888,0.0,0.0,poisson,,
standard,30.112232637652667,7.874266994073889,3.563767975722028,19,9,58.27046052810002,136.9265303786491,466.4307088447635,4,9,7.0021915896281905,0.0,0.0,poisson,,
standard,13.438628434537877,3.8008332773598386,3.6342529144083695,5,10,12.668738364189194,98.48300318444177,265.2021957727177,4,4,4.9375518831337715,0.0,0.0,poisson,,
standard,14.056269762605918,7.5627758568567245,1.3775973351916257,15,12,26.865832131767792,134.3057534395731,484.64793354689084,2,11,8.12094602945948,0.0,0.0,poisson,,
standard,9.788213500049052,3.393936314442713,3.842665526069567,14,3,55.367363689552,132.3201362653128,496.03456481270933,3,3,10.165345234697355,0.0,0.0,poisson,,
standard,32.891923274217135,6.473560918652559,2.5333658831451045,6,14,56.586093006895226,78.8919920124398,479.9454160999732,6,14,1.918575630582319,0.0,0.0,poisson,,
standard,10.790035893538494,7.330670283878631,2.821275109293172,9,9,15.58932511183236,100.11650330054442,395.63955983492554,2,4,6.826906911163255,0.0,0.0,poisson,,
standard,5.786565572775406,7.955892292673353,2.4724351578577233,4,11,57.85165217978342,109.63376435211893,305.56999986735474,1,3,4.1303046126815826,0.0,0.0,poisson,,
standard,20.188067964501244,6.203363283274429,3.2559283534121652,16,13,12.765672629601179,87.69644299291853,468.88768399387857,4,7,2.156494702127418,0.0,0.0,poisson,,
standard,18.40964228298852,6.2501681471856685,3.680871529320492,6,10,22.562662289760162,110.75678993654746,429.1770842396463,3,6,18.730740572506125,0.0,0.0,poisson,,
standard,15.000309138582997,6.4993643816925335,2.6954650747221782,11,12,16.345208255064332,130.6556698126324,415.3446318240962,3,6,3.2465135909466776,0.0,0.0,poisson,,
standard,24.25197138508953,6.578581817401247,3.9236333490974302,5,9,43.97886277454544,74.5953705335214,405.74102515672155,4,7,3.8871277520050658,0.0,0.0,poisson,,
standard,7.657395701270666,3.391261666350687,1.9101224678268574,3,14,47.72960282071341,136.95077517297727,463.60152508769505,3,5,2.1516208781468626,0.0,0.0,poisson,,
standard,6.011856073257761,7.02463722822804,2.5735856640733847,11,14,19.838552331166547,129.0903337470105,209.24119981765693,1,3,7.389801478467824,0.0,0.0,poisson,,
standard,29.33621944030043,6.796527046843344,3.16202832976811,6,10,55.40746033684722,120.02275909862128,267.1527695855458,5,10,2.5049047853099102,0.0,0.0,poisson,,
standard,14.660321076552421,6.866572996484295,3.5283150616355448,16,8,49.56106797585444,146.4716536972909,420.9323902212361,3,5,1.7465447758907864,0.0,0.0,poisson,,
standard,12.928696027222923,3.095035798703433,3.5536517950076414,9,15,28.594021835693713,117.03369721877522,461.28273035496886,5,4,3.5939966587530146,0.0,0.0,poisson,,
standard,18.354414041785525,6.404704885954363,2.1284466553043506,20,9,34.440971860937324,110.97062353745879,236.11285646086523,3,9,9.739793399259245,0.0,0.0,poisson,,
standard,6.161500177716901,3.648430132137067,3.2420725065613856,7,13,36.33677127143312,108.39812177262536,324.65079440183,2,2,12.371885610675914,0.0,0.0,poisson,,
standard,29.73868270898125,4.962325156986771,3.5207339360164633,18,13,26.766073412066078,66.85430959112777,261.06973739389457,7,9,2.536379407805464,0.0,0.0,poisson,,
standard,8.634008229505044,6.101040253795879,1.9440553739897086,10,13,20.787357479042587,109.94953619322075,482.9313220384588,2,5,2.9989710016152875,0.0,0.0,poisson,,
standard,9.14155809484907,2.2071179803704117,3.573514593543319,13,11,37.28319847110397,58.11308411583417,281.41760783566747,5,3,3.1072769078110474,0.0,0.0,poisson,,
standard,8.367134513306329,4.257457567761403,1.7064884513207665,13,10,16.51899138575801,85.76382415370844,206.93934096786074,3,5,11.060898932956718,0.0,0.0,poisson,,
standard,18.856890006975533,4.569320133002184,3.220521547301626,10,10,44.73184376821128,137.79674314943566,429.18339954186337,5,6,7.673052004390409,0.0,0.0,poisson,,
standard,6.452594445060385,7.9688673848739455,1.2658542360674883,5,14,55.651211986069754,59.56034211647344,269.96868087243604,1,6,5.861382290154954,0.0,0.0,poisson,,
standard,10.333520832980694,4.821985167643128,3.2504346789759726,12,7,52.65516880881719,117.65801380155004,317.2013240045018,3,4,1.8294303633173787,0.0,0.0,poisson,,
standard,6.605846833296809,6.727858188335015,1.1736430326634215,10,15,20.382037280958695,123.50324678247608,363.41273266172067,2,6,3.565475561337847,0.0,0.0,poisson,,
standard,17.077369103593703,7.518491109084583,3.797975972141077,13,15,57.16046411417638,73.11322936209166,320.3437644770994,3,5,2.701786175026814,0.0,0.0,poisson,,
standard,5.067091563758729,7.122113926020928,3.655696961261637,4,6,54.264623346156135,103.82618851399513,229.06695479751656,1,2,3.8038702223522742,0.0,0.0,poisson,,
standard,27.144753305780934,6.593826795658545,3.0626507822137974,19,12,43.26122798432631,147.02025008111116,210.51808818441705,5,9,8.08579582843666,0.0,0.0,poisson,,
standard,6.004695728359706,2.9170626094669485,2.2815637487471436,11,8,18.3928823568676,125.11804974104193,245.28499892058034,3,3,3.3937847252054913,0.0,0.0,poisson,,
standard,14.928109834660674,6.008081654950769,3.086850026053908,12,14,11.553385636174692,77.51441836747752,247.4973516579442,3,5,7.441907463142759,0.0,0.0,poisson,,
standard,39.36829015790383,5.682968338143921,2.910147574396069,14,14,22.384612919982214,64.92863032103637,312.9874559600826,7,14,15.68679826242548,0.0,0.0,poisson,,
standard,26.433026646353927,4.44551438987239,2.5497481658584222,19,15,43.37976889335301,146.28816876379722,209.50355650297368,6,11,19.92532035636996,0.0,0.0,poisson,,
standard,21.285539044660105,3.9951358757662425,2.5219790594888947,6,14,47.45925809062007,63.533465257926295,443.34599651415874,6,9,3.1274535514985127,0.0,0.0,poisson,,
standard,32.9678557129328,7.183082731895336,3.3887248108924517,13,11,50.429243293697986,141.92133266743855,261.9252214794412,5,10,5.720342932537184,0.0,0.0,poisson,,
standard,6.594904743548866,7.134801456375565,2.83781788693924,13,7,29.86424009791866,57.51989205719469,385.89651680280883,1,3,13.604656401686402,0.0,0.0,poisson,,
standard,20.55249146251854,2.5161042769045303,3.612490564547278,12,8,16.46288757545614,69.62850451038696,493.4773243339358,9,6,4.294470901657025,0.0,0.0,poisson,,
standard,34.74608562795181,6.908242734135246,2.637910057479919,19,14,54.93005121522228,134.7252566860851,237.6173225207194,6,14,2.057000837158279,0.0,0.0,poisson,,
standard,13.252881808549878,5.165959934076713,2.8751859605559247,4,6,40.88422538834171,139.5267568004249,273.25068605918307,3,5,4.321247702063749,0.0,0.0,poisson,,
standard,20.678792235759488,7.425197148112511,2.0824325960290757,6,11,26.48216065133972,86.94345558673749,443.1163129671095,3,10,18.59462563773736,0.0,0.0,poisson,,
standard,19.970650246859407,7.6000140346122,3.3208688746723274,15,9,22.759136332021825,99.94778402903461,329.8928305458639,3,7,3.1411265395318773,0.0,0.0,poisson,,
standard,6.163996025242673,7.429053785806303,3.697636134783205,13,7,43.76988566605948,130.6588430830992,250.4662636464268,1,2,7.553345331343911,0.0,0.0,poisson,,
standard,11.51661879902714,4.943270778503499,1.6573472158212268,10,13,15.429983696284257,88.9274072564622,420.28073126244163,3,8,2.30385363915389,0.0,0.0,poisson,,
standard,9.823413336154465,2.7690493518596933,2.7402241077752993,13,12,37.061627354017105,94.3637485942699,354.30577732371563,4,4,4.288431206794121,0.0,0.0,poisson,,
standard,8.114318036327756,5.77930183992375,3.8839621946612195,18,7,41.81286819619025,143.50676392679787,285.4369782994875,2,3,1.9369726620256538,0.0,0.0,poisson,,
standard,11.013639786149827,2.206502350252741,2.3225789621576345,6,14,42.79527078178495,71.52071399281422,251.1682597512855,6,5,4.85065560938741,0.0,0.0,poisson,,
standard,10.809880163862559,2.9116256754307104,2.613953219111379,6,9,29.37621323434356,96.34087619231626,305.13434143218694,4,5,4.37132038111389,0.0,0.0,poisson,,
standard,10.423127587259287,4.05472379288047,2.5722170028987157,4,10,58.74299200892962,108.52247273506444,233.6138974518755,3,5,2.9696925641288665,0.0,0.0,poisson,,
standard,10.347354292678688,4.0676005881820165,3.3697356737380355,3,11,48.92019979263319,92.76699166946003,485.2667217810305,3,4,2.7166445191784425,0.0,0.0,poisson,,
standard,6.149135643460247,7.0243288995901905,3.6172582402966773,15,6,49.93171564095987,141.83471237118735,234.9192074703245,1,2,10.04782977742134,0.0,0.0,poisson,,
standard,9.648108009921181,6.4412584976898035,3.4283108338874957,10,14,16.613229398600158,88.90217144850382,424.88654111714845,2,3,6.490185852463829,0.0,0.0,poisson,,
standard,11.040520177811107,5.0768076315436055,1.8825373359802189,8,14,29.772695785717303,62.90651545656721,369.4098184365199,3,6,8.30467920229747,0.0,0.0,poisson,,
standard,6.159858204441866,7.634500574989616,1.788865234148,8,8,10.986546401621801,129.85985440705352,323.21199294077127,1,4,6.143317690177399,0.0,0.0,poisson,,
standard,24.02843990338217,7.782838364163718,2.5291765209067205,9,11,35.658389098252414,52.207662376087214,365.290023164272,4,10,2.776048941450813,0.0,0.0,poisson,,
standard,7.294072155647043,6.824811410640048,1.1668363417989305,9,13,51.890381702824435,108.70287663226244,425.9634217274495,2,7,2.3408067372953756,0.0,0.0,poisson,,
standard,7.014297768381646,2.2482159700655684,1.5491665137162736,10,8,28.022706662991595,76.12603016603833,324.7419158776889,4,5,3.3687487748432052,0.0,0.0,poisson,,
standard,5.11443631928422,5.23510521797031,3.658062491032323,4,14,22.986083386051334,73.66719219450357,201.44731718863954,2,2,1.7335306575422398,0.0,0.0,poisson,,
standard,17.980828888697843,5.257470701758744,1.8209576044421234,4,14,39.1959070460358,146.56522527246466,428.24834416421066,4,10,9.543376994786046,0.0,0.0,poisson,,
standard,10.456769680900322,5.6194683570660615,3.824143355471014,17,15,32.89359011232886,61.81479773516274,478.42972406564047,2,3,10.035961535333522,0.0,0.0,poisson,,
standard,8.11635450694278,2.381188232768997,3.691261293036607,11,11,51.37770678485014,141.1651801784319,368.6257480083567,4,3,2.539138684705449,0.0,0.0,poisson,,
standard,8.319666570211863,3.8724815677175872,3.691474698195818,14,13,16.454787488861,142.40597006469133,400.6607757168656,3,3,1.8987265738872368,0.0,0.0,poisson,,
standard,11.195647351010164,5.617146464164166,1.1834258646242581,5,10,38.270107461938665,126.75955421244122,271.6055256542468,3,10,2.9669118661953378,0.0,0.0,poisson,,
standard,10.609451696021786,6.74849964953012,3.4365646305139794,17,11,46.094542377294694,71.43175604409389,264.3395919631873,2,4,2.6550878077790503,0.0,0.0,poisson,,
standard,13.421815519079978,5.15075823904191,2.7535760140769687,19,12,23.963625079449987,82.84436763429372,241.14347194188113,3,5,9.95223670887163,0.0,0.0,poisson,,
standard,6.786360078111038,4.96030747367095,2.658611728532639,5,11,35.28958483735062,85.47073119493254,411.67147264692295,2,3,3.0930103640881397,0.0,0.0,poisson,,
standard,31.29351112715168,2.495522019856647,3.62902570991388,17,9,16.874795277998487,139.70215357519493,219.84762429522144,13,9,4.8215332772927315,0.0,0.0,poisson,,
standard,8.277901981534223,3.6616254778403556,2.7847336111218532,19,12,48.81204889422461,55.72520620430485,352.76387002249703,3,3,37.27750877121107,0.0,0.0,poisson,,
standard,21.659735010599572,7.529668396088534,2.1448362490979527,13,13,25.62341537004791,73.01023255868398,216.9875021683419,3,11,8.868336973256408,0.0,0.0,poisson,,
standard,13.496821454529057,5.441297704918624,1.190121096357905,20,12,17.421311462768536,149.61838079519552,337.8402270792566,3,12,3.554980909970011,0.0,0.0,poisson,,
standard,5.580493433682497,5.722799272093846,3.0300560424723955,16,5,15.119622870949652,76.0019392432814,206.679112417007,2,2,6.3945593126566225,0.0,0.0,poisson,,
standard,49.69750180442777,5.180122635338976,3.5868666734351873,16,15,14.156418964996284,143.0698557325219,223.47860930904844,10,14,9.188973080855318,0.0,0.0,poisson,,
standard,41.22540472320336,5.77883824172369,3.9242733382620183,15,13,42.832991073438286,75.25175926599724,479.1218662464641,8,11,2.8988932145927,0.0,0.0,poisson,,
standard,10.230226022755001,6.217183512150686,1.2902911316325154,6,9,49.17820143838194,115.0933218168978,370.2574778035852,2,8,16.637276342377234,0.0,0.0,poisson,,
standard,13.061762641441984,3.35067287898267,1.9461179795205066,16,8,11.519249284884122,91.79635488995365,255.27012067894108,5,7,4.330266007401899,0.0,0.0,poisson,,
standard,27.15492437219273,2.8828314575484377,3.0895859124907545,15,12,39.271079588459486,62.90086966671691,297.91824041415845,10,9,6.414134835793791,0.0,0.0,poisson,,
standard,5.733532161705108,2.6269451266563153,1.0503875547296282,15,15,26.997446533428747,77.00241114949534,374.2183927248614,3,6,3.3958086307038124,0.0,0.0,poisson,,
standard,15.255319676970291,4.31561452143372,3.658158900636891,7,7,46.73579569105709,70.00272975517001,251.93480834571253,4,5,2.8778083688163196,0.0,0.0,poisson,,
standard,9.019471447843443,7.01736098291064,1.5610309018550454,19,7,22.7022947629517,104.98171049192625,208.2564069494017,2,6,5.5372276210706595,0.0,0.0,poisson,,
standard,16.283103444499716,4.329535098331902,2.5491667114215435,16,8,57.07520227083101,144.0089694402637,481.59438593837507,4,7,5.494598720944239,0.0,0.0,poisson,,
standard,10.522436696278918,7.055262953421363,1.9958981488023908,19,7,27.45366689518473,128.70742602435536,474.5048673362719,2,6,2.842554245854022,0.0,0.0,poisson,,
standard,10.174055768172554,5.1900858673747745,2.796718682351824,8,15,22.226210513783343,129.80578607638625,207.24463908800774,3,4,3.188277766975906,0.0,0.0,poisson,,
standard,33.011065193295906,4.245016390422116,3.284825369085013,12,13,18.230188216999764,118.98955390315719,442.8415912385791,8,11,5.348763454490189,0.0,0.0,poisson,,
standard,10.907527180255808,4.542006849041562,2.803168592739314,17,13,49.64349509595439,133.0772037333454,300.9453783827387,3,4,10.297507087389137,0.0,0.0,poisson,,
standard,9.666364684817186,4.368513989199268,2.4886415245476914,4,9,51.95408673872227,82.2123236230632,316.93456194692476,3,4,9.41477680907623,0.0,0.0,poisson,,
standard,5.1175836909940955,6.847386146651315,3.3687008613443488,6,12,37.45430075486994,54.5494913402515,320.30742335146005,1,2,4.765207736242542,0.0,0.0,poisson,,
standard,25.505258659163523,3.3291299925478643,2.980850075295386,20,15,15.443884141342608,114.28237413336252,223.36576102502602,8,9,5.082021812648515,0.0,0.0,poisson,,
standard,28.41821247880354,3.165220448148378,3.3443905082515046,17,9,33.50586521735871,54.16685797294456,438.299946708744,10,9,2.886734641551115,0.0,0.0,poisson,,
standard,34.4726539911731,2.8102234126750933,3.9080859307909126,13,13,16.171475188733368,97.82486678935348,490.31992235083305,13,9,6.876843818684453,0.0,0.0,poisson,,
standard,8.747302741022217,7.987277999154622,3.6391481968235597,5,15,23.113770110463918,52.25286757821558,279.90925711125794,2,3,1.9168585541519443,0.0,0.0,poisson,,
standard,20.712389415336233,3.2272668834571308,2.3770838803933305,16,12,30.742838696440778,79.99035856836268,277.4646059012065,7,9,5.158145860048611,0.0,0.0,poisson,,
standard,10.786794479423474,5.550863644441245,3.07783465475673,11,7,21.8554055198616,120.60546363374996,329.0996365857775,2,4,18.878480778575117,0.0,0.0,poisson,,
standard,10.82310774723911,7.929630816301217,1.6227541274037307,3,10,58.285325450061045,69.10021017813062,301.740373607684,2,7,4.2239119143712704,0.0,0.0,poisson,,
standard,13.533818102730287,6.28461934144047,3.4583251272143354,18,9,18.67771366539985,51.26739909064712,412.06692440158474,3,4,12.059112396222199,0.0,0.0,poisson,,
standard,14.96539178093916,2.082867677688995,3.9939512782474713,11,5,36.40931430564361,143.29888553381699,446.7903272231511,8,4,4.998103967342393,0.0,0.0,poisson,,
standard,9.593132890596571,3.4306836549519835,2.249361597467188,7,11,56.519273749327866,51.91430794392784,245.27999973808033,3,5,5.926908206097891,0.0,0.0,poisson,,
standard,24.600245681486133,4.85753151386151,2.779019889572157,13,11,10.103021532647379,83.32871919316025,321.63886377324366,6,9,7.602495061170327,0.0,0.0,poisson,,
standard,9.884975185312523,2.490815817636755,3.3279965443380677,13,7,26.604701754210826,52.30100805734451,269.3645686989762,5,4,1.710149879001566,0.0,0.0,poisson,,
standard,47.84292367865733,6.174544854909992,3.214483940433949,11,15,13.097594500965961,115.65051333918562,286.8447496405344,8,15,12.339284781697643,0.0,0.0,poisson,,
standard,16.746903376181788,3.084272444747356,3.8185948979658244,10,7,40.64401474470354,77.24375127860002,206.52308397839207,6,5,3.064290978006701,0.0,0.0,poisson,,
standard,21.2843845879971,6.212816553916184,1.7185395555601497,16,13,37.9154374501165,58.35038145107298,373.294460267236,4,13,3.284966263448557,0.0,0.0,poisson,,
standard,21.377133399815968,5.13017508603998,3.5266143336126214,6,10,36.20074319492386,75.98632511569225,403.06185661546544,5,7,1.8996980085663864,0.0,0.0,poisson,,
standard,5.300612284444767,7.532627360791915,2.1747419759480278,20,11,43.350005301651144,96.17647850573151,268.8888290718704,1,3,4.153861027858314,0.0,0.0,poisson,,
standard,28.476893805869842,4.824457187473104,3.163078576310423,9,12,18.120198045257645,134.43657788041523,435.28502355345836,6,10,11.005234958736297,0.0,0.0,poisson,,
standard,18.339761477520128,3.408866339823869,2.424052279064575,12,14,21.98694628020258,110.99119185723902,298.5054243023073,6,8,3.801333395463116,0.0,0.0,poisson,,
standard,13.98953665321918,4.5972931750748325,3.050887526983694,10,5,17.46072030539177,82.39004332654065,453.72361218054823,4,5,3.028794616254157,0.0,0.0,poisson,,
standard,11.755688019366477,6.237067675326884,2.2980438871818842,17,8,39.28953502950641,105.22784965877145,474.93473271319453,2,6,9.246288964287805,0.0,0.0,poisson,,
standard,14.704447216059789,7.978779424036243,3.194330033241625,16,11,59.95480792520087,137.39738744282968,367.1329883917592,2,5,8.105776089361285,0.0,0.0,poisson,,
standard,12.861748905527943,7.769134226385235,3.219031197142679,8,7,32.075664758098384,82.47161937386564,279.03314131738017,2,5,3.1655640141263,0.0,0.0,poisson,,
standard,38.04809643927854,7.979131886010137,3.339008450219128,13,14,42.73885247364401,122.32531178060478,401.33770752308664,5,12,5.5885787927439665,0.0,0.0,poisson,,
standard,16.5277352858403,2.75744862588957,2.84492631049763,10,12,25.698284987054894,76.27227554877216,361.4045354318011,7,6,6.119465316778931,0.0,0.0,poisson,,
standard,10.396889256734182,5.322728265936641,2.809138263815665,11,4,32.4371334330646,110.37146449427593,440.5478057035531,2,4,24.019098951073122,0.0,0.0,poisson,,
standard,10.861504111502924,7.376633805355517,2.2750414164527286,17,15,44.40234525003214,137.2440978993488,370.716928024769,2,5,5.697145229842119,0.0,0.0,poisson,,
standard,17.944542019994405,6.1305061517651085,3.390129843608061,18,6,11.912862037349738,61.72086350048227,311.09375718835054,4,6,1.8918509245497042,0.0,0.0,poisson,,
standard,13.03023956100042,7.477903786328628,2.466296602086092,18,15,26.659486345568826,140.1336787832223,488.8267549736969,2,6,4.65801066459583,0.0,0.0,poisson,,
standard,9.232197958266092,4.628322789364647,1.9608304398166925,5,13,29.928738985491627,50.038313262361044,461.47841498085495,3,5,4.1074552900216315,0.0,0.0,poisson,,
standard,26.43593117491088,5.950178365464379,3.0078649864642184,8,9,14.469965637019063,114.12343150523698,364.2453433348539,5,9,6.185072679824177,0.0,0.0,poisson,,
standard,10.002216592597676,6.288528084137155,2.880134975991216,20,11,13.55101155584267,129.5451766801363,303.24121694717684,2,4,3.6014190220765334,0.0,0.0,poisson,,
standard,12.625170259255079,2.0645291562983568,3.3202487602205535,17,14,23.180233597935864,57.09330618038375,440.3545494518545,7,4,6.043961200193101,0.0,0.0,poisson,,
standard,17.638133981742328,4.29004735904706,2.25088814577212,9,12,15.508673622095568,131.3160144921884,449.3661453776742,5,8,7.051525791335733,0.0,0.0,poisson,,
standard,13.915312442852485,5.769251527161826,2.909286423844711,9,14,14.597659011313233,61.01778965061558,346.46027525539233,3,5,5.7478867290618965,0.0,0.0,poisson,,
standard,21.415831587935518,2.0971573502339838,3.3768831959589116,17,11,26.576308972680664,78.24765078119941,289.7116956797494,11,7,2.834457564038818,0.0,0.0,poisson,,
standard,5.413972032238003,4.364319863566972,3.06478618847492,18,15,41.2603813012567,92.23447961955513,264.22526434202894,2,2,4.728996396931686,0.0,0.0,poisson,,
standard,12.122530012427802,3.5234250696241927,2.6522054791479968,14,8,52.42723103614299,87.55375461105653,336.3431725948651,4,5,3.778490245136532,0.0,0.0,poisson,,
standard,5.409471630015458,5.381948572411185,3.4901720658605853,9,15,36.516016842727154,111.85604890438614,295.41688949125864,2,2,2.313733112168405,0.0,0.0,poisson,,
standard,14.341027876952746,7.406792218233553,2.096665140690692,11,14,30.5185916345198,134.35308545918642,366.35832840735725,2,7,21.36265448993346,0.0,0.0,poisson,,
standard,17.92935990444795,4.712608320497245,3.098717357567536,4,7,28.562002517899362,72.37385755187216,312.93843390081156,4,6,9.330114919071068,0.0,0.0,poisson,,
standard,30.64643417246262,2.489006038618831,3.671187306722732,20,15,16.419483215916372,83.80642983867682,341.77710961642583,13,9,2.9979742270289824,0.0,0.0,poisson,,
standard,21.532092037086112,4.978838081054672,2.605164216033743,8,15,21.69820602427567,60.13580663961122,303.91954591724476,5,9,2.604547058425159,0.0,0.0,poisson,,
standard,25.918911689865848,2.0301594664084766,3.763314737469742,18,8,17.809643854223154,93.59268609358091,331.7544784566003,13,7,13.174821368627068,0.0,0.0,poisson,,
standard,5.306205214822267,2.18667533602014,1.8053020931050265,11,11,16.02621076366669,80.99537501153556,211.19766260918053,3,4,2.6216965701562565,0.0,0.0,poisson,,
standard,13.205716020428804,2.9443384999591338,3.7113054078643066,18,12,12.275850896560616,90.99289603226711,265.9455959101646,5,4,3.8127990420534013,0.0,0.0,poisson,,
standard,18.33831023664603,4.418355761852202,1.396659439960481,19,14,18.958506184207046,97.30570107600934,320.2511061287922,5,14,2.5244716835800407,0.0,0.0,poisson,,
standard,17.20986558806534,2.0566809834630346,1.5552786090473432,14,15,49.43316301414874,79.63693041744062,348.2804665762177,9,12,3.1121501363469677,0.0,0.0,poisson,,
standard,9.222993353249768,2.260947599424867,3.986244936875777,10,4,12.938249412955813,92.7433260910216,358.67343576110017,5,3,2.2043388305542386,0.0,0.0,poisson,,
standard,27.571901326069945,7.783391643786921,3.088044172421278,8,12,26.29573749477982,146.51305442825213,289.438991392769,4,9,15.733983148561368,0.0,0.0,poisson,,
standard,22.11432024347621,4.252086132906275,2.835497971641539,20,8,56.411267627097104,56.53278566466007,457.82463733570256,6,8,5.996047903130501,0.0,0.0,poisson,,
standard,17.18281405852961,7.218552973156026,3.8149648904969875,16,9,50.43772664873105,60.74439916821312,483.4015095864144,3,5,2.9691166016407218,0.0,0.0,poisson,,
standard,27.626966399020407,6.267462873469929,3.507049775725879,11,9,48.51492926349168,71.65244213012653,432.62656258991194,5,8,9.43002728400766,0.0,0.0,poisson,,
standard,5.736212703048065,2.661060525277689,1.7277989116931078,18,11,26.293063423273,66.19481005527199,440.25269215549645,3,4,2.5281328047683047,0.0,0.0,poisson,,
standard,10.910922859603634,6.920631345179551,2.755162266676604,8,15,17.210848311414892,71.26571283321232,210.71642482562956,2,5,2.6669831342093877,0.0,0.0,poisson,,
standard,5.597146916867006,7.137458745619479,3.620440202056863,7,15,45.90949476625915,124.81908787679785,314.79959430360594,1,2,5.534670963645476,0.0,0.0,poisson,,
standard,18.127367766853055,2.356663314983077,2.804824011411835,10,9,27.0100125006447,95.6991802967847,430.35480056909245,8,7,5.0883839003622455,0.0,0.0,poisson,,
standard,20.299003861428623,2.534118237817637,2.126676423184022,13,13,31.208631441648016,107.307605535796,362.44880020042734,9,10,3.3752859346496793,0.0,0.0,poisson,,
standard,39.68530524795628,3.9586070465030536,3.575874861546245,13,15,36.529256219725255,102.57761558023608,434.9697081891661,11,12,2.0389089891681347,0.0,0.0,poisson,,
standard,29.46263474401824,7.407471763346274,2.79868218075114,6,11,15.819669954958528,121.82902538377105,219.5934998650346,5,11,2.8062505041233914,0.0,0.0,poisson,,
standard,13.967223032042336,6.908112618752813,2.0003984445172227,11,9,18.66839688278049,92.17113016295059,309.5635005936314,3,8,1.7281646418728736,0.0,0.0,poisson,,
standard,17.073457656995195,6.452807130867573,1.8846290212999186,17,11,45.58896705502918,54.51064871988686,220.14113577070532,3,10,3.6332838631331406,0.0,0.0,poisson,,
standard,17.28576712400391,5.477686482540886,1.719624029772182,9,13,39.29286197163494,104.28000398307438,316.3447002401628,4,11,2.1823549730922776,0.0,0.0,poisson,,
standard,7.233922495728007,6.59771488897474,1.5250003618240981,8,5,55.68299232768152,139.51021380518762,393.9553153563161,2,5,4.647987989699753,0.0,0.0,poisson,,
standard,9.353163409173469,3.455000314138739,3.9217828071260254,9,6,58.3575988985853,118.95126906594128,304.6756804365277,3,3,4.387668058088745,0.0,0.0,poisson,,
standard,19.73748063349879,2.9393490656899504,2.541833809731312,10,8,14.342961695279719,106.48236737335566,358.6033231915867,7,8,7.682700070704376,0.0,0.0,poisson,,
standard,16.49897683481032,4.924931162178679,3.7512505381299417,13,10,52.71438886018933,94.80423741302391,223.01560857041014,4,5,2.686376255244326,0.0,0.0,poisson,,
standard,5.179451241203087,6.168144379331567,2.9693162165083367,14,4,24.066680949562397,94.46766473927912,400.86269418370114,1,2,8.915865248135923,0.0,0.0,poisson,,
standard,18.315713922285912,3.568591736509137,3.8611452921231844,19,11,29.51812235060849,91.14365300191395,276.1328006174841,6,5,4.684147838749359,0.0,0.0,poisson,,
standard,7.801688838940628,6.491527367385475,3.969091351164318,6,2,34.75557005687733,125.19600764688593,345.1519402292413,2,2,29.30224335458567,0.0,0.0,poisson,,
standard,20.444520861143246,6.4662507026131,3.903983634961043,11,8,53.942817099634624,67.55747647143119,451.9057234432365,4,6,1.9874110681935058,0.0,0.0,poisson,,
standard,9.964452047094328,2.1458824075915546,3.0326538918421573,5,8,48.72360628659261,84.10524460408848,484.55389747064464,5,4,4.007746339002619,0.0,0.0,poisson,,
standard,13.247131916809437,7.9404918278176755,1.6708124761081584,19,14,34.728474324118636,101.44063572394317,492.71682354051757,2,8,16.606209989364196,0.0,0.0,poisson,,
standard,17.131746404931455,3.826157293182993,3.5831537232805375,19,10,32.27959329906564,60.31428032362452,369.6563804478477,5,5,6.060422291004266,0.0,0.0,poisson,,
standard,40.6278254028043,7.558084313234236,3.300642520557037,15,14,26.810162306714656,123.75975013380925,363.48365289484224,6,13,2.747316390903369,0.0,0.0,poisson,,
standard,13.302280539152086,5.198755632140032,3.599653625896843,4,4,39.78924301461461,64.59501105858595,475.11384508558183,3,4,4.883425903527147,0.0,0.0,poisson,,
standard,16.619837942549786,6.725826448203461,1.46710430444542,14,12,52.956299011609154,53.457899418405894,408.88699191759406,3,12,3.3001695501502115,0.0,0.0,poisson,,
standard,17.420789798141826,2.5113059316532294,1.9827566658651734,10,9,26.1961281983873,67.12317470712996,223.58568035860176,7,9,20.632843356956315,0.0,0.0,poisson,,
standard,11.491070839807538,6.736080023507012,3.206094321486408,18,7,14.385163138885346,94.47794129024484,280.37074144139507,2,4,5.005389895261536,0.0,0.0,poisson,,
standard,15.395975281603617,7.803540561821839,1.259020870786375,16,14,46.48118273893037,63.88317984136663,413.329082677526,2,13,38.13324996244727,0.0,0.0,poisson,,
standard,11.592225985300567,6.585851229959704,2.5072170439825223,16,5,47.76157170488471,129.55774089113658,219.3290767967951,2,5,6.160729899568439,0.0,0.0,poisson,,
standard,7.235022441866204,3.769812401298521,2.9147325536391295,19,11,20.34381638118203,59.34983782499239,291.1831453122977,2,3,13.576829852954274,0.0,0.0,poisson,,
standard,6.583916006890233,7.791159578856802,3.311831724243687,3,6,41.871188779958516,136.00624831263826,371.5126181896402,1,3,6.317599182173057,0.0,0.0,poisson,,
standard,10.80882398146829,4.10926813903104,1.6375168027532476,10,9,46.23808955670809,66.91356378263627,446.7224231087463,3,7,5.045373828641356,0.0,0.0,poisson,,
standard,7.5072420783181535,4.322511745571465,1.75124686123464,18,15,28.88593314285938,87.60279862066858,283.19533326016665,2,5,4.808332436988081,0.0,0.0,poisson,,
standard,10.223138325985051,6.801983777522868,1.333109929285622,8,9,39.09548743645156,149.3615204921296,227.11100162078392,2,8,4.820030065925026,0.0,0.0,poisson,,
standard,9.197235052851624,4.8243169898286045,2.2246599389974975,5,13,59.88247937547892,102.17955765258296,234.10460143403037,2,5,11.301380095045575,0.0,0.0,poisson,,
standard,6.246554719249224,7.88027769281002,1.7746582598534197,4,9,20.728180868782182,124.87746732514407,210.69781546785958,1,4,6.07109031497372,0.0,0.0,poisson,,
standard,16.8213945561957,6.804891962018365,2.611891470112992,9,7,47.53641521995306,143.0174783176205,475.1843939157758,3,7,3.2104320465770932,0.0,0.0,poisson,,
standard,12.234243560914491,5.835031065204711,3.398058066801648,16,4,22.362230824769952,68.20981752145812,408.1273279058224,3,4,2.9805512241675727,0.0,0.0,poisson,,
standard,6.482703370420628,7.385948603875874,1.6736191760057526,17,14,50.52092972146546,75.56315578018624,384.84720387620183,1,4,15.265612992855363,0.0,0.0,poisson,,
standard,24.945336850250225,6.316484172277607,2.8705890289072116,20,11,26.199534979071473,112.51194209490087,295.12986273505476,4,9,22.509702187203057,0.0,0.0,poisson,,
standard,6.459896050600374,6.469934851238746,1.5469016496333508,6,10,27.616954156921217,97.8969470338417,413.16815948850785,2,5,1.8902220600794335,0.0,0.0,poisson,,
standard,16.870709209594292,4.893180342632091,3.6380250650299186,8,9,50.86937292987297,137.66108281339996,401.3922230337071,4,5,4.043910207237373,0.0,0.0,poisson,,
standard,7.508842987618194,7.957401269099675,3.820435933697409,4,5,35.506764809742805,128.17155030198623,384.59802006713767,2,2,28.862318393692952,0.0,0.0,poisson,,
standard,11.681159995382446,7.914908128169575,1.8922711674256312,8,11,49.53347340229752,146.89010198903017,331.5217517355361,2,7,2.6654319158405504,0.0,0.0,poisson,,
standard,6.043538843199084,4.869791283441562,1.7209477760326788,10,14,45.06520470677362,58.011162928540614,452.7972776737356,2,4,2.9356384231849844,0.0,0.0,poisson,,
standard,10.288714872704693,5.615891520638841,3.822747272256068,17,6,50.45048393531216,137.20948771644004,387.00540033072787,2,3,8.287241436527848,0.0,0.0,poisson,,
standard,32.24005673145129,2.5049489078521,3.6085265778314533,14,15,18.31582505202114,55.365204737121374,240.9876044203491,14,9,16.143434375212156,0.0,0.0,poisson,,
standard,9.076818397769133,3.5495593756110306,1.833855176415344,7,10,41.04129400019171,138.2841629541614,382.55963833924443,3,5,21.820666854984385,0.0,0.0,poisson,,
standard,16.400220796239665,4.430671563098222,3.8872761409680403,5,10,40.13888143463643,149.09418734625308,477.13041457675973,4,5,4.117774895997513,0.0,0.0,poisson,,
standard,19.234812675515627,7.734932120147549,2.971630547472616,6,9,33.113297563901355,58.42192353279414,347.9139891094046,3,7,3.3085758264808964,0.0,0.0,poisson,,
standard,6.898596829474436,2.453987539382844,2.2472345969039065,11,5,59.672929492196204,114.06553954989836,329.8800232071064,3,4,6.110711791849262,0.0,0.0,poisson,,
standard,10.164956157856158,2.7624616924775505,2.5837387278353643,20,14,46.18965624699511,103.09148657178184,421.0657964957961,4,4,17.982978275282143,0.0,0.0,poisson,,
standard,11.963900972576532,2.2812975825631483,2.6250851838338107,20,13,35.66581554320028,51.760158804764,371.74358678552284,6,5,3.499242808418966,0.0,0.0,poisson,,
standard,10.57444135784793,2.54517404057183,2.9563386984372424,9,8,46.004427358468156,77.52831536043709,371.7004951853403,5,4,3.29323629126752,0.0,0.0,poisson,,
standard,12.876683038177717,2.6062748960984354,3.7173707144062256,5,13,21.34635850047363,134.34119502492132,466.2086534625799,5,4,18.345381390385327,0.0,0.0,poisson,,
standard,7.457189298011025,7.8506394598816875,1.25113062561923,6,12,32.74976043057336,61.27742502616702,408.13069718545233,2,6,25.98458081697674,0.0,0.0,poisson,,
standard,20.148874693305103,2.348787226140229,3.442646233435104,9,9,42.81218286356422,120.56332503015167,454.84615864333483,9,6,9.054333640477711,0.0,0.0,poisson,,
standard,7.312650130050009,3.9252233290268332,2.6313277565995796,10,13,20.749817150438574,149.6690896747015,473.8703931309703,2,3,11.103543975848044,0.0,0.0,poisson,,
standard,11.782942307695734,2.403111967150135,3.0708634852134535,13,13,56.26162585933394,126.56238234102733,446.16627849197175,5,4,16.16583711583155,0.0,0.0,poisson,,
standard,5.8700884308324355,6.645222920964491,3.16463202202521,3,14,35.87611643389555,110.78584825687366,303.1291523835704,1,2,14.190866120748334,0.0,0.0,poisson,,
standard,13.372401337306949,5.194460468661367,2.9688722700061008,7,13,13.875585643192853,139.0984474293345,291.45806410534453,3,5,3.81951171072544,0.0,0.0,poisson,,
standard,8.167207919181442,2.8972154089779476,1.5549961317808865,11,10,31.78771285645487,52.94814336959603,416.9879100965112,3,6,6.806503870707785,0.0,0.0,poisson,,
standard,5.113907310076725,5.331003858893997,1.5892519413267174,13,7,57.77260423096915,52.80603639604837,481.0642682158944,1,4,25.145509621127268,0.0,0.0,poisson,,
standard,35.67004050782478,6.288127268480286,3.9208551343472324,9,12,53.08302934117837,83.79347545440592,388.2511202156644,6,10,3.7950963558459216,0.0,0.0,poisson,,
standard,7.383950297967816,7.280354179366127,2.6811348135136557,16,9,59.33769612175312,62.38568641418229,211.78525506397045,2,3,4.308708355051721,0.0,0.0,poisson,,
standard,25.41714393846802,3.9515591573152156,3.5112800353588827,11,13,12.967446517623529,75.91907904549365,419.22194848404257,7,8,2.831771670464722,0.0,0.0,poisson,,
standard,9.974714350621692,7.156005465737308,1.677155068940312,20,14,40.63028727075404,80.63608748622018,468.1477109313648,2,6,20.232456869697458,0.0,0.0,poisson,,
standard,11.480032952147482,3.7501849313371016,2.6741569776061995,6,14,18.31916128201381,82.79285288843658,380.0749733763886,4,5,2.162041201443451,0.0,0.0,poisson,,
standard,17.63011252606286,7.914700103584341,3.6512361120080143,20,9,54.67081785166819,64.09254667344948,300.77457543238364,3,5,6.459209705156396,0.0,0.0,poisson,,
standard,5.494731459043089,2.8310020932440256,2.323760151962186,18,12,48.70996738735325,59.7061827505639,256.6558108382183,2,3,17.950259115031233,0.0,0.0,poisson,,
standard,13.617633429760476,4.242095209033171,2.883979679755982,19,11,10.251124379659624,110.28893094885655,430.07349357891013,4,5,4.450864166213638,0.0,0.0,poisson,,
standard,14.691932056521567,7.426773430944176,3.5932240662793355,18,5,18.359897245787796,145.20201451404733,385.6646653594031,3,5,1.4842145472739712,0.0,0.0,poisson,,
standard,9.692755161835418,6.647580189444899,2.4954756864611043,12,13,16.878102216841075,62.28799599118663,390.4824236157695,2,4,9.768184861870296,0.0,0.0,poisson,,
standard,12.902135586361807,7.763634078128957,1.61163005319301,9,14,27.11173855023126,78.03794578148357,336.6291167151703,2,9,3.638590714488884,0.0,0.0,poisson,,
standard,15.972586189013667,3.36050225761461,2.2586716559517646,16,13,11.915976807238307,130.83013497049848,245.73034300372467,5,8,5.010008717820581,0.0,0.0,poisson,,
standard,12.79715632165711,2.768112324990578,3.8719109583230127,12,9,33.67620011805148,77.27143221259855,338.5158643759596,5,4,3.7181895328925876,0.0,0.0,poisson,,
standard,11.714533139048495,3.4760456773821167,3.323682611575247,8,11,12.810380999093788,134.0473830311828,455.6835126328202,4,4,3.2376869042548613,0.0,0.0,poisson,,
standard,49.52472545985036,5.725162380778967,3.840241463818037,16,15,51.268572211312694,148.83076769364115,487.81399240610824,9,13,12.24154273095299,0.0,0.0,poisson,,
standard,8.080519074861558,6.044368028008218,2.570085207813796,4,6,16.456268772219303,75.69669076722316,237.05444423167918,2,4,2.0298978548471194,0.0,0.0,poisson,,
standard,7.162466050656457,2.8265069779009355,1.264066370982654,8,12,40.95680182228041,109.83599356983626,402.6883706517705,3,6,5.242488106831863,0.0,0.0,poisson,,
standard,17.26030342214795,4.807663540571291,2.993081748356687,15,11,50.89720600839779,141.00341779472603,441.96649853633005,4,6,6.287756814536619,0.0,0.0,poisson,,
standard,9.969620946848753,4.194302977945312,1.944257200369536,6,8,59.897469144618086,78.59320617098959,206.91221857859298,3,6,2.4987557665121374,0.0,0.0,poisson,,
standard,21.0226386094601,6.279788650411777,2.7922608608853796,12,10,45.194422769649414,127.848628769051,357.0164091572417,4,8,3.2719570238423508,0.0,0.0,poisson,,
standard,34.533748276417015,2.9167240214477093,3.2743154852509146,19,13,16.19158214298853,111.79259998973662,269.69304281204387,12,11,8.434289241499908,0.0,0.0,poisson,,
standard,6.131558126734979,7.993204326981465,3.9292944014120437,18,13,39.101156928969225,99.03398707742485,248.32511657189542,1,2,5.229261524847964,0.0,0.0,poisson,,
standard,6.775609462877663,6.4540376226640825,3.5341036229173968,15,11,11.253523517109755,146.22554288100355,468.0503818370498,2,3,1.1934562101604904,0.0,0.0,poisson,,
standard,11.017149397349547,7.01345272014134,1.0623490975206202,8,15,12.321356553864966,56.76988672021261,305.5071288146277,2,11,3.9528889552759088,0.0,0.0,poisson,,
standard,16.007678303152233,4.2084813216208925,2.31612731848466,4,11,35.20060837244544,98.52790321444232,418.3172338261219,4,7,16.07886173980229,0.0,0.0,poisson,,
standard,28.344096439686002,3.9430675463705382,2.611402175965195,14,15,27.317285604275778,67.68702998270504,308.3501364398187,8,11,7.998607786120433,0.0,0.0,poisson,,
standard,12.815460938583751,6.696640916092051,2.47510219481014,15,15,35.080297374011984,90.04131565773727,289.1161701213975,2,6,12.192755283373781,0.0,0.0,poisson,,
standard,9.267720339272392,5.0981772405886225,3.008663597111171,16,4,33.545973714496014,75.21496774754823,226.87411372730696,2,4,5.871573748003447,0.0,0.0,poisson,,
standard,44.949588801502316,7.059891370463162,3.5850832663914582,20,15,28.773180776584297,116.7566880531858,328.44970539616565,7,13,3.4502661832400987,0.0,0.0,poisson,,
standard,12.277576916398012,4.646263847401597,1.9528756081188186,6,14,13.817991973134554,124.62601086318996,449.49635189163195,3,7,3.9213321960462295,0.0,0.0,poisson,,
standard,11.080699202317252,3.750442769350202,1.2893886656169538,6,13,30.964334500253372,109.65863409981671,424.2774826017759,3,9,24.48792569596248,0.0,0.0,poisson,,
standard,13.890348853497416,5.272328439480727,2.0769765380254896,18,14,32.04010153969965,113.09383532617363,462.4087681890299,3,7,5.587741284599121,0.0,0.0,poisson,,
standard,31.43160446804964,6.852990954160735,2.2330969131334646,20,15,35.55355487755806,72.7855405100128,290.6788842299335,5,15,3.334450775358587,0.0,0.0,poisson,,
standard,17.24295801519047,4.7615832053665255,3.598052980633903,18,9,58.99636045456757,66.71913353478547,443.50844362524595,4,5,6.919974195787061,0.0,0.0,poisson,,
standard,9.667496673501775,4.1427015282790665,3.977671237424957,8,14,20.714624967472872,118.74917095965338,263.7304699955437,3,3,2.575955022356431,0.0,0.0,poisson,,
standard,18.799317515371357,4.527352637685405,3.6343146810098053,9,14,21.63916134656534,113.6577360978954,482.2125141659197,5,6,2.0081278753452643,0.0,0.0,poisson,,
standard,20.321681871023294,2.201539044641634,2.602070453088105,15,15,49.95781459910981,144.9448835968254,451.87161115470394,10,8,6.658869318128512,0.0,0.0,poisson,,
standard,6.997878406909219,7.9897566171167185,1.4791405377556957,6,11,30.822239478387004,119.49969918169667,219.6882057013535,1,5,11.086706356727039,0.0,0.0,poisson,,
standard,5.952211169887563,3.314825701353465,2.552211306351963,9,13,51.15602942736061,82.09765003138929,402.2527526281845,2,3,5.764723254438479,0.0,0.0,poisson,,
standard,10.532162568005496,2.2821233262313707,1.564167445734315,10,15,36.72064181480301,92.7850916755066,373.7176884472749,5,7,6.525338219070567,0.0,0.0,poisson,,
standard,21.544145561745683,6.917312060985667,3.949055580810214,9,12,26.237579411550072,98.7975738167396,482.97242458399376,4,6,2.4292273940048843,0.0,0.0,poisson,,
standard,29.478554073690596,7.714438821029084,2.73178019542031,13,12,53.78002431147054,73.8459398548587,270.322002786851,4,11,9.985337045389002,0.0,0.0,poisson,,
standard,11.561044579660226,3.578289139973055,3.532528198755424,9,4,48.529182144683745,106.23066891656019,449.79977497357976,4,4,2.221834673102745,0.0,0.0,poisson,,
standard,9.895593349810973,5.436795915367287,2.527710129818278,20,10,25.122087961615577,82.51929438300509,226.14897746102972,2,4,16.59398316649979,0.0,0.0,poisson,,
standard,11.11514411624659,3.02337949373575,1.0545307336372622,9,13,23.659276110124846,106.45478823008706,246.77586482726866,4,11,5.674053505548473,0.0,0.0,poisson,,
standard,31.685057046381363,2.6123678543678577,2.794173574244329,13,14,54.468695270735616,101.03013388580317,223.7713385609029,13,12,2.787279804983623,0.0,0.0,poisson,,
standard,11.101947640273902,2.9179643086654656,1.616662764111335,9,10,32.515488692684556,56.11118590416707,431.5423184111554,4,7,12.642872150248795,0.0,0.0,poisson,,
standard,11.636527904037102,6.323643159160685,3.3042726511884997,12,7,48.8680009818626,126.18589778039438,434.5156674311231,2,4,7.5424209372332776,0.0,0.0,poisson,,
standard,7.50677055785232,3.511371342345721,2.2713954141600565,13,11,49.514350685253206,73.58902370355986,292.46547179297636,3,4,2.244867487283424,0.0,0.0,poisson,,
standard,6.911410043214872,3.9973718371148355,1.182544059368006,13,10,42.95999998814671,130.89880628059984,437.1290421401032,2,6,10.030768069618821,0.0,0.0,poisson,,
standard,8.69464325635763,5.560677527547695,3.927132479654948,20,6,22.392506888003275,57.658876819504144,299.2438534871276,2,3,2.705353304298291,0.0,0.0,poisson,,
standard,6.728123676937611,2.1673807354997434,2.811701784709652,7,11,31.416778343441262,76.19245555807474,243.98903038728776,4,3,2.495269968527401,0.0,0.0,poisson,,
standard,29.667935553712972,6.8638944691007255,3.7478163020750612,11,10,13.040608825443218,86.93995241748488,390.78277388572116,5,8,12.934085747256706,0.0,0.0,poisson,,
standard,13.340005013241118,5.594946084376204,3.067040198402242,19,10,35.33551130991174,119.9638975549052,460.94509628418854,3,5,2.6128704644627767,0.0,0.0,poisson,,
standard,20.80591924539675,5.1205348911311255,3.6569258616265516,13,14,27.075707099400805,106.12779082066622,206.5526439837792,5,6,3.8591973358204,0.0,0.0,poisson,,
standard,13.659199140339405,6.837584379020404,2.2769174599479047,13,13,29.85533031104591,148.03455433751657,430.621751230773,3,7,1.640622945044187,0.0,0.0,poisson,,
standard,17.740996462868544,2.0860664196048146,3.4499552525779524,10,6,15.80545387910108,81.56646527786597,357.26981212866144,9,6,3.1676942240156087,0.0,0.0,poisson,,
standard,7.630311993579375,6.200655884687458,3.8665660320747284,17,4,13.479076399862658,69.87854372487983,401.68290380970086,2,3,1.4499484686102555,0.0,0.0,poisson,,
standard,10.262188346463475,6.9846813594785555,3.772530438684669,3,11,57.41664470933869,78.46461973109943,465.30887090940166,2,3,4.543889717523159,0.0,0.0,poisson,,
standard,18.56717174006662,7.55555227109287,3.17460437416162,20,13,47.43930521824526,123.31646377657921,209.3042341164213,3,6,7.850317685558335,0.0,0.0,poisson,,
standard,13.497799490383297,6.522469781820205,1.693028252063539,7,9,43.37590396420841,125.15953123972756,489.8591081979581,3,8,37.31938306865564,0.0,0.0,poisson,,
standard,16.257932184823883,2.4233239340748343,2.1747828189561194,12,9,33.77707277002821,81.54141920927506,296.2793360417988,7,8,5.412368361684451,0.0,0.0,poisson,,
standard,14.819802626397863,3.5643418064824637,3.37266718976954,5,13,19.022576945617605,79.90560923480764,291.35359423447835,5,5,2.490511305556912,0.0,0.0,poisson,,
standard,5.1166753431051495,5.971103339537686,1.4757936614862328,15,9,18.554735285724995,83.60532293007063,386.2414924662579,1,4,8.187743498105185,0.0,0.0,poisson,,
standard,25.858954126343807,3.2640968285184893,2.026279317279074,14,14,33.83116179957714,99.14063578942961,310.9650160348753,8,13,17.137882452759726,0.0,0.0,poisson,,
standard,14.583732187296059,3.846900348120232,1.9004913231259322,10,11,36.636588965062344,82.82626391450951,273.2928914964043,4,8,7.701003896380221,0.0,0.0,poisson,,
standard,5.915788048014593,2.111341001269624,2.745453687131399,12,14,22.39904325384917,149.52923558131425,394.50191350425143,3,3,5.883833962092613,0.0,0.0,poisson,,
standard,16.46619819171103,4.400426599405918,2.760029555883796,12,7,42.95136949499306,96.81554200647852,328.5422740591745,4,6,32.83316110194053,0.0,0.0,poisson,,
standard,13.681537571410493,3.75209797377087,3.0185434200804493,11,14,42.286006797735794,52.21266272310685,406.24984760255893,4,5,4.554292149691808,0.0,0.0,poisson,,
standard,15.354530050314885,7.290490425766861,2.4327550262430604,17,14,44.45266814749186,117.43265644317871,296.8670425162427,3,7,2.154360213640781,0.0,0.0,poisson,,
standard,14.773200179934795,4.268209775235238,3.2077852722518934,8,11,44.53579290101807,76.58115236036379,267.35715101934994,4,5,3.933734897022992,0.0,0.0,poisson,,
standard,6.942883261873138,2.673773192775786,3.623439722968607,7,5,36.8495774852709,101.4647087402167,311.8960523764719,3,2,13.701480154693746,0.0,0.0,poisson,,
standard,12.084201859764075,7.916377483463416,2.8471604723724933,6,10,30.280627481625874,110.54948304507928,438.1449405323265,2,5,2.735866345146902,0.0,0.0,poisson,,
standard,10.200543110549422,2.9963178749052815,2.109772299361346,18,14,36.41160875204196,59.10283005193888,386.4821051278002,4,5,7.532153981045922,0.0,0.0,poisson,,
standard,27.4628433618843,6.273467759579127,2.882426548582175,18,13,45.48132723119111,82.65669178321065,206.01208630047876,5,10,3.4124128332695145,0.0,0.0,poisson,,
standard,9.923452010005956,6.862570099037384,1.991785629660614,15,12,36.47360305010801,70.19479830928343,294.46850240277615,2,6,2.3140622696498916,0.0,0.0,poisson,,
standard,27.763284867305764,4.195709052087715,3.5079388666041553,20,8,33.35461551853038,84.60023382786105,425.93801195964176,7,8,14.002531297864296,0.0,0.0,poisson,,
standard,20.6415807913194,6.59457202151537,2.7301688132262054,11,8,13.780699667101434,141.87016361949352,410.13050032008766,4,8,3.0553984571383888,0.0,0.0,poisson,,
standard,24.81220042037925,4.954147781567697,3.3188366564779184,15,14,18.891476747586474,73.24193526800009,249.11386335828047,6,8,2.623190278896187,0.0,0.0,poisson,,
standard,7.215651028120825,5.325851221846328,3.2180246266432833,19,14,48.821464827847365,104.61936438956158,403.7636791582232,2,3,2.0905920246115635,0.0,0.0,poisson,,
standard,20.246996807700555,5.129433213634103,2.4036775827669143,19,12,57.640204704634456,50.33816876749658,436.6645666298614,4,9,20.376911913502035,0.0,0.0,poisson,,
standard,5.221289028311453,2.7229075096770825,1.88685218827362,9,14,41.37014954123853,119.09674950025124,323.98141776727084,2,3,15.960910228757193,0.0,0.0,poisson,,
standard,10.45159779757684,3.044288376729055,3.8458382455103997,17,9,26.23226485532856,137.2314071275946,348.2499704273683,4,3,4.763317254693193,0.0,0.0,poisson,,
standard,30.935853547760708,5.775321336887412,3.821271234778722,10,14,55.18461155576366,119.39491415608381,381.125517465282,6,9,2.313538278275676,0.0,0.0,poisson,,
standard,28.11266300579201,6.891092429198517,3.314825887490954,6,14,22.1331106781113,145.94805548653213,306.3128828293124,5,9,2.643942591711214,0.0,0.0,poisson,,
standard,7.633027498220729,3.27595977683068,2.7365383073546288,5,15,42.870224451020185,144.1503172886148,475.5862932077952,3,3,5.710815312550669,0.0,0.0,poisson,,
standard,39.77334423068068,3.56640847205591,3.08091195799676,15,14,14.551600991288074,69.22991364234431,464.20313812386564,12,13,12.214352218734279,0.0,0.0,poisson,,
standard,41.69146621988625,3.59632331111676,3.009177625103222,17,14,48.31997178533656,50.101595890005015,307.9662544876593,12,14,9.31858880641386,0.0,0.0,poisson,,
standard,15.174536532556484,6.141137786195703,3.2620263130710265,5,13,48.496209632623,133.54098116177357,357.51529541165,3,5,4.155346554982704,0.0,0.0,poisson,,
standard,26.69601492287743,7.295823792888548,3.2951937697012528,5,14,15.708638853557785,112.41286399404825,316.60098654550586,4,9,3.601883044870528,0.0,0.0,poisson,,
standard,7.581426044427744,6.764076967199398,2.4553970578808584,10,7,14.30770871977127,108.24304029550683,223.70461578646348,2,4,1.6123349664583286,0.0,0.0,poisson,,
standard,8.198407141098308,7.381128083024915,1.478833635271391,16,15,58.48163060768585,76.12640541367684,461.0130395125373,2,6,3.0095147932697515,0.0,0.0,poisson,,
standard,10.694481153489733,5.544791170734028,3.0519343132997134,16,13,17.998746235201985,116.42624874942133,292.8207575338163,2,4,15.288650857061308,0.0,0.0,poisson,,
standard,13.218172739988445,5.242816598724416,2.522896540905766,12,10,54.97682296562215,142.7693372690846,389.4681747414429,3,6,2.9682044245435377,0.0,0.0,poisson,,
standard,21.083633057107836,7.394674004368529,1.8845675041369188,15,13,53.173069053891176,50.71512374735555,339.0571706457293,3,12,7.684860096327192,0.0,0.0,poisson,,
standard,6.58090186359266,6.617132397037694,1.634998908211294,16,9,31.258160260785196,92.87019795854944,458.7717296934074,2,5,1.6695092890771615,0.0,0.0,poisson,,
standard,7.6868858365203225,5.1880453205419625,2.4377061972718166,12,4,33.248468349559325,114.45696764135724,273.2156158050779,2,4,2.4992318207429562,0.0,0.0,poisson,,
standard,6.49677903001529,3.7680244374154723,2.707308113042655,11,15,19.023876042981712,78.38125619369228,445.4943204321851,2,3,4.606815704563289,0.0,0.0,poisson,,
standard,11.15891420943353,5.826703358607703,2.465505111642066,7,12,36.30365521405504,99.75135267915331,368.0944842770182,2,5,13.249138319751514,0.0,0.0,poisson,,
standard,10.998730785535146,5.590275434981253,2.462176261247226,9,5,29.854768079787473,107.7818255631238,339.0472967347,3,5,2.4040812278347374,0.0,0.0,poisson,,
standard,26.971756610550003,7.980414804539201,2.142126948998331,10,15,21.927360244218576,132.81166550929814,441.5300019239626,4,13,3.821052258201117,0.0,0.0,poisson,,
standard,43.47158907934701,2.9134276320461963,3.5657051039648118,19,13,20.36512534581138,95.45616875697326,428.5243304519121,15,13,13.935205693402123,0.0,0.0,poisson,,
standard,7.240370915031081,5.840677279426041,3.8586371855917516,12,3,52.37635025592243,148.04370358829368,316.42882165089804,2,2,8.40321872741481,0.0,0.0,poisson,,
standard,19.582102380230424,3.1700584809069174,3.550368925972621,17,15,28.51885441476942,107.40368226129982,393.5046371586799,7,6,3.043178838184753,0.0,0.0,poisson,,
standard,14.855204891445789,5.782272885619598,2.4616541474783964,7,12,14.621677584867717,147.8711486880011,482.6127304886637,3,7,2.947419169089702,0.0,0.0,poisson,,
standard,6.863495510028898,6.916764155671704,2.8581755957461867,15,11,47.337050304161295,67.49714509477263,341.0040464930406,2,3,1.9033207225015338,0.0,0.0,poisson,,
standard,23.38140528717254,6.2013723848589315,2.2759969722659537,14,11,38.60204806957604,80.76461477111192,377.87411425727146,4,11,5.462918962832937,0.0,0.0,poisson,,
standard,21.304871911417212,3.5277326323350917,3.7527379127370333,10,11,14.082616041824522,51.859184392331926,297.60172229306977,7,6,3.8533274994939033,0.0,0.0,poisson,,
standard,13.065798198727492,7.611284747935152,1.9197863975223735,14,11,35.217899504557394,69.30224563550087,351.202326269316,2,7,8.178556203320575,0.0,0.0,poisson,,
standard,38.71528986767087,5.459671950705078,3.3372204545505104,15,14,50.451469312366086,85.85146791301193,405.6627480806735,8,12,3.396823525613508,0.0,0.0,poisson,,
standard,7.840030067338464,2.6426532714122932,3.9151456083397833,16,13,53.709904381475326,53.30222790470038,499.8758173325807,3,3,30.50717376580685,0.0,0.0,poisson,,
standard,22.852018402261933,2.552828394150009,2.6407416876407077,10,14,18.45227577926275,100.72673869405396,406.23693933388705,10,9,3.9103989614228767,0.0,0.0,poisson,,
standard,11.706736027914253,7.259781113865002,3.7513391655313226,11,15,58.59176200360515,146.9263483082246,484.127764376732,2,4,2.9003154448714623,0.0,0.0,poisson,,
standard,27.37532672505394,5.314296749233936,2.891684594464298,14,10,18.918212938223146,58.79955211678145,214.56362449928207,6,10,2.8200105505966127,0.0,0.0,poisson,,
standard,9.222419100472807,3.789981362933589,3.543439418701428,15,10,42.25683831595698,79.01318320693748,328.2116639034416,3,3,3.634211199824698,0.0,0.0,poisson,,
standard,26.876813811800872,6.219435252828058,2.9306449712304303,8,14,47.53820267465035,62.34800487274753,318.7987069273356,5,10,2.3797331173506606,0.0,0.0,poisson,,
standard,31.116267116548084,5.790063418993758,3.5653174307507363,11,11,16.670731495003846,83.3814277590451,255.6069464063453,6,9,4.914381423541547,0.0,0.0,poisson,,
standard,10.10887586601692,2.6244077201603346,3.631301849164184,11,11,53.55580745466694,84.81297846135774,352.89034088374456,4,3,10.871376810163035,0.0,0.0,poisson,,
standard,6.263837527451132,4.2545245997423216,1.7260780808182248,19,6,31.473859974757232,116.85180275069189,404.5161076030147,2,4,4.1598905865465845,0.0,0.0,poisson,,
standard,15.505104482967324,6.489156220332141,3.2117141198372616,15,5,45.690341715827664,88.90667275559062,218.03950325663308,3,5,6.825882203993224,0.0,0.0,poisson,,
standard,17.78153359515514,4.402567132355223,2.9912561995416658,5,14,30.11569722407546,116.24397814425129,421.43110259428886,5,6,18.713100787763533,0.0,0.0,poisson,,
standard,12.899669748935406,7.716583805461675,3.1072815208048725,6,12,11.96447063641212,50.87911492109858,270.0432329418189,2,5,3.4931248338301017,0.0,0.0,poisson,,
standard,26.1013294239465,5.364533016648834,3.519913951905657,8,15,17.74441830118623,119.43140042714131,390.2798030141116,5,8,8.740803893964127,0.0,0.0,poisson,,
standard,9.801947793432864,5.770309701129113,3.1099910874663865,3,15,59.64720293197156,52.36777590624243,289.35623452687946,2,4,3.761769134671735,0.0,0.0,poisson,,
standard,7.960423893224444,7.295003013898432,3.5896721265508615,4,15,34.31969058570708,106.97746662184036,215.2603612085315,2,3,1.543905521390768,0.0,0.0,poisson,,
standard,16.598800991165472,3.1084895917301685,3.1046501377780786,8,10,43.7101245985977,124.3669859019864,369.0879922689562,6,6,2.8281354428030365,0.0,0.0,poisson,,
standard,11.671606696899453,7.182960150682248,2.0817555445627045,3,9,23.19809769602649,128.3437923275366,228.6981289883596,2,6,4.660027504712096,0.0,0.0,poisson,,
standard,6.756187760528748,7.371875106006332,3.7109657854423515,12,9,50.259517297822164,53.56409059514077,422.8128331862272,1,2,16.21443305852592,0.0,0.0,poisson,,
standard,19.980298678111296,7.291724845258388,1.900840470944944,11,12,20.110433333005474,79.1879011136601,416.9056115183424,3,11,5.610475584457092,0.0,0.0,poisson,,
standard,9.097805629771266,2.5368438881935864,1.4025173955138117,16,13,30.51456269135373,81.27278541052799,420.22309701685356,4,7,4.53436547298076,0.0,0.0,poisson,,
standard,18.226621509520186,6.471947692444501,2.56129245106808,13,8,31.44640465652407,124.67761453259996,361.81374889877975,3,8,6.131289756472525,0.0,0.0,poisson,,
standard,30.555735056794397,4.000325730443793,3.4529959258463543,12,11,51.20575635625563,66.32630780010943,355.5765187723308,8,9,9.159272765542081,0.0,0.0,poisson,,
standard,5.301803510973791,5.276578980790261,1.6529323315868991,4,13,31.24779883239877,69.8670480439134,404.73556295077765,2,4,1.8889898064667934,0.0,0.0,poisson,,
standard,14.919354337828956,6.0465274189696645,2.373182203448001,6,8,37.96202373784271,102.0610730729848,345.20884262003733,3,7,2.8737158290269167,0.0,0.0,poisson,,
standard,28.471956081956932,4.80060650501207,2.1361889231698123,8,14,21.94360157131745,57.02139344158223,200.51888954442015,6,14,15.88464299114143,0.0,0.0,poisson,,
standard,23.5146921328746,5.409534721254032,3.1521167342320084,9,14,13.447144804662056,141.121968668262,286.95416532194406,5,8,3.0348376643888613,0.0,0.0,poisson,,
standard,17.531877489957978,6.914134227335879,3.7195783116831627,3,6,56.10558897495731,92.5403341639605,305.80400958663444,3,5,4.97136457213358,0.0,0.0,poisson,,
standard,19.82526520558174,2.8467875450393247,3.93776340695453,17,9,35.6603989199203,104.94368330104615,388.255808862726,7,6,28.63929467279317,0.0,0.0,poisson,,
standard,18.061633894488523,4.757823150081569,2.8214113246898647,11,14,14.83387296068436,138.89335681306002,282.27448060504116,4,7,6.195150957379203,0.0,0.0,poisson,,
standard,24.798550460255836,4.765607131409999,2.304101384328413,13,12,36.9576193614147,138.91607712714978,499.7951388228685,6,11,5.349433300621753,0.0,0.0,poisson,,
standard,15.783693207282129,5.641458365109291,1.1891193750708948,10,14,14.258865583505617,105.72278905062221,252.1180390381101,3,14,6.430201085170425,0.0,0.0,poisson,,
standard,7.552712807708556,7.088636605119924,2.2318995527654035,19,12,51.32160891761999,140.8440704376952,491.38076554499776,2,4,2.091965638138402,0.0,0.0,poisson,,
standard,27.403781801172496,6.88679570509821,2.185850113632636,19,15,21.328268857023954,131.96454435915516,357.8836733770786,5,13,2.9860747724389887,0.0,0.0,poisson,,
standard,13.149729636293058,6.839289855255015,3.171055696348912,15,5,30.99783567854428,89.62123918359158,267.91148039073073,2,5,13.366279570909317,0.0,0.0,poisson,,
standard,14.07186396226262,2.7942828615273894,2.5539877733276293,10,7,14.95161278657299,76.64193949442745,303.5127952138186,6,6,2.9735206549094775,0.0,0.0,poisson,,
standard,7.516476091355235,3.5860742444656903,2.9504120448431594,10,6,14.644435947605508,137.1755230134911,427.6113236465414,3,3,2.7717355562622736,0.0,0.0,poisson,,
standard,11.97494175612867,6.303813534563403,2.1629459636333808,19,8,19.505139407837902,113.54520835606291,298.2006112829328,2,6,11.55806751154095,0.0,0.0,poisson,,
standard,10.10426145538112,5.580170681573839,2.348294051769273,14,6,47.49748279907886,141.59843960481643,441.31981334593644,2,5,6.121871722749269,0.0,0.0,poisson,,
standard,14.277885940594246,7.151280709019083,3.6319600612090372,12,6,48.49337266642204,127.81550022551225,335.61424614200575,3,4,14.836279800907667,0.0,0.0,poisson,,
standard,6.9011246938911714,4.356176412096682,2.548270350015878,12,15,52.332634742600014,111.7428883636632,460.0585983232536,2,3,5.122256765952996,0.0,0.0,poisson,,
standard,9.665347645188932,3.9610902890245105,3.181457722844882,6,14,28.525638448534394,87.44122803080484,322.5511747414415,3,4,2.307955543839271,0.0,0.0,poisson,,
standard,26.557472937438227,7.844408985786608,3.0366456629241476,16,11,52.678218124300656,98.34335397935767,203.28203779739164,4,9,5.124213224635151,0.0,0.0,poisson,,
standard,13.552758159579318,4.313746757239559,2.0216518347410344,4,9,32.50730527225929,145.08700204460303,330.31960130905,4,7,4.349076535108968,0.0,0.0,poisson,,
standard,6.863485462501283,7.659197716194047,3.8051810694039414,20,4,44.46447938153287,125.73498081966466,435.74000159496256,1,2,13.376640923484855,0.0,0.0,poisson,,
standard,31.561778536597956,4.005233606305865,2.9135407839492817,10,11,40.69329673540513,124.01921851555814,341.91969316191665,8,11,14.170349737168666,0.0,0.0,poisson,,
standard,26.951643306935598,3.8572867482944764,3.9913539765699397,11,11,23.83813408919915,135.29532711233892,387.6624972208683,8,7,4.7531347701531494,0.0,0.0,poisson,,
standard,15.779539894027183,3.662959839115753,3.764250898947161,8,8,12.329104812195126,86.53268243778638,292.35769880926864,5,5,2.299634786265432,0.0,0.0,poisson,,
standard,33.12310675896969,5.208736794238554,3.7114921871184134,11,10,56.44787196205283,105.02125516050404,396.7704736880153,7,9,14.477638176527552,0.0,0.0,poisson,,
standard,15.983205452086473,3.740007386194977,2.5354441770326224,8,14,52.37936566103275,104.88803999559255,308.1962021810335,5,7,2.612666613075595,0.0,0.0,poisson,,
standard,5.108192163024915,7.064197354741902,3.6746474404845446,20,11,30.676093568223823,104.09749928449924,244.33073826377793,1,2,3.959872547095074,0.0,0.0,poisson,,
standard,14.782595251298916,3.2228307945218324,2.4583790175224727,12,8,52.49758771966036,121.57665896308181,467.8292518641801,5,7,3.2840780339482167,0.0,0.0,poisson,,
standard,13.768581129442914,6.8327228997052485,2.6433587580088815,15,11,37.453419906676174,114.0953877928094,356.2174577331792,3,6,1.8235845543437685,0.0,0.0,poisson,,
standard,30.58166938927472,7.3403921215944425,3.6968946583834366,7,10,16.489120393538794,72.0761206691044,437.50162667817335,5,9,2.1673041128629635,0.0,0.0,poisson,,
standard,12.011419474456263,5.741581662935656,1.0168047009217642,10,13,43.579480724826915,89.25216335839694,268.6020346497354,3,12,6.709767996716931,0.0,0.0,poisson,,
standard,17.58210853897659,3.6522942024178864,3.66490732636671,7,10,54.54148019724736,109.7949933511295,464.1602351503815,5,5,9.875487631541308,0.0,0.0,poisson,,
standard,5.817161974027542,2.941421543998387,1.8862813038814887,6,7,24.47703430071367,139.8250019497632,290.9106956022411,3,4,1.8898120467682735,0.0,0.0,poisson,,
standard,9.985514584888739,6.419530769201794,3.378032333162936,15,8,39.21968377627509,102.76207015726321,343.6932805957649,2,3,24.09096683521011,0.0,0.0,poisson,,
standard,5.6345903239969815,4.167369217113977,1.2587966157330204,10,9,19.717630679681328,60.91190444036202,376.5251225910652,2,5,3.3114290901000003,0.0,0.0,poisson,,
standard,27.296654829403842,4.0233689006123,3.199975901874991,17,10,20.06586129038984,135.15927541304967,348.75890001079557,7,9,6.542235212344478,0.0,0.0,poisson,,
standard,21.292222072085384,5.2241539673064405,1.5634812146880184,5,15,30.77453772784881,120.25640609068009,262.58142559450033,5,14,3.780711818817237,0.0,0.0,poisson,,
standard,20.903085002518544,6.11424945582458,3.020215903351649,6,10,48.64748839760349,118.44798089051436,267.3888419115181,4,7,13.93559258328061,0.0,0.0,poisson,,
standard,18.70788510082519,2.7468909742286094,1.8366038366987465,8,13,36.20509117794724,142.5203424817991,426.3519481415325,7,11,6.669225257512979,0.0,0.0,poisson,,
standard,6.001678534991227,2.7213176149967095,3.4256461157989686,4,3,26.995179499681925,92.51758995480446,320.8256841517583,3,2,4.643717405115318,0.0,0.0,poisson,,
standard,14.86679468353139,3.3261210742618474,3.530761535805305,11,7,46.91018301859773,96.93139925450645,386.83794051803966,5,5,2.8047809841376328,0.0,0.0,poisson,,
standard,18.383680678739502,7.532273905233959,1.8635113320288375,17,13,20.41402604957208,105.55733798106824,237.29447604980277,3,10,8.916249778340779,0.0,0.0,poisson,,
standard,10.221019830866195,2.245000306087362,3.039699428495235,5,15,16.986571153785846,115.58985338568822,336.21133424801155,5,4,3.5858487965362693,0.0,0.0,poisson,,
standard,16.75524166032421,4.205991953401373,3.483751300339824,15,15,41.555391815353275,55.43971639225633,427.21900470875937,5,5,5.822261816664729,0.0,0.0,poisson,,
standard,10.572736391999536,3.6086218285950236,2.51879228100562,20,14,46.42797391466466,147.11832195390787,284.52704656061405,3,5,15.093559332649951,0.0,0.0,poisson,,
standard,30.785600499136073,7.889082401609466,3.2571164935914014,19,10,10.530264761497785,138.36690157999627,466.275069910878,5,10,2.3818048011893533,0.0,0.0,poisson,,
standard,6.313614949760153,5.60530763395591,3.5874839805691354,20,2,56.80254972263865,50.96188871806378,431.08674091026086,2,2,4.352555621015496,0.0,0.0,poisson,,
standard,16.14443804547406,7.096802191572278,2.5975267219423612,10,11,11.005872343652497,115.32238477821907,332.2062053903486,3,7,2.2049063800216375,0.0,0.0,poisson,,
standard,29.769756107840955,4.679169499267759,3.0234727262111365,7,10,45.696482900553896,62.43180544197823,287.4442665174,7,10,7.851136894095303,0.0,0.0,poisson,,
standard,13.276988648010345,2.2651033908543763,2.757266360661658,15,12,16.200993784740618,121.24354607928521,371.5910346177824,6,5,12.491532261394207,0.0,0.0,poisson,,
standard,6.81687599430566,3.602509498370462,2.002541457559283,18,8,36.736106466938914,131.15579638390432,490.33373547315637,2,4,10.475361015334745,0.0,0.0,poisson,,
standard,5.865811347024017,3.1082120434876557,3.3091656503475084,8,4,59.19433599515311,115.40346565160704,286.7020522371354,2,2,12.408775162214596,0.0,0.0,poisson,,
standard,17.860211787308128,3.6373237128135534,3.4684309556895228,11,11,13.451976212727981,88.44077145621756,273.7271872871968,5,6,11.964700194495492,0.0,0.0,poisson,,
standard,12.944792782721949,4.117470291390678,3.1606185866524856,13,8,29.914212718890354,92.26754057361018,389.8197512575749,4,5,1.880844321126004,0.0,0.0,poisson,,
standard,20.3465428775015,5.9234326995988456,2.3707261888492743,17,14,53.242976655779906,83.06278517688716,295.8853287645626,4,9,3.866109966979491,0.0,0.0,poisson,,
standard,7.027369923803055,7.8018448666840055,2.0218799375949823,19,10,49.70821460542342,102.01725785990959,283.35329790736284,1,4,11.080934836509389,0.0,0.0,poisson,,
standard,7.472494785496662,5.7130179703512916,1.1736780687671282,7,12,42.013628841034084,55.73600909960217,303.50125880339317,2,7,2.95040435554834,0.0,0.0,poisson,,
standard,12.293566239400448,2.368515904682231,3.0522601627544605,9,12,34.248077373681184,119.81670404820576,430.6711974315007,6,5,2.1435368233259275,0.0,0.0,poisson,,
standard,24.139050779342355,3.7006205155463086,2.6013584920148007,17,10,18.072474343672923,86.62787942856362,366.12770788093536,7,10,3.3874003666395858,0.0,0.0,poisson,,
standard,8.234160250585994,7.585059610538226,1.8823578550780593,16,10,55.524369716745916,90.68652723344667,355.6916528552641,2,5,2.2113009508897576,0.0,0.0,poisson,,
standard,28.662706207286718,6.949576150266823,3.057223026389799,6,12,19.046879438139943,124.2179311405726,280.44092233211177,5,10,2.4162692872718154,0.0,0.0,poisson,,
standard,7.031446034340523,6.5733123554780395,1.4412007103720612,9,9,50.74263284017856,140.3845966217835,439.342836537913,2,5,9.00727539590762,0.0,0.0,poisson,,
standard,8.81153103748197,6.913376524442418,1.563230972277073,10,10,13.852770106123598,116.75066984606288,392.54064440731145,2,6,3.77614758278938,0.0,0.0,poisson,,
standard,13.509632246239532,3.4373838199033737,3.0090368206283786,19,12,51.91103539690659,70.39618362359694,347.46175292359715,4,5,15.885987086468734,0.0,0.0,poisson,,
standard,40.94468220547201,4.5865871598070616,3.597800422837617,20,14,24.13448584082289,69.2251067516736,472.99950889783986,9,12,15.118414053330984,0.0,0.0,poisson,,
standard,36.42434403563982,4.5062785257218945,2.990037801875026,10,13,47.584257359872204,125.47094942022724,334.4600496650877,9,13,2.218550993464628,0.0,0.0,poisson,,
standard,24.070402782656828,7.561480392081041,3.1880479857378665,14,13,36.20033182617766,134.11972541032924,306.1320712087467,4,8,3.002695820198643,0.0,0.0,poisson,,
standard,10.77429613409838,7.489457574512722,3.378078629642052,6,13,44.428618789435454,66.79514163423048,363.19157583642266,2,4,2.231634726161648,0.0,0.0,poisson,,
standard,24.197288624693375,3.790904406694161,1.8597431976074388,13,14,56.07775439642078,57.48323098386694,404.52794020490865,7,14,2.7430770452835413,0.0,0.0,poisson,,
standard,5.393782519501853,2.9178142230197714,1.88306698509153,5,15,34.1789491043391,133.32373204232493,403.63887852370624,2,3,13.488887928932932,0.0,0.0,poisson,,
standard,8.612232506196193,2.8637587615685716,2.288045447589618,12,11,49.331021165861536,130.3324161144598,435.0843616435332,4,4,4.999320689118988,0.0,0.0,poisson,,
standard,30.20408051089936,5.74254639453215,3.1530049759911596,20,11,22.669230531329568,114.67780038935025,382.3481655457607,6,10,3.44242205372429,0.0,0.0,poisson,,
standard,27.311827211634697,6.8358571711206055,3.0357843198497414,7,14,29.902416733000877,66.39791032443057,464.647041161998,5,10,1.6909732430898765,0.0,0.0,poisson,,
standard,28.099941163547832,4.6157849638087285,2.4836856295643837,20,12,31.91636652383126,114.30544102711538,301.45898289643276,7,12,2.4668932358584534,0.0,0.0,poisson,,
standard,5.2678873906883315,7.955366650499025,2.9315244371771993,19,4,50.16886953076579,90.4611524751036,237.52064364741776,1,2,6.615942327834341,0.0,0.0,poisson,,
standard,9.075089306493808,5.1120919595685965,2.247003623216374,10,15,27.699809551420397,148.12643644160693,316.42377873866377,2,5,4.946432903784931,0.0,0.0,poisson,,
standard,13.835446924902328,3.383665187050246,2.090559915744437,15,13,41.59932562897502,107.84734533567638,411.6123163308996,5,7,3.6239998645877476,0.0,0.0,poisson,,
standard,14.718266965034939,2.552405090328916,1.9259240076897313,7,13,26.831908466683032,115.49685670541547,313.7854818415041,6,8,7.144575508001102,0.0,0.0,poisson,,
standard,14.869502220471775,4.105217361021297,2.5192094840160433,6,8,30.029208308070068,135.9527413763848,233.7586419538568,4,6,12.547828949205432,0.0,0.0,poisson,,
standard,29.574731523723912,4.07325067940864,2.5383329137573902,8,12,14.815930347542135,117.20421235612503,410.6879976922578,8,12,4.157946191820327,0.0,0.0,poisson,,
standard,5.293958804837641,6.877225593573566,3.49724795751269,13,9,38.62378497206349,148.51672243148556,474.45612211830803,1,2,5.116191205482496,0.0,0.0,poisson,,
standard,22.652916840677854,7.720483702677921,3.9919225728243886,11,15,43.484644818704105,118.89636027362936,414.4068209228573,3,6,17.563613843626285,0.0,0.0,poisson,,
standard,28.959938280167613,2.0897688881952172,3.1566427933879373,18,11,33.08565788542836,104.86788024661095,477.4611026582147,14,10,8.400112262752423,0.0,0.0,poisson,,
standard,5.402959481410109,5.620431006243053,1.362665412278336,6,7,39.90695438440064,120.39195539401626,229.57744385261867,2,4,29.22566522546207,0.0,0.0,poisson,,
standard,27.43014250456716,5.028441342563813,3.1974294743884153,9,9,50.196817916411476,73.3660452975204,327.37025065547175,6,9,3.916142885886483,0.0,0.0,poisson,,
standard,5.140734546955554,2.2361193280966605,3.8985646482120204,19,2,38.09270065862326,73.9337705877832,452.87435598189285,3,2,2.3188910168837262,0.0,0.0,poisson,,
standard,33.300622705790595,7.65552423813369,3.9489881259721953,14,10,53.170304052247786,113.43694647405964,250.49163488636333,5,9,2.8551015759703495,0.0,0.0,poisson,,
standard,9.947119266103073,2.806851525725535,1.3945701346888377,10,14,54.559706595730965,60.27324389612405,473.55892526202484,4,8,3.5214235590009832,0.0,0.0,poisson,,
standard,8.257075681572893,2.262508351124657,3.561679322029147,15,11,14.763012146648489,61.17388176207815,345.4792700971085,4,3,3.92752292011366,0.0,0.0,poisson,,
standard,12.535251858570941,3.518309407958387,2.2675108207567938,15,15,32.97606420110152,122.04706417115815,496.74338806339824,4,6,4.164551846528427,0.0,0.0,poisson,,
standard,6.635337144394207,4.196383930754567,3.241978902358079,14,6,41.819152278250655,118.38832937360529,300.34994026216054,2,3,2.7032040759724327,0.0,0.0,poisson,,
standard,24.135495346394055,3.0597415282747358,3.496315639999861,10,12,29.222574968770083,139.45907386347955,465.9146604546828,8,7,19.04220116251434,0.0,0.0,poisson,,
standard,30.264224940087814,6.26014897358645,2.7202346422303374,13,13,16.822389422105836,80.94130306355973,248.45189335128907,5,12,6.907290401090613,0.0,0.0,poisson,,
standard,35.845266586567774,5.943519484550179,3.9502036660024618,9,11,58.31237887557974,93.8628848900207,271.0393138581919,7,10,1.8121033382031346,0.0,0.0,poisson,,
standard,13.09498483098589,7.190880583570838,1.4318137135164308,4,15,28.063135132003488,135.63604916541698,273.45158125527274,2,10,6.5216518247143265,0.0,0.0,poisson,,
standard,13.569211281400857,2.3598965763426145,2.387273956948989,9,12,40.91123690416586,52.77725538450271,211.80514042915843,6,6,7.107927237927575,0.0,0.0,poisson,,
standard,33.48550619448848,6.805645386804528,2.9674632170605606,6,14,38.46755794631616,76.43837385343305,363.4327000869323,5,12,13.608193253331489,0.0,0.0,poisson,,
standard,32.774394628195466,2.703401798990992,3.472966433706855,20,10,23.680143453402827,133.983771165329,271.8850305781282,13,10,2.9290252447781056,0.0,0.0,poisson,,
standard,7.582381396052779,7.266644035086532,3.705925289635021,8,5,34.43777737388189,55.00614782878364,400.7227350314728,2,3,1.2701836132200945,0.0,0.0,poisson,,
standard,9.287917807150688,3.0884998793836718,2.515372860249493,17,9,19.51844752912598,125.9462165675672,423.57882131185346,4,4,3.9528341222203585,0.0,0.0,poisson,,
standard,6.260662191776074,3.3447806015349126,2.014068465167573,6,7,32.44815362331407,63.82321370098143,469.6571544960953,2,4,8.47578012272889,0.0,0.0,poisson,,
standard,10.23023233325453,5.129439997988598,2.7826539772589016,16,11,18.859018115407135,55.99763567127791,406.69369986800575,3,4,3.54884281241897,0.0,0.0,poisson,,
standard,12.153753940351223,3.958176346050457,2.987370333813358,19,6,27.265912861955297,60.36451737554238,322.557155222989,4,5,1.7911593198043128,0.0,0.0,poisson,,
standard,5.127726199477699,6.478067926066971,3.479207542170302,15,4,24.871160785396558,123.21222350121074,220.56523319886924,1,2,5.427501671231317,0.0,0.0,poisson,,
standard,22.579229535763556,5.433583947336304,2.2111031632164444,11,13,59.236205409508464,130.5039532466712,476.2335959320168,5,11,2.3090792217915364,0.0,0.0,poisson,,
standard,5.018116877310538,7.682079023034949,2.845744628469335,3,15,23.174173042848096,80.10413217846622,289.10036528862764,1,2,5.857106469514977,0.0,0.0,poisson,,
standard,7.785986493332577,5.066545632784653,2.4439189962806123,8,11,14.28845224325825,115.99050702849067,202.14117540011748,2,4,2.7727306095518847,0.0,0.0,poisson,,
standard,5.639238337458059,7.553572313193346,3.9703711416330347,10,4,35.37794818950965,95.07819690475628,263.4826975782059,1,2,4.347539530908192,0.0,0.0,poisson,,
standard,31.125226243372932,3.181163122387704,3.9467686075837243,15,9,55.33579702300688,78.78349332446457,499.56308861532443,10,8,13.234132994806316,0.0,0.0,poisson,,
standard,6.031694452272626,7.346893474102775,2.117969285839173,18,6,24.31716203647266,54.57539362440571,417.60683018820316,1,3,11.147793927945319,0.0,0.0,poisson,,
standard,8.59424302342796,7.023671867953138,2.845613886755485,10,5,59.15448216565353,141.1926002447672,201.0538366779767,2,4,1.6206140118973351,0.0,0.0,poisson,,
standard,15.165339980109167,3.059216235961303,3.7338592009882974,19,8,20.35660277019778,81.94851401918447,335.6008857425288,6,5,1.7595141371963705,0.0,0.0,poisson,,
standard,20.039514904115805,5.599819222842283,3.220557827542026,15,11,53.123754516273124,74.14842746532133,233.67667583458046,4,7,3.2223230358061983,0.0,0.0,poisson,,
standard,9.247274374155715,6.819997924145086,2.5345070451597103,14,13,30.63084733008939,134.46821313358242,218.71243024569657,2,4,3.7034352126174213,0.0,0.0,poisson,,
standard,7.12942346545491,2.7163212998510122,1.0075251240078953,13,14,58.20891517734865,120.56141538905578,462.74032508255857,3,8,4.134979010712783,0.0,0.0,poisson,,
standard,30.62704764794762,5.079598498125218,3.7917973526139424,7,14,28.97106526183277,111.7544092350243,496.21206314397483,7,9,1.8373613358729348,0.0,0.0,poisson,,
standard,17.79260490211145,5.810022726738166,3.112467765180531,9,11,19.617530362664475,55.41349067056234,379.47284400742825,4,6,4.144218582160546,0.0,0.0,poisson,,
standard,15.895159885587892,7.718552881510025,3.457884817700459,7,8,52.6249336919374,79.61373914937717,343.46466029493206,3,5,2.920869416333193,0.0,0.0,poisson,,
standard,9.927270544245136,3.8956279535330776,2.0471891098303887,13,12,32.71397403462415,51.079751244878736,204.25167949261052,3,5,8.498092418634576,0.0,0.0,poisson,,
standard,17.763864984844197,2.179900922546782,2.3003948740673135,15,14,56.044828603210775,148.72901064212047,406.2977529242686,9,8,4.919858103271785,0.0,0.0,poisson,,
standard,29.793338722745606,2.507521416359614,2.555524101816205,14,15,15.522146694051377,63.82135633897757,323.51324149122803,12,12,11.503812714228127,0.0,0.0,poisson,,
standard,16.75040630703336,4.129044138593392,2.9835588279906995,5,14,18.137629771072174,142.1432313122515,207.90003846712855,5,6,3.336641714300378,0.0,0.0,poisson,,
standard,9.022223505294441,3.376852374900024,1.647773031003609,14,8,35.296559125215154,137.59839220620836,310.15546886290514,3,6,4.81127318062954,0.0,0.0,poisson,,
standard,15.682906593618423,4.16109455398631,3.6917273059053373,7,5,22.37160254156344,73.19851654124173,484.81102189171145,4,5,5.167411462579194,0.0,0.0,poisson,,
standard,14.288883332777615,5.208722914254922,2.830866140583809,16,11,48.50323884235827,140.40109867631656,229.18993688187012,3,6,4.462382572594583,0.0,0.0,poisson,,
standard,19.71794088806543,6.540332090487965,3.667756775076095,20,12,42.01466376783008,143.6742278960989,472.43781888179484,4,6,2.1196845671302493,0.0,0.0,poisson,,
standard,7.154519875274412,2.787159903490406,2.273698589565589,14,11,34.71333762302834,137.02906114018134,493.86920726907306,3,4,3.1784868221491336,0.0,0.0,poisson,,
standard,11.556471381159295,5.125546124593898,1.2129492310730776,5,14,12.451247478821506,66.15647327823217,493.17347659021397,3,10,3.5515230707929026,0.0,0.0,poisson,,
standard,7.994199522404898,4.588605826256348,2.923972181361943,4,13,20.699855941542012,103.95738495803229,380.09671066912983,2,3,6.853450023615032,0.0,0.0,poisson,,
standard,11.94821978099116,7.7051514849411,2.037940607479616,18,12,12.958126682985696,65.11339306642,377.4229572457971,2,6,8.965134789110328,0.0,0.0,poisson,,
standard,7.44552010065455,2.9008510333682573,2.1548642633856523,7,13,48.06656610876906,149.56777715293416,496.2273507943964,3,4,3.8303117046229724,0.0,0.0,poisson,,
standard,23.91141821797719,5.820170561633277,3.970179107459025,17,7,49.4067264508412,87.04360237498167,205.55930597100587,5,7,1.7289137359520708,0.0,0.0,poisson,,
standard,23.662127837606995,7.163382023687751,3.6439661757639357,13,14,36.438957722457516,146.16911649994086,222.72604874231544,4,7,2.903276399730484,0.0,0.0,poisson,,
standard,10.961047023443093,6.516589288559043,1.388357978257932,12,10,44.86301444284524,76.68417113247608,304.1384079166626,2,8,12.409981752492376,0.0,0.0,poisson,,
standard,7.281167637331562,7.911482671775584,3.7263488176713615,4,8,55.047024000177345,61.03839669479333,451.0564925861832,1,2,32.9234822809901,0.0,0.0,poisson,,
standard,23.18316356620449,3.95236036907854,2.7505523053171164,16,14,30.12585734139376,98.63783336555565,215.14263614785537,6,9,8.990687353085443,0.0,0.0,poisson,,
standard,17.93107557546722,4.506304654220344,1.8792532508212183,13,14,55.075961384423245,139.9498787987143,487.07585613398567,4,10,49.898337897902074,0.0,0.0,poisson,,
standard,9.055787709892515,3.4884440958633833,2.8208517410596423,17,6,21.563739576742076,85.13687160456635,289.0398299858241,3,4,3.274711348072785,0.0,0.0,poisson,,
standard,25.06805049070673,7.895206728720531,3.4159013375704532,8,10,35.93408764192264,114.45050557172519,217.9849993072374,4,8,2.262086830937649,0.0,0.0,poisson,,
standard,8.666013084784883,7.701815137940035,3.0871992894206683,12,4,16.775705237137174,77.129918361649,280.4139009208174,2,3,5.483232575991496,0.0,0.0,poisson,,
standard,10.991361789424799,4.218377846026792,1.1282874558599127,13,15,48.10571525412417,140.11212142745916,441.2797227139426,3,10,6.5688937292096075,0.0,0.0,poisson,,
standard,18.500979568911355,7.360676577530764,3.813057886462557,12,5,55.851967420275216,99.19027723450137,264.5496521617406,3,5,8.119813670190197,0.0,0.0,poisson,,
standard,33.39491927351734,7.436051588622133,3.6527167367676556,19,15,21.889761242694476,129.54697556422337,273.64008972561476,5,10,2.7280381180947137,0.0,0.0,poisson,,
standard,24.982454575339535,3.9713021411615337,2.113662328681679,9,12,56.874585690522295,99.10514749133861,243.32303830155348,7,12,6.944764300069474,0.0,0.0,poisson,,
standard,9.151677116800885,7.699327584073099,1.1470554471005263,9,13,34.995364581237055,103.66839958656652,378.52186941516857,2,9,2.1808051500761825,0.0,0.0,poisson,,
standard,24.665253032382026,6.261537440891207,2.5094728945418314,19,15,54.40405834179753,124.96676387694926,237.77602232826885,4,10,21.928898736488655,0.0,0.0,poisson,,
standard,7.180622509169056,6.133792822709667,2.661091312436964,19,6,59.644206867283515,52.86502158933958,322.193705444738,2,3,3.765686835398818,0.0,0.0,poisson,,
standard,9.691822653350947,3.953670110755233,2.8830922402159116,20,13,44.04728119993278,65.89902089341149,346.3754747443521,3,4,2.8816852907766792,0.0,0.0,poisson,,
standard,14.925918334725042,4.011384383137903,2.2450658636299865,20,12,34.52315630160422,84.11816611566118,236.92187931484906,4,7,6.167142521681528,0.0,0.0,poisson,,
standard,6.1008310581674,4.1970050309948865,2.8802254107286025,15,10,21.63127056915549,127.2802951998627,203.80319006256752,2,3,2.2736614442233387,0.0,0.0,poisson,,
standard,44.703486936787684,5.602872046422418,3.663481608312335,16,14,16.154083906184383,94.78205338316076,400.41639981259425,9,13,2.0371553490231773,0.0,0.0,poisson,,
standard,13.296720123956069,2.5463701647539567,3.3290401162522176,7,7,17.352644047161505,90.91144492395887,451.6505932752248,6,5,2.102798777873811,0.0,0.0,poisson,,
standard,12.718872572562413,7.680929460366493,3.9054626016702714,19,7,25.383210808085096,117.52741314073948,207.60157609181604,2,4,3.402962216686499,0.0,0.0,poisson,,
standard,36.32786399525358,7.29021520808197,3.8024244226557773,10,10,38.324589686932086,102.62636944070755,374.91729810002994,6,10,2.8627398587951913,0.0,0.0,poisson,,
standard,12.011503699506303,4.014886407654946,2.5432620852177723,8,11,54.91199612782965,53.09307130962424,374.33996578459016,4,5,4.265218521125533,0.0,0.0,poisson,,
standard,19.84835632578011,7.717555114466507,3.863412348091069,12,7,16.996550069301044,75.92506706802956,384.49297653653684,3,6,2.8630457804396725,0.0,0.0,poisson,,
standard,20.304690696372877,3.4897575764063378,3.2078915828919947,7,15,30.51459897456344,72.92025638127996,454.53532532695135,6,7,6.740357217040181,0.0,0.0,poisson,,
standard,13.508488327599855,3.322495730347426,3.0630726999420634,16,9,11.369843003924148,83.92125887968032,433.2099835038227,5,5,2.473311471716894,0.0,0.0,poisson,,
standard,10.94489183580192,6.123563245905681,2.5864452010513745,17,9,31.436526058119544,105.44948931985724,355.2314906771136,2,5,5.358151584700595,0.0,0.0,poisson,,
standard,24.815997534819317,4.90987202688966,2.7368438017011805,13,13,22.143108432901293,146.84552061246671,389.8307401388954,6,10,1.9497383409191322,0.0,0.0,poisson,,
standard,24.466058735589993,2.497513043794689,3.0990727428531226,10,13,10.83212341871085,119.61646536971628,325.6267218854642,10,9,5.832103232772413,0.0,0.0,poisson,,
standard,13.459796233989628,4.837150809119963,3.598676563551796,13,8,49.24977591130781,103.8918335285062,250.4523811079586,3,4,7.778664110732989,0.0,0.0,poisson,,
standard,14.929781539571488,4.118695064353665,3.4572417370009,16,5,40.31992516441664,149.35361920637746,287.3699499004805,4,5,3.6681751956533692,0.0,0.0,poisson,,
standard,5.152971587073277,2.0636634853721856,3.407534418443514,6,12,39.03689898767489,103.54378723430128,320.7843525124305,3,2,3.505697871152104,0.0,0.0,poisson,,
standard,11.829786557924551,5.533730037135264,3.7631143636250908,13,9,55.393700113094255,79.46320634001628,219.5521865936182,3,4,1.7061155340322953,0.0,0.0,poisson,,
standard,10.878859692924317,5.437280755375811,3.5069486333105893,18,15,31.67705529402807,113.9798992356047,287.57528264763704,3,4,1.5301980957108765,0.0,0.0,poisson,,
standard,16.57424746062416,7.520077830537085,3.6113448227908798,5,8,13.272052045452256,82.53319348315557,303.69508675774125,3,5,3.049549319400607,0.0,0.0,poisson,,
standard,34.67824880783819,7.090844973766893,3.4503898188883975,8,11,36.046893296265495,106.02696241116945,207.89767486478854,5,11,9.806166366252418,0.0,0.0,poisson,,
standard,22.1946641731025,7.091027054329643,3.541287784789356,16,14,34.755565669921694,140.87680705526202,232.61105864801954,4,7,2.039561140180809,0.0,0.0,poisson,,
standard,34.276501551277306,7.694833779792558,2.808998871526415,13,15,13.302719672625315,132.37518036950837,205.44695579564402,5,13,2.7989671156247162,0.0,0.0,poisson,,
standard,19.469136013433953,6.583587476094089,3.139204499162994,5,13,11.330423508432393,103.45199229622135,221.50935769682337,4,7,1.7993723328577098,0.0,0.0,poisson,,
standard,25.157453521591975,7.669753810172534,3.5089617555438966,14,15,33.848884402041634,98.16648576658082,300.91831659631305,4,8,2.1268186786051055,0.0,0.0,poisson,,
standard,29.659747857206323,4.09426127386614,2.4284429268511283,13,14,25.44084981851786,70.25191828437094,470.1975945802912,8,13,2.573949413356827,0.0,0.0,poisson,,
standard,11.867156478389479,3.6274771116708346,3.733184789967976,10,7,24.74515600575156,113.69362862004546,396.3002072975869,4,4,2.1216228489792375,0.0,0.0,poisson,,
standard,16.33581785544194,7.32175734915921,3.7719390198340514,19,5,16.234298054607052,69.48251432472617,204.26333953788142,3,5,2.1566071514058116,0.0,0.0,poisson,,
standard,25.59992095732528,7.227652186706571,2.739025566316227,11,14,22.508807540657024,106.77630950907411,334.3297148366054,4,10,3.3460527036713987,0.0,0.0,poisson,,
standard,21.94403954730919,7.186537035401872,2.0161070153355203,16,15,48.73840001265587,149.5349680118587,228.13742953704303,4,11,9.49851043332128,0.0,0.0,poisson,,
standard,11.318065215921257,7.875732122981072,1.3335263352387956,8,12,56.32044444046745,90.77112923641965,291.9389502039413,2,9,3.52956272082283,0.0,0.0,poisson,,
standard,10.000995129221108,4.6918690467845385,1.4464884443906119,3,10,50.91493930791671,60.11806727702266,267.25445286265483,3,7,12.687296598448366,0.0,0.0,poisson,,
standard,39.95006079456155,7.842465371527883,3.3258674350599935,8,13,35.074353361315,70.02556993890316,353.9001836076996,6,13,1.8307202393292066,0.0,0.0,poisson,,
standard,6.052953607390705,4.70313461798935,1.4971167612649277,19,14,28.136906447711038,134.97598574813705,267.58999119729754,2,5,2.1838716503781415,0.0,0.0,poisson,,
standard,17.292084854861564,7.120086134021414,3.3828224311709785,6,7,26.711326727096303,81.8609201386393,372.5367475392037,3,6,2.303521275796138,0.0,0.0,poisson,,
standard,7.646598552676261,4.538971012815069,3.3666868270720505,16,15,39.58982770146455,53.99129350155963,461.8847578646184,2,3,3.7540687353625977,0.0,0.0,poisson,,
standard,8.863965558375861,3.0417737440253925,1.0812701762190784,4,11,12.93508494696918,110.0246445019803,207.47169433462844,4,9,2.5822552893668256,0.0,0.0,poisson,,
standard,40.56879406919947,4.5284147614041474,3.8966152280279562,14,14,28.05568786069653,101.12381470351161,413.0325692280582,9,11,25.686085340987965,0.0,0.0,poisson,,
standard,22.6693555755407,2.16512133571442,2.863085655232185,19,15,40.121707584663966,111.04520687144023,443.0769695292215,11,8,14.129499358532652,0.0,0.0,poisson,,
standard,6.111812981460581,2.9908493098456934,2.6900737749343455,16,10,44.94936324434132,51.096423038871755,228.23187407015604,3,3,1.987813089492667,0.0,0.0,poisson,,
standard,12.0455031657693,6.077361635739315,1.1380040042680266,15,13,49.21282845799515,50.65891736120268,413.1738792118217,3,11,3.542965104451627,0.0,0.0,poisson,,
standard,5.526405730799976,3.070956196577816,3.543483638442343,13,11,27.663289277339327,135.65205392621712,216.4892807036116,2,2,6.4119187167634655,0.0,0.0,poisson,,
standard,7.883130073969502,5.902061304087578,2.513590476805045,20,7,49.19933330757003,126.69102199770408,378.75506950156324,2,4,2.0298994834523594,0.0,0.0,poisson,,
standard,6.348606094346035,7.508610507490907,3.5246924440504834,12,3,10.263077820367208,138.96584115162418,269.48456527023075,1,2,10.182563876625778,0.0,0.0,poisson,,
standard,20.191132441788834,3.0659686526422583,3.39390814686659,8,15,23.172655506175794,56.482302777924176,468.60163821113855,7,6,21.856488163276918,0.0,0.0,poisson,,
standard,6.3941188581562525,5.043359344077101,3.825881527481563,15,8,40.5687344730208,67.5909555766082,239.25816851158243,2,2,3.4459597552237042,0.0,0.0,poisson,,
standard,33.04715779201155,5.644801273536238,3.087639529087446,6,12,51.125182513455954,132.75206567679396,245.09809274281494,6,11,9.942416514684638,0.0,0.0,poisson,,
standard,5.115198863319785,4.015098124280833,1.644598345206512,19,6,43.91643556147119,144.03914859953923,370.4859750110591,2,4,2.1656236068049872,0.0,0.0,poisson,,
standard,11.67631831735617,4.041694475698737,3.8457976424926787,17,12,10.034166390259799,104.12742595462181,295.0381365744785,3,4,9.435562260484518,0.0,0.0,poisson,,
standard,8.9169611174015,6.475985954575882,3.4192949380806303,3,13,50.550735780304095,122.21236805668288,381.6703631141109,2,3,3.294583019869277,0.0,0.0,poisson,,
standard,22.83265127571638,7.158417372208835,3.5998566181527325,16,9,13.613094376653141,138.81501663752675,414.0781017413093,4,7,2.2669886227685665,0.0,0.0,poisson,,
standard,6.5582176202942755,2.8580317478347137,2.346787688685232,18,15,56.94998485326939,92.40669331016021,425.67001301753317,3,3,5.865040629666846,0.0,0.0,poisson,,
standard,6.6369614284459075,6.950365422409452,2.1304899251801226,13,14,46.84659912075792,73.30798806724755,304.3912902358762,1,4,22.421865763029768,0.0,0.0,poisson,,
standard,15.84176585961285,6.737896157296467,2.1304258470372264,17,13,20.971696474642435,64.06611575529423,493.87764350094545,3,8,2.9647754237737827,0.0,0.0,poisson,,
standard,23.460035220032264,4.783714790723725,3.9804310540520405,19,12,28.79948953269881,143.12862891528866,325.7067763776949,5,6,19.358334309604672,0.0,0.0,poisson,,
standard,12.659373543781573,2.150684275621466,3.4361535770427505,12,7,35.83548763454185,64.73753382436041,398.6188049978892,6,4,11.7172697533123,0.0,0.0,poisson,,
standard,15.743931200170085,5.537444925139712,1.845902932792261,13,15,29.93204752218019,114.61053951515771,256.5580541643174,3,9,8.23630177646009,0.0,0.0,poisson,,
standard,14.242170691515208,6.27819073542896,3.880955539147841,16,10,40.74257728499598,89.33954865125136,411.5480586324868,3,4,3.6993631995534066,0.0,0.0,poisson,,
standard,9.145284825246804,2.5876964040028665,3.7374629869218823,14,15,46.21180248639272,78.26594415411851,420.20287215589184,4,3,3.490629967313035,0.0,0.0,poisson,,
standard,15.181831870475975,5.661620255717015,3.838263318594933,5,7,12.90001315873778,149.57723963624983,435.5225236175884,3,5,3.4828144694792815,0.0,0.0,poisson,,
standard,34.589586905437784,3.729582915224286,3.5435048133775338,17,12,22.034861548599736,84.10097893209132,298.8077818996168,10,10,5.420869146985305,0.0,0.0,poisson,,
standard,9.500414433643236,6.729013156758117,1.1689285755705376,13,10,52.5638167860158,63.93826531756373,488.3644097086373,2,9,2.7919648805482993,0.0,0.0,poisson,,
standard,33.25005241882976,3.1519126246383715,3.2638013925007985,13,12,38.0422147010217,73.03287497800318,294.79540801183987,11,11,3.412778762852247,0.0,0.0,poisson,,
standard,12.36436858557783,2.1693519582490732,1.5777163534468208,18,8,54.00527245369509,67.73896275903074,273.0413973070791,6,8,9.706511217979596,0.0,0.0,poisson,,
standard,30.272224700641704,7.454820906147967,2.0386400846148303,16,15,54.54406285690263,112.68427690069848,443.4776026235134,5,15,7.572950942967976,0.0,0.0,poisson,,
standard,11.050561248415189,7.143631629599969,2.4553685932546006,14,5,56.09877009504094,135.80049910053896,204.8729571511543,2,5,3.5635041501659797,0.0,0.0,poisson,,
standard,14.482080212222982,3.2302660826217164,2.541469189986243,17,11,35.34973667792494,84.48356930709288,368.3670652203367,5,6,5.030844122500712,0.0,0.0,poisson,,
standard,29.15597050880046,5.233920845070558,3.315921389006484,18,10,48.16321956686138,143.127226180557,222.48006180086975,6,9,6.827462803413461,0.0,0.0,poisson,,
standard,12.530567579667885,3.0446173487172734,2.1585353341983478,14,15,28.807493060179358,52.230523683315056,287.06295241047667,5,6,6.148040463007614,0.0,0.0,poisson,,
standard,26.897577327240544,2.7758379885396076,3.0774329742727056,18,14,34.37799438349223,135.6578111665488,315.23867864561896,10,9,7.029876961822056,0.0,0.0,poisson,,
standard,9.832397600120629,6.726185448999411,2.2661533225001067,20,6,26.30107283262925,121.10610688852778,437.8121386574725,2,5,2.7834569608437523,0.0,0.0,poisson,,
standard,26.46577128826441,6.078051617114742,2.081546284506927,11,14,57.44507980760868,98.19414836261885,384.19129353127846,5,13,4.913308328952656,0.0,0.0,poisson,,
standard,7.700404410670783,2.6835061558708664,3.799417067839106,6,6,42.90943203607961,99.84584897261034,351.3914654527815,3,3,8.148889216919802,0.0,0.0,poisson,,
standard,6.527290381686283,3.674751636063675,3.2591190473686105,7,6,22.96897246835631,88.64247390209664,322.28576663116695,2,3,4.7601043818120905,0.0,0.0,poisson,,
standard,6.344434905521053,5.948003116890398,3.8721507535617485,15,12,10.276159940274374,88.6255767244729,345.2244320795048,2,2,2.8648014731840443,0.0,0.0,poisson,,
standard,16.520408043630514,2.368128886256066,2.223656508120553,13,14,48.89906318008373,85.55685777653306,219.9541181644353,7,8,43.72987844861157,0.0,0.0,poisson,,
standard,15.705064049718711,4.425716096615009,2.635509087611382,5,8,55.26539775983015,126.34257317223631,304.8549040272187,4,6,26.237809388801743,0.0,0.0,poisson,,
standard,16.36985121570428,7.3401949357722405,3.9481377182801953,18,6,41.97524327504632,59.038860397477,230.45383976192267,3,5,1.830411633702177,0.0,0.0,poisson,,
standard,15.85483194339865,6.4824106399146135,1.5339405238003296,18,14,30.524238829071145,131.32922958638056,347.98094596148053,3,11,3.196373300045117,0.0,0.0,poisson,,
standard,5.916721562655721,7.972479095188104,1.5968665533762234,6,11,55.167806741152305,120.14753146021468,218.72470009185326,1,4,6.484849114128776,0.0,0.0,poisson,,
standard,16.37542972878999,7.3429924089439815,3.645422909578784,18,12,26.781574438535067,124.47086841500375,306.1203153539832,3,5,2.628740575846049,0.0,0.0,poisson,,
standard,33.4339536109824,3.3771432017752514,3.5929292096234478,20,14,18.74285581575274,137.929589057399,263.0555751164244,10,10,11.316624563813441,0.0,0.0,poisson,,
standard,8.40566922850225,3.2184370528443838,3.311371437160422,15,7,42.81273252772996,110.70408946450507,201.38734307564923,3,3,4.15276279121198,0.0,0.0,poisson,,
standard,11.61788766537127,5.925748604810228,2.3396776849462837,5,10,10.641734642646686,117.6133985129986,467.31732363459975,3,6,1.5621777737374052,0.0,0.0,poisson,,
standard,8.67196123563158,4.382936298864076,3.6209805426680433,14,14,26.96644868741217,107.76117434388468,236.00667191250733,3,3,1.9946989358264622,0.0,0.0,poisson,,
standard,13.008795968202723,4.609261690285736,1.5737305732592888,20,14,20.754966374656878,96.38242668701368,291.17947537679856,3,9,6.8682010650333165,0.0,0.0,poisson,,
standard,15.49809984894,2.2895906009477898,3.3815015158391715,20,10,44.70863005107023,121.24692687447877,450.9788927258152,7,5,6.558819837192929,0.0,0.0,poisson,,
standard,10.687798911577634,7.771788345870444,3.3595497137524477,14,10,21.083599160595565,138.6184021280148,276.0067841916132,2,4,2.041423529106453,0.0,0.0,poisson,,
standard,38.92678011689974,6.02588329981128,3.6836842465942095,8,14,10.199859258919338,69.57785207927445,488.4043470907561,7,11,3.856667248035054,0.0,0.0,poisson,,
standard,16.482939134600848,4.197229922864742,3.0491070841310473,15,9,59.34908112750973,90.41250799063491,284.6213750250709,4,6,14.982663883530643,0.0,0.0,poisson,,
standard,19.221847523758612,2.3249275741756104,2.507671995202762,13,13,42.96352039567435,96.52395410910722,210.74937681237031,9,8,4.432342708528813,0.0,0.0,poisson,,
standard,7.120737785826767,5.486289580736552,1.379425622570837,9,7,48.44908190029633,77.58052155986559,430.5664972839624,2,6,2.407278217859286,0.0,0.0,poisson,,
standard,18.7028312468791,7.256287346411412,3.675097152841956,9,12,48.00539818713659,112.87464065488419,416.3721965140775,3,6,2.856065410429144,0.0,0.0,poisson,,
standard,13.821591693201634,3.9789242729511636,2.66973051894676,11,15,21.222042838113268,125.31946332471216,384.3945915658621,4,6,2.796922323430959,0.0,0.0,poisson,,
standard,6.584499828763364,6.126599804455171,2.6630693420064877,17,7,54.110464396347524,114.75622046212179,231.3753698314978,2,3,2.247082719161441,0.0,0.0,poisson,,
standard,9.235117099729944,3.1961501927546307,2.9589891527452625,7,4,54.63178879531536,100.55909037735015,228.05507254204778,3,4,9.712665318778447,0.0,0.0,poisson,,
standard,8.111159414799003,2.5267310810395722,3.3917924295464674,16,5,13.201222249267794,53.62832264961496,219.92752463204232,4,3,2.5072715266110404,0.0,0.0,poisson,,
standard,33.63974651615601,6.751823799345307,3.9318773066446813,18,9,42.17124756199495,124.45885509103853,256.2487019870472,6,9,2.8561647363194504,0.0,0.0,poisson,,
standard,15.62023754065697,3.8216345763721953,2.7915612610438725,18,15,21.138750293034718,61.07868045797051,317.6582614462435,5,6,3.293853663513514,0.0,0.0,poisson,,
standard,14.202761793377347,6.9589101409057195,2.3089873693775766,14,13,17.035868894471992,107.77229377365784,200.75722586501305,3,7,1.8451741023771764,0.0,0.0,poisson,,
standard,17.343650063005484,6.706156800079057,3.4850751453589734,13,13,45.22761160008205,65.14161623939727,250.57818694085063,3,5,44.39379359901752,0.0,0.0,poisson,,
standard,26.936506331374346,5.274802362407632,3.5990838742272944,7,9,56.980106189143314,124.57658562008777,247.6415017753123,6,8,2.72286773687579,0.0,0.0,poisson,,
standard,18.949048988665815,5.808481929788503,1.7271558112328784,11,13,32.365078756048064,135.08082531346494,347.75976042177393,4,12,2.2648811199974617,0.0,0.0,poisson,,
standard,32.44318954440105,7.341796444909183,3.5531222389469423,6,15,42.05913753329267,141.05880516795116,271.34025274997146,5,10,2.4830155947814543,0.0,0.0,poisson,,
standard,6.0491396776396975,6.1914346196405035,1.223531904180431,11,12,27.03930285825992,147.6598613421525,243.82856142372074,2,5,18.649716355670396,0.0,0.0,poisson,,
standard,5.462605908439086,6.524698879833635,3.2570995471561526,4,10,31.15623837652133,113.87561603927809,293.70950249372464,1,2,7.97278245171568,0.0,0.0,poisson,,
standard,46.999796144497076,5.271709848799131,3.7915876461380775,14,14,52.78245237792239,130.78390013388398,209.07071834759668,9,13,13.251234143693997,0.0,0.0,poisson,,
standard,26.92598619974587,7.043796938087672,2.3764005213415027,13,13,47.89683120192027,148.43774691458174,317.32390684899536,4,12,6.8347858660893035,0.0,0.0,poisson,,
standard,12.765272151662197,2.5621838362556524,3.2152284195554213,6,15,34.67456556061984,86.73952694496558,477.05966109716815,6,4,34.33679052848794,0.0,0.0,poisson,,
standard,14.919834620248317,2.6273730607642727,3.5216853707622358,8,6,54.720828192042624,124.79877306788852,358.5346199005138,6,5,4.179024629275106,0.0,0.0,poisson,,
standard,5.254719630551154,5.821258514692453,2.571399724886111,12,9,21.075032956748444,68.16864262059592,235.49574920978063,1,3,10.322018120263479,0.0,0.0,poisson,,
standard,27.837906540026555,3.35879873177491,3.9040167673079886,12,9,22.059376002150778,124.92660814591902,463.75643653099297,9,8,2.3807896458953426,0.0,0.0,poisson,,
standard,9.816390214089232,5.433786861911816,2.0361589409308163,15,12,49.42125896310138,96.1474507733927,433.6431661225331,2,5,10.20207434000066,0.0,0.0,poisson,,
standard,23.410146474268362,7.747714663289983,1.7256505342903337,17,15,59.0403584678222,117.36726295621924,358.5300452352883,4,14,3.2411344400947613,0.0,0.0,poisson,,
standard,15.760623692773624,5.04465742753878,3.3984458906782233,13,6,15.49530469912549,80.84903384331821,248.15371416472058,4,5,3.4117563075052013,0.0,0.0,poisson,,
standard,24.496540327107468,4.130076096783831,2.316525248109875,9,11,28.84509628182976,113.58219435517242,264.6700055222925,6,11,16.77606301204757,0.0,0.0,poisson,,
standard,13.680010496662813,4.03587684606653,3.6734811581286615,5,11,22.796510626757176,98.94641928964762,354.9285743007674,4,4,4.725918698949588,0.0,0.0,poisson,,
standard,6.901369307475839,5.396524430000354,2.808597593199961,19,3,13.191567019610126,110.47406086996338,339.98708863249453,2,3,2.483090252772503,0.0,0.0,poisson,,
standard,6.357420506655283,4.557551950814684,2.5289400825790005,9,4,48.95819625300754,133.37621321400297,319.9453664257989,2,3,3.0225973813434495,0.0,0.0,poisson,,
standard,34.27085054598256,6.9170473472717955,3.139176131607762,15,11,52.64299211750956,115.28199240749595,451.9336563552255,5,11,33.68731307565842,0.0,0.0,poisson,,
standard,8.322264073548684,4.25639111755041,1.996814040094831,7,9,36.230517745837616,140.81944364023767,286.7708492359381,2,5,23.075402476827232,0.0,0.0,poisson,,
standard,24.769321980427254,4.4484303956253,3.071080109546362,14,10,21.104401536548416,92.07794676080576,292.35895910639226,6,9,3.1449733494200283,0.0,0.0,poisson,,
standard,10.5972657457959,3.3162222474826817,3.550244140598816,9,12,34.778552180578785,137.27443118288375,323.74491047352024,4,4,1.8178634421291646,0.0,0.0,poisson,,
standard,20.99098407348869,6.378328977941439,3.243198289073028,11,12,23.395735352181852,149.31426636796132,367.25401227420105,4,7,2.8520857877748265,0.0,0.0,poisson,,
standard,25.64628588986744,3.1239376279242883,3.7154936263982643,12,11,28.525696290480916,74.00875150771378,497.74151387276834,9,7,11.331771994028848,0.0,0.0,poisson,,
standard,13.698749601597976,3.276953103746581,3.3980117730610595,15,9,27.720885465712797,82.33976943479021,469.9005347017548,5,5,1.9474712053384933,0.0,0.0,poisson,,
standard,18.33487126854733,6.287733574318585,2.4341835556876354,19,15,57.28085209309605,64.58813678394584,390.06544844869893,3,8,13.597821615837514,0.0,0.0,poisson,,
standard,7.926136307738901,4.041717396401261,2.3273423375910514,12,7,42.33775262227602,115.70251145214203,263.16747141874447,2,4,26.788485463346053,0.0,0.0,poisson,,
standard,6.035457269940318,2.1048455910288593,2.925531889965522,7,9,57.14692994548683,68.63694960819399,464.1884487637324,3,3,8.244242645417135,0.0,0.0,poisson,,
standard,25.652948721979342,2.49298352407326,3.0575100499225503,18,9,39.8020726128072,106.0916549361598,329.5686613393766,11,9,3.087549316594851,0.0,0.0,poisson,,
standard,13.541698715591188,6.969975746786229,3.7589990827330575,15,6,19.915783192641186,148.14992002372404,360.1903463989711,2,4,19.149300554182116,0.0,0.0,poisson,,
standard,13.651153470372105,3.8114588810401298,3.4417075503326755,8,15,38.75427705883489,57.79619406002712,305.7084770723741,4,4,31.613630996733242,0.0,0.0,poisson,,
standard,16.786548829482037,3.865220850018625,2.2365616367252263,16,8,43.690439021358664,103.33009132309172,461.2973490439706,5,8,3.398340399312969,0.0,0.0,poisson,,
standard,48.17592594726626,2.7778039440424935,3.6202506403505215,20,15,31.016679065976575,122.87335046516255,244.62255192027914,18,14,3.0441241810753183,0.0,0.0,poisson,,
standard,16.80204537152514,3.166633513606145,2.3071020457556357,20,10,17.942781687594003,67.05933217782709,250.59694146791335,6,8,2.7794197870981936,0.0,0.0,poisson,,
standard,5.015310983426874,7.721529649866028,1.9402576378779794,6,8,46.59189491237697,137.429312772059,349.66596977063915,1,3,4.305353498547355,0.0,0.0,poisson,,
standard,12.457526367131733,7.828842453657378,1.9654560390937532,4,9,11.052940763714883,95.54127558510018,474.51012518963995,2,7,3.4706751744876465,0.0,0.0,poisson,,
standard,32.70606559428936,7.773872627726523,3.201624228105022,6,13,58.57427788358073,109.36183867549127,278.8062289475485,5,11,2.1937860740910327,0.0,0.0,poisson,,
standard,13.595400846613465,2.321943558033497,3.46138310030217,10,8,11.723488972959187,100.36575781591577,217.7986128131975,6,5,7.660309717108614,0.0,0.0,poisson,,
standard,20.622889062821784,6.218164455395806,1.8115820746783826,5,14,55.89509025694701,100.89872941310884,478.19148227616364,4,12,2.969035107659508,0.0,0.0,poisson,,
standard,22.133211260033484,4.953484627485813,3.7052918426424286,8,13,51.682354602279894,64.20509596781235,491.1765364496301,5,6,39.01977479993199,0.0,0.0,poisson,,
standard,23.46693365371055,3.5694588944194834,2.6618998518460977,18,13,17.910255828479414,89.23330805689423,281.01239872724085,7,9,7.645920420975009,0.0,0.0,poisson,,
standard,15.060355934650602,6.152924210124024,2.130560634306855,8,13,45.87828142160128,65.10955196645037,226.36422644037998,3,8,2.557015517932258,0.0,0.0,poisson,,
standard,10.070868506951207,5.675775387859835,2.8663375932003157,5,6,29.37880964157185,127.52076650969674,244.0046399802588,2,4,5.752192133263547,0.0,0.0,poisson,,
standard,5.3419787555842255,5.917265283158901,1.759649119076125,10,7,29.76911348084492,129.58216044329683,208.84585310702622,1,4,10.567119123597502,0.0,0.0,poisson,,
standard,11.05915526238302,6.769420690902638,1.288946426962558,3,10,54.78609299054715,114.96342452407548,368.2864206461577,2,9,4.9409179121393,0.0,0.0,poisson,,
standard,29.54931099406762,6.713756454185609,2.492273832689371,12,12,11.736951691544148,125.04795452972665,250.05295460149998,5,12,8.381164051517965,0.0,0.0,poisson,,
standard,12.371999469966108,3.878260181443414,3.156622281673915,12,7,59.70183160229922,122.55020070008025,424.0559243150261,4,4,13.159300681374974,0.0,0.0,poisson,,
standard,17.198013098061445,2.0524039450494826,2.98499931721065,18,14,44.22824559806944,117.10955451181827,353.58910500264574,9,6,5.814031154902669,0.0,0.0,poisson,,
standard,25.902376275924762,7.356960133074256,2.7721693184825242,12,14,14.962697692571165,85.0619206575262,255.86949787162436,4,10,3.238218691443721,0.0,0.0,poisson,,
standard,19.05694626256134,7.3535317620429215,3.9968782039802657,3,13,59.732295558002775,87.80374933691499,480.5738321030893,3,5,6.052010520876923,0.0,0.0,poisson,,
standard,14.246189787631721,3.332775800238801,2.3758460923660216,17,11,47.0521629205611,111.58908031937715,471.83541320523744,5,7,2.2475923347826328,0.0,0.0,poisson,,
standard,6.0784858808038145,2.0393978567156994,2.7255650963230407,17,10,44.01748400785821,61.67331395643505,374.944770938858,4,3,2.073213769169791,0.0,0.0,poisson,,
standard,8.507991470656428,4.1562767635605065,1.4564610083706817,18,14,39.04998108459347,149.71417648921613,311.03469670397044,3,6,7.273233850996513,0.0,0.0,poisson,,
standard,17.552547417155782,4.932699263017629,3.534691288938019,12,8,12.153551726583242,149.43386795527937,361.7220144088575,4,6,2.778412022605278,0.0,0.0,poisson,,
standard,8.436885420692972,3.6343490984421623,3.706520328412705,4,7,40.47055664141871,144.72081592565314,397.2838749407748,3,3,2.2399148916254688,0.0,0.0,poisson,,
standard,8.543336944878368,2.567131006297874,1.7742894805137266,5,15,18.240528954713092,112.79300657291901,410.9856672540406,4,5,6.843403544069962,0.0,0.0,poisson,,
standard,19.34746240261383,3.2392878275579085,3.977545189745628,20,5,26.216497254601155,139.48850945469005,441.42824446915006,7,5,8.016003915583944,0.0,0.0,poisson,,
standard,37.27257289155024,3.6397211581472124,3.470486461027538,16,12,41.11519943146182,88.83526647931633,235.70088546364786,11,11,5.0561106472689,0.0,0.0,poisson,,
standard,10.125361011686511,3.0785871938674054,1.4416973649414158,10,15,26.427933846434357,136.37817298748706,257.2872492245062,4,8,2.572495666194633,0.0,0.0,poisson,,
standard,28.349673651154042,3.647220452429692,3.6179624102143433,20,8,41.231426693805105,140.18066731684763,307.7589210332775,8,8,10.24986929564821,0.0,0.0,poisson,,
standard,17.06654524741081,7.581659695390899,2.682377071867583,19,7,17.350429570366536,130.30413276205445,299.9937907528357,3,7,2.4291040859141635,0.0,0.0,poisson,,
standard,13.520783456328303,2.24642380566104,3.2917010807025973,10,11,22.777999505241077,100.06079750527738,383.6976587986401,7,5,2.0492307749161207,0.0,0.0,poisson,,
standard,26.834674497716474,3.5630624015578953,3.7625712628767025,14,14,52.08088027381651,110.58060710637037,430.59230004594906,8,8,3.0752899600497563,0.0,0.0,poisson,,
standard,22.723257029796777,6.864867000319082,3.712824218669645,15,8,41.02477397861621,99.70890017695355,214.42028446054178,4,7,2.097434929137906,0.0,0.0,poisson,,
standard,11.018315297035386,6.7228133049498,3.440906609131318,9,9,29.306443384593774,93.64126385059755,467.51197421254733,2,4,3.232597381109054,0.0,0.0,poisson,,
standard,16.11155429743762,2.2295669923641173,3.737705291805802,13,6,41.80585681006292,118.60153832986249,470.3708941057788,8,5,2.6206023110590833,0.0,0.0,poisson,,
standard,9.174663624951808,2.361915033198845,3.322554857096032,20,13,29.365462132896877,126.68403580628936,295.1042181910872,4,3,12.404081101022028,0.0,0.0,poisson,,
standard,10.827440252465562,2.6971564687228344,3.8492834290095512,7,4,51.14004748480669,122.17708581733862,317.30959347236916,5,3,5.924106487090362,0.0,0.0,poisson,,
standard,8.426363576890342,7.599865823656296,3.271728103814022,6,6,37.98359544959382,91.15718408823201,335.89588468683013,2,3,2.6356772553091874,0.0,0.0,poisson,,
standard,5.1876704368573465,6.99882620919285,1.0488576898092876,9,12,49.56607321343825,125.65815690269096,228.60801972110193,1,5,21.98648916107794,0.0,0.0,poisson,,
standard,15.891367001438631,2.117220104327031,2.1794675297777912,15,9,27.33773009690279,72.74435176122016,319.37342139892087,8,8,3.6031043740424544,0.0,0.0,poisson,,
standard,7.304577443339605,3.3462478702819256,2.0986360063302505,13,14,55.0654637037488,113.0406489345018,443.50859305072754,3,4,2.830672450154114,0.0,0.0,poisson,,
standard,20.000791309758398,7.530060613167764,3.958989385261482,20,8,19.45006839165487,88.82376043851119,279.83671104252846,3,6,3.3263286043942064,0.0,0.0,poisson,,
standard,5.828418450884277,4.1920483625430105,2.314975502972365,16,13,46.77238590893007,138.12640405647448,285.1589199195998,2,3,3.082359359461882,0.0,0.0,poisson,,
standard,11.593130917772735,4.696312842135576,1.110876939854006,19,14,25.77720722043232,93.8819358270829,233.39711197583267,3,11,3.84261737701586,0.0,0.0,poisson,,
standard,20.532334634411562,4.470619271643416,1.8432290959109747,10,15,56.279531712478516,129.43574445771188,413.6015979021316,5,12,3.592903131463592,0.0,0.0,poisson,,
standard,9.545570300975044,7.514602423715146,1.642267385180352,6,8,45.989852368791524,113.38231395374645,227.29418566120205,2,6,6.296093186978986,0.0,0.0,poisson,,
standard,6.783733974693688,5.394408242127559,3.273171726293017,6,13,25.495039291159166,83.09741850713581,432.61594764008754,2,3,1.6612070331743114,0.0,0.0,poisson,,
standard,13.921407692730146,7.2059603953478035,3.600312882372952,12,13,28.24688279193459,128.3373010312245,426.26053423309224,2,4,21.31771597701166,0.0,0.0,poisson,,
standard,5.192341005743661,6.69176973001911,2.1104529004155532,3,12,57.11438935302913,72.2435907479777,448.70924541611913,1,3,5.346459837834954,0.0,0.0,poisson,,
standard,16.485601619737167,2.0984779896466774,3.913395165068712,9,10,20.744647795299407,102.95610864242379,452.6497380705978,8,5,8.08715101072211,0.0,0.0,poisson,,
standard,21.035132644601422,2.1436733080052868,3.317365399826122,14,15,42.77262101097326,105.251685834321,209.27622135564366,10,7,6.861456674303591,0.0,0.0,poisson,,
standard,9.922764443611188,4.805968889739866,2.3324020948578266,4,11,11.592262473985617,131.8186357854881,310.51183489629045,3,5,2.0249609681095615,0.0,0.0,poisson,,
standard,9.044376083328864,3.5249156669182984,1.5529233786633516,4,11,49.3575905092494,134.96520861875865,492.48508496944623,3,6,7.861524562887178,0.0,0.0,poisson,,
standard,20.799088475343996,4.900656467062123,3.066805429353269,11,8,51.58364909281268,147.526573735978,224.78218294984762,5,7,5.55833251964228,0.0,0.0,poisson,,
standard,30.146791558839023,3.969348363569387,3.54704827057055,15,15,36.23916803234293,108.91093622293994,390.47631764903235,8,9,4.243800887980279,0.0,0.0,poisson,,
standard,14.530464276401936,6.839329626197834,3.6812377735520183,14,9,28.053765665006544,138.51009361980135,481.85478852615523,3,4,19.370347755921298,0.0,0.0,poisson,,
standard,26.819769715073534,6.943521929595307,3.29760494098292,14,11,53.79163979186712,148.41418761241326,391.7929308743765,4,9,7.9782829769327,0.0,0.0,poisson,,
standard,14.108717222581877,2.639437716165281,3.5683624621730337,9,6,49.64188535032297,119.93913520123026,210.7591436213823,6,4,22.86581678259876,0.0,0.0,poisson,,
standard,21.885022427692885,7.189678307943587,3.286562374952721,17,8,12.865994209504109,126.81996976000667,359.9509865497249,4,7,3.511451249278004,0.0,0.0,poisson,,
standard,16.01358211627826,6.844985108877125,2.728666739136587,4,11,17.096699261965256,132.6413041641863,434.8127788609065,3,6,8.60000269929656,0.0,0.0,poisson,,
standard,19.645824619069025,6.424342610197135,3.115166887992997,4,8,11.013770058690271,90.10467895305457,389.9296534605513,4,7,2.0852365250827427,0.0,0.0,poisson,,
standard,14.61969851828712,5.206620701957315,3.785448727556099,5,14,58.145866092988925,132.20148700023532,238.27305850759961,3,4,11.748721545755062,0.0,0.0,poisson,,
standard,7.7557158842663245,7.362749010112013,3.377637659451499,6,12,28.484896599142363,138.07981892682017,202.13289147076628,2,3,1.656636794968017,0.0,0.0,poisson,,
standard,15.119272396604373,2.4325445814096756,2.16369449907667,19,8,28.60100588421919,93.38169257102105,258.2211427332062,7,8,2.3753417399680226,0.0,0.0,poisson,,
standard,29.00119564413448,5.974625200060998,3.662147186691286,13,9,53.064832963705875,115.81919343758089,237.4878080130338,5,8,18.76868314997847,0.0,0.0,poisson,,
standard,16.292482103099765,2.3878359727080016,2.7350112865836413,7,14,27.859519317988372,64.24937214199917,205.2961087518369,7,7,6.588984776155462,0.0,0.0,poisson,,
standard,44.009330308651876,4.954404340678044,3.438757412629228,17,14,11.486306522441206,61.71540927177417,267.39357856512873,10,13,5.693642823358128,0.0,0.0,poisson,,
standard,35.42212099845875,6.931004798781024,3.6873712129076197,18,15,18.1036249071366,71.30463574500405,440.42668899696463,6,10,3.309355319177282,0.0,0.0,poisson,,
standard,5.231668589533461,6.791061429025563,1.6236184246318268,17,13,22.422981990294687,117.17259076278694,251.01499436246922,1,4,4.897854168815334,0.0,0.0,poisson,,
standard,35.332246417701526,7.152382110883459,3.978930471593852,7,15,21.198530602459257,125.14482135589759,464.4542613173353,6,9,8.867203396190474,0.0,0.0,poisson,,
standard,5.828625216353388,5.482328330042975,1.4517042287434037,5,10,11.088254508994313,136.2881058393324,294.4996660923452,2,5,1.8335938685603568,0.0,0.0,poisson,,
standard,12.376640416528163,3.536076922396026,2.6438573711628788,16,10,42.4522647677603,103.44862310851912,449.97949677306514,4,5,4.7896694877606665,0.0,0.0,poisson,,
standard,44.800963101461456,5.395939992095593,3.9039458150953994,9,12,32.785003041249496,68.8492923972413,434.47845654371326,9,12,3.1044952240160413,0.0,0.0,poisson,,
standard,20.38993910761785,3.0083523003770134,3.7359735816841977,9,14,57.727125038637496,149.38887590264906,478.0259248579677,7,6,6.086620770154912,0.0,0.0,poisson,,
standard,15.174718240435677,3.2422599965789995,3.9810021623223237,18,10,21.08334117968755,70.72726717629368,305.0539695196034,5,4,7.971864154014696,0.0,0.0,poisson,,
standard,17.98866861133463,5.606717373236104,2.9409791458558225,18,14,43.15108208096777,75.54685928360406,246.52631741320016,4,7,2.0169660152243027,0.0,0.0,poisson,,
standard,12.578442771276087,2.769587936762421,3.8948408797945535,7,6,43.476798295606905,95.33611562617935,411.44212106439534,5,4,3.113529564119691,0.0,0.0,poisson,,
standard,9.96966953082108,3.0877679263181697,1.578166366993944,20,9,55.20438004826376,138.27230157074985,270.2673497070031,4,7,2.811522918432644,0.0,0.0,poisson,,
standard,22.30786635163464,6.376335306210974,2.0914454827111486,12,12,21.22092762632861,136.995768619734,360.7861407113742,4,11,4.761607086700447,0.0,0.0,poisson,,
standard,24.021804354830252,7.957614414242444,3.0858684541265964,17,10,19.223931625402358,78.833086022027,219.9565815870185,4,8,5.219277512445993,0.0,0.0,poisson,,
standard,20.91268100726296,5.762312847297153,3.5841704301612087,8,6,12.700761858135682,103.54130060282284,336.2936345321888,4,6,8.213372154740155,0.0,0.0,poisson,,
standard,34.91345620647017,7.486929135915195,3.967109763795867,18,11,16.12495829523058,90.62631557726772,241.55678073210785,5,9,7.512512928344776,0.0,0.0,poisson,,
standard,9.707264803938862,2.64163425534427,2.207325179822017,14,14,36.937308990246365,149.94277517638199,211.49418850519655,4,5,4.561808202076673,0.0,0.0,poisson,,
standard,5.235608951858325,3.521475003610332,3.266532026981079,19,13,36.660174308787035,55.31095660556977,215.8543439761313,2,2,3.620541451589597,0.0,0.0,poisson,,
standard,29.43069047288229,5.127121596418087,3.528407693762334,19,11,55.86589055472846,146.9138481279047,209.39156391352526,6,9,5.035432736353735,0.0,0.0,poisson,,
standard,11.80251448515012,4.679386492769433,1.9811217595765271,8,14,52.516296395756235,101.96420168977046,486.26230890906714,3,6,25.27824396225449,0.0,0.0,poisson,,
standard,6.192051109480054,7.862896842016634,1.4993871730402346,7,13,11.048017818589987,52.07006354852586,464.49551343502503,1,5,5.195473865443576,0.0,0.0,poisson,,
standard,13.298428660623042,3.915979129300334,3.3496569163575693,12,9,30.620169746407335,143.64131977597202,497.58789210670153,4,5,2.218700063929285,0.0,0.0,poisson,,
standard,21.664442829007594,4.012264385167537,1.7307820446333775,17,14,52.051063060984184,59.67652320125877,313.2168697174496,6,13,3.8199532427157923,0.0,0.0,poisson,,
standard,16.036983481811706,6.317901197238995,3.3864813029710548,9,14,10.403215554854352,135.71046733554493,380.88546191170406,3,5,5.315322088834476,0.0,0.0,poisson,,
standard,16.750927639154614,6.750318487395353,1.3148202121863064,6,15,35.07399865544652,92.99818582814453,337.2325341142139,3,13,5.7739896914166104,0.0,0.0,poisson,,
standard,12.095449088945873,7.308017187024542,1.82134616390765,4,8,46.69039160973152,82.08648735555457,270.27202284018176,2,7,5.228400199270736,0.0,0.0,poisson,,
standard,7.69048152897002,6.632701595729996,3.6109071467328686,11,7,29.399524415802954,118.8473798361367,327.60790820414115,2,3,1.5165603849358222,0.0,0.0,poisson,,
standard,11.341129029063113,3.0608138241635894,1.9243698032830494,10,14,53.462935833545366,112.19561814395735,358.7856472734851,4,6,12.627773995882935,0.0,0.0,poisson,,
standard,10.230756751681064,6.9067379395323405,1.7901990529928238,13,15,27.770805700215654,131.58772479261913,336.8302114922434,2,6,4.976848306451028,0.0,0.0,poisson,,
standard,22.88021642090994,6.6538967898856045,2.1624083343857166,9,11,35.781995033339854,119.88607237804175,402.3923714453908,4,11,3.922974706960926,0.0,0.0,poisson,,
standard,12.507905546141881,5.898059530179767,3.88043015812402,20,6,47.36987461511972,114.82839424498763,432.796468236995,3,4,1.7802108628797397,0.0,0.0,poisson,,
standard,11.5261954668404,6.310100407891586,3.072728499847483,18,9,23.646941508679223,102.31058276285702,324.6114616145075,2,4,8.991301970561913,0.0,0.0,poisson,,
standard,9.154435134914795,4.46097245102585,3.87586476500567,7,8,16.280346869465937,84.869701428791,472.412686243679,3,3,1.9592058462005424,0.0,0.0,poisson,,
standard,20.144825228039778,7.034650909552194,2.5975742636489985,19,9,41.159900358716364,134.3671642895666,481.3172955895023,3,8,10.930570261944151,0.0,0.0,poisson,,
standard,16.629666305297434,2.1269424521011024,3.37256923824227,17,10,18.554737670112594,111.63098334513478,326.5460777371761,9,5,15.238366627597243,0.0,0.0,poisson,,
standard,6.2325098054127075,6.220055530316729,2.4189274470998474,14,8,52.40442662780122,59.17234134057839,371.78090693581385,2,3,2.6698166691598564,0.0,0.0,poisson,,
standard,36.38846117909657,5.696899142290135,3.063195400468682,15,14,57.37225112037655,98.3744940816021,304.6152998954369,7,12,9.679146675426477,0.0,0.0,poisson,,
standard,15.067000506129363,5.814774118106279,1.1627341432493044,20,14,53.56894542922397,124.30072483059521,232.32390788496346,3,13,26.505455078590057,0.0,0.0,poisson,,
standard,22.279637190328526,3.1423668193236796,3.993573427475919,19,8,57.09046181031161,129.8709350130045,329.7432961179949,8,6,3.231656590853147,0.0,0.0,poisson,,
standard,9.502309369907415,7.103978918827861,3.267468109005494,19,12,10.47763356979676,126.73199975990362,274.8246507578762,2,4,1.6879812970683907,0.0,0.0,poisson,,
standard,15.392722046755585,3.2215298711113194,2.695112629682166,8,8,42.45384801677823,89.94517510739873,293.31945104122633,5,6,7.712996796473564,0.0,0.0,poisson,,
standard,17.16430005469812,7.394886584329419,3.4288787826935367,13,11,50.80590991728253,121.00421186414316,473.3348340337024,3,6,1.9109635061409187,0.0,0.0,poisson,,
standard,10.392372994677121,3.8929287757612445,3.81091671869616,16,15,25.1116438155154,87.59894517450421,492.4665500641088,3,3,5.989146252370921,0.0,0.0,poisson,,
standard,14.262462613779515,6.545847028300734,2.9121183336807883,14,13,33.03405149600307,55.972998818763365,395.66472989344527,3,5,10.414668157724405,0.0,0.0,poisson,,
standard,13.794575108039894,5.594720154047678,1.7869164516469196,14,11,58.77744230116514,88.4108326201277,390.55260058218437,3,8,5.19080954861025,0.0,0.0,poisson,,
standard,10.29795741041135,4.193319405005219,2.02949725701285,8,8,31.077066640463276,129.24573509596016,380.06335996884155,3,6,2.6402529404019477,0.0,0.0,poisson,,
standard,6.495962458988769,4.076653265819958,3.426748996079125,16,8,38.968709326880365,54.573000916150434,452.2905841632779,2,2,11.116210429354625,0.0,0.0,poisson,,
standard,6.976475947783595,7.280082014583675,2.517519699012804,11,6,55.46666949509463,59.47999687940991,281.2207840008733,1,3,27.268681248044672,0.0,0.0,poisson,,
standard,10.844009428396514,6.453601029404542,2.0847979004125934,18,14,40.055706450527715,64.8092919702422,303.34570721001,2,6,3.8636131540059804,0.0,0.0,poisson,,
standard,5.074761363635358,4.684629486811492,3.2789191761971677,15,10,24.88256374744316,70.53380475725234,263.1340948615273,2,2,2.4263798950406286,0.0,0.0,poisson,,
standard,32.84909082104029,5.185054172711582,3.2504915408120914,17,11,50.23388734580466,79.8541226346224,290.83657577378847,7,11,2.4004335476180234,0.0,0.0,poisson,,
standard,7.05649656747957,5.504273284257297,1.0848600052262887,19,7,11.404617825680981,118.0127923440485,344.24586769187863,2,7,3.40982270357079,0.0,0.0,poisson,,
standard,40.30511462014595,3.7953429956950195,3.1125274495115978,20,14,24.538298154260204,96.07887919065477,396.492318122313,11,13,22.284820212474965,0.0,0.0,poisson,,
standard,8.015629559870048,4.2676419822043625,2.6478975980650334,9,10,29.960518452379105,59.781284557715374,323.5252942171398,2,4,8.617731339309895,0.0,0.0,poisson,,
standard,16.47286443955033,4.235411565555831,3.9127986830508954,15,15,33.15879862878794,58.31068223085283,388.07420806962216,4,5,9.7858249014193,0.0,0.0,poisson,,
standard,6.3966434695718934,3.7572629197513088,2.4649134671781816,11,4,46.14235705427914,104.14772879501683,466.5422900833211,2,3,5.170190326662081,0.0,0.0,poisson,,
standard,15.685337526743515,7.89616704254615,1.818863414819512,16,14,23.308914571044205,104.46209924957574,406.9878280763065,3,9,3.3958099806604363,0.0,0.0,poisson,,
standard,32.7376188213208,6.461197809445478,3.035347705880135,18,14,20.76608866684777,125.92222203425997,444.52154562763997,6,11,5.4575607960684085,0.0,0.0,poisson,,
standard,11.884440195150969,2.125098230421202,1.4381313195613388,20,13,25.0806987837862,118.52620970586162,352.01167103053876,6,9,4.178232808906272,0.0,0.0,poisson,,
standard,7.478280658520836,4.074580970020031,2.805247349948634,5,8,12.421032960683739,111.58166276161711,432.94192893755974,2,3,8.32107642930943,0.0,0.0,poisson,,
standard,21.084945355865294,3.350411296921094,1.752156705583302,16,15,50.2862806008294,78.69391970210842,267.13477405564663,7,13,2.622660340494032,0.0,0.0,poisson,,
standard,8.718714129886312,6.955252288805725,1.2733151482496485,14,10,23.203742482057812,75.82486799970843,336.070242205676,2,7,7.698487602011356,0.0,0.0,poisson,,
standard,5.281851035405449,5.028591004108847,2.4813462242498643,14,11,29.580456348003793,110.13953979971076,442.2420757913786,2,3,1.5638968110953386,0.0,0.0,poisson,,
standard,9.830427769574037,3.051526859128117,3.2008414993641794,9,7,54.700192089219975,137.73357181368578,397.4821153542581,4,4,1.999773699541802,0.0,0.0,poisson,,
standard,25.968670469016995,4.0909685472625075,3.967516827608237,20,8,17.46698633208301,122.94288269091881,279.441101292713,7,7,3.4157021898809985,0.0,0.0,poisson,,
standard,10.170074827209415,5.0476094571406405,3.1087154157985926,10,5,37.060450664795,120.12802284005673,400.2967863872543,3,4,1.8413480329264562,0.0,0.0,poisson,,
standard,6.442080925784968,5.471419216230707,3.9566096167804576,17,10,56.269693478037624,133.54009697215082,400.37072015830216,2,2,2.9310066873046767,0.0,0.0,poisson,,
standard,9.592994378851092,7.915435277695172,1.4476457277439203,20,10,14.742322082784744,113.47820954586803,352.8397108536102,2,7,3.6607895727977797,0.0,0.0,poisson,,
standard,17.998940104777034,4.336788808001166,2.181036933542316,16,10,45.643387023241715,59.87907169651753,385.5817073625593,5,9,2.3924943884371794,0.0,0.0,poisson,,
standard,10.133482837465609,4.640483180203954,2.944877714524996,4,12,50.215151613243485,98.12872665421577,483.0170224386925,3,4,2.4777512894426788,0.0,0.0,poisson,,
standard,33.82870310834059,7.987794846757156,2.906268551103166,19,15,16.82963250414732,113.11163726705837,225.80972598773477,5,12,3.768246217540127,0.0,0.0,poisson,,
standard,19.866185266711014,7.3119088548158295,3.256178473847969,17,7,26.09798224885697,137.2334980957582,490.71670913694646,3,7,4.087563079272206,0.0,0.0,poisson,,
standard,16.4472188693191,2.5780277435094874,1.1385337148694545,13,15,53.235265991671746,69.94807672356299,391.47360074530724,7,15,3.990719888829986,0.0,0.0,poisson,,
standard,7.332654613032915,3.0761352023383806,1.6322750463534292,13,7,38.954897711370954,136.06057217976405,486.8146097213158,3,5,3.4686516113725063,0.0,0.0,poisson,,
standard,24.918407895604755,4.4551664844909435,3.537151984302334,7,9,45.583425855859396,147.2555091208797,388.1111815379147,6,8,3.2025801680605746,0.0,0.0,poisson,,
standard,28.64474349844139,6.084863165707263,3.6401342715104685,17,8,28.51653902869489,86.31134796591184,337.3946035285324,5,8,10.613446690944366,0.0,0.0,poisson,,
standard,5.121578305766373,4.781708289264286,2.94920822257367,14,6,23.266636262214487,96.76448642168961,450.9827364079442,2,2,4.014387624433322,0.0,0.0,poisson,,
standard,9.371207648867474,3.6855280443408054,3.9212866388241094,16,5,13.774245560074846,78.25070670983118,435.74374549878485,3,3,3.1661324726669404,0.0,0.0,poisson,,
standard,17.1284181417751,4.543269491640075,2.734486823828107,9,13,22.395350147381656,100.43527399306367,416.85822535538864,4,7,5.353765443775561,0.0,0.0,poisson,,
standard,11.225537749981367,5.634132528082314,3.695219738105684,18,8,21.925581121000732,98.93269516582632,328.02234740531844,3,4,1.4317888936585699,0.0,0.0,poisson,,
standard,18.932559737971545,6.964286315980187,3.8590241229951947,5,8,45.54836159563567,109.05916628588773,283.885220410844,3,5,13.490957923956522,0.0,0.0,poisson,,
standard,23.68868161429312,6.536664861755406,2.1133941506820717,20,15,30.284051515625872,101.68383203886017,481.0337461597853,4,12,3.7048835978562558,0.0,0.0,poisson,,
standard,16.45706280351903,2.4107570451730815,2.8313124573983877,11,8,16.693608506175114,75.32182978976387,483.1976734549503,7,6,10.988892027576657,0.0,0.0,poisson,,
standard,43.85300125785501,7.909357191073715,3.9702508915878276,20,12,36.26451075454081,68.51585164060111,367.5546403831016,6,12,2.873137391982671,0.0,0.0,poisson,,
standard,13.880913743201244,4.36136258832596,2.3474516504541163,9,8,11.86088373638143,145.60358144926894,200.00204158566189,4,7,1.9135697759748371,0.0,0.0,poisson,,
standard,11.492443686653935,5.708958881442721,3.1800289223150964,12,14,18.852206238806342,99.37282135683886,471.2110801937522,3,4,3.0049730317886514,0.0,0.0,poisson,,
standard,19.11094044825641,7.537113611226608,3.432565599156389,10,11,20.800044862070145,75.72430793805472,413.6393945233209,3,6,3.849934477518764,0.0,0.0,poisson,,
standard,36.33910283704758,6.422909316239238,3.629606706607298,16,12,51.455406231514104,110.10045457959404,367.46724817984267,6,11,3.6006577984265586,0.0,0.0,poisson,,
standard,12.9634095769927,7.294931987957586,1.8957748507336352,19,9,30.33926227385206,108.47776250380971,360.13838380180846,2,7,10.165236706633781,0.0,0.0,poisson,,
standard,17.560811419938084,5.995613838446798,1.9041648881708264,15,11,34.75900969412778,97.04909615880128,479.49759524622937,3,10,15.08682655709559,0.0,0.0,poisson,,
standard,18.854367710756804,7.271072887474023,3.961096813427038,17,5,19.594416814104022,97.58492679580013,454.10178276802003,3,5,5.920459693047702,0.0,0.0,poisson,,
standard,16.440509874556604,7.9259272411150254,2.5821918777537065,19,15,19.720348555441248,121.05041847535459,351.8378024376393,3,7,2.2081347743327786,0.0,0.0,poisson,,
standard,10.311143810469943,5.65310917583507,3.6016306983187167,20,5,20.572493258877337,92.21736970998961,373.2454962085699,2,3,12.070817475344567,0.0,0.0,poisson,,
standard,7.165699151853991,5.215947107774744,1.7005040611768536,16,14,40.86403779083281,140.6654938749511,314.8986806333678,2,5,2.4865851065177824,0.0,0.0,poisson,,
standard,29.78030105132765,3.3155867601396163,2.494052001704965,16,12,18.732944127793996,88.48517610290429,378.1311783078746,10,12,17.834606272727484,0.0,0.0,poisson,,
standard,17.15111199321182,4.547937817144863,3.212855323305752,18,11,24.848942407239907,97.98522122247053,426.08182378118664,4,6,5.4415063694872385,0.0,0.0,poisson,,
standard,10.102459992633069,3.910717296138871,3.6290803507675067,7,12,36.76668164187213,55.9309557777215,303.912407802687,3,3,6.338162529632576,0.0,0.0,poisson,,
standard,28.29742406314406,2.542595879331807,3.14633001387865,18,13,21.533832299537472,139.6351205214993,220.74725597279775,12,10,2.2124140557763288,0.0,0.0,poisson,,
standard,18.18960577045801,5.783732550539533,2.2918455503119968,20,10,28.00676002440489,98.65238912227191,443.5161558100699,4,8,16.663514238019154,0.0,0.0,poisson,,
standard,29.56630392650054,5.944931206882831,2.1892958062981602,16,15,33.44891565516704,98.14275649635721,223.8347623607636,6,14,2.9081114065793923,0.0,0.0,poisson,,
standard,20.396373937775635,4.689439431046883,2.2156283481726797,19,11,29.762597542339797,99.08185381100418,242.40199817428095,5,10,2.655644866389773,0.0,0.0,poisson,,
standard,18.83831027449691,3.7167489670369673,3.7036747056380035,9,7,15.761244195265764,126.23069455243612,471.198951303367,6,6,1.874044372442473,0.0,0.0,poisson,,
standard,7.860239104507325,2.4670421097231925,3.4785772351663455,15,10,55.99282848547487,96.57269095325833,365.3466190090061,4,3,2.1915112792182336,0.0,0.0,poisson,,
standard,12.417439563415176,4.14144694239344,2.833241605116,18,5,24.525237116895706,88.04499929799229,326.9011426128757,4,5,2.2540690150213165,0.0,0.0,poisson,,
standard,11.073317251597643,5.245632302034978,1.5547061875812882,9,11,42.12527663713195,62.821026410973346,463.98008952220835,3,8,2.163371907052777,0.0,0.0,poisson,,
standard,10.639677652316209,2.003580121800568,2.393387690543363,6,13,37.847018387984676,104.4323513642508,220.42983655773662,6,5,3.2696467296256877,0.0,0.0,poisson,,
standard,24.24502443253536,5.615974017788583,2.5802784054319843,18,12,48.55795258190875,137.42742343760884,401.0362350270738,5,10,2.876666693645806,0.0,0.0,poisson,,
standard,17.951315452430038,6.637337952439675,2.7145444377684265,16,10,16.236556221513425,122.10962232531898,392.7650071192686,3,7,5.4639812547941755,0.0,0.0,poisson,,
standard,13.84791162386696,4.472453521499248,3.6242843602455688,6,6,42.93457017094069,145.58448455351117,476.928151630093,4,4,6.147020627755513,0.0,0.0,poisson,,
standard,29.239908661038335,6.507237662186599,2.4744527822536497,17,14,51.67170272740867,67.79029166327169,274.72531907783247,5,12,7.182461667606676,0.0,0.0,poisson,,
standard,26.898623536262924,6.442578003500661,2.7806310940049452,14,10,39.56520021250117,70.40718556958078,455.2120218358682,5,10,3.979424572009506,0.0,0.0,poisson,,
standard,16.619019377788824,3.3899147139294588,3.619663532974999,10,5,43.50118579382523,126.9917506490135,244.7335272659775,5,5,12.296313576651183,0.0,0.0,poisson,,
standard,7.982007999640511,6.306327090925074,3.541811076108541,19,11,43.39345243468238,87.8400389958988,447.9697057342625,2,3,1.8722331505787335,0.0,0.0,poisson,,
standard,16.73199979320669,6.942366803355085,2.059439354700854,12,9,54.68230212965024,65.07763310389763,392.852694058661,3,9,2.526914549410591,0.0,0.0,poisson,,
standard,16.44592639542455,6.841339177862562,3.372766659324044,8,14,12.59786268847892,54.12518715982587,258.67143982090096,3,5,9.106987801689934,0.0,0.0,poisson,,
standard,10.507840260939055,4.704446013753185,2.68391927337185,9,11,30.164820659252246,135.01596354143805,384.4807349300757,3,4,12.545199801719955,0.0,0.0,poisson,,
standard,10.391179378429296,4.073597349974124,3.2607321818480077,10,11,31.30840602426233,123.93821561036098,302.93531441624276,3,4,2.9055144590474806,0.0,0.0,poisson,,
standard,20.38453209119718,6.292919803319378,2.551169916253985,6,12,34.582369217901174,50.815834677023275,301.0207000848387,4,9,2.002370946936051,0.0,0.0,poisson,,
standard,16.27581997026894,4.798716240258288,2.3735931658602927,12,7,10.65780455493431,146.3700581346157,449.6990367009273,4,7,8.326289279621317,0.0,0.0,poisson,,
standard,6.0281741135392215,4.216468894908771,1.2041336914812768,9,8,43.47156928836128,60.26805537751654,389.54900561584685,2,6,2.7060533675170193,0.0,0.0,poisson,,
standard,5.762925957173118,7.1391040778336485,2.2989790682773146,7,15,20.72392905851019,144.62541893510485,480.712875385873,1,3,6.193976955300134,0.0,0.0,poisson,,
standard,6.476357468817089,3.0310836737734204,2.5086695214432115,12,4,11.272420035887844,68.00882071591852,279.91329686115955,3,3,3.1082552127240186,0.0,0.0,poisson,,
standard,25.6734194740002,6.814967089284995,3.280855050453857,15,13,10.655978810676732,104.82228793927685,379.3523508776817,4,8,9.529221113831403,0.0,0.0,poisson,,
standard,7.370305737139399,5.881186675826354,2.1305600603283237,16,13,11.26655878187069,118.51706769481203,232.61743719849255,2,4,2.6137187227092493,0.0,0.0,poisson,,
standard,10.702884301108554,4.391984125929238,2.302333612060219,12,6,20.91968243388124,82.6240526705004,266.2455569311519,3,5,4.210529687027676,0.0,0.0,poisson,,
standard,38.62416224934781,6.859113417736259,2.986612426531671,20,15,12.358667396043508,88.82805437190527,431.7787374781715,6,14,3.3988557967648583,0.0,0.0,poisson,,
standard,13.95573873173095,2.9841360042071385,3.8199213589870626,11,9,54.227896658466996,145.6976736868181,333.6022283704913,5,4,5.555941232933204,0.0,0.0,poisson,,
standard,14.710885813744689,5.878928081918011,3.9487109743407105,14,8,48.87263182197106,91.44098860346125,374.9891075957966,3,4,4.941419355916868,0.0,0.0,poisson,,
standard,7.047039628132561,7.367185445984321,2.7589440726803214,15,6,18.993287361957044,123.99231256920355,235.03393866039653,2,3,2.438732128972388,0.0,0.0,poisson,,
standard,10.172754638183312,3.320143093242308,1.7014935834466727,20,11,13.951737227734025,79.48979702735019,329.16951170791424,4,7,2.056153343108162,0.0,0.0,poisson,,
standard,17.729156882099403,7.152513378949915,2.249517298899559,7,12,20.68345439600406,52.26299101641205,283.90638492090204,3,8,9.933641744304078,0.0,0.0,poisson,,
standard,5.127190775936696,2.844948019609046,1.3672432087782185,13,6,36.85253198845931,149.51109944323528,264.10073824835655,2,4,8.862198515885407,0.0,0.0,poisson,,
standard,5.34954338474855,2.418552952531934,3.6565517325577956,11,15,58.90303050392972,133.7459194252363,292.44377545719135,3,2,2.5334998546785,0.0,0.0,poisson,,
standard,14.000812209240753,2.750178107105378,2.075610582063658,18,7,34.34077342081291,77.17956868386165,366.0444532906189,6,7,5.035683402351723,0.0,0.0,poisson,,
standard,39.218535671947166,6.444867412518929,3.949251753072091,11,11,57.09888841518082,65.32370790359315,284.50928051332437,7,10,15.162025028977999,0.0,0.0,poisson,,
standard,11.284659259079188,7.205796026293321,1.2286299225440325,14,15,33.12104691062319,133.71952055737304,206.34393019078465,2,10,3.4263667816336114,0.0,0.0,poisson,,
standard,6.631366308608799,5.555585679632344,3.9436452070996344,6,4,57.795623972203416,67.3369442693589,302.14502885216064,2,2,3.3984946547904977,0.0,0.0,poisson,,
standard,7.556232739600075,3.4576793233659515,2.5930856462202803,10,3,28.857071425916082,51.31604734379637,273.7689066283512,3,3,12.334054544622019,0.0,0.0,poisson,,
standard,18.301183893804552,7.21219749862994,3.351369876946693,8,6,15.647049595514758,69.99336605888168,381.0052556158811,3,6,3.419532599015155,0.0,0.0,poisson,,
standard,18.583107652705095,7.316628605889768,3.3683207134340627,17,14,22.350743048963658,51.15937848709502,287.3098511859934,3,6,3.639815600092744,0.0,0.0,poisson,,
standard,35.12204078338925,6.903108197435113,3.601327668103797,15,13,42.049019470550164,97.44155202200302,251.92890960029143,6,10,4.785032334264811,0.0,0.0,poisson,,
standard,17.779378673737263,5.256157017970072,1.6949926861557794,12,12,39.051277645711195,111.54978238237068,471.3261641595203,4,11,3.507670150257936,0.0,0.0,poisson,,
standard,15.614268268488779,2.6251762488592716,1.825400578919639,12,12,41.12114333131029,65.06118187146615,384.06591716692867,6,9,21.534008480342884,0.0,0.0,poisson,,
standard,11.159429988937532,4.34866678678865,3.0565849609104925,17,9,15.050035864475433,54.06491796839899,238.21691090348287,3,4,4.5929481298914965,0.0,0.0,poisson,,
standard,5.2781391618701505,6.629603731242782,3.3354382308143125,15,11,56.61435767647277,73.04998340280207,423.16103417227146,1,2,6.030163852828487,0.0,0.0,poisson,,
standard,6.940149630588005,2.8970715970332863,2.013892300878039,17,5,33.75047950557682,70.50745150913247,253.37993562084114,3,4,3.193204928909527,0.0,0.0,poisson,,
standard,26.588667687711027,6.738170296962072,2.867257813109878,8,11,36.83635554452516,110.88084045030818,343.36286302509023,4,10,19.49138816129557,0.0,0.0,poisson,,
standard,24.922765323501025,7.974960075622042,3.867010026649768,13,8,29.150926643313404,75.84769673533222,470.7683072064756,4,7,2.4227393952298213,0.0,0.0,poisson,,
standard,7.32725677536895,3.7276291813958995,2.0717403751190537,14,6,58.06434064166047,105.7884318699771,303.15182051077846,2,4,30.756962827045758,0.0,0.0,poisson,,
standard,22.06959354316918,7.528109927745816,3.2680101797757946,13,13,32.867541467193064,112.31439253653507,318.9885222227476,3,7,18.070526135793926,0.0,0.0,poisson,,
standard,20.916829667068967,5.171143120181255,2.1396308900574406,19,13,56.23824858853419,110.3076538521102,276.7386951888281,5,10,5.3632300381467495,0.0,0.0,poisson,,
standard,14.330091757235875,3.6252416787196893,2.8357427960411203,5,10,34.73205454251807,112.20363462114369,223.40514694493518,4,6,21.93339334697716,0.0,0.0,poisson,,
standard,10.098557320043689,2.7997216529282696,1.4687731668463087,18,15,48.852315132348885,102.27090115113013,489.54837766154833,4,7,10.658085293420068,0.0,0.0,poisson,,
standard,7.090131280786549,6.5475959332202285,3.044059242105572,12,3,52.005231912973024,77.5655781529878,385.1637925286752,2,3,1.8040836024309677,0.0,0.0,poisson,,
standard,22.24011170845858,3.892434998088345,1.897806003033065,20,14,41.455717158412995,130.93521102321574,411.3306339399718,6,12,7.056620525298855,0.0,0.0,poisson,,
standard,36.08911937354401,6.135465194643093,3.574210968986166,20,15,16.81212232490124,99.22297098357619,232.7147245647448,6,11,9.25062920110539,0.0,0.0,poisson,,
standard,18.28999568679339,5.6790828639041635,1.7056784139379444,5,12,49.3411009563537,121.88130100165795,313.4876160018879,4,11,4.808305688535739,0.0,0.0,poisson,,
standard,12.796409549099632,7.2933448413313355,2.7911790436427557,12,11,42.019652380576645,113.76534369872029,205.54677854598611,2,5,5.763103093449192,0.0,0.0,poisson,,
standard,10.393116119871127,3.291465225914682,2.3566414701487863,10,11,56.97831692604311,108.77855696169053,201.49328964680487,4,5,2.6390512825111623,0.0,0.0,poisson,,
standard,15.837139086308657,6.25957228195144,2.261376339282904,12,9,18.651623754714024,53.09318057410918,250.9071236567613,3,8,2.7707217673950355,0.0,0.0,poisson,,
standard,7.123550247425663,7.771681210308991,1.1700611601909392,11,8,53.882765481103284,74.90029313582659,342.17917227926114,1,7,12.680669638554022,0.0,0.0,poisson,,
standard,6.894554333278328,7.325327306521256,2.4820420664555773,7,12,29.560704803486445,70.89594844251272,369.7312683848353,1,3,20.429309624896185,0.0,0.0,poisson,,
standard,42.57562200766008,3.0577832306042243,3.84913785462361,18,12,49.5413799493165,65.2916817835453,253.35743558047733,14,12,14.137175096533884,0.0,0.0,poisson,,
standard,5.782884343882645,5.338550329121439,2.3825334310505526,15,9,37.0526801873131,56.12670232090381,386.683046414499,2,3,2.177893784250292,0.0,0.0,poisson,,
standard,19.307064270153944,5.37957899112553,1.4164042750765304,9,15,52.268070388394236,104.46709225831626,400.5206000732931,4,14,5.201956205125343,0.0,0.0,poisson,,
standard,25.562274182367325,5.567382938998097,2.2833622713224426,15,14,34.01260187586049,108.61549279295815,334.89655652959516,5,12,3.515241732650525,0.0,0.0,poisson,,
standard,32.813743023940575,6.485805424303491,2.7278202168547656,12,13,10.727979880854823,141.86177791881045,260.92043377037555,6,13,1.9019581497019913,0.0,0.0,poisson,,
standard,13.753562470483528,6.034979050526975,3.1732606451045755,15,10,36.88570129373397,61.17525405201519,357.9753955851519,3,5,2.325502208099055,0.0,0.0,poisson,,
standard,5.004158214845076,4.020054227851576,3.232068150316972,8,12,12.093554702561528,68.87062683143972,381.4929141253916,2,2,2.6860929812069845,0.0,0.0,poisson,,
standard,11.621321954107184,6.545674869594452,3.2468022028535923,16,12,26.689266053910405,112.88316823580794,396.46502382294375,2,4,6.026144056278447,0.0,0.0,poisson,,
standard,34.27923251498767,6.576311492594128,3.1358281572268987,18,12,51.4156649308617,146.82091343745486,495.88387423046385,6,11,15.562837265874004,0.0,0.0,poisson,,
standard,13.6773037463218,6.504620935350949,3.324306038037753,19,15,41.585534289872385,63.125318711148616,384.5967806986795,3,5,1.6810904892358,0.0,0.0,poisson,,
standard,35.544483526434604,6.008309375819005,2.6518351721897413,12,14,49.502020947567345,90.74228626476275,281.98357594192294,6,14,13.353961130563725,0.0,0.0,poisson,,
standard,10.420965284225792,6.026166973142917,1.395668289702201,18,10,35.69397673209823,59.722678551298515,370.8452506433059,2,8,5.335337801288473,0.0,0.0,poisson,,
standard,32.936982266990185,4.186157841181991,2.963946178678133,11,13,31.84739065164128,61.87537165500735,446.97941220677296,8,12,8.572930313007452,0.0,0.0,poisson,,
standard,8.45471529029047,4.059256743746992,1.962289980648725,12,5,35.065191718738376,140.73456713614615,473.5997468072663,3,5,2.265868815756088,0.0,0.0,poisson,,
standard,20.402850516878562,7.179387488544789,3.963361604741474,8,12,31.734053160519956,111.33957019626999,317.2840444712957,3,6,6.8492189627862645,0.0,0.0,poisson,,
standard,13.906869957964783,5.721900600759996,3.8544622871136713,14,5,17.865017082806204,71.98015099451216,393.7000293946646,3,4,3.619550005315354,0.0,0.0,poisson,,
standard,5.962420161298925,4.133691902072503,3.7978827941023203,6,5,25.460945773750762,57.169029549765405,486.82798972278994,2,2,3.194435953991028,0.0,0.0,poisson,,
standard,9.292062943863387,3.421023646347508,2.542439773314992,18,10,54.513179452986016,59.20752558902165,359.5387657310698,3,4,5.960573313973068,0.0,0.0,poisson,,
standard,17.90306057686105,5.0829792546642185,3.4917594675339716,8,11,21.330146064159564,103.20865220898514,303.8542825655768,4,6,2.7768156373342094,0.0,0.0,poisson,,
standard,21.58909262790224,3.4568000759557176,3.2957087298434424,14,9,10.958857420143577,116.73453087081573,220.2829894594656,7,7,3.334462588988213,0.0,0.0,poisson,,
standard,6.886891738222654,5.921430129428381,1.5241728961462249,15,14,50.20359593199141,80.98211023603344,493.0047380173357,2,5,2.936488809726194,0.0,0.0,poisson,,
standard,9.304509711767771,2.034253120750358,3.996886931612212,20,11,45.44272916162205,64.07569465666062,402.86098919231614,5,3,3.5150968014239012,0.0,0.0,poisson,,
standard,22.727432068218878,3.3338161550404264,3.7807434007190746,12,12,30.133806279395326,81.62605380441076,329.0652314691598,7,7,6.237742799293509,0.0,0.0,poisson,,
standard,5.901082820379182,3.164056690008704,3.4346351306706255,7,14,45.89055625281561,118.80008912017918,444.4812399883765,2,2,10.091813660494507,0.0,0.0,poisson,,
standard,10.434563008323805,3.256340004231073,1.852493965018208,10,10,29.443983219219614,73.3763998872633,390.1339573283951,4,6,3.876951141809482,0.0,0.0,poisson,,
standard,22.47186729416225,2.516868332148777,2.9043887395116115,9,8,39.898487046287656,80.01677278347258,402.87781595716245,9,8,17.756845378106135,0.0,0.0,poisson,,
standard,11.951405192342312,7.704090586635694,2.8666211776634234,15,8,16.566928899842296,135.01783773130643,244.7619133064627,2,5,2.7365551321936117,0.0,0.0,poisson,,
standard,14.884345095540118,7.864133901999008,3.6262392470447495,9,9,14.899808226709208,134.6850531694172,311.0209212040148,2,5,9.643064023532121,0.0,0.0,poisson,,
standard,16.65120256070025,2.8406288157702826,3.0110321826972575,17,12,17.938948013563028,133.03386975398462,226.68242180730078,6,6,9.152549790258737,0.0,0.0,poisson,,
standard,27.20488730443168,5.169038530049445,2.622155000052992,20,11,33.36359234801823,70.84601649687897,275.1729721908514,6,11,2.7755047201124157,0.0,0.0,poisson,,
standard,11.080190787433281,4.9444032745051025,3.301004102746069,13,7,25.956731540651624,106.04529652664895,368.0366206532507,3,4,2.2863486137300475,0.0,0.0,poisson,,
standard,5.540975636476988,3.8577953047750917,2.9700697845733486,10,9,29.793013346006415,114.82740249558138,366.3185724781856,2,2,8.360349602096036,0.0,0.0,poisson,,
standard,9.364837643082772,6.858001671329747,1.4620923511408566,17,12,18.468634895144262,54.64951172219161,366.68612968584193,2,7,2.9791103187481607,0.0,0.0,poisson,,
standard,18.577914319176497,5.148664613326373,2.621052741421545,12,8,52.895675668552876,81.65303790244036,443.59249195152825,4,8,3.3256250156998655,0.0,0.0,poisson,,
standard,11.142848474640886,3.2062669127525316,2.1364020951773295,15,6,45.98767104477644,143.83810570665605,246.5861532669448,4,6,3.01456208647845,0.0,0.0,poisson,,
standard,15.83402625380162,2.5038737194654335,1.3549844310121109,14,14,20.943475457754523,76.3497222158355,434.2102011183462,7,12,5.07050333164889,0.0,0.0,poisson,,
standard,13.748613906967277,2.5719240059671833,2.1065317247294764,11,13,10.372710251448078,94.05260390600502,248.58823772667108,6,7,3.663701751434762,0.0,0.0,poisson,,
standard,6.246327355827949,4.302035710170492,1.2871587637112545,6,13,15.661963017215687,121.63186267630256,323.53308350193174,2,5,8.422957042049276,0.0,0.0,poisson,,
standard,25.748491940322292,4.937989035636349,2.5051497610888602,11,15,41.39321127774055,147.90223230225035,231.59460446447918,6,11,2.509388224410297,0.0,0.0,poisson,,
standard,26.60901177404837,4.946147273641702,3.8286101277308418,13,14,22.43382988975452,114.7942796332824,485.4685587670817,6,7,21.232424905424516,0.0,0.0,poisson,,
standard,11.18732585937968,5.4948166137741685,3.240654365155282,7,8,51.07007381977716,147.45949506470015,302.1917010528822,3,4,2.273464066072954,0.0,0.0,poisson,,
standard,14.878754766084887,5.66373118474535,3.473304688740756,14,5,16.579992143059997,103.36378986201429,456.0908501668047,3,5,3.4744050358433207,0.0,0.0,poisson,,
standard,36.64958465635259,3.0362388955620245,3.223870052445527,19,13,53.09865270182263,74.6508242350825,303.59426680562467,13,12,2.683442622572696,0.0,0.0,poisson,,
standard,25.380664887947123,4.815616420814786,2.682758393115117,11,10,27.4476540910595,112.04231725522212,483.50935986021966,6,10,3.03131875112964,0.0,0.0,poisson,,
standard,14.325619355244404,3.411322183199087,2.274013680155579,6,13,28.467278631445577,87.64493549435679,202.1676479119883,5,7,2.552182831544986,0.0,0.0,poisson,,
standard,9.138266828092506,5.633120501315749,3.492492640013123,6,5,36.72885074281544,94.57982752684273,300.1076831363393,2,3,4.391028298335801,0.0,0.0,poisson,,
standard,11.497031865955822,6.849268531517564,2.0566849064620847,11,15,26.97283402221516,63.09151301980577,355.13056138842967,2,6,5.012105660482778,0.0,0.0,poisson,,
standard,15.775264396882134,3.0057341245121387,2.1824933739760923,12,10,59.89555138849184,148.93481499555986,359.05744818681785,6,8,2.617202356239171,0.0,0.0,poisson,,
standard,23.149481817581197,7.1637989292739785,1.7049119588456079,17,14,32.76992479730707,59.49576590258518,321.9851409132333,4,14,3.589227506490946,0.0,0.0,poisson,,
standard,22.778655715207087,5.255357481778849,1.8946448169946875,10,15,50.962573606367606,132.05471719450486,420.1253793982038,5,13,2.4817407443446484,0.0,0.0,poisson,,
standard,9.775822224665015,2.77288043735886,2.5233397273527354,16,8,26.420861417951905,101.30401955362771,330.5471427579945,4,4,9.737838199806248,0.0,0.0,poisson,,
standard,15.556950656066642,5.437682342885266,2.808411161468125,20,9,13.099980403014069,148.40038178793202,473.9336677292989,3,6,8.84212275352979,0.0,0.0,poisson,,
standard,5.0446783312164,6.730007767833389,3.474251453941502,10,4,22.255870491512788,147.38386299670236,333.33725512380397,1,2,4.544274777175783,0.0,0.0,poisson,,
standard,7.9206781460860665,3.7607111108912297,3.951139836690288,7,13,30.869037607958944,98.55225419353283,202.29868863392824,3,3,1.5219167462575267,0.0,0.0,poisson,,
standard,7.221836510215319,2.440376368841471,1.5519253762471439,10,11,28.50473764018501,97.14196803016202,232.2114131729458,3,5,27.40691803886157,0.0,0.0,poisson,,
standard,9.838663468799574,2.51197358946851,3.218110084492942,9,13,41.79054945785802,66.63196544932725,331.71755249288753,4,4,12.730902179734356,0.0,0.0,poisson,,
standard,20.630640565959308,6.371084254545387,3.463301295393899,18,14,48.20887172765949,149.0848955661176,343.1891904295586,4,6,24.00844530568751,0.0,0.0,poisson,,
standard,5.478713896794124,3.245364957774594,1.9862214123259325,12,12,35.85722758794936,92.97142918073976,470.04516560918665,2,3,6.814158145869383,0.0,0.0,poisson,,
standard,21.994057909160386,2.729544956740332,3.8485130713616846,10,14,44.94059469026357,63.318833388773164,301.21795836828124,9,6,4.398006591366579,0.0,0.0,poisson,,
standard,21.630428632918193,3.9550177347447106,2.1607401756916937,16,15,54.96365265984942,132.68147199321112,461.07675987968514,6,11,2.8552152072047035,0.0,0.0,poisson,,
standard,18.421149441983538,4.590845270936525,2.6113037423827445,12,11,45.136162556436474,85.4255916408376,384.141741938771,5,8,1.8574120020768572,0.0,0.0,poisson,,
standard,30.19964680427749,7.597693681689287,2.653258262795484,19,15,33.266766887563236,102.19921908153174,353.6921304095135,5,12,2.3402394172093475,0.0,0.0,poisson,,
standard,10.254720809041407,3.8900780428452464,2.2998446121443843,3,13,27.786741851007292,138.4118003811143,478.12478548809685,3,5,4.210029638397769,0.0,0.0,poisson,,
standard,9.412111258869835,6.158907945259023,3.661492659275467,19,3,48.75022927651505,100.75467409238684,373.4683859981199,2,3,3.56650043723912,0.0,0.0,poisson,,
standard,22.10328338060767,7.6422430382575595,3.813317949937806,14,7,45.93781601151606,104.51470609821484,393.50484302781445,3,6,13.508581780864233,0.0,0.0,poisson,,
standard,29.14801629571807,6.006481405402903,3.1450381511028316,16,10,16.303115877403464,125.92756413370961,406.7216922038889,5,10,7.807068867721452,0.0,0.0,poisson,,
standard,27.78165592701918,4.416645964012196,2.0138117290485495,19,15,45.41109945105787,115.73967009212402,322.42933071883175,7,14,6.316045666143403,0.0,0.0,poisson,,
standard,9.353057527234776,4.381131872676911,3.186662968462228,7,9,41.38103880223622,85.8243473671943,492.5152791347713,3,3,15.905085858114546,0.0,0.0,poisson,,
standard,19.969066516498177,7.708754839797679,2.5543310836914803,17,11,32.60111248889098,79.27081572632743,257.74813254958684,3,8,7.448724239683277,0.0,0.0,poisson,,
standard,12.78591370530251,6.550513105500314,3.6079627118695172,3,10,57.04171834580461,71.11669238191885,413.26893806952,2,4,22.135693611657707,0.0,0.0,poisson,,
standard,13.830143699759965,4.495810107258668,3.994564445425609,9,4,12.944200714504124,67.10517414077026,348.0318393001948,4,4,2.3970813466197325,0.0,0.0,poisson,,
standard,10.26533117086013,2.580332124934845,2.5037989263071387,13,9,11.354499103515261,99.95319837437762,364.31339593775476,5,5,1.9802426528837536,0.0,0.0,poisson,,
standard,20.39376441624369,4.107475673763842,3.0719764421678484,8,10,46.63769544827628,89.41971120787454,278.6298560699453,5,7,31.021564161540695,0.0,0.0,poisson,,
standard,12.939325418161953,7.050511230163902,2.919241340066629,17,15,35.42947639997465,134.84492256368543,405.8408704551244,2,5,7.1049686283579465,0.0,0.0,poisson,,
standard,6.110146042361777,6.651382315743675,3.684703726125984,13,6,23.741368847178908,128.48619303040277,308.0544499352079,1,2,13.91041494563229,0.0,0.0,poisson,,
standard,22.553027577235326,3.4508517201257165,3.3785526504758785,7,11,12.363907569613982,94.47416260477576,448.12736875392,7,7,4.991146957119051,0.0,0.0,poisson,,
standard,8.1651325782103,2.6452362667028044,3.7153667115102875,17,5,53.43675599139669,122.79528374549797,419.54642982558585,4,3,1.91975017440797,0.0,0.0,poisson,,
standard,7.523378558793165,5.952079375950204,2.4070604442744976,8,10,42.11104571683662,91.39742574253819,450.36703701169483,2,4,1.8927259296422638,0.0,0.0,poisson,,
standard,6.839593634662863,2.963410843453942,2.9813825582098312,20,13,12.760237776306774,78.92895346087616,209.81927020678432,3,3,2.3738825563626866,0.0,0.0,poisson,,
standard,16.28327891536197,5.789248133510705,3.293035415477071,8,14,10.968419022628442,90.16333372987228,439.6118597143186,3,6,5.735371142613229,0.0,0.0,poisson,,
standard,20.874175495703952,7.22507039324222,3.3253132555276443,13,14,19.628924393588363,86.54456359510169,432.69901150177407,3,7,9.821061960005109,0.0,0.0,poisson,,
standard,29.42301861036338,7.5838921204078105,3.175684979119087,8,15,32.35881422848705,128.02681555327092,303.5174095306937,4,10,9.229850878513565,0.0,0.0,poisson,,
standard,19.563085146015936,6.324797780175398,3.71868017081915,5,7,27.81451027395119,63.01475111422168,218.52179185763663,4,6,1.9592557771312413,0.0,0.0,poisson,,
standard,5.732926025578797,7.1843918064352765,2.9324831645929876,8,5,45.14248627283741,60.86844609435239,206.606458005979,1,2,25.89179458428787,0.0,0.0,poisson,,
standard,10.801644487125206,7.124231858665157,3.7292333913767433,12,5,35.13117759139889,142.09535411265068,309.1813281385254,2,3,10.79665745819103,0.0,0.0,poisson,,
standard,15.52087661728483,6.1401244086802755,3.737482037717298,3,8,23.561684071859716,85.37929186924197,310.7113197599026,3,5,2.6758340641816796,0.0,0.0,poisson,,
standard,17.003349749016827,5.958848737659062,3.672003413458036,6,9,32.79746310649815,94.28333437089243,489.46158769978723,3,5,8.868511933326936,0.0,0.0,poisson,,
standard,15.012412217337612,7.845090164002836,3.030363938942135,15,5,25.182245205615004,64.53326078110973,406.31189699047184,3,5,22.067732754908562,0.0,0.0,poisson,,
standard,13.180162344434931,2.6801310396647473,2.4252455342031354,16,9,35.09931339930634,80.56709321159305,274.4801605999082,5,6,13.776553642989205,0.0,0.0,poisson,,
standard,22.10858847335023,2.5992197603727956,2.4854712026412673,11,11,54.72962041664617,142.24729681567112,397.1476704574879,9,9,11.60000328383612,0.0,0.0,poisson,,
standard,10.440833418944859,5.242410613168254,2.0586887737314643,18,8,20.273921719898077,123.37613429398182,403.4495818234052,3,6,1.7742232582871262,0.0,0.0,poisson,,
standard,31.38751629181833,4.978101994780267,3.914691639746702,9,11,59.2474832021679,107.59878050996788,427.0632948331197,7,9,2.1659651620915286,0.0,0.0,poisson,,
standard,33.59125503962788,3.939839163570117,3.54946277027296,17,10,50.9705370236045,87.65121258500886,358.0750038488869,9,10,3.796033941758947,0.0,0.0,poisson,,
standard,16.75287256518127,5.750140552151279,2.5587505213402038,20,13,34.84811565345452,50.137879730368425,234.89423872584155,3,7,13.295195763613929,0.0,0.0,poisson,,
standard,9.66040423434016,3.2534759139359064,3.7616707005238434,17,3,22.530494983548913,50.58162325744511,455.87792463471385,4,3,2.7699537400882717,0.0,0.0,poisson,,
standard,10.025609654245848,4.424287438767967,2.39792625333307,7,12,45.09412833817069,141.29523698700814,329.1284756071894,3,5,2.192184381711287,0.0,0.0,poisson,,
standard,12.08428594454375,5.6317221426743895,3.7640618946206184,19,5,58.185566748374455,68.93618626315524,337.687707237705,3,4,1.8073487390628415,0.0,0.0,poisson,,
standard,9.801936755229963,7.846252497342708,3.1239439503165563,12,8,21.870805263623403,86.03288400807352,242.2195126718883,2,4,1.746796698367641,0.0,0.0,poisson,,
standard,5.952609769078517,5.6687150028278905,3.5341763773432353,5,6,35.31978787657267,89.95627635896619,357.9713577998044,2,2,3.2789158851799622,0.0,0.0,poisson,,
standard,12.148958923654241,6.1312173517607835,2.2479229452600475,4,11,11.672985557154893,53.749494493461015,342.82010354103153,3,6,2.2818149728266865,0.0,0.0,poisson,,
standard,37.01608485487433,2.4589708573237417,3.5635223115395425,20,12,37.21060123238753,76.8938683042176,356.2559214306406,16,11,2.7746982627234287,0.0,0.0,poisson,,
standard,37.4927910935375,5.361757676030039,3.5786513026503375,17,14,24.034066669466057,83.58640973267114,365.14530696708084,8,11,2.67210928967875,0.0,0.0,poisson,,
standard,17.521784327649495,3.441862972309149,2.663865953912258,10,9,13.605983136817681,134.39056309888355,428.0514514995598,6,7,3.3032182429907655,0.0,0.0,poisson,,
standard,24.828479661046153,7.393247326918765,2.4945908875924134,17,14,38.22715735788425,135.24665019116873,368.6684385258793,4,10,22.45827221074582,0.0,0.0,poisson,,
standard,12.715228066695412,5.529210882184904,1.369338394218802,17,15,22.26819908947482,147.02343624260754,274.5731365388351,3,10,2.8173078509758733,0.0,0.0,poisson,,
standard,10.081800151904467,3.822807487527835,3.5294766660678993,12,7,50.70968073591958,123.56185918040492,417.0174273306819,3,3,9.04263471812273,0.0,0.0,poisson,,
standard,22.632962036819126,7.540672194376988,2.553201977505514,12,14,19.259005238982276,127.77234698102886,343.4475584251453,4,9,8.038051307918302,0.0,0.0,poisson,,
standard,7.075944164749019,3.4955555334543456,2.8242300503254727,12,15,23.24541065771566,77.79096918553901,242.98211546506136,3,3,2.5334844644417087,0.0,0.0,poisson,,
standard,19.199637213837466,6.939115604906359,2.425298736277046,4,13,19.484200416230102,137.97127745953776,381.9190342798437,3,8,15.79106787718528,0.0,0.0,poisson,,
standard,18.25498804407535,6.535228709827389,1.8230999017856093,5,12,23.804206628944737,112.07340198471657,471.1773009865942,3,11,5.618796686754594,0.0,0.0,poisson,,
standard,16.577053188738383,4.221510591332242,2.705583061257302,4,15,56.89957673504011,81.04304035942513,215.20889071768664,4,7,14.471741331335313,0.0,0.0,poisson,,
standard,40.552534515204336,6.750886683664071,3.531894027821367,18,13,22.598109256330773,103.34845317738163,468.03142800035187,7,12,2.6608297848796374,0.0,0.0,poisson,,
standard,5.231685365417453,4.276088082606062,2.070122547489257,10,12,28.77057826317752,126.66385990986682,288.56172686421314,2,3,2.8326431365552445,0.0,0.0,poisson,,
standard,22.906005137747687,2.4030170129381094,2.6764912386688744,15,15,25.96662882935676,85.77930821618466,310.5563288053609,10,9,4.473100127802129,0.0,0.0,poisson,,
standard,20.49621869544864,7.477748718664571,3.389858494430791,8,15,29.33848741851821,128.03802149242205,456.6182134180415,3,7,4.336787884216412,0.0,0.0,poisson,,
standard,28.818475931050706,4.192659894426491,3.3297902353336912,17,15,24.07516346267314,135.08148109937233,263.85060058617773,7,9,10.54656120888578,0.0,0.0,poisson,,
standard,17.315204658597544,6.863633071036349,2.737875243350029,16,11,11.531374545459224,75.94129420551724,422.3115665090578,3,7,3.087908761707955,0.0,0.0,poisson,,
standard,5.5898219458446485,3.5460628101512155,1.7139243260360009,14,15,56.44269229316492,92.97392965626926,493.7691731309952,2,4,3.3508192046061582,0.0,0.0,poisson,,
standard,8.753682375364836,5.486349816017469,2.1922010511964807,16,12,10.402535049182855,71.20281045789403,236.97410575612705,2,5,2.9366566306275974,0.0,0.0,poisson,,
standard,25.00915915490622,4.474668321350336,2.336148263504155,17,13,25.334664308589712,63.727100239349525,347.8697857712143,6,11,5.694792999147581,0.0,0.0,poisson,,
standard,10.06247573685378,5.109078447182533,1.1544927229963164,8,14,10.703053127711877,144.06235931478136,318.206560292561,3,9,4.625881853047307,0.0,0.0,poisson,,
standard,21.561780565243982,4.202080734342943,1.8943016063968656,12,14,40.553821926290915,116.97104050493455,237.05025135044275,6,12,2.799088292340522,0.0,0.0,poisson,,
standard,12.116669054008266,2.4972577688896838,2.777723215400466,6,11,34.879982184493095,142.88019361564903,309.53154014875514,5,5,8.12287844403614,0.0,0.0,poisson,,
standard,6.38772624160821,3.320548762963076,1.0913213201696088,11,8,43.322002144605705,99.49715406194797,295.1278837495859,2,6,19.934514630506936,0.0,0.0,poisson,,
standard,6.505487774160555,6.181484707550315,1.6953558480394966,19,8,35.27088473804125,67.6422582732906,436.3054090976507,2,4,6.733434076110034,0.0,0.0,poisson,,
standard,5.67084893543219,3.3821984260130824,2.072793867157044,9,7,35.23382957724529,119.53179120155814,298.8791643322476,2,3,6.316392566051896,0.0,0.0,poisson,,
standard,15.254210061756464,3.7934957448677293,2.512076718083086,20,7,52.607343736459846,66.32628455924362,330.6688503696311,5,7,1.9245755714476769,0.0,0.0,poisson,,
standard,26.61917475888001,3.5586555686902956,2.5215751599497116,9,15,52.34539598448669,62.22727305150995,465.0644414076315,8,11,4.135540270127041,0.0,0.0,poisson,,
standard,11.958670853587325,7.946389159016108,1.8786291460684585,17,14,39.80233846397659,100.62845991304428,305.719696496678,2,7,3.1366573164406097,0.0,0.0,poisson,,
standard,15.173982201580557,7.587454479765746,3.9273360531594066,10,8,24.051108450718637,101.44081914043313,425.9382181303912,3,4,7.619895328581903,0.0,0.0,poisson,,
standard,21.636569649459652,2.183992327466866,3.0381280941603395,14,9,51.01569002584084,80.55996582425068,256.5051442224851,10,8,11.932778921550753,0.0,0.0,poisson,,
standard,12.217742253218821,3.5641670820420934,2.0289634255117117,15,8,46.2068551970615,120.42892876944065,442.1619585068612,4,7,2.6368295589047497,0.0,0.0,poisson,,
standard,26.232289845101622,3.671661362180666,2.313111358987843,16,12,41.877180869294264,109.7092320972216,394.23556835321665,8,12,2.703114291948765,0.0,0.0,poisson,,
standard,7.537446234171638,4.227300541038215,2.683073858947792,18,4,31.129102755727253,117.13379777852526,474.22617203304543,2,3,9.108193225168026,0.0,0.0,poisson,,
standard,7.928312578354797,7.994050772640278,3.843353955070087,19,9,37.42057286452584,92.3838729599085,217.78271929967295,2,3,1.2175212118107068,0.0,0.0,poisson,,
standard,19.10737128354264,6.516408574236017,3.7760635796401205,6,15,14.902236956036067,116.60969566733158,436.4964727275874,4,6,1.5173904390414819,0.0,0.0,poisson,,
standard,18.179341837887705,2.1356891280980106,2.3622191381722244,11,10,27.106214056469643,92.42526297545737,241.44473164536964,9,8,5.46992176306736,0.0,0.0,poisson,,
standard,9.572014850642336,7.589250537469412,3.756196712322584,9,7,26.439209632769558,102.66775305402143,486.0212742463114,2,3,2.6732235325957316,0.0,0.0,poisson,,
standard,12.309261655663532,7.860353725073045,3.6025155646603566,7,9,21.279467437127465,134.16477340503548,465.2103765681357,2,4,3.1852671000658246,0.0,0.0,poisson,,
standard,32.85552314614756,4.264891331115333,2.5525831454236934,18,13,14.807095280335854,92.06904790934533,214.82910658161427,8,13,11.068102560337886,0.0,0.0,poisson,,
standard,28.124637921731704,4.086822627070792,2.7155046605076314,11,11,39.07419724602202,120.7545755353535,245.50606650653216,7,11,9.871918105485898,0.0,0.0,poisson,,
standard,5.8374472192645985,3.8929893960537436,3.5334480360366003,7,14,39.651834467852225,55.552280712041735,223.36932711234834,2,2,3.9713763106956796,0.0,0.0,poisson,,
standard,24.706689211131508,4.195271484858996,2.4254280729979083,12,12,50.56390645335277,104.02421054394637,407.8376251181828,6,11,10.122042925518786,0.0,0.0,poisson,,
standard,16.936103724819453,2.746428165849031,3.1999674409031047,17,9,38.43558712968006,82.50588527598663,203.9792343346948,7,6,2.4685186187393917,0.0,0.0,poisson,,
standard,11.918594188967386,4.099463420005609,1.8688029506910282,16,9,40.079773739016986,133.98752518371577,481.1379087053023,3,7,12.152430832884042,0.0,0.0,poisson,,
standard,12.862710061047306,5.210917695286127,3.2781362792236384,16,5,35.49912278882844,136.89022179734866,453.87314802938033,3,4,14.355905412594078,0.0,0.0,poisson,,
standard,8.806591739739977,4.757451615394584,2.0203811001792156,14,6,54.34627068691202,103.13766502435615,400.3376668328151,2,5,7.774188271726423,0.0,0.0,poisson,,
standard,5.484919617851572,5.7470981421429554,1.0032428450697444,20,15,47.71064755703712,96.32225429366036,266.87113538496214,1,6,23.531657013820194,0.0,0.0,poisson,,
standard,12.59257505345023,6.885394866682023,2.122364476924024,11,6,51.16939238508078,146.15497502550016,408.9719830078009,2,6,20.249415287837614,0.0,0.0,poisson,,
standard,11.419803592377606,3.8579915334253965,3.3600258468985946,5,13,57.0834916185842,118.79178148875967,218.70556792904068,3,4,26.099241092214285,0.0,0.0,poisson,,
standard,5.959531123623295,4.572899818010126,3.1366609665203367,18,10,17.29089540579893,149.4276414869205,496.51073380567584,2,2,10.527852350361993,0.0,0.0,poisson,,
standard,8.282156032955724,3.1241221537267125,2.5845595000350317,4,14,52.58160942568547,112.47941348384946,473.6189230696946,3,4,3.718504009789279,0.0,0.0,poisson,,
standard,8.88153687384159,4.338286196101877,1.1312367218462098,9,9,36.31900955010944,94.3879827868915,442.09681671177015,3,8,7.924041153910223,0.0,0.0,poisson,,
standard,13.748185389694227,6.575077627382743,3.099042218290749,6,7,13.653904838603577,65.59058158713708,498.38189725187624,3,5,2.3140017203216297,0.0,0.0,poisson,,
standard,43.79910099398269,6.115837003167853,3.5112133165641164,13,15,24.187060484216868,141.77390373881008,375.7556015530542,8,13,2.8617778046111644,0.0,0.0,poisson,,
standard,14.47369560509527,5.04616285072188,2.548675335301284,5,12,51.85343386289648,129.12634236743048,237.03767572248188,3,6,10.227340870534144,0.0,0.0,poisson,,
standard,15.423600886299925,5.627246887507617,1.7904443933787273,16,13,27.813795805198495,65.32907702180106,372.278113130431,3,9,6.20616026345137,0.0,0.0,poisson,,
standard,21.49693315224952,5.363760914487324,3.8831886789343524,14,10,56.62335135216646,137.89620554444542,487.9139344372619,5,6,2.7202235906347125,0.0,0.0,poisson,,
standard,5.810925515276144,4.816051340460989,3.895970199227194,12,5,36.02838733468746,98.7049237377463,391.3005792000361,2,2,2.289593467933923,0.0,0.0,poisson,,
standard,19.892784080502693,5.2565266584849475,2.2651852524452307,4,10,46.87129937291665,148.81842352792117,351.4327571210601,4,9,8.938138724013994,0.0,0.0,poisson,,
standard,31.004466962832765,3.4609215481157642,3.5908546710120044,17,15,35.73702797241867,142.33612479954627,348.86989115082764,9,9,26.611413524218516,0.0,0.0,poisson,,
standard,9.087807766489522,4.871853045544064,3.439209997439105,8,9,51.61956161034228,81.32365025149643,431.24437512772374,2,3,9.373225772996317,0.0,0.0,poisson,,
standard,20.299633560460983,2.3106343308335893,2.7018076639952913,9,10,32.25080827520857,89.99081327653376,478.5280843215578,9,8,6.753206446664912,0.0,0.0,poisson,,
standard,21.955675155264355,6.010961553955569,3.166895505507177,12,13,34.106112579324396,79.15092411081574,295.117655893802,4,7,17.29503499056269,0.0,0.0,poisson,,
standard,9.478676397197821,2.6474614083282706,2.4303307086469252,18,15,55.17281720673813,122.34181027830117,220.06185866609627,4,4,12.10946615402229,0.0,0.0,poisson,,
standard,5.135394519069763,2.6222797110556235,3.2131851587672036,20,5,14.420075922820939,82.43441025280055,474.1423771484274,3,2,2.8675384346660153,0.0,0.0,poisson,,
standard,24.631616956409914,6.816259337645849,2.702962648477066,19,10,12.098965620350807,54.82871358436328,483.9403543102063,4,10,3.365477807582363,0.0,0.0,poisson,,
standard,24.56088362959176,6.844953517192903,2.846869217850652,7,13,16.62166895164828,136.7315797377007,380.23279892287223,4,9,4.708553469176905,0.0,0.0,poisson,,
standard,11.377799001134605,6.897463583586951,3.2144043846023806,13,7,42.04290774886003,63.58397636978796,294.94834151184324,2,4,4.229019339504661,0.0,0.0,poisson,,
standard,7.956750039228177,2.5473014280210027,2.1302756043210405,5,9,18.148035080433857,138.0210946843385,381.53906577577266,4,4,4.7395626934446495,0.0,0.0,poisson,,
standard,6.947169566931921,4.781641166580341,3.2194407984330837,14,13,11.117031589516703,121.27705132099904,357.86500505325864,2,3,2.2557423703936488,0.0,0.0,poisson,,
standard,13.979840575201255,7.16266907332405,2.286890320720939,12,7,15.50043561254035,77.91056956028729,414.0830060275023,3,7,1.7155160086952468,0.0,0.0,poisson,,
standard,12.170504859015644,4.434561644592271,1.8685577793373147,20,11,30.38395643188838,73.66971239808686,379.0571337003922,3,7,5.706173206340491,0.0,0.0,poisson,,
standard,15.294851801080862,4.9546901347997965,3.8145978693958664,5,7,45.742941978634654,77.22200282856913,462.3751168265145,4,5,1.6257167287785144,0.0,0.0,poisson,,
standard,23.039204011700534,3.0488460391393652,3.3171475369754377,19,15,46.70449922194335,74.316078622319,266.5660247755099,8,7,20.41276195669893,0.0,0.0,poisson,,
standard,6.993843675394573,2.203048157513959,1.9300179376295254,9,5,13.605074133276032,55.02975898008239,428.02754342042,4,4,3.8063755233456913,0.0,0.0,poisson,,
standard,6.246323267902696,3.5017205440516195,2.273138168021267,5,7,27.792439546097977,91.65746429034547,210.95141303273505,2,3,7.96821012160112,0.0,0.0,poisson,,
standard,26.919071656999648,5.552757127975983,3.0855491859597164,10,15,12.295928542083425,142.89837831421522,399.5995692399565,5,9,9.83590097175625,0.0,0.0,poisson,,
standard,13.244509749379713,7.3991445781191345,1.423332470969833,5,11,19.536944934665073,110.22738167625847,248.23347605444155,2,10,5.961012304671223,0.0,0.0,poisson,,
standard,16.79382456831043,4.316688473951334,2.7814196589646154,16,8,27.808336582699653,50.37518059362491,275.5857305348,4,7,9.821858420409459,0.0,0.0,poisson,,
standard,21.887455527638245,6.697819378650257,3.948674544754671,18,14,28.39497979242635,130.52543693183267,413.78077518471173,4,6,3.0071726354846233,0.0,0.0,poisson,,
standard,9.483713325819325,3.605879611479522,3.169003446184455,14,11,51.09229031687557,126.47363093593077,312.94481998988556,3,4,3.1938463980665324,0.0,0.0,poisson,,
standard,7.710849174492147,6.914647528517378,1.508356625863999,14,15,15.215025137000234,127.95379673631867,328.45422994234843,2,6,1.966620988034826,0.0,0.0,poisson,,
standard,21.050935371362336,3.6834557625379514,2.016444473064258,6,11,47.04767280753284,78.24775329562323,386.9834401688171,6,11,5.279667045283572,0.0,0.0,poisson,,
standard,21.684590482457903,4.440651110111972,2.5207526924101655,13,12,25.45777485502427,146.75569566995344,319.6272283409493,5,9,10.833356126089981,0.0,0.0,poisson,,
standard,6.982739709632342,7.699114169010837,2.80280809688273,15,9,59.12080250241436,60.81561948498563,482.3915527206001,1,3,11.605074518196298,0.0,0.0,poisson,,
standard,16.996512452367327,6.4226046827559164,3.867051449642173,15,10,54.64873371219677,75.54363937241187,324.60873147651444,3,5,3.820357052215674,0.0,0.0,poisson,,
standard,19.874975711286858,6.42574772760139,2.671433768371698,8,8,58.980665489677335,68.22968438608711,257.73780153465196,4,8,2.537523964700172,0.0,0.0,poisson,,
standard,46.46140097958981,5.018088732731606,3.289316396492898,20,15,26.831289583276444,89.92491227954767,377.93433181912866,10,15,2.3739429381285815,0.0,0.0,poisson,,
standard,20.44625942000765,4.169027057554731,1.8961521746574737,13,14,45.14654817865704,110.10740042612937,203.47471779792906,5,11,14.987692607979909,0.0,0.0,poisson,,
standard,19.585590986890253,6.074123009813674,2.797112097861137,18,10,59.27127530156542,95.75396511915719,237.14800587538474,4,8,1.9427100094342813,0.0,0.0,poisson,,
standard,13.175537294410896,5.135689628392081,3.590897352145722,11,7,36.365433525273836,84.85417100497685,380.5915212207409,3,4,4.661917315098306,0.0,0.0,poisson,,
standard,5.154883267035421,3.491745679206014,1.4256523945811435,8,4,59.68928152522818,56.155358813970004,304.5877654835559,2,4,4.256243404075866,0.0,0.0,poisson,,
standard,10.085190289879668,3.69550793323577,1.066332817799308,6,11,50.19044533036906,86.52426805771134,227.28324488198191,3,10,5.784246286979139,0.0,0.0,poisson,,
standard,27.758227663892953,5.309377464515511,2.835284602065071,11,11,13.000425005037606,101.4365462457834,445.9487111980965,6,10,5.821658072573326,0.0,0.0,poisson,,
standard,12.398285286175048,3.7943353223967904,3.482602521187399,15,7,29.449650781965524,105.25795749044384,400.6204475599945,4,4,3.151947975806317,0.0,0.0,poisson,,
standard,20.837210281022692,7.4434916242189555,3.060124134206054,17,13,14.193922025964731,70.09545748689784,369.667529579865,3,7,9.6493916866361,0.0,0.0,poisson,,
standard,20.826062407809943,6.134141862557458,3.0313369275305155,20,12,36.1433205700547,137.55568898471648,451.99960255736653,4,7,8.910580569735972,0.0,0.0,poisson,,
standard,31.232596220775473,6.038183598255438,3.141208110457703,11,14,33.51995292783754,113.95487794208034,282.7270332289996,6,10,18.408117185607676,0.0,0.0,poisson,,
standard,20.61423804700774,6.960019279512796,3.5357428045810138,5,13,53.28995992718656,99.59951683503087,347.8612349791096,3,6,31.41892338736091,0.0,0.0,poisson,,
standard,40.30817169355743,6.088461884961525,3.2865572037701005,19,13,23.586058351033586,60.48554079091133,232.89069613763263,7,13,3.745007543892969,0.0,0.0,poisson,,
standard,38.74597409459632,3.9947587203948363,3.6020682384718774,17,15,26.211866895287248,136.56111577048898,292.5312062853674,10,11,7.262573874145389,0.0,0.0,poisson,,
standard,21.597398432620302,4.674991196249235,2.8337043925208025,8,15,26.267693219583172,114.24789315136287,311.2624758001997,5,8,4.9674626636157715,0.0,0.0,poisson,,
standard,5.6465091733434685,6.759183618890266,3.6391081123839593,3,8,39.67371816952594,79.09448642772954,200.78288783128656,1,2,7.009265317087021,0.0,0.0,poisson,,
standard,7.375978393130155,5.990803741146592,2.831147632531102,14,12,42.385942017588995,76.1868903383072,233.56774774978777,2,3,3.0607784553569806,0.0,0.0,poisson,,
standard,27.79212225897273,2.2562808792985836,2.2345886096155487,13,14,31.303364977254972,129.03529906272234,496.3641520820466,13,13,3.520434537087534,0.0,0.0,poisson,,
standard,42.003302985213374,3.9408307959829965,2.89811697931835,14,15,36.71364491466287,114.21995273731879,465.9386891610144,11,15,4.871017911576374,0.0,0.0,poisson,,
standard,9.3894908152289,7.657342451334121,2.579840118009548,15,15,13.303043287145524,86.67200331653868,227.09877175209354,2,4,3.361834030321889,0.0,0.0,poisson,,
standard,26.736150137243182,6.010617187257791,3.575203416821164,7,8,29.632692548714314,123.02570761367525,419.9593066160555,5,8,3.317994007754833,0.0,0.0,poisson,,
standard,32.422053021536364,2.4909535461349854,3.191266704642594,16,15,31.94716387369558,137.92399148464742,244.18578568400437,14,11,2.3111810323348827,0.0,0.0,poisson,,
standard,8.000971672768875,7.956460923422263,1.2884435362967834,19,14,38.4613427124398,80.05781642141947,434.3274155180589,2,7,2.1097314937706737,0.0,0.0,poisson,,
standard,15.384476064062124,6.955847161375133,1.8471830644007277,14,10,15.52367469744261,101.68197526592601,261.9623998833034,3,9,2.5107026470308833,0.0,0.0,poisson,,
standard,5.361996881601914,6.283817687204261,2.7955927833759406,6,9,25.42775989030918,131.47480789565793,328.40130144934943,1,2,17.786599616475712,0.0,0.0,poisson,,
standard,23.222606718847075,7.5927775103450665,3.214750084510651,6,11,53.83786683388609,54.15419236896509,225.5733200574714,4,8,1.924429926679514,0.0,0.0,poisson,,
standard,5.072240779728947,3.0335281087471127,1.715331248435576,11,12,30.402045110177593,99.06123777718639,347.8039094794205,2,3,25.86518619770307,0.0,0.0,poisson,,
standard,16.170027028987384,7.9794133409602725,3.4862245530458598,14,7,54.84956619296829,71.87004374039813,240.66885643209696,3,5,3.1632568380968076,0.0,0.0,poisson,,
standard,11.693132638322993,5.926095795583268,3.2234395789240695,5,6,38.259145291131816,52.30668128539455,313.44881753572344,3,4,3.0520685000402152,0.0,0.0,poisson,,
standard,9.323757380038069,7.91725271279823,2.483096784395882,6,7,18.971314370694337,78.47028425822663,236.01844567841417,2,4,4.599392075476823,0.0,0.0,poisson,,
standard,16.698774474743246,6.3045883669992,3.6066251959825295,9,14,31.06336694967217,55.74754108517993,217.38158734969863,3,5,4.896649855497353,0.0,0.0,poisson,,
standard,14.089407352072026,7.227698488287855,3.022854130110713,13,7,39.2529434088543,133.2049693942531,380.67366278388533,2,5,21.936312840787146,0.0,0.0,poisson,,
standard,32.500838905719924,5.419205294968939,3.23782485047453,10,15,47.152740087632274,54.955929658505944,283.91852679912324,7,11,1.8249112632105096,0.0,0.0,poisson,,
standard,30.447950625838555,6.458210467336551,2.6169441046391695,11,15,27.537986223365877,106.7731139021144,455.6002481929081,5,12,5.967846254530778,0.0,0.0,poisson,,
standard,7.691730592524497,6.018416086925282,3.321535535998983,6,8,17.070744849689387,130.65064640647495,233.11763634133192,2,3,2.0372524671234054,0.0,0.0,poisson,,
standard,13.117325528054597,7.5059037913945925,1.5984644899015867,6,10,22.27373590667615,145.36289935140422,351.1570864145622,2,9,4.892837684608729,0.0,0.0,poisson,,
standard,19.99384565148724,4.564152461059535,2.304538704171871,7,9,42.74590888020173,106.64849052679301,262.7485681038814,5,9,4.512063915270363,0.0,0.0,poisson,,
standard,18.98850627192331,5.490808726104984,2.2066015932294745,4,9,29.916229789199196,81.72442078477982,306.03636300053637,4,9,4.123551356485606,0.0,0.0,poisson,,
standard,20.561140592767014,7.102116269257192,2.373194443264049,16,9,13.464206891684446,68.1833567112322,365.1267325315134,3,9,12.073187040201752,0.0,0.0,poisson,,
standard,49.67873917914022,4.224886843878112,3.4098582675017974,16,15,19.04496787978055,104.10861123070259,227.3924384497309,12,15,6.372114502419249,0.0,0.0,poisson,,
standard,12.401155866696135,4.685389220502022,2.4910479462509643,16,10,53.37227438471367,115.62054259975262,267.528703400994,3,5,48.39785570353588,0.0,0.0,poisson,,
standard,8.502848385671575,2.5299298410491335,3.928950535690608,8,6,25.69162470667372,115.54676941378472,355.8652735225215,4,3,2.326269143270552,0.0,0.0,poisson,,
standard,9.172009228964885,4.6500725937591945,2.918979920017711,18,7,16.155702841319727,124.82664695936504,212.66610628257556,3,4,1.64292336722842,0.0,0.0,poisson,,
standard,11.683659400426993,2.03312122149596,3.8743923188179705,7,4,41.59200773289892,86.31845779057889,214.0982755404408,6,4,4.771123172681109,0.0,0.0,poisson,,
standard,39.603638078620904,7.985404043001654,3.1410341372523947,10,13,36.51562459135466,137.0001524490216,358.1640217089848,5,13,26.878141909679044,0.0,0.0,poisson,,
standard,9.37109206761319,2.0830653918809707,3.020911333139426,18,10,47.67195211535416,121.5236947609512,244.99065223772914,5,4,2.946924170512725,0.0,0.0,poisson,,
standard,6.147628046322269,6.986465437571433,1.4260699549939568,8,7,23.420607829964066,137.4364310269882,295.8192997155438,1,5,9.160014588276908,0.0,0.0,poisson,,
standard,23.607171656385585,7.7433914991179105,3.973598675798078,14,6,26.235211101686463,148.42583512663685,326.1194191659866,4,6,17.429065589027175,0.0,0.0,poisson,,
standard,15.088871628138172,2.1896145897956982,2.5841198813594146,7,13,59.013618558226185,110.53010404069565,252.77890898121677,7,6,15.359999996180882,0.0,0.0,poisson,,
standard,9.595805892784806,4.527532958416668,3.5650975579309874,18,3,38.4743883380868,50.03874888438469,374.24630965447557,3,3,3.7046139142213006,0.0,0.0,poisson,,
standard,10.498933791421585,6.275876573782703,2.4618587778049372,10,15,46.12812906297585,146.15056543299693,244.63108569055225,2,5,3.7933142294328963,0.0,0.0,poisson,,
standard,28.305667472106812,6.411628925316675,3.5140495006599775,15,13,20.726785157733215,94.9376735543641,321.67085712567723,5,9,2.3883970152601686,0.0,0.0,poisson,,
standard,9.049739035984002,4.098522045346536,3.881992421427741,13,13,37.7261743418028,69.94797949151703,351.9875675385964,3,3,2.1038564864838047,0.0,0.0,poisson,,
standard,17.250900268025944,6.875702951585478,3.5039738663632694,14,13,22.26041489190512,84.40104677458956,443.03980795600467,3,5,14.400545666348206,0.0,0.0,poisson,,
standard,14.662785933790731,3.1883899850545787,3.0263775730820495,8,5,28.140685029933717,80.40358459496188,213.3138639421069,5,5,8.613617696586356,0.0,0.0,poisson,,
standard,15.715762938723849,2.8961609958462464,3.337097954149089,13,14,51.83735157448059,105.35703655989266,372.54809774264663,6,5,4.908577639735269,0.0,0.0,poisson,,
standard,23.863530196589522,5.715568268423784,2.753030839069249,16,10,49.93422206994832,137.17324620932592,355.253515338211,5,9,3.9351534428706194,0.0,0.0,poisson,,
standard,18.217509928934884,4.1989147484268985,2.3136053492002695,5,15,59.53766585895472,96.4068187623969,393.12888882756084,5,8,9.25736765267943,0.0,0.0,poisson,,
standard,5.791208646057802,2.932392739136644,2.468383107128383,19,9,24.612274238440428,121.34227801531438,274.2315024600978,3,3,2.1138180488052676,0.0,0.0,poisson,,
standard,6.36836188146861,4.400224889684912,1.3466082077088308,7,9,33.85353207405632,135.7652470202479,430.05298560591757,2,5,5.274096806741194,0.0,0.0,poisson,,
standard,10.90052427820241,3.9232317075420293,2.828123699949675,15,9,58.644174227771906,124.82497464470386,207.26069302621775,3,4,10.825798195396608,0.0,0.0,poisson,,
standard,6.062975641829344,6.14651270204803,3.9456964528188805,4,14,57.89312254499208,116.67779453200328,308.2056026260159,2,2,2.1783179057529343,0.0,0.0,poisson,,
standard,10.088518188076808,3.2110607759569483,2.567544120418894,12,8,45.575356786874465,61.59505820544767,416.3798497608118,4,4,14.949006000886712,0.0,0.0,poisson,,
standard,15.61976393794683,5.996486175711739,2.5672176083371427,10,14,38.06758824415327,124.64592618178304,255.42025813244948,3,7,3.1856471246421574,0.0,0.0,poisson,,
standard,9.579816224644649,6.529867509468199,1.7694648193848068,17,9,16.607531034399717,116.81172040792848,357.93025638863554,2,6,3.1557016273013225,0.0,0.0,poisson,,
standard,16.377471623844546,6.8925742272665165,2.305100560144755,19,9,34.32844186438355,51.62917734814594,407.73128682672007,3,8,2.343617737756655,0.0,0.0,poisson,,
standard,8.006695083098997,7.330021085903379,1.776391619966697,16,7,26.071569150796254,96.49582601829457,342.3148589709041,2,5,2.6785800891715694,0.0,0.0,poisson,,
standard,9.137367256605941,7.666085861356148,2.576023168261602,14,13,25.72179853158816,86.46229272345681,429.26264434265397,2,4,2.7500632685323927,0.0,0.0,poisson,,
standard,7.481948218455111,4.471063654463786,3.7863545365563165,11,9,10.214446029634525,120.4078612457546,258.9058354355863,2,3,3.2451041618957928,0.0,0.0,poisson,,
standard,8.91777622989333,4.246124326175821,3.8990667159551284,18,8,41.90466277518138,116.50569749929194,453.18597105892434,3,3,1.8628386357155369,0.0,0.0,poisson,,
standard,13.181649223289272,2.7506417817101463,1.741752107025424,9,14,23.45942950815946,141.79344443851323,258.76585642561895,5,8,7.185875255036931,0.0,0.0,poisson,,
standard,13.475551422390454,7.026641993463203,1.4521011856480646,16,10,47.717442209944934,59.26140243600266,322.3986989584648,2,10,13.296481072778702,0.0,0.0,poisson,,
standard,19.982160261933885,4.619509642104789,3.7631454314335038,11,13,12.490604847661166,114.2628651908301,366.4855821851342,5,6,2.5205691395743983,0.0,0.0,poisson,,
standard,9.225013145080645,7.636404028153998,2.692786109448626,19,4,42.75948367438079,98.01713588730793,486.0258793798632,2,4,2.2988457394897184,0.0,0.0,poisson,,
standard,9.928965273462847,3.624815805532256,1.3984871815726603,5,15,25.83797955987381,56.73908884433878,333.1907972837357,3,8,4.954235555963974,0.0,0.0,poisson,,
standard,20.68819551926839,6.068028729499799,3.049256778047362,19,12,51.85223585707189,73.56411107844885,452.536889782524,4,7,5.889650484588925,0.0,0.0,poisson,,
standard,19.358527507257868,4.47375885862226,2.856881133676553,12,15,37.583402926993685,132.84265929281716,272.7326070453523,5,7,5.639511233663578,0.0,0.0,poisson,,
standard,19.889942407595264,5.326926094431655,3.4416260680446285,14,6,48.798016844213606,101.12624749038795,352.3584932420307,4,6,7.7743379569722855,0.0,0.0,poisson,,
standard,19.250453607563355,5.189249760549889,2.722893061944986,16,15,44.07557146398133,138.2148606019775,434.8889366469158,4,8,4.174482957484511,0.0,0.0,poisson,,
standard,39.52121390474451,6.682554399134313,3.63618624552136,8,13,42.08037961511766,99.15638708155912,353.3842883073585,6,11,18.88571441959877,0.0,0.0,poisson,,
standard,26.65798376919292,7.1813590152086295,2.738592814473881,6,11,18.23447509816547,76.05468772744251,230.180828036099,4,10,6.845521980718822,0.0,0.0,poisson,,
standard,7.872345640551055,3.0110646137303134,1.8171194296569584,9,5,42.690305682848084,108.45577006524553,443.19230031892903,3,5,3.904736017498104,0.0,0.0,poisson,,
standard,6.782056028027861,7.7534891885202795,2.1528110886815552,5,15,48.313994114366075,80.80987973763422,403.05834492696346,1,4,8.250839937054273,0.0,0.0,poisson,,
standard,20.642841865009352,6.1843469918746505,1.7727394584254752,16,12,34.89078542809804,85.69437313109998,261.30988467568665,4,12,4.210504527220744,0.0,0.0,poisson,,
standard,19.02922933605859,7.348077343019933,3.482017437087583,6,12,45.32361484219367,118.35944123612927,367.59673552797733,3,6,3.6911911381712716,0.0,0.0,poisson,,
standard,10.506071605452114,3.1810243002601553,2.054601755375275,20,13,50.0592580748334,75.75643070779438,319.0830797669578,4,6,2.4333892780278044,0.0,0.0,poisson,,
standard,33.80608993751312,4.771316182922751,3.6586089415832315,9,13,35.20784709820168,64.94378755869064,397.4731179728442,8,10,2.184164906083151,0.0,0.0,poisson,,
standard,46.32860331263409,3.3939036279320978,3.455206384615229,19,15,57.13136707526295,149.00477794643953,308.3188852728591,14,14,4.534877913488588,0.0,0.0,poisson,,
standard,5.858486444835628,2.5957314447248994,1.7302752411827167,15,10,43.64443168161838,131.09892553610368,435.4430996333256,3,4,2.843588343679045,0.0,0.0,poisson,,
standard,26.612707940405855,7.883209836253625,3.827112892086404,11,10,48.9007559475524,89.98624565744427,495.2838649537452,4,7,22.65704683325069,0.0,0.0,poisson,,
standard,9.738594467178164,4.758828023922504,1.3909811779911538,20,11,45.08637619527682,84.26604916336882,241.25881860754703,3,8,2.054708065944165,0.0,0.0,poisson,,
standard,17.654196340851097,6.026820306903485,3.3666209507246565,7,7,18.629471863439065,141.66937859247565,460.0102449000726,3,6,14.873918214541035,0.0,0.0,poisson,,
standard,26.844840280146883,2.315716337712438,3.710952125622763,12,10,21.12378189840829,51.64240980415203,343.0549281362296,12,8,3.7618094924112224,0.0,0.0,poisson,,
standard,16.077950193546492,4.418228791744967,3.3546947329077756,12,8,35.928346273650256,65.10887887221308,288.110128068814,4,5,7.09364105857107,0.0,0.0,poisson,,
standard,6.801146109672938,6.027663226253873,2.2618156371690255,6,7,22.702112511567066,106.07508284848896,308.2800588741919,2,4,1.5908295340384238,0.0,0.0,poisson,,
standard,15.267640768312434,6.28906471739121,1.6754724331153383,18,15,42.04203891604681,91.30337259754032,316.27013343303287,3,10,2.7043601067929623,0.0,0.0,poisson,,
standard,27.084636482491426,2.7410564925463032,2.754128652288089,14,11,11.392100892442716,66.72235462151397,233.32884537906335,11,10,6.97846520418073,0.0,0.0,poisson,,
standard,21.546224887609124,2.781708855202785,2.2295965138453395,10,11,23.186763626276857,137.09443793924564,394.933512684432,8,10,6.96389253536684,0.0,0.0,poisson,,
standard,28.800707748757834,5.388526376998143,3.4647987754925746,17,15,21.60949199338866,68.8703053051768,259.1891059508264,6,9,2.6658291926824442,0.0,0.0,poisson,,
standard,32.508807415674426,7.84537258130515,3.936838196639403,17,11,22.875299607474858,120.30718220649351,389.78931555920207,5,9,2.085242719429245,0.0,0.0,poisson,,
standard,34.18684078662042,2.202867036976298,3.858731279718449,20,13,51.81552813136014,104.39393022034147,489.4507057679356,16,9,9.25445111683135,0.0,0.0,poisson,,
standard,17.268305018797605,3.1239204653034047,3.5666697643703205,17,6,36.31474422676864,138.8001530255662,336.1355676934138,6,5,8.09702168891333,0.0,0.0,poisson,,
standard,9.378545193439162,2.945814155123945,2.4148302982651995,15,12,21.659436660576894,115.04402478135594,261.22900370504703,4,4,9.527903508290079,0.0,0.0,poisson,,
standard,18.34264582439726,5.463640115628601,2.399167359324185,18,11,15.273491294362776,75.2983996178047,282.8483095342331,4,8,4.069412783288374,0.0,0.0,poisson,,
standard,11.010703348152205,2.797629023903119,2.9566471885085512,11,8,59.21438355334483,95.29660075092842,431.622720971876,4,4,18.788832271359613,0.0,0.0,poisson,,
standard,47.41143443286107,7.4985741338625145,3.605163750705415,11,14,16.906942254959258,131.69646418584284,389.9775344082399,7,14,2.3737027429163855,0.0,0.0,poisson,,
standard,22.899962051421934,4.794732281121503,3.3781340231057664,12,12,24.233747098122485,62.773328733202135,235.67572219654335,5,7,8.580857057298338,0.0,0.0,poisson,,
standard,23.054394948300438,5.13159585523312,2.327425989781215,7,14,25.080833089848355,117.12589095026193,280.62617618655344,5,10,12.34380693318928,0.0,0.0,poisson,,
standard,22.072149764099798,2.273354105231217,3.2633225882180605,10,13,23.51384120601627,100.42520145642462,481.12004536748793,10,7,7.638589305749903,0.0,0.0,poisson,,
standard,12.366431365492335,2.6167821268100493,3.5634445946214974,13,9,35.531937304846835,89.01475046753595,392.83597874055147,5,4,5.1881693648095855,0.0,0.0,poisson,,
standard,19.34476482237617,6.638697179656652,3.741050464731379,13,12,47.67178612773551,77.89281662215218,296.20791618178424,3,6,12.198385652680841,0.0,0.0,poisson,,
standard,5.3618956358730525,5.048220095058091,3.905634417493502,4,11,58.64332883573106,85.53229698096774,489.84640046440364,2,2,1.7379805239505774,0.0,0.0,poisson,,
standard,8.460049666825054,6.731492681767383,2.6611147164288553,10,5,55.59813989857076,146.254752630202,207.71934008992926,2,4,1.8920925464124758,0.0,0.0,poisson,,
standard,18.682931854992667,2.70257014283143,3.863732252305356,16,12,44.746460831404605,122.97634145788149,498.0932315139611,7,5,17.28307316916785,0.0,0.0,poisson,,
standard,20.041622029128455,2.6559401227806902,2.0967698415519447,11,12,46.27331491872627,66.46656614323277,405.03576456484836,8,10,4.581808553750287,0.0,0.0,poisson,,
standard,21.74625369736474,3.6774405972273714,3.3842363346793847,15,13,18.793354662756805,53.2173132528441,286.4038371911384,6,7,12.994803705461308,0.0,0.0,poisson,,
standard,11.933873367562807,4.147186503786623,2.3505827535293653,4,13,17.342008732409976,131.94474111138874,454.06925534754464,3,6,8.880480516194844,0.0,0.0,poisson,,
standard,25.540048676792182,4.699060785965212,3.0603142350837076,14,11,54.04026653030709,78.98391300957053,370.1500523870236,6,9,3.043175601083643,0.0,0.0,poisson,,
standard,8.321335724052608,6.528933202185515,2.565925627813469,17,4,51.224069928073064,116.39603473041815,298.2027141687454,2,4,2.040349959184726,0.0,0.0,poisson,,
standard,7.002148715914304,7.830481665513221,2.8445964878732584,12,6,17.23842006189165,119.32081387295244,249.92142932479825,1,3,10.197119347365184,0.0,0.0,poisson,,
standard,37.595564720571744,5.328796876047911,3.6856797357001048,20,11,54.76191589508517,91.36839422942192,324.09249252259053,8,11,2.076605601475598,0.0,0.0,poisson,,
standard,29.376216157401924,3.9480369512562756,3.839239553038538,8,15,46.856418031539036,121.10799695991878,290.23333034282695,8,8,4.3970497643086475,0.0,0.0,poisson,,
standard,20.637560386023914,7.101540716156342,2.6820016600614838,9,15,35.79939513111315,138.14731595544293,440.47900155164814,3,8,13.419546954157402,0.0,0.0,poisson,,
standard,6.200199686444773,5.443747752541159,3.4085124275152596,13,13,20.45053413380775,106.77790218926916,448.63704988840504,2,2,5.744784052796021,0.0,0.0,poisson,,
standard,13.709195398693776,2.235344262457574,3.45995190387986,11,14,52.23967321995384,132.39100972554752,462.54833250244496,7,4,27.43507789926033,0.0,0.0,poisson,,
standard,11.587604914532886,3.3524625380243833,3.2984935401932876,7,6,40.799003850129495,95.9896301362231,444.073819208386,4,4,3.4479992145576164,0.0,0.0,poisson,,
standard,6.569246527316668,6.171725283904822,3.949164470136278,4,3,31.690090263371047,62.12687640985635,223.82488142855294,2,2,3.054731927933661,0.0,0.0,poisson,,
standard,11.875743321957227,5.980877720147061,2.335760710928896,4,8,28.451861033832657,119.1226870719586,328.9627883951657,3,6,1.7020132577731482,0.0,0.0,poisson,,
standard,13.016974908993955,2.156131990730386,2.2734729472878965,19,11,22.918444867363753,104.39892284814067,355.6245204537846,7,6,4.74926628908486,0.0,0.0,poisson,,
standard,28.109102234987223,2.645003265347097,2.4442568093287123,11,13,42.08645291892696,96.27719573931284,265.877654727812,11,12,4.810558891673604,0.0,0.0,poisson,,
standard,31.124146259716152,5.1222637275936185,3.74282739850535,17,12,19.878044334746573,52.20654060405446,218.5857260028449,7,9,2.2577680891121026,0.0,0.0,poisson,,
standard,12.792790549411526,4.183779671660161,1.6577215961953295,20,9,24.549646018231105,53.574207690980735,400.6067106900512,4,8,4.5492675695950515,0.0,0.0,poisson,,
standard,5.983597757608207,4.989395410626837,3.686685329283634,14,6,16.815654060243297,95.54294610047017,377.72441028590924,2,2,2.9618302095169016,0.0,0.0,poisson,,
standard,6.852790698214111,6.21204851817968,2.5411897794823717,9,10,29.493499549123577,99.0720523045396,403.54866413766905,2,3,3.6791007253119905,0.0,0.0,poisson,,
standard,21.915814182412028,5.5011962809715,3.9873872775074135,17,15,37.13374545522771,81.82386636161834,297.97847778073964,5,6,2.519025015658792,0.0,0.0,poisson,,
standard,15.3569565651419,5.3602387961862705,2.915527517922497,9,11,34.64585068466968,90.18586126723571,444.1631934934217,3,6,8.253164997010712,0.0,0.0,poisson,,
standard,25.19658719112681,5.4907811045297485,2.042114957560868,18,14,18.560160586318688,104.90944580655086,252.0891122532339,5,13,3.8306362761143027,0.0,0.0,poisson,,
standard,12.836816744532323,7.485619682110304,2.542695465079242,9,7,45.010186077337956,59.809676602565034,239.45417683070804,2,6,3.939104565398303,0.0,0.0,poisson,,
standard,11.275227240004451,4.051983014846149,3.522966445045385,12,6,27.18400466990727,147.9640231212491,408.8823618398851,3,4,5.262228300753767,0.0,0.0,poisson,,
standard,10.295139024876182,7.560729967463821,3.1933905866234435,5,12,27.60024999619748,144.12860402468365,223.13041044093515,2,4,2.0918374758435156,0.0,0.0,poisson,,
standard,20.575529253178907,5.964750743169699,2.1012994501389017,11,11,15.335257952013805,74.4661304329598,379.9681067453152,4,10,6.383557144614159,0.0,0.0,poisson,,
standard,11.44185783441235,5.0484033184466846,1.6889574180365174,4,12,20.941268666363335,89.01776350135921,366.73193056528544,3,7,5.589149941263971,0.0,0.0,poisson,,
standard,10.29410793008366,3.4986340833261016,1.495053908184413,5,11,42.431697222970584,149.14413982845426,290.66767150073713,3,7,25.969410923134202,0.0,0.0,poisson,,
standard,12.193160013329747,4.629739384009471,2.804074098658057,10,10,54.48075520720472,117.10457688489167,479.423292920236,3,5,3.765391352660309,0.0,0.0,poisson,,
standard,5.420834701763062,4.580289726164282,3.84126619832897,3,12,19.654593523006838,134.23338454078225,369.5727007257407,2,2,2.0090865218470215,0.0,0.0,poisson,,
standard,15.58100067542999,4.445017456256959,2.312990795721813,15,12,57.8773221333522,97.36895210043352,390.34588783016073,4,7,5.526535300848538,0.0,0.0,poisson,,
standard,17.435036963259652,7.776879330562942,2.5816746809968887,6,7,59.96881386078872,76.42769995925025,285.04196091165716,3,7,4.893793273256907,0.0,0.0,poisson,,
standard,22.52036292137919,7.458111050051912,3.62789896840947,6,12,44.37052287815243,72.85146834796925,437.3002580276802,4,7,1.8038389788188112,0.0,0.0,poisson,,
standard,27.449144288377198,4.063437262041358,3.6414822718688753,16,11,10.005387212080453,135.41336900710994,431.98359085430207,7,8,5.961414327754889,0.0,0.0,poisson,,
standard,33.651311778597105,7.372908020125022,3.100664374880509,14,12,43.525767600474595,135.05618198691866,308.71719799812547,5,11,8.728312104547612,0.0,0.0,poisson,,
standard,14.074610946873989,2.0839102214728245,1.1287989582797988,7,13,59.88289489510436,141.13656276901935,353.61795415242045,7,13,6.582445008429881,0.0,0.0,poisson,,
standard,11.389853936667777,2.6901854417927167,3.1348214552088143,17,13,47.91279050796793,50.15211183262165,327.77621753102454,5,4,3.730767509715794,0.0,0.0,poisson,,
standard,20.60649784235776,2.9455524089929086,3.130663618895058,20,7,35.57585927769616,145.50698329382038,467.870690863504,8,7,3.2706051534130745,0.0,0.0,poisson,,
standard,15.388512728617846,2.9613066256892084,2.2838198772632308,11,12,53.438658041656744,106.97068846275117,312.31899501986777,6,7,4.99532249307123,0.0,0.0,poisson,,
standard,5.170618167970441,7.601234147004129,3.169928168054897,7,2,40.29543303830324,87.30610925076095,378.8549514852447,1,2,4.560810017608176,0.0,0.0,poisson,,
standard,6.533361550977863,3.491348662246012,3.6072786601366342,19,9,35.16247105427961,106.75209776907779,240.29977094224986,2,2,12.149869033117408,0.0,0.0,poisson,,
standard,37.0022051171195,4.283080684993977,3.7469457036385494,17,13,45.656443884473745,118.80631819810587,349.01384590810414,9,10,10.558059949119041,0.0,0.0,poisson,,
standard,23.645214797924172,6.453124296193241,2.27335948623887,16,11,21.222479393309804,56.93454686457231,322.9746176963864,4,11,4.376220577425306,0.0,0.0,poisson,,
standard,33.306963827551755,2.948386135993698,3.0136530327564808,20,14,53.01933442637095,75.77281436688573,485.45136631513265,12,12,2.5248487805845454,0.0,0.0,poisson,,
standard,39.386590326268966,6.493835012533449,3.6459830196834897,15,12,28.131459355365802,83.59183281602937,416.37031251775136,7,11,5.834237672619362,0.0,0.0,poisson,,
standard,28.610132704899573,7.6168816432989015,2.4379030863121125,12,13,36.657952745101625,106.75679407367048,326.8297782352171,4,12,7.555067011952913,0.0,0.0,poisson,,
standard,9.88360269826617,2.416027879787325,3.786281369308174,18,3,14.442957649058748,147.20438990310677,473.7483100753991,5,3,3.2896558373827647,0.0,0.0,poisson,,
standard,17.238874488785953,7.074691023794538,2.2342476400941877,5,9,56.98401456387863,93.39895345555541,271.2607441620077,3,8,4.897017015932987,0.0,0.0,poisson,,
standard,17.767029843281268,3.4295678259664704,3.6559029582039972,7,8,22.974394773648196,116.09425550718075,301.8934110178851,6,5,8.002511111574757,0.0,0.0,poisson,,
standard,6.3676822104503135,3.46941956475575,2.725096868988656,3,6,44.751119722842375,53.461389925608096,453.27144333699465,2,3,6.914717407134969,0.0,0.0,poisson,,
standard,15.990183227410794,5.608502298946906,2.5043602080297127,9,8,26.98600238401784,73.76346423768017,201.47663103603725,3,7,7.893673153521398,0.0,0.0,poisson,,
standard,10.3209688188546,4.2396321250497415,3.221158149970047,18,10,15.87952752275469,82.4107058929884,317.4641335755733,3,4,2.475465309339147,0.0,0.0,poisson,,
standard,12.477473189833024,4.7526703791351625,1.7749781566682472,11,12,19.903450238487938,91.35663013235052,467.161527516675,3,8,3.5030797139636847,0.0,0.0,poisson,,
standard,27.56518711640301,7.562422660585625,2.3885300161206304,17,12,50.107342333256625,142.16794399490595,487.45728234759673,4,12,4.688972321133884,0.0,0.0,poisson,,
standard,6.610187166096018,6.997501260844293,3.8164730172587675,19,6,14.244988683202289,95.535048651474,449.1442132493325,2,2,3.6915808072113077,0.0,0.0,poisson,,
standard,30.2137458886868,2.8469091999917597,3.3999846030941407,15,13,47.59659535887728,62.91668455717525,336.8902425777841,11,9,11.31587289976809,0.0,0.0,poisson,,
standard,16.955227370778516,5.841581922379593,1.435941599390282,6,12,30.24328997547777,62.16541313184935,260.2949398239858,3,12,15.372004887507309,0.0,0.0,poisson,,
standard,21.694467279331782,6.996263199982042,3.5543565079062125,8,15,16.998604708951284,135.11656104579356,257.10351876245585,4,7,1.7634203113235318,0.0,0.0,poisson,,
standard,13.263921694736265,4.704737265817942,2.821909592308746,17,9,13.089592717338713,88.39621234438167,416.21809955477124,3,5,8.333074794751221,0.0,0.0,poisson,,
standard,10.895291625628122,7.4614251980835204,3.8395419118612475,18,8,48.97902234345636,147.0218384164698,333.39042957726633,2,3,7.076621643043388,0.0,0.0,poisson,,
standard,6.025994604788954,5.076386201450941,2.5694601505042955,8,12,58.38995550275717,146.35112963210707,255.6894022815244,2,3,2.0735150762547687,0.0,0.0,poisson,,
standard,11.156160838699314,7.159720664079435,2.781590472616457,10,15,50.5437112260712,99.69028422919351,337.73208276605936,2,5,2.6078998461408243,0.0,0.0,poisson,,
standard,26.92743927441559,6.601629998692032,3.444634982708596,18,13,20.02400521193624,69.3679296448081,398.4111239731259,5,8,6.149276620866754,0.0,0.0,poisson,,
standard,19.848927578793138,4.8867766191551345,3.9389927727246103,13,10,12.485540940369557,116.24895014912488,251.8175961892936,5,6,1.700878611740798,0.0,0.0,poisson,,
standard,5.075179043157162,7.241538340845793,3.7362321569784056,4,7,39.117903182326344,137.6867658975717,380.25100469594577,1,2,3.604754160293388,0.0,0.0,poisson,,
standard,25.20631959511811,7.676847770088716,3.0392472467726197,18,12,24.972981628763044,143.04501345345247,283.23451726836413,4,9,2.4024488631114282,0.0,0.0,poisson,,
standard,5.966148210116123,6.8704523561319695,3.1537492109588823,11,12,35.86390661292451,89.8730278353561,302.7347981792297,1,2,15.556131210582311,0.0,0.0,poisson,,
standard,15.271654375591254,2.7302203464759955,2.6811574427690843,15,6,33.81219048878172,118.25503998000177,275.9196508461912,6,6,5.5975901621553446,0.0,0.0,poisson,,
standard,19.957961740262338,6.435356800961519,3.6947414433407353,6,9,30.791578044010684,89.59424715545053,334.88456899505934,4,6,2.2793408531632657,0.0,0.0,poisson,,
standard,41.11705976728553,5.2226827812791825,2.942834064140377,20,14,41.73657607379759,142.0816445801953,277.74513226551255,9,14,36.38454974642303,0.0,0.0,poisson,,
standard,40.002124785319864,7.337027136865655,3.0104514387754406,19,14,44.910828930404485,117.35472311841762,281.3228197903351,6,14,2.9678807855365656,0.0,0.0,poisson,,
standard,8.194648064762035,5.386910685723766,3.2016975613860774,8,7,30.801209467816157,114.89508952909168,438.0096481476472,2,3,3.540723852958728,0.0,0.0,poisson,,
standard,20.30203178591601,3.7005254851088694,2.4279491717141277,15,15,15.422015972924454,96.57763383438036,267.1440961921096,6,9,3.3975528254732543,0.0,0.0,poisson,,
standard,15.46358393436126,6.6324328062333295,1.7483474866026811,14,9,23.315516551939112,110.09797312693621,279.7466409056356,3,9,7.6959064562594826,0.0,0.0,poisson,,
standard,15.566563542391991,6.398664164705998,1.5971573858619972,4,15,57.644024738631465,123.72524051225653,459.68268604977453,3,10,5.541038499087785,0.0,0.0,poisson,,
standard,16.41860985918381,5.826333600168872,3.826709393087742,10,12,17.28052591912782,139.80245631175606,357.0731379927412,3,5,6.256093217802208,0.0,0.0,poisson,,
standard,7.880980450491332,3.1399010839082875,2.80191247819201,11,3,56.77728051611268,112.10139152407052,221.09900379354787,3,3,6.841714550916109,0.0,0.0,poisson,,
standard,14.407957519664754,6.391263954465702,3.86546683368224,10,12,26.459549123055456,80.02792919014387,220.4512651483414,3,4,4.308793493256996,0.0,0.0,poisson,,
standard,12.469524503626637,7.884959120308279,2.4448871523517752,19,14,45.55531435620468,65.34554513061535,497.7871224097293,2,6,2.897834335558829,0.0,0.0,poisson,,
standard,7.665669323093198,7.201384799217378,1.5022961865057605,15,6,23.242790975217673,135.41583770097753,267.4477865407069,2,6,1.8962595242425964,0.0,0.0,poisson,,
standard,24.025116884067902,4.3846678431722275,2.8352350814768013,12,11,18.146808527441546,90.28221038858811,385.19051923851714,6,9,3.5998879903605276,0.0,0.0,poisson,,
standard,45.0169581261234,7.316054138374618,3.2334975986276797,13,15,36.56055278769091,52.00969767880266,264.24600826364394,7,14,13.753515100815518,0.0,0.0,poisson,,
standard,9.60302121336904,4.240021914144087,2.11546685281559,15,15,44.052807474855946,107.79566780155277,495.4997197581673,3,5,3.185336375189015,0.0,0.0,poisson,,
standard,19.948823090069222,7.473617818336169,2.909109355567327,15,7,29.16985938730778,55.26344509135838,386.4649150536186,3,7,9.479060115308311,0.0,0.0,poisson,,
standard,28.16378333635949,4.733957393264054,2.7263173125178404,9,12,12.22946206465644,63.65190648655903,281.2330933435229,7,11,2.3106114827945,0.0,0.0,poisson,,
standard,12.353844628274402,2.074042078162572,3.75921638445481,19,15,26.904397258869615,78.73418967677405,444.2427921503907,6,4,24.119560110894568,0.0,0.0,poisson,,
standard,10.873995647350633,6.037019535515087,3.5400631900685644,18,4,37.26046040314874,74.73623145257955,439.33780790101724,2,4,5.3234893510713635,0.0,0.0,poisson,,
standard,13.279433799399328,2.122880425361079,1.6088666559885425,16,11,46.05828332584619,54.15438409116281,279.6383455400762,7,9,3.0214885474287776,0.0,0.0,poisson,,
standard,5.443637387110845,3.7595524808441674,1.2125708174419674,19,12,28.51503342225161,88.82952317846431,247.02450960748968,2,5,3.6759546860193355,0.0,0.0,poisson,,
standard,20.736919159626023,6.9526735627043665,2.544424946923485,19,12,39.74256168092578,75.59533559624597,281.8497495669665,4,9,1.854358280779545,0.0,0.0,poisson,,
standard,5.896907497568142,2.512250145922227,1.0606646894199936,20,14,22.145793699456377,80.65092932653117,407.8007397183882,3,6,4.118610328285451,0.0,0.0,poisson,,
standard,17.745768717474206,4.411807474973832,3.569546122178416,5,12,20.276178120177892,98.78534963840438,233.8124689916704,5,6,1.6436766505063127,0.0,0.0,poisson,,
standard,21.63087806108455,3.4871591806341202,3.9705992726902144,14,14,51.869939104081936,127.52125790486197,326.0850844373684,7,6,2.7730120893787698,0.0,0.0,poisson,,
standard,7.383017754998351,6.65960528139264,1.6925799119597449,8,9,56.81982612429048,90.28642655596096,492.2714627728322,2,5,2.284719035451854,0.0,0.0,poisson,,
standard,6.913811215518562,3.079156066916177,3.8174085420208526,12,5,34.89763154246786,122.97815380985814,370.0204696692691,3,2,5.892851648801183,0.0,0.0,poisson,,
standard,35.99666389784217,7.523049665606972,3.8790862619736193,17,11,17.408092431204526,73.21467066802433,219.39905713451088,5,10,5.59508397448694,0.0,0.0,poisson,,
standard,12.997561259557981,5.679180235805666,2.035216176399819,18,12,11.111455866722439,61.87342219643508,257.72368987456105,3,7,2.719326912381648,0.0,0.0,poisson,,
standard,35.02627884027605,7.901608342030173,3.935364183121621,13,9,37.49589615871554,141.07416830090233,294.3618674147822,5,9,11.331120631272748,0.0,0.0,poisson,,
standard,10.935184121511014,2.1834310169005477,2.9156539719354306,12,11,44.051722665758085,81.87730178502996,292.2684815650265,6,4,4.864614671663174,0.0,0.0,poisson,,
standard,42.48019845506673,5.195628208393541,3.829049483769118,20,15,44.2114501663522,89.50721055250514,472.07931328640825,9,12,2.109006443767086,0.0,0.0,poisson,,
standard,11.421358485573645,3.4551331591765893,2.604857400537709,11,11,50.71141927849911,134.75143418248192,474.8252238417834,4,5,2.7584671972376777,0.0,0.0,poisson,,
standard,35.04048774001315,5.139001904177149,2.8651522545534487,7,13,12.515302999855983,118.49875898033963,359.7223787331677,7,13,6.627483916785332,0.0,0.0,poisson,,
standard,9.956177317600966,7.649572817831174,1.9136116825931104,16,7,57.726850682388005,140.37317879925712,350.7723523959999,2,6,2.219263785720808,0.0,0.0,poisson,,
standard,25.23705437482453,5.517751077970763,2.6358139815271566,19,11,17.91527565964411,114.1837720014448,200.87670745904893,5,10,4.427470853144698,0.0,0.0,poisson,,
standard,14.149253844183923,6.483438686120729,3.624637233175648,3,10,31.714269624415067,70.6061862734011,395.91691725479325,3,4,10.910240098375603,0.0,0.0,poisson,,
standard,10.961146598174274,6.3653663737119555,3.466981251601403,12,12,45.40595340713776,128.26368293461658,486.8793683093934,2,4,4.00219130623903,0.0,0.0,poisson,,
standard,40.74436893139582,3.9494759722623787,3.1896062569692045,12,14,30.59462978489219,103.5872992602217,341.70664085429155,11,13,5.810522418649278,0.0,0.0,poisson,,
standard,9.824651123206461,4.770964553526411,2.9212597718019264,5,7,15.144144181285304,140.10479105438532,337.7046664350073,3,4,2.109136267653705,0.0,0.0,poisson,,
standard,25.30559005373802,2.8668742858544776,3.7394089391660397,19,8,31.411237869268806,58.2406277173197,403.6262962968507,9,7,9.890870236477415,0.0,0.0,poisson,,
standard,11.746480560836739,4.423617501089485,3.281011858709312,18,9,25.931318354596904,139.78084429817508,415.41668493164775,3,4,4.678459987805006,0.0,0.0,poisson,,
standard,6.610237442732816,4.0806413638143155,3.69604690587757,17,13,49.4752869846457,115.59325591003541,464.3570644326148,2,2,6.413997440429483,0.0,0.0,poisson,,
standard,7.884456064669948,4.793227902718154,3.0024975889675147,19,15,48.46870234066618,91.68673479077738,479.8056804634471,2,3,4.701213171507643,0.0,0.0,poisson,,
standard,8.314753411937001,4.909978044500463,2.05037270313671,7,5,35.09137134912628,118.4626349113784,267.8203809435855,2,5,3.8334023990355655,0.0,0.0,poisson,,
standard,5.97555495055179,6.333377204498705,3.5086961630158946,4,5,11.961683445901718,51.558113274690996,243.46638018745264,2,2,3.3669972236379975,0.0,0.0,poisson,,
standard,14.15980164826598,5.621922101736675,3.5249091474232697,14,10,31.804706297838194,59.46981469983462,215.51564989931035,3,5,2.51274514109918,0.0,0.0,poisson,,
standard,16.16143530923416,6.741487435707154,3.8360677114093717,16,9,25.27302177659856,145.18163438392116,475.7383751555931,3,5,2.2925722802824335,0.0,0.0,poisson,,
standard,5.548192769073807,5.122037396471084,1.8502997352365225,11,7,34.444956424190764,66.2341607705676,480.74135654186125,2,4,1.6588540023184963,0.0,0.0,poisson,,
standard,5.2948636968248675,2.917604989550177,2.716578006107857,11,12,48.5387755953134,77.67711999313808,279.3110085084771,2,2,24.269464477663195,0.0,0.0,poisson,,
standard,14.029887832342972,6.005419435808465,3.4831747476335115,11,14,53.868517105564386,90.75797455050744,302.20699419414564,3,5,1.9581247218613744,0.0,0.0,poisson,,
standard,9.946054427637272,7.628141764774988,2.049279939508097,12,5,43.92251512068463,77.6150784874809,416.1631719599792,2,5,7.686966779353488,0.0,0.0,poisson,,
standard,17.089651200588374,5.385864835661571,1.7647157273145972,17,12,28.52327594181713,58.357027585940536,361.72988016995436,4,10,4.269156573101923,0.0,0.0,poisson,,
standard,11.222430133393758,5.8779285060742135,2.8455988145035107,19,10,36.335155508144396,67.53711912726284,337.4051902555399,2,4,28.033978902548764,0.0,0.0,poisson,,
standard,6.447074396010445,7.694890568773018,3.0804247241442217,17,12,38.509338991609674,78.16480560377312,414.0684846809281,1,3,6.160240278750235,0.0,0.0,poisson,,
standard,16.371030561447434,4.538867512083959,3.656898450312969,20,14,23.760067474015898,138.19952815091278,289.95075498666307,4,5,3.943748009678959,0.0,0.0,poisson,,
standard,6.645993520408284,3.547600822637117,3.136409114354306,16,9,49.06561283588529,59.94773903274137,254.22414166250059,2,3,8.325748221599827,0.0,0.0,poisson,,
standard,9.672765662038463,2.000618687674629,2.331665805633999,6,5,11.166558816992724,100.3365705253576,205.04062313116998,5,5,7.211381286124949,0.0,0.0,poisson,,
standard,14.82704595732079,6.273827154245035,3.8381640474859684,14,9,26.026823039533667,142.48984489234215,374.46481108766176,3,4,8.16099537883569,0.0,0.0,poisson,,
standard,8.704937486326465,2.0743404234843696,3.7814529437926323,10,3,13.831999339413738,95.22312516020403,387.47720850601627,5,3,2.3857252148764165,0.0,0.0,poisson,,
standard,22.882700652669115,4.359056639391003,3.2130499606610208,20,13,58.96158504449133,144.36077496108248,491.8201629687414,6,8,2.2164425358941915,0.0,0.0,poisson,,
standard,10.598124899393756,6.8201651278965345,3.2494177959159565,9,15,20.81763544573807,114.12240071047006,212.2402358491332,2,4,2.82315398882636,0.0,0.0,poisson,,
standard,9.968543583121777,7.209904638974545,2.721317203680565,4,11,59.181601727825836,101.49320449733716,404.7927165553158,2,4,3.8555074310517417,0.0,0.0,poisson,,
standard,29.668543249883612,7.874735180737188,2.1903511333330643,17,14,21.224820972429995,77.71157511854551,307.4655015360632,4,14,6.242246823660995,0.0,0.0,poisson,,
standard,40.61060011346369,6.697512479690487,3.9345784997946804,9,12,13.237589237472038,117.28570532043551,214.92028361856129,7,11,2.227536579032447,0.0,0.0,poisson,,
standard,7.374346815134141,6.127501080335368,2.84426670059971,8,4,41.94603983858423,65.0758037315394,430.45992276403354,2,3,2.9353962876419297,0.0,0.0,poisson,,
standard,23.80834002780183,3.352085580631927,3.041539599227107,10,15,56.846227321843095,51.592972409681956,234.3038272601853,8,8,6.778312168834088,0.0,0.0,poisson,,
standard,6.741224476933146,5.95774559737931,3.5643432639318817,15,14,16.57332670208129,121.66192361217189,272.16928393464485,2,2,9.375348797750005,0.0,0.0,poisson,,
standard,18.206943284969476,6.359866855535747,1.8303653765271417,13,15,52.864221366359715,76.44650797191187,473.35491297724116,3,10,25.932732258018056,0.0,0.0,poisson,,
standard,7.89151570636656,3.0878612817753823,1.2561739562652225,17,15,25.494075809001124,74.94086938117846,260.5815021683571,3,7,3.764728851970941,0.0,0.0,poisson,,
standard,8.58808840409398,3.5002170440206513,3.278223228555821,4,14,32.76732727055535,145.5350713887059,282.27328071653056,3,3,3.8544019542465384,0.0,0.0,poisson,,
standard,27.905238374546613,7.717999444344807,3.9032078792060347,10,8,34.74968137629159,107.06136281623034,298.545217184226,4,8,3.2602148430890048,0.0,0.0,poisson,,
standard,10.608626367192528,2.6545217841083937,1.5686454716288256,19,7,20.53460292361374,100.76791326415942,395.2040700730246,5,7,5.3621543709296535,0.0,0.0,poisson,,
standard,20.62168779877242,4.123957037246921,3.6800382604323905,16,6,39.464393762400576,114.64392679624427,376.4345589598496,6,6,3.181967343699672,0.0,0.0,poisson,,
standard,39.73222234621249,7.936320223083632,3.630302810912755,12,12,57.188636183282256,83.3076042174459,406.39106920833865,6,11,18.69806426925369,0.0,0.0,poisson,,
standard,18.246026972177688,5.818887925857675,3.3716046613639996,16,15,48.271586185044704,108.92922560889954,370.44738194583977,4,6,2.3913710377164645,0.0,0.0,poisson,,
standard,35.97014952187649,5.78906838303859,3.554320191036574,8,14,47.95814969839709,66.67662055238887,220.76740489617436,7,11,2.144092445830923,0.0,0.0,poisson,,
standard,22.968045891049655,4.8896774142736605,2.969757862121111,17,10,53.84933585658769,124.28965162072507,446.9714019493322,5,8,6.722478354957493,0.0,0.0,poisson,,
standard,14.86527897639309,2.5192368495776183,3.3042482343047253,16,13,50.95483067188701,130.10651114153097,470.17396574087405,6,5,11.833489729827223,0.0,0.0,poisson,,
standard,15.68692961452036,2.3687194909228255,3.6399220455834174,11,5,44.78280430431981,115.91295833400056,353.6134794823304,7,5,3.915980979783218,0.0,0.0,poisson,,
standard,20.018983784517367,2.4679388052847,1.6243726680527395,18,15,57.57935677443139,87.74164621539202,296.0449730942184,9,13,2.970194159543747,0.0,0.0,poisson,,
standard,19.12931037885842,5.6046509527287895,2.845390906492335,20,11,10.383551142128146,140.78058613686687,494.06342591246823,4,7,4.904984003425862,0.0,0.0,poisson,,
standard,26.648378287273434,7.226403386231859,2.945927576387083,14,13,34.82809689048571,139.6774730890976,428.38933206010756,4,10,3.8583548105484207,0.0,0.0,poisson,,
standard,15.585775039581808,4.417454526183754,2.9153524894760654,16,11,31.970593862670473,105.4357135727218,375.8707778174762,4,6,3.2618629991584327,0.0,0.0,poisson,,
standard,13.61206614625905,3.9203469571571743,2.7433695817978054,12,9,26.70805348398339,123.57572880682565,299.49262714090554,5,5,26.54278733268384,0.0,0.0,poisson,,
standard,12.123869601057464,6.524135713285684,2.0651739133636084,17,12,58.50310400964145,115.25557042430547,240.9441745853303,2,6,14.227766137645855,0.0,0.0,poisson,,
standard,5.30999015110835,7.945338329528759,3.513759983658899,7,15,38.98712378352603,86.40328720737133,478.74319771794956,1,2,3.755990503244635,0.0,0.0,poisson,,
standard,13.204735559146611,5.832368047379685,2.916693529964399,19,5,32.75671795031259,123.59774819227034,449.2467083557396,3,5,2.9345900387674875,0.0,0.0,poisson,,
standard,16.095672288967286,7.019748819369161,2.7090652100325534,19,15,47.882909412752,81.74698160492684,373.10626407854755,3,6,17.954753215758263,0.0,0.0,poisson,,
standard,16.148888686886917,6.8189943651622835,1.8723318968977058,15,15,21.461286475076832,112.23950686002496,449.60054809117867,3,9,3.9743576025732863,0.0,0.0,poisson,,
standard,6.825884792287322,3.0777887564451354,1.8198523310268566,20,13,15.468322862737079,104.09697058566785,293.8768641096465,3,4,5.051849222183144,0.0,0.0,poisson,,
standard,12.314195349285482,2.1869453088684017,3.4881626953952956,15,11,27.415494801809906,84.69592970869027,263.10162237231896,6,4,4.610394930448687,0.0,0.0,poisson,,
standard,28.385569547098466,2.4571508448828814,3.187647508956087,19,15,20.791696181138093,55.056308138597885,297.264940394737,12,9,12.761636924366352,0.0,0.0,poisson,,
standard,15.477586630986204,7.48888358036708,2.9217204408308293,18,13,38.24718434304326,85.16080800817647,292.71712954141873,3,6,1.981465571417635,0.0,0.0,poisson,,
standard,34.762788359336305,6.064810060987339,3.9013397215339793,12,14,54.18608343814815,89.47522150928387,451.1136498103508,6,9,14.490378362244604,0.0,0.0,poisson,,
standard,10.908887951625314,3.1593501011013805,2.426705318385991,14,6,15.49170313332576,62.05002329056018,426.9178595286338,4,5,3.5419583672128976,0.0,0.0,poisson,,
standard,5.261968769454079,3.823096005671461,3.9514499795452314,15,4,59.77968368120245,126.6388901649249,458.6631018561543,2,2,2.2106986438224543,0.0,0.0,poisson,,
standard,7.7475996824014075,3.618478476973026,1.6163309781292798,11,8,56.086238003010784,86.05400449835332,211.37640915829004,3,5,5.839244046847161,0.0,0.0,poisson,,
standard,8.199569628855079,6.375275241011288,1.4733734452910308,20,10,37.516194845591585,107.01967754392908,474.4811750770921,2,6,3.3990738956151993,0.0,0.0,poisson,,
standard,26.89366389545767,6.160816125042686,3.3897611242487473,19,10,11.29051955216145,114.73130359514688,361.1675145478762,5,9,2.159227703903907,0.0,0.0,poisson,,
standard,11.614843031896825,5.22348234437785,2.663794757794009,20,13,53.19959397927089,61.84218667579924,243.5946331729367,3,5,2.3766670323736356,0.0,0.0,poisson,,
standard,11.041744678434888,7.485654498869427,3.7251904348968736,8,11,45.59491645659597,90.87837511414736,415.2994488076238,2,3,28.803348143682292,0.0,0.0,poisson,,
standard,24.75375008960937,3.935380108056357,3.9633893614057683,16,8,54.994001381497235,52.63737157547514,367.382230256002,7,7,2.443358329735644,0.0,0.0,poisson,,
standard,11.767125082866617,6.698830136368133,3.849327846403951,7,8,35.05709613507909,85.45557010626958,391.69510963837695,2,4,4.349416466930987,0.0,0.0,poisson,,
standard,10.530448378780875,6.64636790707027,1.4181224255262919,9,15,32.288801348627764,136.97628400937882,482.1465563030035,2,8,3.899302609250568,0.0,0.0,poisson,,
standard,13.944115759638526,7.692858510095231,3.834135236883421,13,14,27.51725865311479,83.84854819230733,216.10766788325077,2,4,7.210070112587303,0.0,0.0,poisson,,
standard,10.363319395736827,3.705959247238618,1.8507975263915823,17,11,18.319314850252198,107.6216642523889,315.6847922485564,3,6,7.158243054498505,0.0,0.0,poisson,,
standard,16.25293093186916,4.946290595226591,2.36658778196752,9,7,26.33641479588209,87.83504047908593,339.6061522407901,4,7,8.645915331883135,0.0,0.0,poisson,,
standard,17.830068962466584,5.801661437484778,3.382691902062499,10,6,10.73231126488329,92.60993534787342,431.4222016239403,4,6,1.9964578183304895,0.0,0.0,poisson,,
standard,35.831711984915216,7.196725612428966,2.986347660269807,6,13,48.80026888529691,107.42100180460034,303.84099762393123,5,13,48.04880461421051,0.0,0.0,poisson,,
standard,7.950210933201147,6.7097788586731015,2.2761281141524536,4,13,35.30119042598474,135.271668784027,492.7367952641918,2,4,2.57720613839539,0.0,0.0,poisson,,
standard,18.648937273941332,3.925614760902368,2.799837506181298,20,11,18.190720340318215,114.30617889809562,360.5612310845649,5,7,6.6634296025146735,0.0,0.0,poisson,,
standard,6.737631693680278,4.4920652004437915,2.421903715569974,11,8,26.307965386941326,58.53188492503554,350.05097330799407,2,3,5.891670510548099,0.0,0.0,poisson,,
standard,17.668886775394302,7.924930336514796,3.412187017390503,10,13,16.832529219600953,53.399732755728124,400.91670621235426,3,6,1.937495350522195,0.0,0.0,poisson,,
standard,12.365068841912603,3.2417729325963416,3.7744813906392447,12,7,39.05821830758575,100.5091505867205,417.53517101250793,4,4,6.2860026541752125,0.0,0.0,poisson,,
standard,7.9753506113510575,6.909898152577609,1.794287721131889,18,12,43.58369141905055,105.9343333068849,250.01516115852988,2,5,2.5308166308289133,0.0,0.0,poisson,,
standard,34.602007262328115,5.12498110438572,3.9778941574980644,11,9,26.31120873049191,71.02932927345307,499.5735665935892,7,9,6.996937680810436,0.0,0.0,poisson,,
standard,36.893382948021085,2.3203316125871574,3.0493275813111653,20,14,11.780203390882301,141.60646930865192,456.33032357495927,16,13,11.28330670639959,0.0,0.0,poisson,,
standard,6.736553686617421,2.679242376645237,1.5713719662417795,9,6,14.126457308690412,85.72254907371492,432.13666656404735,3,5,3.41192990210209,0.0,0.0,poisson,,
standard,14.58525977866223,7.196501278640874,2.857484127617409,12,6,50.30835983410486,132.45399823170703,243.15165881593938,3,6,1.6569257198848335,0.0,0.0,poisson,,
standard,43.45023350914926,7.449266548657633,3.5962583633234555,6,13,27.479276044633213,69.59131642763026,245.30643598768285,6,13,6.730855780494391,0.0,0.0,poisson,,
standard,18.053093512904827,3.853037478616531,2.0188444702842694,13,9,27.31790959298591,136.0612361282741,352.3473469572823,5,9,20.394397912389458,0.0,0.0,poisson,,
standard,20.700319144076694,7.995803939143903,2.9096216943535125,20,11,55.69227243244812,137.60059898685353,279.8862264330387,3,8,3.0589918622517995,0.0,0.0,poisson,,
standard,8.879586584004832,7.997953300005808,1.136514619404911,11,14,43.17630625193692,78.50274389927468,296.5183682385549,2,8,6.399680865318032,0.0,0.0,poisson,,
standard,10.115810264590664,3.6869520675077134,3.4281265364082714,19,7,46.52083139927068,84.78490074117866,268.1156891722203,3,3,23.561569896585937,0.0,0.0,poisson,,
standard,6.499017099727392,3.721095452707972,2.9763170296899686,7,4,23.502127808628458,53.044286107331196,279.51867266885716,2,3,4.470817499485656,0.0,0.0,poisson,,
standard,8.388066592749887,5.0386542926870055,2.1646007041752084,10,5,45.099340301714356,99.9022751595459,346.86253414898397,2,4,10.375785516711236,0.0,0.0,poisson,,
standard,22.311221697685344,6.137711042407082,2.307409343099991,16,13,47.80566545849604,119.84682469592552,489.6869357674737,4,10,5.473952207948029,0.0,0.0,poisson,,
standard,28.765542682347643,3.8428910005778576,2.9752968759329224,11,11,55.758738672956454,65.46556447168486,453.57085612220374,8,10,4.813179375111911,0.0,0.0,poisson,,
standard,28.980983957671715,4.425569310479599,3.928060484344102,20,14,34.77394785971104,109.64895329248303,330.5406188261071,7,8,3.5112966106436123,0.0,0.0,poisson,,
standard,16.572101122314383,6.0193481487122815,3.718175401617209,12,10,10.744738256269951,95.81570492842114,325.6051563988524,3,5,5.241699056013199,0.0,0.0,poisson,,
standard,20.266492159792413,7.057629017517157,3.5062397260643445,16,11,23.132057200970806,81.3542765464082,396.1840996192605,3,6,11.688049878710974,0.0,0.0,poisson,,
standard,14.577182259635565,7.6083194321377805,3.913209202818259,8,7,33.945921999094516,60.034166527200874,208.25104998378518,2,4,14.640061614624754,0.0,0.0,poisson,,
standard,6.197983399403507,6.296451295861654,3.8629679534734773,14,12,30.91186961969455,106.11706310102353,223.50780700914197,2,2,2.543003085367294,0.0,0.0,poisson,,
standard,30.16523633495448,5.451820280600291,3.536426806490879,18,15,51.5204571510907,63.771304852877584,436.87000207896176,6,9,3.9281933497517834,0.0,0.0,poisson,,
standard,42.13469689889826,3.456666397691864,3.7147922540433918,20,15,28.7408095991728,139.89303787747514,490.59697867389895,13,12,2.6952707688102473,0.0,0.0,poisson,,
standard,15.358174351614078,7.478694581480208,1.5871851303656284,14,14,27.44276094559894,130.24556636532287,476.75270417666945,3,10,3.9951486145210087,0.0,0.0,poisson,,
standard,8.028084427183797,6.135438038496759,3.8933059162498105,12,13,24.4603251872172,88.79309949993149,380.2923592102291,2,3,1.6734382288911265,0.0,0.0,poisson,,
standard,6.123559123537322,3.7108121266215157,2.052629513834478,8,5,55.73043785811038,124.5987247846063,438.54060843351067,2,4,3.3835177394749163,0.0,0.0,poisson,,
standard,9.006302364988521,5.224532975976294,2.6437984224576665,17,10,47.31928645422315,105.87661729218766,246.4043853305135,2,4,4.626287984384546,0.0,0.0,poisson,,
standard,6.364095741402345,6.162317772067267,3.612245838057084,13,5,54.4985849941609,136.38044245702588,396.24655484156915,2,2,4.26688176428844,0.0,0.0,poisson,,
standard,18.76218821871992,3.6795072681810668,3.5245203241740186,8,6,10.31771078691158,145.94033373530107,382.48234736028905,6,6,2.2964261001682136,0.0,0.0,poisson,,
standard,24.2689720080017,4.237613804904249,2.851332697838238,9,9,56.862005599482075,106.91740720557482,251.49187782745196,6,9,5.4815658218250185,0.0,0.0,poisson,,
standard,5.588616234453131,2.271210127247183,2.5181936342695246,10,14,17.44338129535089,73.48541802273584,214.55428274732765,3,3,2.8058798257071293,0.0,0.0,poisson,,
standard,36.24141799446028,3.9196518409002827,3.103109453400766,12,15,52.54432984475809,107.62527506488351,286.83041885967356,10,12,4.353004118696289,0.0,0.0,poisson,,
standard,6.094958143382257,2.2742591376830994,3.0681771353059064,18,10,16.5312227457461,129.515683314647,445.2762267959619,3,3,3.714282777470857,0.0,0.0,poisson,,
standard,25.99267120801052,5.814908355235315,3.8407133923476726,8,11,14.913852970433519,117.26919168326843,475.0178370508853,5,7,5.728950167815238,0.0,0.0,poisson,,
standard,13.730812755145603,3.9700848559684827,3.4310777410215514,5,10,12.401141080906221,103.28393001689105,344.55947480041095,4,5,2.4245792229764658,0.0,0.0,poisson,,
standard,6.391040604222624,7.7756501049678155,3.3784132246263043,12,14,55.93302563508684,95.5157145720521,463.75318808613434,1,2,13.533371395397136,0.0,0.0,poisson,,
standard,33.305390446420816,4.399849457536519,3.8608049369415207,9,14,57.64041618024601,92.13878665465921,345.47673812213003,8,9,4.728937891287702,0.0,0.0,poisson,,
standard,12.436987008976512,4.187376161928887,3.1252425584484698,16,6,34.64253747172347,67.58829911681417,322.25504826816376,3,5,33.927476682625866,0.0,0.0,poisson,,
standard,5.074748978549391,3.298907446940368,2.7242345538944273,6,11,59.19718407977619,51.16797275644299,223.21965821228477,2,2,8.667174815303405,0.0,0.0,poisson,,
standard,17.409544680963734,5.090759396117385,3.5003986348183402,12,7,29.537729944963196,83.41488505459586,213.83992158070996,4,6,2.249833211069748,0.0,0.0,poisson,,
standard,33.095387497351425,3.4387093580906685,2.4397157970964383,10,15,54.823383989760075,119.90641213441724,316.2244929468191,10,14,5.0085297489958895,0.0,0.0,poisson,,
standard,12.935262964670745,6.687464505938293,3.2089892277171135,3,6,34.82205510099903,145.65561128732085,430.33756746552706,2,5,15.509848366353935,0.0,0.0,poisson,,
standard,5.668463286219333,7.209641754736315,3.396779891261763,11,3,39.96729476660849,72.96874474850819,439.38034466366565,1,2,6.402776819506064,0.0,0.0,poisson,,
standard,10.640698116104879,4.7532664062505985,1.0430847828554408,12,12,55.34324514439503,135.49552199477458,444.6604902581473,3,11,2.834425964667926,0.0,0.0,poisson,,
standard,9.327049016893769,5.046550010937546,2.812565688020382,9,15,44.737913576101526,120.81601199704073,282.07187572511634,2,4,7.351460469404707,0.0,0.0,poisson,,
standard,13.595015021738192,5.816168607146121,1.8001273521202368,11,10,33.773985652263804,129.7359498928584,363.1741857190391,3,8,3.4993338089612385,0.0,0.0,poisson,,
standard,17.592615943880695,7.278814745851237,3.9226773271411663,6,15,18.260594729854965,134.39333003250397,272.88582797015243,3,5,2.9851812810716702,0.0,0.0,poisson,,
standard,18.90353885203894,7.627715399863371,3.5935213450150227,9,9,44.24159747631739,141.7917184879496,365.4554326919166,3,6,2.6583363393445953,0.0,0.0,poisson,,
standard,28.346371379571334,2.256616096512756,2.699688150002132,19,15,39.72070857251501,118.19385508447704,404.683459070172,13,11,4.447449002869888,0.0,0.0,poisson,,
standard,9.982938911024252,2.3814855494713445,3.9455312333036154,5,6,52.73224679003305,137.0848165688518,490.87058909425485,5,3,2.984307198777528,0.0,0.0,poisson,,
standard,9.246489660391267,5.685912636500524,1.6236929796163926,4,6,48.72583154318612,137.54426744276498,398.0515752904138,2,6,5.570810513645027,0.0,0.0,poisson,,
standard,22.539974211531643,3.8561734890675963,3.089057816314665,20,14,31.786991800164213,81.24645583491625,275.98272019142456,6,8,7.631292015091434,0.0,0.0,poisson,,
standard,24.2350201839562,7.455642621950072,2.9339771891771877,4,14,14.969897036230257,127.93189078496465,228.31708315585095,4,9,2.296352740116715,0.0,0.0,poisson,,
standard,22.843989713705867,2.4402823456449845,3.7285571216950775,17,11,17.765746026709685,101.93120340625424,353.96676318199786,10,7,2.6525426931563407,0.0,0.0,poisson,,
standard,5.564724063550065,3.126617131373158,3.146435646889234,12,8,52.64529387396629,141.77939800171114,485.2021599984822,2,2,8.029858427685577,0.0,0.0,poisson,,
standard,39.495158499377354,4.389863250450193,2.954520315600906,16,15,54.71344980462331,93.287962991281,318.82268400200473,10,14,2.5174486079307403,0.0,0.0,poisson,,
standard,12.806907792767348,2.6112923357269207,3.84533145058953,6,9,48.39566640030995,51.011088828847015,367.87986803678166,5,4,11.590224042078667,0.0,0.0,poisson,,
standard,19.411807401007657,7.284054441995407,1.7185104784285619,16,14,14.16278500141889,87.00418142340732,462.4806521782541,3,12,4.201419949081703,0.0,0.0,poisson,,
standard,32.91122879027922,6.88092307030475,2.504736744263044,14,14,26.868015171251784,105.30498043483038,284.7483717471207,5,14,5.533865183308316,0.0,0.0,poisson,,
standard,14.397257447849185,5.3771178272678695,3.4028087939402223,3,13,32.451379907674664,60.38279829641794,404.5433686114823,3,5,3.813212563646816,0.0,0.0,poisson,,
standard,12.021924017989502,6.147970729497885,3.201047555746293,9,15,35.17574761725316,88.67310023217476,478.49377426129513,2,4,25.7160868407362,0.0,0.0,poisson,,
standard,10.03802508310261,4.13453613711172,2.6145408215978274,10,5,47.00593450985184,100.23011944857961,297.13456218885756,3,4,7.459793137518218,0.0,0.0,poisson,,
standard,14.00971450764749,4.297905483115304,3.902926205931379,16,15,32.692480381847744,56.75239052480735,495.125729272121,4,4,3.2374624715855047,0.0,0.0,poisson,,
standard,15.175324302177165,5.409807156446545,3.953227136100754,13,5,18.42214363972787,115.78289402709518,452.33583394830305,3,4,10.608116122437,0.0,0.0,poisson,,
standard,11.073453362920763,2.9890104121997174,2.1628241667284245,15,14,32.06136435356689,118.87371547684576,339.1462312703495,4,6,4.363925731286165,0.0,0.0,poisson,,
standard,23.059136036402094,7.553567214392893,3.2140370607779714,15,13,55.801130530679366,56.81582342218554,493.4066309420847,4,8,1.8443052810030707,0.0,0.0,poisson,,
standard,47.853693796672886,3.7894150866133294,3.7681461463866217,16,13,52.67821419357667,78.20415320575943,242.10042720628422,13,13,5.918328954138359,0.0,0.0,poisson,,
standard,7.071580053183508,7.404241371695219,3.4031655205921187,10,12,47.47818601018055,112.70677474251448,342.7325980981277,1,3,22.20881995051356,0.0,0.0,poisson,,
standard,14.967403515551815,4.60488683159176,2.4323492341759128,16,11,27.141118667911254,102.93803377445902,259.11849274540054,4,7,2.242323407773572,0.0,0.0,poisson,,
standard,7.364222282819171,6.188014347678026,3.088775866791993,9,8,11.251552337343275,139.4670727578785,405.76136739221994,2,3,2.070578396584707,0.0,0.0,poisson,,
standard,13.733799211585614,6.5170541815243155,1.691206711440701,9,15,28.501043252125708,56.45847176194896,480.2732666765798,3,9,2.086307032543233,0.0,0.0,poisson,,
standard,22.2576866812156,3.8388566686016192,2.084581261618574,18,14,43.24909249286087,127.46952849646803,230.51006346202453,6,11,7.996763375154165,0.0,0.0,poisson,,
standard,21.216634666314622,7.375581067193078,3.5011038921428623,6,9,27.358719666528486,147.04266822573896,499.44259329983356,3,7,8.578419861795537,0.0,0.0,poisson,,
standard,28.584651949316335,6.6622545750245425,2.9451774595812004,20,12,27.642959663659607,105.60750315636483,396.6683909760351,5,10,4.476641694783308,0.0,0.0,poisson,,
standard,6.614609480587151,4.504086413333534,3.8075498961587,13,6,13.265850794858421,141.35256342920354,214.3440663277219,2,2,4.727969967169607,0.0,0.0,poisson,,
standard,10.57405968732323,6.30061789626796,3.9191149398794956,13,11,31.94258589601079,111.52389826000567,364.52186260088445,2,3,5.496218210104827,0.0,0.0,poisson,,
standard,37.62292510831616,6.337786001227015,3.814441150477416,9,12,19.87566772544503,65.52940896273888,240.7989144553566,7,10,7.930064044134747,0.0,0.0,poisson,,
standard,12.058139328593818,5.8926334900025195,3.70675951771772,14,8,29.733617387520617,141.48164570415287,302.19432239425055,3,4,1.759170962773231,0.0,0.0,poisson,,
standard,27.282901797366346,6.097999544066788,3.3175833347034587,8,13,15.146380413459827,80.69595969177291,316.8753045077161,5,9,2.8262263417329514,0.0,0.0,poisson,,
standard,25.025558330330977,5.215560223258473,3.469490910328683,16,12,53.60910636504501,83.97647639543239,470.6789182496815,5,8,5.842243828982904,0.0,0.0,poisson,,
standard,21.27440131738233,7.155113488650487,3.5276734488698813,5,14,24.65541787680682,87.76540192749898,244.13246119317586,4,7,1.552654668465352,0.0,0.0,poisson,,
standard,19.089559805597965,4.2883774337845555,3.3022259433461985,18,6,19.834247098873316,84.83226205279473,266.83500374227106,5,6,5.997176775792598,0.0,0.0,poisson,,
standard,17.87283032778644,6.446179297025019,1.6113733123082368,17,12,48.11156944691647,132.73203058244238,372.7982258774744,3,12,5.350976132752294,0.0,0.0,poisson,,
standard,8.768789761451021,4.574095439556656,3.796394124140658,15,7,13.037500852362367,93.45280424506323,463.4487088636099,2,3,12.66115702131498,0.0,0.0,poisson,,
standard,9.549261375009742,5.439040227937044,1.496780087198665,11,9,45.77436649374018,80.86537891890521,311.6070497092635,2,7,5.420216283877169,0.0,0.0,poisson,,
standard,8.460084963867022,6.432204729101825,1.6344714932429012,8,7,47.573359149536195,64.11444435968909,361.75745608659145,2,6,2.3213261396943077,0.0,0.0,poisson,,
standard,9.219220773519897,6.564094515728675,2.4576178703451905,16,9,37.62093952133779,138.30910302255774,296.92714043934006,2,4,5.012890215915853,0.0,0.0,poisson,,
standard,12.266853366856074,4.134460689950819,2.157696764577649,14,15,21.96083960994133,56.11088629535642,424.7511895829812,4,6,3.914055615159702,0.0,0.0,poisson,,
standard,35.52428715220394,6.771313067890792,3.5820203734336133,13,10,28.80651897340319,101.4526339708918,290.4032299321103,6,10,13.06995805933483,0.0,0.0,poisson,,
standard,6.97608137222997,2.0900049520083455,2.265372953869395,18,13,40.02726492724928,118.35540274213959,467.2654973514707,4,4,2.506512686378321,0.0,0.0,poisson,,
standard,25.915953249451587,6.626721667232005,3.8217187297664896,10,13,59.976054201276874,69.02933243424337,417.17802237053877,4,7,15.226420541366094,0.0,0.0,poisson,,
standard,24.522727193868327,7.001589187558425,2.0303904572501446,5,15,14.939396923631879,82.76656893175962,444.9756980856131,4,13,2.907324862537559,0.0,0.0,poisson,,
standard,18.89468823769092,3.128839368434236,3.4964751325934516,16,14,39.884425521175466,119.04434458486897,372.3618482926541,7,6,2.502393772924547,0.0,0.0,poisson,,
standard,6.80154726363751,7.829765887148829,3.6875750390059587,5,12,42.50361015436397,113.65097775824444,488.0228729439006,1,2,12.70269346893992,0.0,0.0,poisson,,
standard,23.120573692415995,3.5860978677916773,2.3241495846690725,11,15,37.85590425647531,81.61283521357504,205.53238768844608,7,10,20.96755039700439,0.0,0.0,poisson,,
standard,7.832324367985525,7.894648056212226,3.82381031826192,14,6,26.831164993344693,115.94944768211894,446.04685687768733,2,3,1.205624717129301,0.0,0.0,poisson,,
standard,16.76949971728788,2.230220479905361,3.1542209728903994,8,12,32.37195594142035,85.88317101547263,365.9291261186937,8,6,3.493285374246727,0.0,0.0,poisson,,
standard,5.112660593502674,5.273876840229884,2.8195003823121687,16,14,29.832760936960558,119.92682985198489,445.26932198884646,2,2,5.470430489125111,0.0,0.0,poisson,,
standard,22.58160295358632,2.304056382815082,2.513885392336974,19,14,18.75904660694909,131.17813490869548,385.54126763664163,10,10,6.145130749504572,0.0,0.0,poisson,,
standard,17.280174264501262,2.7265890660563334,3.2604150551824453,17,14,53.267545016409265,66.8132319394694,224.7823167489789,7,6,2.7819806280620245,0.0,0.0,poisson,,
standard,24.4454339119019,4.73770338180787,2.017899322775445,16,14,47.236511165418456,69.85307645217469,323.3898489965098,6,13,2.306111330811377,0.0,0.0,poisson,,
standard,24.526832123473106,7.156786932922989,2.935165323202555,5,13,49.258075266062576,97.49252603375061,257.173714838509,4,9,2.8992718230867585,0.0,0.0,poisson,,
standard,24.281773798388766,2.5124796145236434,3.7859297633270144,15,14,50.406279690949724,86.49812607516469,428.08398250858596,10,7,4.588281778546378,0.0,0.0,poisson,,
standard,9.988698157836318,6.417510285542445,2.7295214916135393,11,7,48.496160007065605,126.27174521554487,249.2604421509547,2,4,4.460608718021652,0.0,0.0,poisson,,
standard,29.710138801843023,3.242694280958826,3.149247643469633,15,10,45.20516442135854,87.57090753624158,213.61369863254524,10,10,2.90287933933885,0.0,0.0,poisson,,
standard,23.483030425492323,7.754210497925074,3.946172234443622,17,10,59.72357245741665,59.462384126955804,444.87962348662364,4,6,20.799712643990798,0.0,0.0,poisson,,
standard,22.482205952729277,4.648319094023986,3.876757631291033,5,6,42.40881313365199,50.84122531789686,203.19661280672852,5,6,10.628686168285267,0.0,0.0,poisson,,
standard,39.716942876666074,2.875504151295533,3.3505857023746564,18,13,34.97622838918741,146.69688490761718,418.91091177045155,14,12,12.166851468762424,0.0,0.0,poisson,,
standard,13.465072544762263,7.556261249810245,3.9127645330010576,18,8,52.9650523559369,88.7871837452011,491.31891868198784,2,4,5.508402345252672,0.0,0.0,poisson,,
standard,6.345621162955585,7.859344868169159,2.3199179150932405,17,14,53.12558725775572,110.57089188917782,215.46150660653544,1,3,7.915673677464207,0.0,0.0,poisson,,
standard,5.781640653678808,2.6932789987570294,1.5712487094923415,12,4,40.00854327706183,119.82409607238664,291.41035030367516,3,4,4.197684075434598,0.0,0.0,poisson,,
standard,23.961441020509163,5.949844526809464,3.113675254443617,9,9,30.96188590984371,125.45574443552009,219.25716540581666,5,8,3.960858311334876,0.0,0.0,poisson,,
standard,12.414816428669528,5.689893182560125,2.7840668710621372,9,12,43.03662926094372,145.51535613264107,406.53987081120414,3,5,2.5629874738388514,0.0,0.0,poisson,,
standard,22.69761697861713,7.139867514293138,2.4451837904740645,7,15,46.74965893159175,91.49430696280254,300.02768828304306,4,10,2.3166741570346163,0.0,0.0,poisson,,
standard,10.951896011316684,3.5721266852724343,1.5498011353538685,12,10,20.229085966439193,102.1357450003775,355.00256113044,4,8,2.2044790666901575,0.0,0.0,poisson,,
standard,16.529929378397714,6.688224041639543,1.8529118030676162,4,14,27.737784337687497,106.68176162954687,316.503974911998,3,9,14.273743230156889,0.0,0.0,poisson,,
standard,17.146873000741966,3.456517514466163,3.0531200475950233,7,10,23.281993132852406,138.47822582620165,310.0499425961918,6,6,3.3301195014072027,0.0,0.0,poisson,,
standard,6.525034659634831,5.246033133097218,3.7707762586551508,17,3,53.93807512817899,59.84386146301216,473.0859499388607,2,2,4.064074767979847,0.0,0.0,poisson,,
standard,11.61120643173496,3.30844508537018,3.225742172057001,6,12,46.81738267056339,147.1690408100667,208.75488431498138,4,4,4.092959104850887,0.0,0.0,poisson,,
standard,9.075056176385836,6.639181880853835,2.843552593254743,14,8,30.727632890147046,118.85567723520289,412.9984407364815,2,4,2.1117224113138873,0.0,0.0,poisson,,
standard,17.002438309497872,7.308201741786862,3.98239973522426,3,11,45.68102348049283,122.94154594466946,291.14005840306993,3,5,2.197229382083447,0.0,0.0,poisson,,
standard,20.593663706064362,7.885195643196056,3.4901686177504816,17,14,57.682866080371056,63.95166455038337,281.30927582901484,3,6,11.975306859566713,0.0,0.0,poisson,,
standard,10.648174785612914,5.617958401471956,2.714276715720941,17,15,14.229337708979653,92.9297968045012,212.46035140051964,3,4,13.346330501359498,0.0,0.0,poisson,,
standard,26.930320186294914,4.9397964691174145,3.3687604976405328,8,14,39.84762567723938,84.21885017118817,356.9008022868084,6,9,2.5351138214721933,0.0,0.0,poisson,,
standard,12.870840353044287,5.426666807247841,3.1664572063239564,17,13,57.66401495104116,136.52105138431085,430.3724257263504,3,5,2.125470875254976,0.0,0.0,poisson,,
standard,12.62507398945712,4.103323650050074,2.3894113207178,4,14,47.52512997978886,56.20341658819417,221.89591080660097,4,6,2.2183975566185605,0.0,0.0,poisson,,
standard,28.163694218251695,6.521599495029304,3.8759682620493168,16,15,28.220804590480295,115.86486430394501,215.16157472203324,5,8,2.401052888572482,0.0,0.0,poisson,,
standard,9.561440070860026,2.838742472922818,3.653556899511493,6,15,52.804744539303634,145.25069713474142,226.63665975062878,4,3,3.700165196731755,0.0,0.0,poisson,,
standard,20.623359594870177,7.443317210121735,3.4513988844094294,14,14,12.39456028318023,51.783221176408425,359.1486427303747,3,7,4.761895867421673,0.0,0.0,poisson,,
standard,22.27918535984413,2.3782938533368636,2.056730634409832,17,13,36.881967051099885,67.42310870426769,371.2702232917862,10,11,7.763262536779111,0.0,0.0,poisson,,
standard,24.127983249745967,6.851457088804738,2.6686571691346677,18,10,57.426550849585276,58.5603643619003,425.05798898356494,4,10,2.795539854258762,0.0,0.0,poisson,,
standard,25.764866079485486,5.212212055058813,3.1250979791021756,6,11,47.66927441571226,90.38612212167173,396.61175299153535,5,9,18.57760375092413,0.0,0.0,poisson,,
standard,19.716490034070212,5.863858772288477,3.092036593170743,8,14,15.552310267779436,82.25367489786848,343.26052555960473,4,7,2.747324542321117,0.0,0.0,poisson,,
standard,12.147779001344084,6.751932130057316,3.6118354358164066,12,7,52.14219473416927,88.0222850037088,393.0660904967732,2,4,5.722440039479953,0.0,0.0,poisson,,
standard,18.378537756012417,6.58285883439217,3.405154437362886,7,9,53.255930094825324,124.21634184745167,237.4532665404717,3,6,5.860516771164244,0.0,0.0,poisson,,
standard,30.13369920706858,6.4117010085877,3.962457979612788,20,12,36.40393596940231,116.42246854096462,497.0739020217736,5,8,5.393935763443826,0.0,0.0,poisson,,
standard,25.414411569745123,3.9200510457683473,2.0205027835626623,11,13,31.088923799423316,145.5387864665446,217.29835155096433,7,13,4.335580907000608,0.0,0.0,poisson,,
standard,24.62242730760027,5.207324916194797,3.492002233759507,7,15,54.116562132099844,115.54960501323217,356.07466579916104,5,8,4.359952645908757,0.0,0.0,poisson,,
standard,9.40047249459131,7.6098880337098995,3.563472288422169,20,15,17.57300517580233,95.26183075165454,359.01591544193644,2,3,3.1858592388707656,0.0,0.0,poisson,,
standard,5.8779835488924,6.468989407958142,1.6611669849899953,17,8,41.218629356968634,80.51749125643639,278.0239460309174,1,4,12.342255803937487,0.0,0.0,poisson,,
standard,15.795606942285502,4.027751566314135,3.2975721176079515,10,5,17.272276249932276,112.12418892114825,308.5185352961596,4,5,17.044286840809093,0.0,0.0,poisson,,
standard,41.69588353372911,7.715006170808157,3.847218309575549,16,12,56.48647282198301,127.38427407945183,388.25572164890457,6,11,7.4606305175124366,0.0,0.0,poisson,,
standard,9.839224637521156,2.4836600350891826,2.14265948858574,19,15,23.473963135511283,135.35542780832048,391.8027722140843,5,5,3.359979210590457,0.0,0.0,poisson,,
standard,20.05777888541484,4.259121151541057,2.2152531104013065,9,11,29.137954930816637,81.18002359227359,255.62788192756864,5,10,4.364744094591151,0.0,0.0,poisson,,
standard,32.99500512995408,5.729780731990521,3.341577491450516,10,13,30.54023148846046,91.43044767855852,372.0763658460563,6,10,11.743724605769271,0.0,0.0,poisson,,
standard,25.89104021120242,5.457195957870668,3.583132527412443,14,12,37.45176270925971,112.02405483370137,222.62990623475866,5,8,4.803482081844091,0.0,0.0,poisson,,
standard,23.297602583772385,3.026881471449009,2.186142211207404,18,15,30.250946257773002,73.51514360281912,361.19691767224606,8,11,6.269281688228679,0.0,0.0,poisson,,
standard,14.957575436301251,5.803105364110157,3.916224305895715,13,14,31.169932813234897,68.29857302545624,231.90740072064634,3,4,7.186076186854665,0.0,0.0,poisson,,
standard,23.311788516569347,7.0749143418791745,3.7752502700351758,11,8,35.916640314253364,122.4765509625773,334.4046911889866,4,7,2.131451329097021,0.0,0.0,poisson,,
standard,15.845977229668966,5.880379642072673,3.517007743837823,19,12,41.43425388107853,125.60848334107146,282.2552870716788,3,5,4.667676908593375,0.0,0.0,poisson,,
standard,28.35108880385056,7.31217000869521,3.751046559886245,19,13,20.623573725748116,99.73975714132675,277.59218514805855,4,8,9.877768478847411,0.0,0.0,poisson,,
standard,11.8760111474696,3.57418250290226,2.8002570243581872,16,5,22.193490644039468,50.05122878834152,489.939948812693,4,5,2.458090918920343,0.0,0.0,poisson,,
standard,6.469655050282777,7.922351421466044,2.8081005722685646,17,4,25.768661307501,116.48440672886412,300.04296338116626,1,3,5.791924126031604,0.0,0.0,poisson,,
standard,16.939792733344113,2.32538701641197,3.4187640255201615,11,14,36.77298892301483,77.18099390943507,482.40197175594307,8,5,23.440073337389762,0.0,0.0,poisson,,
standard,8.074378785326244,4.590819462842104,3.8207612587381625,20,9,15.10692138464523,66.68963896923336,401.95066071314244,2,3,4.454296256545964,0.0,0.0,poisson,,
standard,20.078428506052298,6.0179777726797905,2.795470672041096,8,14,10.562138947979541,111.04546235935005,445.74449347918835,4,8,2.3680871869543845,0.0,0.0,poisson,,
standard,38.86157075415337,7.854308719225113,3.59056017406043,7,12,35.04966222931153,148.93855390059454,450.2969407330171,5,11,24.378079305040718,0.0,0.0,poisson,,
standard,5.251386611578837,6.263160056543897,1.4797869677122881,4,7,57.09938873131988,117.18502123951187,383.67427295396703,1,4,7.714373649056906,0.0,0.0,poisson,,
standard,12.599460569392956,3.375996653566623,1.9538974393639097,17,14,43.57672940582802,54.705976361438466,281.84763687382105,4,7,5.407564719896523,0.0,0.0,poisson,,
standard,5.45657698970497,2.290592430436247,2.6927423964000194,15,11,17.8404057714153,71.7037869392545,304.74968123938584,3,3,2.3091365569913975,0.0,0.0,poisson,,
standard,13.736681311191836,2.945818350009401,3.8909454431370953,11,15,15.322186455093053,70.3865106445833,452.7684874414539,5,4,4.6841020480632825,0.0,0.0,poisson,,
standard,34.98921596708199,6.236643561120095,3.7563287784150847,16,11,20.07277279322202,79.65927689636011,214.1763648022397,6,10,3.665703314344637,0.0,0.0,poisson,,
standard,8.188736615202146,5.658884874647785,2.3216753835547372,17,4,25.069657310445972,59.949096037716465,402.5116439129845,2,4,3.294566756577858,0.0,0.0,poisson,,
standard,31.131375313386926,5.937004698097416,3.7096540096978097,18,12,12.102626644464085,103.73515971097804,270.27302084699636,6,9,2.617995386796552,0.0,0.0,poisson,,
standard,7.273249839343686,3.0035743826392665,1.2049295078589526,15,9,17.318191242377246,89.47067331114317,473.4278866759289,3,7,2.9516587339326703,0.0,0.0,poisson,,
standard,20.525353402765894,5.54046120543409,1.9605137401464612,19,11,55.974664384450485,139.4808081198887,420.0745411344832,4,11,5.090399282804157,0.0,0.0,poisson,,
standard,19.025332642702615,5.00542090838505,3.304357587663391,7,6,28.135371302793157,81.79827133453124,224.35813251300794,4,6,8.658613147052236,0.0,0.0,poisson,,
standard,8.95870510449689,6.005643453645717,1.1721049060862716,15,14,30.80871024341552,79.48454336162646,213.75410648901072,2,8,4.685309014944021,0.0,0.0,poisson,,
standard,19.318022944095283,7.362810702831664,1.5802678249288447,11,15,37.94974011032714,134.26720154532092,408.6070265661799,3,13,3.8093202892555307,0.0,0.0,poisson,,
standard,20.812435853201514,3.9667740811173475,2.976805265527454,14,11,42.94247873601149,129.03745301182323,329.62035452863796,6,8,2.117466391742744,0.0,0.0,poisson,,
standard,13.408677430360978,7.155463949977454,2.889583236593035,3,5,30.913273281272936,118.09080024731188,353.8895954412098,2,5,9.972307564359692,0.0,0.0,poisson,,
standard,6.680780618669175,2.137650632031287,3.5439572323449138,6,15,57.71535905793617,122.36547482520564,353.54564560325775,4,2,9.355918741639496,0.0,0.0,poisson,,
standard,23.6048485577921,6.603160856269624,3.413627309505308,10,13,35.85291694016787,72.57366010056766,303.8404142513347,4,7,13.588741279809692,0.0,0.0,poisson,,
standard,16.572695195219836,7.129101279539553,3.3189864523253947,5,9,47.23480852969236,114.04001698981854,450.82573992908044,3,6,1.921291541199688,0.0,0.0,poisson,,
standard,7.172102520899575,7.988196192436019,2.43320307109744,13,10,46.59329476457402,112.48877907164663,332.34664703523543,1,3,27.78114577877203,0.0,0.0,poisson,,
standard,12.01492694600455,7.747154775240902,2.4444781809784564,3,14,30.01796461265502,149.34718496471464,346.6270880324902,2,5,13.33140796771228,0.0,0.0,poisson,,
standard,12.109161172185477,6.45283169090615,2.709042146047925,20,15,38.40045131523877,113.73747648839274,384.46757647549344,2,5,9.296662185238674,0.0,0.0,poisson,,
standard,6.41605757608939,6.641518771486297,2.8838909318074166,11,5,28.582659993749434,76.31770987160291,479.1248361973288,2,3,1.5173099341307135,0.0,0.0,poisson,,
standard,11.154831553123252,6.221801359759497,3.560073773994411,17,13,13.454607441175028,144.81591121943728,421.3806493267602,2,4,5.186905261357339,0.0,0.0,poisson,,
standard,7.43380298228702,3.268962160112725,2.2093559202690196,13,15,35.809819002650954,140.41141107012908,357.808959479043,3,4,2.616359326770594,0.0,0.0,poisson,,
standard,18.93069051235122,2.2795991209992392,2.15422094708446,12,13,18.971166537257744,128.85213784187584,394.2678844392296,9,9,6.31646607601309,0.0,0.0,poisson,,
standard,11.280999551653236,3.08391792212306,3.365224119774068,8,5,17.045120668405342,107.89057574427653,201.80648413220925,4,4,4.0403257711,0.0,0.0,poisson,,
standard,33.702541184450865,2.835747679436722,2.6630196128231307,17,15,23.400565101752264,144.7990736444507,367.4699875611305,12,13,11.67302418008212,0.0,0.0,poisson,,
standard,8.954051820324885,4.367637915294376,3.5624835491644746,15,5,47.494570785615366,137.07280260407165,367.1440436915118,3,3,2.461248888947357,0.0,0.0,poisson,,
standard,11.196644948040571,6.339853802868555,3.357269478086503,5,14,23.1393231167731,76.98585996003024,469.02700152058424,2,4,4.9862911456009,0.0,0.0,poisson,,
standard,14.059530090058672,4.1047456762494114,2.518510820289026,10,9,21.025979429134644,70.21804553621595,436.9163005521806,4,6,3.8137603866399017,0.0,0.0,poisson,,
standard,10.507461844207404,4.215616909714656,2.459475505915706,19,15,31.288805778584813,65.08884772697073,233.83794430595438,3,5,2.9314017718961702,0.0,0.0,poisson,,
standard,5.778777939279846,4.813212881893534,1.7057832420835763,5,5,46.7207514231736,57.63330861735972,387.11332849082,2,4,2.473724336309872,0.0,0.0,poisson,,
standard,29.118346443303285,5.1448515247348405,3.984346674998532,9,11,13.73782148611797,144.72180213608755,263.7497853366773,6,8,4.005811093703601,0.0,0.0,poisson,,
standard,18.262803785072776,3.616735408791392,1.6523751833772893,19,14,33.268372475823845,125.29762262966152,389.2087050353002,6,12,2.266362605162908,0.0,0.0,poisson,,
standard,19.53487843700482,6.524618158812819,3.300022816764295,5,6,45.152714826042185,86.81010580032863,375.7598340171619,4,6,12.942358454897763,0.0,0.0,poisson,,
standard,22.310949282453137,6.292015304483135,3.6336122887498816,16,9,11.213106948637455,129.4158247210213,314.7864383064892,4,7,2.879468143467472,0.0,0.0,poisson,,
standard,5.039885600356993,6.727293862594758,2.483564271597224,12,13,34.238636004529816,130.19413388590982,284.6336080228284,1,3,4.0101605682876755,0.0,0.0,poisson,,
standard,32.244660083028194,7.196675070444847,2.497785464339894,12,13,23.91250181973085,60.51791885668069,340.9797093994498,5,13,12.69409044303361,0.0,0.0,poisson,,
standard,14.23057191432939,5.460469873487607,2.1984162539754557,13,10,50.55776893384588,82.22068549948767,356.53445572318805,3,7,4.0635432608347255,0.0,0.0,poisson,,
standard,21.357801596648876,4.226311926605925,1.9830659923610847,18,13,25.077505097815468,89.8178487542801,400.5164921670733,6,11,5.388815381164944,0.0,0.0,poisson,,
standard,11.504023985299124,3.9672198140642507,2.24524188886029,18,10,47.52920288297948,110.62126087168267,306.68311015700226,3,6,10.773521591647526,0.0,0.0,poisson,,
standard,9.340891435474193,7.669354086767388,1.4235382637968916,13,9,19.335687846896633,137.01067490353893,373.77129967700546,2,7,3.292161828722543,0.0,0.0,poisson,,
standard,10.479840679902775,4.747118720785477,2.1224466383533818,4,13,45.15173325412669,103.85268731597094,491.69406401228497,3,5,16.90356777277546,0.0,0.0,poisson,,
standard,6.753821670949319,3.3510034650355123,3.912990940633051,4,15,59.02320282165684,135.06734258934767,282.10411599535485,3,2,3.930810834196365,0.0,0.0,poisson,,
standard,22.89355089452142,4.122579191526576,3.1508994527467573,18,11,28.24727110674282,72.69456479071698,273.043411408501,6,8,3.3433798920939615,0.0,0.0,poisson,,
standard,17.53485632552701,4.971451122577805,1.4912899280973113,5,12,58.3547506829899,59.36637205904722,430.6037584645893,4,12,6.266569428087794,0.0,0.0,poisson,,
standard,12.812388203402417,3.5445810782737057,1.9659080368820194,14,10,24.09476474277383,127.84160196621767,353.8564893089224,4,7,4.515949397629036,0.0,0.0,poisson,,
standard,26.72138204199888,7.815682263236509,3.34224286703123,17,11,19.221627232879115,104.581692412606,216.457631152688,4,9,2.277698134510058,0.0,0.0,poisson,,
standard,9.609078189627297,6.76359268974786,3.901523650705301,13,5,11.711023380797982,84.8167050134811,298.68978689932163,2,3,2.6918476863405516,0.0,0.0,poisson,,
standard,18.224272756334052,5.052807580234858,3.138669154153969,4,10,32.88444026400241,80.39877513065056,309.5459054824302,4,6,7.239732471299098,0.0,0.0,poisson,,
standard,19.913113164048383,3.4334331080146985,2.9643369912071966,11,10,47.09155278324654,87.34138312978094,248.7212453115214,6,7,8.291638264654452,0.0,0.0,poisson,,
standard,14.078922111163655,7.066252760133219,3.6501888762366925,3,15,36.77595911576917,81.34001966849138,249.02174645124373,3,4,7.301666215880242,0.0,0.0,poisson,,
standard,23.40582589648219,5.5948269320390605,3.577742566817926,19,15,30.42361775165835,136.46389009435057,231.67961121581126,5,7,2.9988203291565947,0.0,0.0,poisson,,
standard,8.829742609498913,4.303660813549824,3.9288932421278515,19,5,37.50143012593274,143.42817369607278,424.11282441004795,3,3,1.7339862389235843,0.0,0.0,poisson,,
standard,24.008282201595122,3.170177931777353,2.889345722470904,16,10,25.718047631644183,115.14373866907005,377.7682017360627,8,9,3.705070772472499,0.0,0.0,poisson,,
standard,26.407209688117618,7.843088024239632,2.632170011742575,15,12,50.10584056592871,92.7831883216638,232.11913150119062,4,11,2.286037103890015,0.0,0.0,poisson,,
standard,15.531214789559675,3.9687663683064582,2.401289953513531,6,14,43.91413862504408,59.915396928037744,282.2500940739681,4,7,13.132411388732857,0.0,0.0,poisson,,
standard,42.64530499801986,4.0597367653436685,3.0004797861506356,14,15,35.29072216578694,119.60293580062104,376.5282508299879,11,15,3.2504984586526446,0.0,0.0,poisson,,
standard,16.268063515496003,4.085872477316826,1.289624061990685,19,14,58.71568626040654,133.5074053426298,452.1801373163931,4,13,56.918281767416396,0.0,0.0,poisson,,
standard,27.89840471138316,5.267019418644532,3.0490807473124155,19,12,34.72511789066844,119.92194469080198,244.28956093608804,6,10,2.351637755078766,0.0,0.0,poisson,,
standard,35.13523493975553,6.961928028698281,3.6105017422862016,17,13,54.464238674701946,73.0071919080871,349.5261270139796,6,10,4.420896728738564,0.0,0.0,poisson,,
standard,7.657456667786546,3.1423857900000796,1.7534638513186143,14,15,54.80384290025758,114.5372707768866,222.00134639227474,3,5,3.18581107298018,0.0,0.0,poisson,,
standard,5.49965683981479,2.3816382765133155,3.681197313274641,16,13,13.59482858220196,129.1172283671783,318.0444019219577,3,2,2.820538765755604,0.0,0.0,poisson,,
standard,8.776884676949654,6.152472466180839,1.3670509914039326,16,9,39.45266923603195,104.07034668680649,237.67893144931833,2,7,3.2492490764009396,0.0,0.0,poisson,,
standard,24.19823786854324,4.738969757628809,3.9390700673104724,16,11,50.126118218608404,141.3111959188612,256.61290588697653,6,7,1.9398922843060502,0.0,0.0,poisson,,
standard,15.534596037912321,7.410498953049213,3.7626283547761536,16,14,33.32610523243802,145.08856899405998,388.5591628341905,3,5,1.6375949441040836,0.0,0.0,poisson,,
standard,35.635789271581544,5.647675167975095,3.7141920508786317,13,15,20.590002309902623,64.07110968066513,463.84927735522274,7,10,3.608619430952573,0.0,0.0,poisson,,
standard,23.380258760042807,6.194245966591694,3.565793838315672,8,12,48.16511003924077,72.91092024092421,313.09270516909424,4,7,6.1800636704799015,0.0,0.0,poisson,,
standard,27.44617910034308,4.643058261152143,2.2836820820082764,19,13,38.69469012419961,109.0608761338733,238.1466778642928,6,13,12.182519034219467,0.0,0.0,poisson,,
standard,19.340166666419844,7.694140234345476,2.3041271648795534,8,15,37.462649717029706,134.81399639444692,414.83225311266483,3,9,3.311144144814201,0.0,0.0,poisson,,
standard,5.198891415668228,6.577870899670826,3.20076816407518,12,7,27.54684980058841,149.01426310098026,348.1743305583504,1,2,6.1719093568422085,0.0,0.0,poisson,,
standard,28.863414428078446,2.6241953646326133,3.825229676997849,18,14,42.19189011858555,143.55997502953255,497.40484432790515,12,8,3.1484290650789895,0.0,0.0,poisson,,
standard,17.232653656732495,5.683789818375557,3.4643822957484995,17,8,53.160421254891816,91.08792677045652,260.6333546693593,4,5,39.31718919404483,0.0,0.0,poisson,,
standard,11.84363000444214,3.5514019727762607,2.2341266666786974,12,15,57.06579446306951,103.514383270846,427.5566920828592,4,6,2.72221950343195,0.0,0.0,poisson,,
standard,13.763330640825847,4.948019197814034,3.135957118928101,12,10,48.11500882793927,58.18472023314849,364.1674705337666,3,5,5.651640909794222,0.0,0.0,poisson,,
standard,5.348529624106423,5.638606466237688,3.0648538617996737,11,4,11.607595385969434,145.150488109265,438.6928532306674,2,2,3.984238417096989,0.0,0.0,poisson,,
standard,14.35028556834297,5.355607908071839,1.9105765750576236,17,9,22.83333928365527,94.1611727052142,357.77094710101716,3,8,4.880680651422302,0.0,0.0,poisson,,
standard,19.068431558582926,3.1723081067284635,2.0170613462726434,11,15,10.377624395876818,61.776806328504286,227.82011430095355,7,10,2.918189749857402,0.0,0.0,poisson,,
standard,9.376809888321823,3.079584472775259,2.7022661410206936,18,15,20.14071683166961,132.40088647978854,210.20591354416283,4,4,2.612357171465029,0.0,0.0,poisson,,
standard,28.815909881783245,7.69509013164898,3.7222507875326034,14,9,59.64258621082399,78.7916272979588,242.89794606523878,4,8,7.24980560550986,0.0,0.0,poisson,,
standard,25.26681704356424,5.811239757586845,2.5413025098097455,13,10,46.607555668402185,70.58825359290793,464.0374699122916,5,10,18.65011450686897,0.0,0.0,poisson,,
standard,33.45652744379001,4.478213089328073,3.7519100486557297,18,14,24.344750597667467,127.78288458144208,356.9280332901791,8,9,13.691610757015916,0.0,0.0,poisson,,
standard,14.23292688456325,7.9997431486834305,3.1554428596105804,15,5,14.680456282122824,99.36946379807954,475.21951875942136,2,5,5.802648050687418,0.0,0.0,poisson,,
standard,23.719368063207316,5.994415306802375,2.139602067146177,11,15,22.31738199353701,144.04083310047497,447.26095259959317,5,12,1.9348290366621916,0.0,0.0,poisson,,
standard,19.095735878104865,2.139296664412333,3.9414223632092025,13,15,16.54282893827314,143.94321196004267,356.1032240046807,10,5,7.276663237706875,0.0,0.0,poisson,,
standard,23.742212904603722,4.587266881647812,3.795612692076219,8,11,57.50651378134398,95.47013753901999,375.55055175036796,6,7,2.2175092221035317,0.0,0.0,poisson,,
standard,18.544383881836296,6.9476721963534995,3.2066125744019245,14,7,26.796336117932665,99.9443657411661,334.59214753302,3,6,7.030475161204322,0.0,0.0,poisson,,
standard,26.324265862018503,6.783732830332682,2.5513354512841153,13,11,28.72725665542466,134.86242492203178,205.49794571353135,4,11,9.497412809267619,0.0,0.0,poisson,,
standard,7.363566664209359,5.64434735334704,1.1155122680435072,11,11,24.876808198327062,118.73213652965711,482.54037971098415,2,7,3.9072198371104205,0.0,0.0,poisson,,
standard,10.103727221778168,5.547724444205547,3.583085742481679,4,8,40.12559820717292,92.17452778847857,417.6469381822164,2,3,10.247741994158694,0.0,0.0,poisson,,
standard,18.044598229946672,5.308849246192504,3.0828755569225166,6,6,54.196420860944016,96.45853635968061,206.86579638021948,4,6,8.013989474507321,0.0,0.0,poisson,,
standard,6.793408520564652,7.132499703192859,1.3202457470075049,6,6,44.97355016826346,143.2581925843606,254.42008512357972,1,6,21.682072820309,0.0,0.0,poisson,,
standard,19.373482385053116,4.35978076782386,1.9108260676167201,20,15,13.537085175171907,86.48083863991911,418.47759697872414,5,11,2.9171411421209528,0.0,0.0,poisson,,
standard,17.31157823407262,2.6411921538702354,2.6533122009198884,20,10,43.09199784423952,93.92041102195529,241.7625888669236,7,7,4.281242977525511,0.0,0.0,poisson,,
standard,11.696144137922339,6.650347594304628,3.851780853594852,13,12,30.688648433081053,130.22966258988467,478.5912887343882,2,4,4.365509269588108,0.0,0.0,poisson,,
standard,27.080583930566515,7.19107988842313,3.257136216452885,17,10,24.167283972659796,83.96386070437875,232.02572487189505,4,9,5.275669005142433,0.0,0.0,poisson,,
standard,32.89659176920635,6.451433735890575,2.9763850475404174,14,12,35.78379466937667,71.00857947921446,293.80726805430197,6,12,1.9310639970485974,0.0,0.0,poisson,,
standard,39.81222856934005,5.402124832159414,3.6083597320427634,15,13,15.553982752456305,113.55377642064782,222.3136901235044,8,12,2.396109118998277,0.0,0.0,poisson,,
standard,15.090883589121429,5.304086317756819,2.8974066112865513,5,9,44.23585032447629,142.43726849535528,290.35168403179625,3,6,7.211553492233019,0.0,0.0,poisson,,
standard,27.763238556819267,6.000347728296725,3.220155110982218,15,13,43.63419793781756,146.76672589895617,467.97104586769876,5,9,4.948830445548883,0.0,0.0,poisson,,
standard,17.195311148347514,6.871250327932649,2.633975549658499,3,13,22.089486738115063,132.29407312465705,310.4418920883843,3,7,3.6490102027709983,0.0,0.0,poisson,,
standard,18.49616683282769,2.1440933134925797,2.594155993689925,17,8,12.413982542680987,129.19381771100848,243.1519135244027,9,8,3.9384749923569404,0.0,0.0,poisson,,
standard,17.111272762182438,3.5485942110712108,3.2145188317001203,10,6,59.41790458910013,66.30566833488933,323.98131705760034,5,6,6.765903392976908,0.0,0.0,poisson,,
standard,13.329387034492443,4.650550513099624,2.1085689840892403,12,15,37.07525580258745,66.74519853668536,439.1456950546626,3,7,8.614727970381946,0.0,0.0,poisson,,
standard,20.932130065817155,7.4798755830846275,3.4969168228504803,14,13,50.018612735505506,56.34560287942001,292.98715255942204,3,7,5.365503669864342,0.0,0.0,poisson,,
standard,9.235909263727757,5.059242416346346,3.9395579814663915,5,4,58.826037815116344,96.76615053328183,471.1550407227134,2,3,6.386834964245296,0.0,0.0,poisson,,
standard,9.25910401124484,2.696194872959747,3.287256110522449,17,7,41.336381622954164,114.79096674566046,320.9892049561813,4,3,6.759091558315795,0.0,0.0,poisson,,
standard,5.095025215490029,2.648392844358092,3.064307122462182,12,11,27.576471865369292,51.015594897568484,371.21834196999487,2,2,15.322947509944523,0.0,0.0,poisson,,
standard,19.912200912442735,5.905367385668049,2.9911497157169173,16,8,10.037078134259094,88.0592519192422,391.91026303758383,4,7,4.079373185270562,0.0,0.0,poisson,,
standard,14.712950189313872,5.087987050769061,3.3461000137339028,4,5,11.55027855297406,56.88191539212717,230.2971169813893,3,5,10.295940673312295,0.0,0.0,poisson,,
standard,19.73137683781045,3.1293178458005095,3.358315878533362,13,8,27.473683757101245,63.735763686408596,404.374411049568,7,6,9.224323770346016,0.0,0.0,poisson,,
standard,38.50112845657457,7.154346401082654,3.255714218458113,10,12,44.634206777782246,60.832985361242464,247.65753277719605,6,12,7.0379535029287155,0.0,0.0,poisson,,
standard,16.13833438953131,5.270784390359706,2.6006133070629103,19,12,33.987093181061766,51.817715268575085,417.5907852449342,4,7,2.0083214881495035,0.0,0.0,poisson,,
standard,9.919278767433953,6.9211553633454885,3.601482911887249,20,3,11.819911863428981,91.54206625672121,226.7345170126669,2,3,4.932830915725926,0.0,0.0,poisson,,
standard,29.58290963994351,6.909562668022076,3.3028177516451933,14,11,14.92491732317451,66.48283598962064,235.20061029067563,5,10,2.0055596621294143,0.0,0.0,poisson,,
standard,5.61514931131353,7.6030856614794935,1.6395043863919536,13,12,41.69141555470118,68.14149263809193,358.25930534950913,1,4,4.7854954139328685,0.0,0.0,poisson,,
standard,23.10727145259081,2.0444620624192087,3.079370442619106,14,14,20.47147181724121,95.10072459453966,306.29223119476774,12,8,3.562018121574205,0.0,0.0,poisson,,
standard,12.773281039589278,5.285434750363912,1.8446288567638476,19,14,38.69139516795639,116.13921780628311,347.6764699334588,3,7,14.68766740895339,0.0,0.0,poisson,,
standard,19.005879263111748,5.906622483012141,3.7265266323822948,20,10,44.3051483693176,121.58736104252608,476.6926924170632,4,6,1.9038818707270448,0.0,0.0,poisson,,
standard,19.2214601045616,7.647335210545197,3.4174494364080474,3,15,42.0395722187164,135.35597889130796,360.36513895834014,3,6,4.101133821940268,0.0,0.0,poisson,,
standard,10.295468503233174,4.893795201316487,3.1375492014423836,11,15,51.14568911341434,75.70569100520491,238.66794724318075,3,4,1.9560668170144406,0.0,0.0,poisson,,
standard,16.14853457662427,6.84926005564186,3.41529559292964,16,8,18.09311579347181,91.61067773069163,346.8940056970041,3,5,4.603816572749002,0.0,0.0,poisson,,
standard,9.275556762949822,2.8973538126318057,3.4434942212440784,12,4,42.36212300843212,70.81347425313112,375.22682676901684,4,3,4.0380139492778815,0.0,0.0,poisson,,
standard,10.204732013571428,2.7284008759994105,2.2920385831536887,7,8,18.66133493232464,145.70229470200655,216.85186210098757,4,5,5.465793986372022,0.0,0.0,poisson,,
standard,10.837671238516345,7.1726283477172466,3.3612333351110086,4,8,51.090000561189484,52.502474418405974,438.9920225991689,2,4,2.5497105779269447,0.0,0.0,poisson,,
standard,33.15300607899816,6.514552112210238,3.044234185250378,16,13,43.811188076298286,58.331528129196926,426.00577915865387,6,11,9.942113017572389,0.0,0.0,poisson,,
standard,9.379829838948332,7.960923617166832,1.6093476695709272,19,11,17.87893249318536,93.72859578320397,250.13813250657626,2,6,6.649812791548584,0.0,0.0,poisson,,
standard,19.1514962078938,6.166735433460834,2.7626229700166336,9,12,53.153791767986924,144.46320215643925,431.549372892546,4,7,15.500097756464028,0.0,0.0,poisson,,
standard,6.691835579593864,5.576683410863941,2.1031418739506913,4,4,58.86439291661048,83.41807143960722,204.28046394954868,2,4,1.936265744797565,0.0,0.0,poisson,,
standard,8.140158263849187,3.7828398541164407,3.3432042384735032,10,11,13.394278340447881,114.68579496116938,406.6658661589788,3,3,2.352905093397954,0.0,0.0,poisson,,
standard,11.905825461347572,7.389171419838111,2.873849233549848,15,10,27.788655415924808,53.776909003579235,224.2858089259752,2,5,3.0447725296342396,0.0,0.0,poisson,,
standard,16.540074658357504,7.418171368097091,3.4731843341290807,19,5,16.971931897421623,137.81557620316136,243.3281547518544,3,5,4.862310996809009,0.0,0.0,poisson,,
standard,14.032350989661637,7.504366444778763,3.7858732557449715,4,7,26.336850575530498,87.79085932377677,322.72319890342544,2,4,10.211660017928615,0.0,0.0,poisson,,
standard,8.436993732137106,4.8318457869981675,3.4462098575632845,11,4,24.116876154303537,107.69968242741643,296.48842262953826,2,3,4.92356110458905,0.0,0.0,poisson,,
standard,8.195097366842791,2.021276723716711,1.9903852055101199,16,5,44.35792024269272,81.278613522454,485.15682000589834,5,5,2.2855796163709092,0.0,0.0,poisson,,
standard,20.982944007622816,3.62048695512729,1.723718785784688,15,15,29.906752045683163,99.56534279636548,217.21265608973428,6,13,6.205075527188976,0.0,0.0,poisson,,
standard,14.384731782863922,4.675422670868709,1.7931310998934165,7,13,54.39374331933536,86.11453842813654,487.25661077343216,4,9,2.033753541873788,0.0,0.0,poisson,,
standard,7.335100247234293,4.669571089978895,1.3299737219475873,9,9,53.761505283916435,91.27137685450492,278.4698150951307,2,6,4.200059671044227,0.0,0.0,poisson,,
standard,16.15273021110587,5.917476135648844,3.8419176188304793,9,11,19.642886691792036,128.9183627116302,223.14904800712202,3,5,4.315338038482254,0.0,0.0,poisson,,
standard,35.237544042693216,3.4718702808339863,2.621807866248565,11,14,49.01973043463723,84.03325643962518,281.00635629958794,11,14,3.0105682706420636,0.0,0.0,poisson,,
standard,8.049555727604615,4.391991548794546,2.074883249460857,7,11,56.87695508070015,84.24262225772327,223.3671011290441,2,4,13.703345166979702,0.0,0.0,poisson,,
standard,10.15800652847267,4.61089816660099,1.586695614386635,5,15,35.742451798415175,123.91094794505658,238.06079733093082,3,7,2.796840574331804,0.0,0.0,poisson,,
standard,22.770946706941693,4.676939630536335,3.867018341162159,7,10,53.283248736349734,80.93916497740494,204.38556090256577,5,6,16.109137239405783,0.0,0.0,poisson,,
standard,19.982556353173294,5.40168384399696,3.7173795656010813,9,6,12.704027279771388,101.8061523463013,468.64967904579413,4,6,4.412393995769808,0.0,0.0,poisson,,
standard,11.664223235077495,7.2311598590926005,3.7953714487734764,10,5,10.046187852598212,135.45921776504832,262.8550415535348,2,4,2.846207216210903,0.0,0.0,poisson,,
standard,6.691746555681057,6.086812205871139,3.7288311713373377,6,7,41.648353344722786,116.4096152393777,331.2313787457724,2,2,4.99746022890747,0.0,0.0,poisson,,
standard,6.942162869330655,6.08413124804853,1.92807258570997,5,10,43.85955960659224,124.93419458351899,339.6400922401549,2,4,3.138487055235764,0.0,0.0,poisson,,
standard,6.358309721571708,7.755122733408829,1.7125480780548368,19,9,48.8597251389425,129.38209615980085,324.1437510005374,1,4,8.208894754197104,0.0,0.0,poisson,,
standard,20.0397226291563,3.1478545189954072,3.74316699607454,20,6,54.211773115307636,108.5283505765593,458.6926739956092,7,6,2.875863210625001,0.0,0.0,poisson,,
standard,7.044681519975385,5.663582000193035,3.7409367128175575,11,8,40.66746898726214,66.82369753226062,386.8898359683923,2,2,8.888916538630554,0.0,0.0,poisson,,
standard,10.349666202497183,6.206021435953174,2.230606818463819,6,11,14.920731700299235,55.16113972443617,409.05031065430194,2,5,5.185032573963086,0.0,0.0,poisson,,
standard,5.2842643712658806,6.396409553283705,1.0327792817340862,8,8,23.068821681367343,81.09739794351331,455.9962153466139,1,6,6.589353713767808,0.0,0.0,poisson,,
standard,7.360809441424205,5.325920501801691,3.921157316172798,4,13,23.503742290142654,138.18097131775255,213.6260275241646,2,2,8.75823677028616,0.0,0.0,poisson,,
standard,33.9766289487544,6.428102562975528,3.970875812384647,14,15,26.494108399808216,121.00322347721153,444.82354444880673,6,9,3.2666841757459366,0.0,0.0,poisson,,
standard,19.87313585039382,7.969437170692855,2.1626249834353923,10,12,23.29590606749037,120.02134425110896,326.88272815376,3,10,2.8634668553541456,0.0,0.0,poisson,,
standard,6.077020915170497,4.82130839662391,1.8281487965853,13,15,28.379559994004353,76.41280323109879,234.12554714241358,2,4,2.380081612578584,0.0,0.0,poisson,,
standard,38.77187898498877,7.37302438734695,3.6219961503482216,16,14,39.66185694179343,135.5642474993765,370.0107334930338,6,11,4.378631279431049,0.0,0.0,poisson,,
standard,13.535623133292006,5.596421217491624,3.9837968075607177,15,14,14.704100405024263,89.41725161143385,273.33394572651036,3,4,2.7028866304236523,0.0,0.0,poisson,,
standard,35.16030535256512,2.5661464961918288,3.083909760510811,17,13,28.46745229873996,55.90930129258148,416.95647491721945,14,12,5.111780359284923,0.0,0.0,poisson,,
standard,35.944780121400946,4.8083777514234285,3.6411418088965646,19,15,54.65238099186558,65.62881663861981,420.15684037277265,8,10,9.445784570040306,0.0,0.0,poisson,,
standard,8.85130907672213,7.467707854500215,2.005279975874226,7,5,40.22363130778402,110.37911976163006,422.41766665834416,2,5,2.4102892028686513,0.0,0.0,poisson,,
standard,10.70509905478373,7.877527944067445,3.858558286667072,5,7,18.302028821928904,131.63755773446132,459.4100615890764,2,3,5.061044294020161,0.0,0.0,poisson,,
standard,7.781088597906425,2.8866328238020107,3.338616392032341,5,9,10.943781403638106,76.82449133176182,204.31179097591985,3,3,4.2324380652122375,0.0,0.0,poisson,,
standard,21.713394760832436,4.9110907653993925,3.115342987031249,6,14,43.941424521856256,104.50389604443984,278.6868254962806,5,7,34.49196898759856,0.0,0.0,poisson,,
standard,30.271770881322883,7.747114330234076,3.944596099247495,5,14,27.85621406072802,62.96131743053278,370.43736742164924,4,8,13.320058857084124,0.0,0.0,poisson,,
standard,5.318390061304236,3.062922937453604,2.7193692994345176,18,4,16.3883923337886,83.95158751991099,232.8138367354913,2,3,4.161073323788866,0.0,0.0,poisson,,
standard,17.172665512341975,6.303716632778746,2.6991173223195037,11,9,46.78857120445395,62.26657372918851,205.74918087287264,3,7,4.708939378985268,0.0,0.0,poisson,,
standard,14.27827968379985,6.849161804950563,1.4214630986813914,9,15,32.265834022143444,63.00036211531164,292.7966216007322,3,11,2.1067613632667204,0.0,0.0,poisson,,
standard,28.686123196090325,5.7477002776111625,2.626889965026758,6,12,13.436522439090268,50.96696446094152,260.4898264784996,6,11,13.314850512911692,0.0,0.0,poisson,,
standard,20.932018254882063,3.9153143712908283,3.594719928245941,20,15,39.638118251139474,65.6810615348902,410.0155718734893,6,6,6.828087158096255,0.0,0.0,poisson,,
standard,14.219513333978089,5.934562168876847,3.7224507821974893,3,5,40.53876341490444,75.46854672105306,229.9575579074861,3,4,6.514592092984962,0.0,0.0,poisson,,
standard,6.863228600116441,6.095858925356776,2.378558079842276,3,6,16.190008745125034,134.4501572366798,423.8063563811738,2,3,9.156512364621111,0.0,0.0,poisson,,
standard,10.572621469537548,2.9875224862207492,1.97465235563,15,8,17.11029157981486,101.38746799180213,270.8583453968529,4,6,3.600822282829599,0.0,0.0,poisson,,
standard,33.49684142658128,5.975031186731569,3.0107630347608847,11,12,59.14290608473199,108.88206296812405,383.78496772251106,6,12,3.42886095668923,0.0,0.0,poisson,,
standard,13.678103916092732,3.3575616963895873,1.3288393143318584,13,13,31.3079749839356,146.5531499971969,405.47713355851374,5,11,2.7672560927405914,0.0,0.0,poisson,,
standard,30.839975892989532,5.078065809564025,2.4210641561207042,18,14,11.445103590231527,70.74151659033387,437.73784796921814,7,13,4.802247828691264,0.0,0.0,poisson,,
standard,23.931636703887712,5.85051407812589,3.350425894459733,6,8,21.335577678226336,100.65824176611393,354.8800503901647,5,8,1.9135928691379478,0.0,0.0,poisson,,
standard,12.340289490047743,2.128007624521927,3.6927779110137267,10,5,32.57875051969769,65.20062632026773,390.20542982805097,6,4,6.267860851244347,0.0,0.0,poisson,,
standard,41.37961060796191,4.701400168328085,3.0758431079643027,9,15,40.58886035724619,146.40867565816347,439.49894640039884,9,14,6.729991064379834,0.0,0.0,poisson,,
standard,5.525272506108116,5.626996446945441,3.129650216492255,20,4,31.079831284830824,111.7883180374578,414.3950493855282,2,2,4.344074761140819,0.0,0.0,poisson,,
standard,16.263375792783513,2.5720202226197655,3.659282155068647,10,12,21.62691145863911,105.17844760552879,235.16383231612164,7,5,3.0665116460032262,0.0,0.0,poisson,,
standard,7.334282395345046,2.105229754417472,3.8236460463104143,17,15,46.40699316290137,89.93065045373184,394.1965520819886,4,2,13.621644915153166,0.0,0.0,poisson,,
standard,15.238804378589512,5.5971509622804705,1.7777712782987902,11,9,14.954967895678958,124.77163648393056,344.64113975348744,3,9,5.701981337840407,0.0,0.0,poisson,,
standard,15.026624246276546,6.224795343655742,2.2122745762453655,13,11,15.147363219588502,110.58010229739847,272.77198256689445,3,7,6.124569895090663,0.0,0.0,poisson,,
standard,7.175615155682113,6.890450766927702,1.16501877171622,19,13,12.797383672795196,92.56122501564073,447.48592481470655,2,7,2.171253037980093,0.0,0.0,poisson,,
standard,8.214726881439686,6.090282116658067,1.8883421587143578,17,6,50.51558033792521,83.61520906455726,385.43959362704743,2,5,2.6005662423767464,0.0,0.0,poisson,,
standard,23.771566486523817,7.664386646129723,3.0640911540812965,13,15,23.912689466907146,95.55619266061686,275.14565069246675,4,8,4.810376970922901,0.0,0.0,poisson,,
standard,18.623479949949623,5.710668073101528,3.22472057970788,5,13,20.85479484681106,130.3800028641157,340.65793758363975,4,6,5.327265977922093,0.0,0.0,poisson,,
standard,11.177236636477202,3.061381728100357,2.011675438500295,14,9,25.1989112118353,85.94898738655174,280.5927551193432,4,6,4.967859736275481,0.0,0.0,poisson,,
standard,8.720860560164299,7.847310913126046,2.8369544766668073,17,7,32.256764266894464,55.61940741532838,345.53817417416207,2,4,1.5107594089880614,0.0,0.0,poisson,,
standard,6.162883156891072,3.6488580497108147,1.822365309949598,10,15,25.432689770128444,54.683884947280724,393.6108547077715,2,4,4.410195641743025,0.0,0.0,poisson,,
standard,5.507416300506846,7.760819185433406,1.6878245518125814,20,7,36.26586524712517,63.46249287277811,462.8589582616446,1,4,4.013552166117892,0.0,0.0,poisson,,
standard,20.878832172658765,3.9244830152438817,2.676020862648645,9,15,41.29085945099409,71.4810196089231,322.86800103842637,6,8,6.328030596664828,0.0,0.0,poisson,,
standard,18.0003087080798,7.897826425915558,2.4792579515503643,13,12,36.11948114619966,97.96821528544066,216.45252443170565,3,8,2.3149817168270763,0.0,0.0,poisson,,
standard,7.593956465910919,4.066731575939822,2.234214636264507,10,15,51.29266685842412,70.24982596961875,464.85368547130963,2,4,8.63591310630463,0.0,0.0,poisson,,
standard,29.621083802556196,7.141649688046599,2.700280310207436,5,13,38.934104899210006,63.21883033219695,243.77072971172666,5,11,33.81003854956579,0.0,0.0,poisson,,
standard,23.307583361097766,6.200138920501994,2.5347930865830723,12,15,16.10307210286711,62.163723579389206,492.61143809673035,4,10,5.0724148158317295,0.0,0.0,poisson,,
standard,15.024273141506594,7.520962849239391,2.9387747920535006,12,9,50.96117863643881,121.4494268903889,347.4679600916596,3,6,1.62384435631839,0.0,0.0,poisson,,
standard,38.824216612442434,6.9829976019753905,3.02847262648811,18,14,39.712756668007266,70.54240581337699,235.93230856406032,6,13,7.532512420540574,0.0,0.0,poisson,,
standard,19.118276122240026,5.328386293690857,3.7866433990329575,6,7,25.35022856423955,99.76395693771491,370.8435264225302,4,6,2.985442764176825,0.0,0.0,poisson,,
standard,14.454084912489739,5.931957472015596,2.936222715603195,13,6,40.126111527556844,149.59200767513798,446.10560499622125,3,5,14.12868967916963,0.0,0.0,poisson,,
standard,26.197475455459657,6.521822022512204,3.7683047697011216,7,15,11.385819393800364,54.2966081061593,252.69329140330396,5,8,1.5805786054150448,0.0,0.0,poisson,,
standard,36.668482682487166,5.364738154517584,3.8465698898273506,9,11,20.875540752923307,76.51096979420834,382.21201176203175,7,10,7.876703918499617,0.0,0.0,poisson,,
standard,6.8915842697890435,5.610241773520256,2.6254513841088456,12,12,36.77487073409932,87.58128781993864,432.1352527146753,2,3,3.2264006097528575,0.0,0.0,poisson,,
standard,8.891902977382372,7.890986888798576,1.2932632781066031,16,13,37.387040221336164,122.6052715243494,333.5039377956749,2,7,8.974958060721647,0.0,0.0,poisson,,
standard,8.093015401604356,5.200212857241947,2.2938290346762495,7,9,52.06757980473938,95.5903383485508,378.6515636800732,2,4,3.7564693880268702,0.0,0.0,poisson,,
standard,26.971794019579022,6.709804892030851,3.0650778246279766,7,13,57.678145530447566,137.90585287783372,400.36928371005615,5,9,5.664222314088543,0.0,0.0,poisson,,
standard,18.123696004720543,3.0316461465272018,1.9562033694751408,10,12,27.11959277319746,77.12147500125815,294.39933840707243,7,10,2.4539749680470258,0.0,0.0,poisson,,
standard,15.421330941119578,4.364107619336705,3.677587359709619,20,11,28.822428980200094,149.36508301943798,494.44637571384504,4,5,2.901321665030987,0.0,0.0,poisson,,
standard,8.384900640743231,2.490952832095116,1.518017365599762,19,6,28.046987053627067,119.54911393032786,441.94578992106347,4,6,3.7819524956834147,0.0,0.0,poisson,,
standard,27.699418351856806,6.8439636753012,2.18569894400047,9,14,15.775281827779349,70.55169865013757,448.7119660373571,5,13,3.9480633999788073,0.0,0.0,poisson,,
standard,10.731136908513406,6.115556320852854,1.9189100070413625,9,6,32.67227046659865,98.33489901648468,434.5385557064459,2,6,6.038175483631504,0.0,0.0,poisson,,
standard,24.748547807279074,5.593091591320995,3.495124537995165,11,12,26.1669443807794,134.2955783798298,264.29403558894245,5,8,2.452693183627921,0.0,0.0,poisson,,
standard,28.043955229446833,5.1094332559455164,3.188464006686735,18,15,22.84045848580907,90.15652482866025,385.76937312963724,6,9,6.539310830818618,0.0,0.0,poisson,,
standard,8.011498335218846,2.8472557799012623,3.709082386966138,8,3,56.20445820125484,77.23078716307597,325.2637971021282,3,3,5.994140408866457,0.0,0.0,poisson,,
standard,6.361928093606346,4.255369376774424,1.5799875441584637,17,7,53.30087427987853,86.34819759773335,308.3872223807552,2,5,2.7141780925488828,0.0,0.0,poisson,,
standard,8.906486866156666,6.803988893362452,3.034942173843783,7,5,52.95006383119862,145.49367098605626,495.56006928401786,2,3,15.902148899884367,0.0,0.0,poisson,,
standard,16.755412566884328,6.6798144703001485,1.639396534499844,4,13,37.51710221679315,104.02219226518676,342.7018891100595,3,11,3.1553259017130015,0.0,0.0,poisson,,
standard,17.90154682811367,5.122031009105309,2.4507427792989764,12,9,26.905071016222962,119.89510932430292,494.2614670928905,4,8,3.120012213476977,0.0,0.0,poisson,,
standard,38.40584575190494,7.740525962396252,3.625085168319893,15,14,17.96308030013438,119.50696518542112,264.1033660217389,6,11,3.086312063226474,0.0,0.0,poisson,,
standard,27.848796364568138,5.047879122729032,3.794653253070857,14,11,33.48600913068377,98.22148115942136,471.1838495206226,6,8,3.2266286750960087,0.0,0.0,poisson,,
standard,27.570277579103376,4.642641001831096,2.7730348205301287,18,14,19.61352378907414,60.709526982318394,277.1064618002048,7,10,18.094544082616054,0.0,0.0,poisson,,
standard,18.078636013181985,7.886352871909148,1.6828226960774122,6,11,52.982316756212605,62.80274221159702,289.8330630897897,3,11,5.104254207447435,0.0,0.0,poisson,,
standard,5.652962539996677,6.464278414808815,3.1966132215072416,19,8,26.7885430849024,135.5648624556423,220.28927807621912,1,2,11.018744941611097,0.0,0.0,poisson,,
standard,6.756065072967468,3.1130309517865618,2.406731360608192,5,4,22.07418230448661,73.11380998957846,301.3828318214729,3,3,5.940427009782658,0.0,0.0,poisson,,
standard,6.818690297600021,3.0938534088961616,2.1311619580074033,8,13,38.67592317630294,140.09402867891131,203.28561735954645,3,4,2.2208464559164485,0.0,0.0,poisson,,
standard,29.72772210870568,4.261104897659541,2.224792470721575,16,14,45.561038993822066,84.50746200572746,452.50078017155,7,14,44.13136608253558,0.0,0.0,poisson,,
standard,8.176689493396196,7.324966008447797,1.4383079380504222,10,6,11.92988023587537,107.07406251523507,491.8428988101451,2,6,4.010916906091036,0.0,0.0,poisson,,
standard,5.76372088085116,5.325222690596113,3.8351980137920716,4,12,31.769715070188944,63.81768297314684,301.1196962229014,2,2,2.159629804875836,0.0,0.0,poisson,,
standard,5.172363176011072,3.140855681161889,3.1071768449034116,17,7,24.198999745074087,123.21156917599124,461.5113537097941,2,2,5.000535404346191,0.0,0.0,poisson,,
standard,28.397959743958356,7.03173514721585,3.9515845758009025,12,8,26.323953398998892,64.88833674727974,381.9173353762475,5,8,1.8438559358068283,0.0,0.0,poisson,,
standard,6.297760744895807,4.835168174955359,1.493295709942896,7,9,43.01983216233057,66.23021397889208,266.6353543257528,2,5,2.431872644439309,0.0,0.0,poisson,,
standard,6.352646651324342,3.11637066475834,2.4315441526713957,19,9,14.498179397146252,83.86047208487287,493.0787192112644,3,3,3.1909369253993347,0.0,0.0,poisson,,
standard,9.139608744027308,3.25287212240172,2.0498823390246064,7,14,11.45964424611818,111.19552414836734,326.05530157519013,3,5,6.807357535491919,0.0,0.0,poisson,,
standard,34.65232741897197,3.298323490202267,3.3139263851568725,20,11,32.34993337255955,61.57085021053409,462.8791363960112,11,11,3.8024337529578855,0.0,0.0,poisson,,
standard,21.31665404594857,4.29378020899812,2.4327782115061227,8,12,14.206665049296966,70.98129709152042,227.82296322993275,6,9,5.029996156672934,0.0,0.0,poisson,,
standard,19.88679058837556,6.324612956414994,2.9006182828675513,7,11,26.266386151709465,106.74683605142741,267.9943158737615,4,7,7.692960575814397,0.0,0.0,poisson,,
standard,35.99513121225365,5.608311681035419,3.987828456945711,10,10,59.89293779325677,122.52883832104834,340.501463572941,7,10,2.437116371387746,0.0,0.0,poisson,,
standard,13.900273579207001,7.311653485226411,2.018525285534822,9,9,16.846550592686985,106.14175816131277,405.2861636355771,3,7,9.36809131254087,0.0,0.0,poisson,,
standard,11.88792959665697,2.309028665867678,1.9182529552274492,10,14,51.9336513018185,129.6400179841345,348.09116946840703,6,7,2.558891499693111,0.0,0.0,poisson,,
standard,19.76691045139613,3.8637960553226387,2.3013618000787104,9,15,55.645794484029956,90.06957752509396,245.63528760026935,6,9,3.471270483501345,0.0,0.0,poisson,,
standard,9.23420812599185,7.740996286713788,3.2979273012650023,12,11,27.92707459895479,72.85983702852471,428.0984278176524,2,3,5.368071847140805,0.0,0.0,poisson,,
standard,47.88279634424568,4.161597300347463,3.556514215222422,14,15,19.11010083565113,96.80841794008062,250.48056152014067,12,14,3.7886562218508244,0.0,0.0,poisson,,
standard,10.533026677816173,4.309871874718006,1.9842747542663117,18,15,42.668833297353906,114.41171527914715,337.4841048751008,3,6,2.9601337413078914,0.0,0.0,poisson,,
standard,11.159068081679616,5.1624105919799135,3.159742843118777,10,15,32.00693207007485,149.9386944939938,482.8390980007252,3,4,2.7425728025051868,0.0,0.0,poisson,,
standard,20.01490157487631,5.609842658858365,3.05815298533855,17,13,26.54518866359896,65.57689159968768,213.94370679264287,4,7,4.076034743920829,0.0,0.0,poisson,,
standard,29.715655150102346,7.442576257356616,3.3275047147748236,10,13,20.29678810189317,136.60510754455947,407.08187581422146,5,9,14.950112945402433,0.0,0.0,poisson,,
standard,6.765783241733013,2.1266690441848892,3.5297723614443206,8,15,58.63704214072183,109.82946092995059,366.91916202805555,4,2,12.743018266420155,0.0,0.0,poisson,,
standard,44.02110043860536,5.732522163217818,3.3383273581268513,18,15,50.43697189375997,123.47688917976761,326.0510932934594,8,14,4.136403897242094,0.0,0.0,poisson,,
standard,18.591315713088427,4.782473824416659,2.105857435639109,19,9,42.78087726711831,94.58995672905189,459.59358149145703,4,9,14.464610122910937,0.0,0.0,poisson,,
standard,10.88207480338056,3.804103114972418,2.5231877577102972,12,5,16.94404662676949,110.68079530040347,345.9129622083474,3,5,8.2038218702695,0.0,0.0,poisson,,
standard,29.200466070864085,2.132230294936809,2.9637883260701283,20,10,26.09670165673986,75.39230518937335,286.8107387355382,14,10,10.192724967253742,0.0,0.0,poisson,,
standard,17.540115235509973,5.096360127441666,3.89100629003696,7,9,52.64461984565088,77.76764446412066,478.7003938999597,4,5,3.280325989764004,0.0,0.0,poisson,,
standard,5.586964860455694,6.894576762032496,1.4835557281583522,19,7,48.605503320199304,71.35801723111592,380.85170155679424,1,4,8.823097166590195,0.0,0.0,poisson,,
standard,8.699607403471612,2.6045508687113252,3.210368214114363,9,12,22.29940749954148,121.78062262894662,468.88823369728334,4,3,4.533058351329802,0.0,0.0,poisson,,
standard,22.468447769805643,6.838814626029415,2.7238076070493022,19,12,17.19173225232303,53.8776026882536,321.53788738738,4,9,2.3777663933379793,0.0,0.0,poisson,,
standard,29.39211046203996,6.673433936363153,2.5413228750594445,10,15,11.684856409618757,65.12954380311837,334.592691447569,5,12,3.7316771426075404,0.0,0.0,poisson,,
standard,6.660208090284257,7.821399636901623,3.0997070587486215,18,13,56.11645864159013,95.13748637426713,246.4452201372879,1,3,6.792643920443245,0.0,0.0,poisson,,
standard,28.055225847469995,6.641511826211046,2.5987569106121855,19,13,30.572241788190325,55.3105801361671,343.4219577548414,5,11,5.914651724981801,0.0,0.0,poisson,,
standard,23.42095123114326,7.748610266300305,2.7427574806298654,14,12,55.11606589120851,142.84855707019543,273.603761863679,4,9,2.827558293654689,0.0,0.0,poisson,,
standard,6.4816339939756835,3.4947519199218005,1.2160618471938798,4,7,18.03354356071325,64.10134741391687,313.6421732815284,2,6,8.312098880614766,0.0,0.0,poisson,,
standard,23.721486445905004,3.6060241700991718,3.591293622239542,17,12,44.724691896112766,92.408813083822,218.06119246884938,7,7,4.633988148185261,0.0,0.0,poisson,,
standard,28.758185315883313,4.7738644121506555,2.4708956759186433,15,14,26.77784737965365,83.95694069911391,324.9111511629378,7,12,3.694375214904606,0.0,0.0,poisson,,
standard,23.681675927354103,2.8825805392623347,3.7200517844384953,9,14,18.99532300025066,121.63891911820774,326.19461085250197,9,7,2.709496165068998,0.0,0.0,poisson,,
standard,15.933019823266084,2.2956814600330224,2.537317409102682,14,15,14.973095577996379,91.80720175934488,385.03989480824,8,7,2.4000888706331818,0.0,0.0,poisson,,
standard,22.99445764526375,3.888362032876151,3.598807237004042,20,8,27.60440697271244,70.75739683586417,399.5658696434021,6,7,12.892810456180463,0.0,0.0,poisson,,
standard,8.940408043029032,3.1289628754449215,2.310570475705074,11,10,32.43354993197815,133.57989321534836,361.84647354475095,3,4,14.247068690746591,0.0,0.0,poisson,,
standard,7.052063142204214,6.027493942329524,2.797819716249826,9,12,10.430132318862642,94.3708045913835,363.2033970510686,2,3,2.532316709811618,0.0,0.0,poisson,,
standard,13.060109410029137,7.561276504279448,3.9395894326598766,11,12,41.031388228712586,125.29028377142882,271.51652617574393,2,4,4.268403478589498,0.0,0.0,poisson,,
standard,34.00790240808942,3.844403456006731,3.493309498986568,19,15,41.75544850345315,55.99813785699034,486.96555008925884,9,10,10.083475781259992,0.0,0.0,poisson,,
standard,13.936613841121765,5.123074962676909,2.1034328115973713,3,12,10.413452409542463,144.03805672052835,393.0955078285382,3,7,5.891990820512951,0.0,0.0,poisson,,
standard,15.442818970030514,6.670612325188925,2.2798141961904754,9,13,35.8779356502493,96.01830092694534,273.40000436746385,3,7,5.46499684919944,0.0,0.0,poisson,,
standard,15.733620340390331,6.17020219855305,1.3498342785122084,16,15,14.720854824152827,78.12537098929486,406.79902429639003,3,12,5.106293393368893,0.0,0.0,poisson,,
standard,24.88764954647324,7.833903941321921,3.6374240493952357,14,15,38.625798941053205,71.98542068374509,485.11654318399036,4,7,7.023770317841796,0.0,0.0,poisson,,
standard,6.7102048095445905,6.090360620214716,2.4713228889264043,3,7,57.386648379658425,60.76982572936679,334.9184039670652,2,3,3.905269195418694,0.0,0.0,poisson,,
standard,14.827259981649384,4.32770778756289,2.4844637983415385,8,14,47.84024708492148,106.77658487754877,425.40223444407764,4,6,32.637813536479364,0.0,0.0,poisson,,
standard,7.22936208736674,6.312158988900585,1.7290060872142057,19,8,29.70760859116374,83.93024364497327,238.60796022877804,2,5,1.9893915614599642,0.0,0.0,poisson,,
standard,18.167493392192,6.962639037207004,3.7508714279792086,4,10,39.608770874500536,141.6556045155026,255.31368563987934,3,5,8.263750496947,0.0,0.0,poisson,,
standard,33.00345444015625,7.313477295346436,3.3652147367450644,16,10,52.118658703096386,84.18592168876488,393.30805997322415,5,10,6.8384906502262695,0.0,0.0,poisson,,
standard,7.165517676816924,2.307531842152721,3.336781180409588,12,15,14.187050141534993,134.2954373817273,332.4794481462904,4,3,1.957692965682177,0.0,0.0,poisson,,
standard,36.2142562857242,2.2077857313759237,3.165629373087475,19,12,19.3912316959118,114.81767317197118,423.9269358874089,17,12,3.6373965561377073,0.0,0.0,poisson,,
standard,27.6307573168833,7.352867337043998,3.345333908311561,15,11,13.523822999763082,63.58494211318329,324.7129289628692,4,9,5.0175540612110145,0.0,0.0,poisson,,
standard,12.151357827460021,2.4584739184702693,2.9505401053388263,7,7,46.09706441641318,81.62384309422227,259.9075725137707,5,5,18.362399944038305,0.0,0.0,poisson,,
standard,27.156470122634772,7.318912958444226,3.212685438372668,16,10,31.83937857905925,115.78016027308072,408.8692764468735,4,9,4.827922565799667,0.0,0.0,poisson,,
standard,11.607315163091467,6.948740794944401,1.3460460084069497,12,14,11.340364644647707,81.55822616465613,419.7923998344095,2,9,5.477511323857065,0.0,0.0,poisson,,
standard,19.240095245746858,5.3953244888652065,3.2733089790869863,16,8,26.361485758842832,75.13088343179646,418.69672926552596,4,6,9.998446434882624,0.0,0.0,poisson,,
standard,5.062205041123726,3.919441905876768,2.3017724571694806,5,9,33.59289961395285,101.56571591196962,258.1816858339441,2,3,2.08155995028078,0.0,0.0,poisson,,
standard,29.17968458973647,5.568810237315007,3.50872234154284,12,14,26.35615688507829,146.37416041688294,251.65063265503858,6,9,2.459047286833785,0.0,0.0,poisson,,
standard,9.322368014709244,6.878194610492432,1.459635682170477,17,9,42.954482838741974,98.07826010273851,459.1997062939187,2,7,2.9064625907602126,0.0,0.0,poisson,,
standard,17.48194969704815,4.183400907880841,2.036887464283093,14,10,29.502696202519843,124.51182170363529,451.4951826632606,5,9,3.518714494673386,0.0,0.0,poisson,,
standard,8.842348274165547,6.389208855079753,2.457240204395185,5,12,58.33266608130943,122.62774762515781,238.49151805857727,2,4,3.4422939280693354,0.0,0.0,poisson,,
standard,6.328673042864797,6.971900751930545,2.194758300910546,8,12,49.24537107615354,70.87628743175414,405.5022273048402,1,3,18.402475695075687,0.0,0.0,poisson,,
standard,35.860645065327496,4.533514624986672,3.167903919812769,17,14,35.44723703368402,125.18845038405915,373.2433011820847,8,12,12.41484728090003,0.0,0.0,poisson,,
standard,9.342299630138449,3.4537642656976724,3.067832549422737,7,15,36.81001434459472,131.74314627067355,210.38989316324108,3,4,3.948382544971577,0.0,0.0,poisson,,
standard,7.690691347547297,2.9812928476175484,2.7194419368408873,10,14,27.153322496838165,63.010930293655235,227.2741579459246,3,3,7.677639429290159,0.0,0.0,poisson,,
standard,12.4634904552852,3.0288941229778032,2.871274821107928,19,7,55.96323338044784,70.24619316831163,415.85714860259236,5,5,2.4063616559005574,0.0,0.0,poisson,,
standard,23.080906210309657,4.110263732922358,2.626036185315007,11,11,17.994369280182834,113.27901053125748,226.10871281437173,6,9,7.14913497860115,0.0,0.0,poisson,,
standard,14.75433625223174,3.7139581362700977,3.8533787373893063,18,4,45.84184974378192,72.64908487696621,452.3613700611299,4,4,41.86880389352544,0.0,0.0,poisson,,
standard,13.631428381950366,7.605368529602552,3.48887227994812,13,7,21.30671325271892,85.82682562087085,404.1056467384901,2,4,14.714261165401517,0.0,0.0,poisson,,
standard,18.80323188429785,7.477943908935047,2.2613695776309632,20,9,44.26180173756951,122.29606450536684,274.6043822574408,3,9,3.1401445894839357,0.0,0.0,poisson,,
standard,17.093166539865443,4.981277143238392,3.1379595194722882,17,10,56.75410079631771,119.64429323287693,234.71861118485108,4,6,3.132078459972099,0.0,0.0,poisson,,
standard,6.245932290382087,5.013589547594808,2.263628654624059,15,3,46.768492965820414,135.69303600516264,445.40347160359556,2,3,4.815164512557015,0.0,0.0,poisson,,
standard,10.639997293716581,6.874698168278603,3.364866927738988,4,14,43.52203338284905,61.790681184178865,360.0809140543127,2,4,2.6270345837924167,0.0,0.0,poisson,,
standard,27.343884145905598,7.591863070480349,2.9867427101838495,15,13,41.196881454938,76.89198110559809,494.65583987932297,4,10,3.293504030995383,0.0,0.0,poisson,,
standard,7.664433332359891,6.564104346804797,3.7449067774066362,12,8,25.790230990714868,86.9279015344286,205.052393894324,2,3,1.4258065492562653,0.0,0.0,poisson,,
standard,36.307850654258445,4.516359792331855,3.2494760505636613,11,15,11.844895228286415,69.36830755962124,212.4365492838543,9,12,2.1202072880857417,0.0,0.0,poisson,,
standard,17.835425084341992,4.187684706801628,3.658252600829057,5,15,14.329943040760071,101.05374827707034,283.5989936450919,5,5,8.93028845357689,0.0,0.0,poisson,,
standard,10.773458145222325,2.6696942065771867,2.7033579262982013,15,11,12.680663919465681,126.86754174623624,492.0546419425968,5,5,1.8736675078827856,0.0,0.0,poisson,,
standard,49.929467137645275,4.877127221991646,3.404979711784518,16,15,38.617549363454714,128.15405303498585,399.20472317807935,11,15,4.163130665859748,0.0,0.0,poisson,,
standard,34.58066462021107,4.405799574471079,3.9852597037588624,17,13,31.754397675882224,136.65192255981378,485.0271639635897,8,9,9.421250428577512,0.0,0.0,poisson,,
standard,39.47813156710809,7.241393800165328,3.85262443630096,19,15,48.14575144773841,99.16120970853754,395.28526294551534,6,11,2.7880346927465167,0.0,0.0,poisson,,
standard,15.086476813888046,6.852110224154113,1.7762816577028506,4,13,51.35950072705381,51.272785608994994,240.69958616355817,3,9,2.997235390595782,0.0,0.0,poisson,,
standard,22.53614977991859,6.066896549055301,1.9506917504948442,18,13,55.204782760247085,64.27928734940264,376.30404649643793,4,12,5.55743577982515,0.0,0.0,poisson,,
standard,24.270327767526883,7.182394603945291,3.3400308725257224,19,15,15.178022921754444,66.04643601546431,484.94101525304524,4,8,2.520329106508983,0.0,0.0,poisson,,
standard,7.9663366301966745,7.055754438253604,2.15432507293025,7,15,36.01781039027226,85.78368702724829,298.5286104463135,2,4,3.846422233768353,0.0,0.0,poisson,,
standard,7.254268539902743,7.432378570781604,2.3850925250893624,3,9,18.510298259241427,125.21397096471276,382.9743526477437,2,4,1.4162383446364428,0.0,0.0,poisson,,
standard,7.932443390361126,4.410058772507066,3.9625556455867192,20,4,58.084197267446115,85.366183621192,226.19107534909864,2,3,5.156607350846535,0.0,0.0,poisson,,
standard,7.297740617268529,5.1734656182458005,2.710762758278418,9,8,31.1072492291921,111.00041158331238,350.9688855118518,2,3,4.190995759215911,0.0,0.0,poisson,,
standard,11.612429833216826,5.150888662511009,1.6786427387613365,20,9,38.775985006001164,85.93208949023727,282.1639174047914,3,7,13.284836862723898,0.0,0.0,poisson,,
standard,5.070168043514368,4.7651460869151325,1.6702261077423453,12,13,27.76775485382707,78.6181560789738,348.3147739784981,2,4,1.747189398999987,0.0,0.0,poisson,,
standard,18.07646361549601,3.2487664904017812,2.1850648394060754,20,15,22.162905649580235,98.87955660134222,406.103809700046,6,9,3.636126155468958,0.0,0.0,poisson,,
standard,9.183926607412214,7.698637196199088,2.0737463576589814,7,15,23.81144298650384,118.69934456355233,245.6280570314663,2,5,2.443653279869688,0.0,0.0,poisson,,
standard,6.542009722051514,7.605529971684167,3.594393114527501,6,8,59.702745013601074,98.9290694195578,487.4678531631529,1,2,11.380145236547428,0.0,0.0,poisson,,
standard,32.25558455365769,4.881019402075149,2.8341735122186744,17,15,24.72948240298502,79.38482838291657,433.3136178070923,7,12,3.994810844670595,0.0,0.0,poisson,,
standard,20.639397307417692,4.6570662260004285,3.3098418455626817,12,10,24.389141384378007,93.84935967734839,362.296419907065,5,7,2.717161716879635,0.0,0.0,poisson,,
standard,14.869301775383583,7.148527433492552,2.74467855653257,9,15,42.29152171014422,102.25006432129533,356.4258318297499,3,6,2.311597659808167,0.0,0.0,poisson,,
standard,30.06512830786931,7.794074045793772,3.5755749542858446,4,14,52.89903478920522,106.75163453508938,358.3780815521554,4,9,8.20422640482612,0.0,0.0,poisson,,
standard,10.059021066467029,6.244815235417339,2.2715772825397966,13,10,53.67104806921516,138.9272545270457,380.6208945639692,2,5,3.7244781726445546,0.0,0.0,poisson,,
standard,14.254951490530244,6.82195310640321,3.261559409790422,7,9,14.578129858605461,128.859424587312,358.42628716226073,3,5,2.109509766705873,0.0,0.0,poisson,,
standard,9.112750473420583,7.923561744762986,1.9100736049932099,9,7,27.336221983572546,50.16048580587174,345.82033893574123,2,5,5.018559740410247,0.0,0.0,poisson,,
standard,30.376814404754555,2.110278082650348,2.6197116924422175,17,13,28.391605695240315,102.53614206317593,311.4035554575839,15,12,4.367781751372643,0.0,0.0,poisson,,
standard,27.733063168020855,3.4888975268956575,2.2896771932855065,19,13,34.35692203156739,69.24307823915638,411.78827203126514,8,13,20.734999185904275,0.0,0.0,poisson,,
standard,9.330349909885822,5.918732882872572,2.724559049625768,17,10,59.74398647344124,71.41834012047146,217.05416727743707,2,4,3.394691494474171,0.0,0.0,poisson,,
standard,6.943115737074299,5.834549202432976,1.7841051547719426,3,4,35.71404156004007,109.29527911892158,318.52321385260825,2,4,9.96106819117445,0.0,0.0,poisson,,
standard,6.637361356047922,6.423572813288981,1.557347268626848,9,15,43.22260593741678,120.88690880274727,226.42229406021283,2,5,2.0554460052989163,0.0,0.0,poisson,,
standard,21.94746750066749,5.159173939060525,3.7130359564004305,20,13,45.21263138682371,118.49448600129917,435.05021398091344,5,6,12.110756585309105,0.0,0.0,poisson,,
standard,25.091548315938354,3.7780828147653986,3.2002737066123332,14,9,21.92405331898163,127.09288797940421,210.04077646442468,7,8,8.81776432434338,0.0,0.0,poisson,,
standard,35.651284277868186,2.4570616008811346,3.2342094219932376,15,12,10.767442991143524,93.88694892682088,273.8399042565553,15,12,3.1821196285202884,0.0,0.0,poisson,,
standard,6.455612183339806,6.5550317296484595,3.991407825460718,12,10,50.841565600088046,109.72437517260458,409.75775568754887,2,2,2.613163223906073,0.0,0.0,poisson,,
standard,8.405768266118113,3.276096597947144,2.3411449325223543,18,5,58.57579996773817,136.88239866600418,320.2490611089861,3,4,4.3467958382660115,0.0,0.0,poisson,,
standard,5.543391043462131,6.635871553784655,3.842517160694703,12,2,51.92020229429795,61.484213891898605,403.13112449882397,1,2,6.569740141159238,0.0,0.0,poisson,,
standard,9.966077788523437,3.5503027599395667,3.066010554799917,3,7,42.848127350825166,55.89797630759497,346.97260887169045,3,4,6.001287556258126,0.0,0.0,poisson,,
standard,12.367537883210478,5.417085881198709,2.8238415294959225,4,7,10.526211977100827,73.86557867166422,343.610831303833,3,5,2.49849162399141,0.0,0.0,poisson,,
standard,14.364966917303024,7.885895185898738,3.07466291079297,10,9,28.17344478398714,63.61404817738689,248.6204560822768,2,5,7.883829721186153,0.0,0.0,poisson,,
standard,31.79748319176283,4.066482691592307,3.917500862189124,15,11,56.526396344344064,102.10173964245794,433.00201043583695,8,9,6.421109204144974,0.0,0.0,poisson,,
standard,7.385622106168956,6.088393411687254,1.7758934502504826,12,5,21.18838206770492,56.615745621836176,461.1687884180145,2,5,2.0427735992215146,0.0,0.0,poisson,,
standard,15.183384918085585,4.454299265298552,3.096600442747795,18,9,16.144167052776282,75.10367237483462,319.750995088477,4,5,11.558444157433332,0.0,0.0,poisson,,
standard,12.862243099903104,7.101697425498348,2.599155998853779,12,15,21.65589380014984,77.81530008515219,494.90867690692505,3,5,19.792524392318956,0.0,0.0,poisson,,
standard,17.18012222269484,6.043964216637276,3.731376047619488,13,13,51.9114481726857,73.71964878186682,474.2642120283761,3,5,8.210145507720405,0.0,0.0,poisson,,
standard,8.695303027866071,5.373485191598943,1.0211455843611716,14,10,36.88321039984976,64.2061877733502,200.03175571834856,2,9,4.757458908560725,0.0,0.0,poisson,,
standard,29.430442632448752,4.283996829261456,3.3521122412855595,12,11,33.304125401829474,129.34355688877773,308.51708946723363,7,9,11.952549711836589,0.0,0.0,poisson,,
standard,13.26539117438283,7.2559382337548985,1.363897693874618,3,10,43.88750411442044,123.60936881552873,480.8024946214574,2,10,9.247523748325857,0.0,0.0,poisson,,
standard,21.416980395442046,6.339611059783588,2.2147039909803214,20,15,26.506303842575626,75.99897096148099,221.63970905865995,4,10,4.380185908497496,0.0,0.0,poisson,,
standard,11.176332093423413,6.293977867724763,1.682414922207196,7,15,15.04936179154663,69.43914456520764,361.4157176548671,2,7,6.862607427875555,0.0,0.0,poisson,,
standard,14.39182571198813,4.005768370632628,2.7304467490114823,4,7,43.21863213549456,78.44772630318235,202.3495089635604,4,6,3.486305646629554,0.0,0.0,poisson,,
standard,28.876542315832225,4.440874700014722,3.2777363535544164,9,13,45.07707800329124,129.02616963587525,223.37263502354253,7,9,7.014072799546615,0.0,0.0,poisson,,
standard,34.44631531086516,4.82311588420573,3.1712369388502615,11,15,23.971290078560788,86.10535407354497,339.49936017373454,8,11,8.22358897583961,0.0,0.0,poisson,,
standard,12.745572682398123,3.312778978607707,3.3425711255245596,7,5,21.14533985721767,53.459592166192095,218.39739384497236,4,4,11.415087900574068,0.0,0.0,poisson,,
standard,27.80250232985928,7.551172856734687,3.1038108181482484,9,14,42.529195401575876,125.34483993999888,239.1533648722821,4,9,26.2299424230648,0.0,0.0,poisson,,
standard,21.246705662366626,4.711024327550003,3.0584924974941536,20,7,19.446044024662733,72.19721777330241,286.2457383292525,6,7,19.188910257344652,0.0,0.0,poisson,,
standard,8.251734112137175,4.393852838318628,3.0249554982865394,17,9,26.98478282881424,137.16076179633848,280.3914731946477,2,3,11.077172308331168,0.0,0.0,poisson,,
standard,13.272817520605587,4.7726160298474465,2.178199608433563,20,12,30.29315412245296,66.43304491862565,403.21844118271736,3,7,5.332838121250731,0.0,0.0,poisson,,
standard,13.389486847090325,7.806274812129454,2.661720776081215,19,8,30.848069048353583,144.4261509728152,224.0584745289459,2,6,3.9017163315266794,0.0,0.0,poisson,,
standard,22.007472502544193,5.623929263152372,2.9859521288494855,16,13,27.104900488611857,128.19693593725077,339.88154130792293,4,8,12.689742833396824,0.0,0.0,poisson,,
standard,23.601598327759266,4.897351224105657,3.8599296228529414,18,14,51.49665025222204,100.26501589013796,331.99024031978666,5,7,6.241290107782091,0.0,0.0,poisson,,
standard,35.441440357337996,6.663132134542,3.739798005839294,11,15,47.56074790475979,123.50013422565257,355.13537629316806,6,10,3.020377841441473,0.0,0.0,poisson,,
standard,6.493368970977819,3.4627896753749416,1.2054094409723966,4,9,57.883906634866264,62.61860775078867,285.03656769022405,2,6,9.586728766515105,0.0,0.0,poisson,,
standard,13.22239862258137,5.194772447107042,3.340313223240291,10,7,31.63923665375161,104.59964862235964,439.7897785441878,3,4,25.59640921156044,0.0,0.0,poisson,,
standard,8.888375884860483,3.3526463532240802,2.280603193153593,13,6,20.934583174928175,72.48311544120519,480.37748923760023,3,4,12.192871126703302,0.0,0.0,poisson,,
standard,7.955161729697773,4.1663603518286045,2.1107808448088594,19,15,39.60067559026896,52.79069913132878,255.8547414550196,2,4,14.78925057452248,0.0,0.0,poisson,,
standard,5.349458354907882,4.124294519925016,2.1778763786212254,17,8,20.5859924483685,141.7708839097765,447.4689635472542,2,3,2.6744240821035437,0.0,0.0,poisson,,
standard,33.55267651160125,4.041380937602245,3.991283247810533,9,14,41.141394481440656,67.2007916123829,420.74043810552735,9,9,2.895687403316039,0.0,0.0,poisson,,
standard,14.659110546629934,5.75578145783388,3.9715393917795296,18,5,54.60966880079521,90.19372818433197,328.1154822771208,3,4,4.733759256029352,0.0,0.0,poisson,,
standard,6.277235179806862,6.989360536939891,2.7954674792978826,11,12,26.78442133389597,135.4345014025899,435.66516414545265,1,3,10.065010355557048,0.0,0.0,poisson,,
standard,38.8159287047665,5.06158625796529,3.8915303692390006,13,11,32.759680441599876,113.08259464620232,446.14945754460746,8,11,3.738890929554219,0.0,0.0,poisson,,
standard,6.9836092790310484,3.5979075895461516,3.6556358374786933,16,9,21.661967945252314,93.86707108256269,490.1171557187929,3,2,11.357828631735028,0.0,0.0,poisson,,
standard,25.659825477613893,4.5222836800781785,2.5477020460149564,19,12,45.70449271765645,138.05172619571692,373.71059661029005,6,11,3.992224461082021,0.0,0.0,poisson,,
standard,24.04899985954621,5.9426135278074055,2.0744647658800437,11,14,58.05267366287227,71.10415483166949,247.61569693382057,5,12,3.3828892632265117,0.0,0.0,poisson,,
standard,9.343457558096652,6.002963637137035,3.2965929087430705,9,13,55.99436688896991,118.64753620984679,272.73927992501365,2,3,7.421029974577729,0.0,0.0,poisson,,
standard,16.261719111721472,4.170592527019021,2.7125746348000286,20,10,14.935610008877383,121.2666657854463,201.03345986976007,4,7,10.583266047416103,0.0,0.0,poisson,,
standard,38.15504794324345,4.6598505641651204,3.3999702290544396,17,14,56.3962811564098,100.23772088826229,339.26306978567993,9,12,2.3591684149379724,0.0,0.0,poisson,,
standard,19.285632465274492,4.240785080819353,3.8822150989294326,15,14,20.781411691590236,105.66083350767818,272.46386327791095,5,6,2.784334997022441,0.0,0.0,poisson,,
standard,32.6125781095921,5.894907229081259,3.923265646828878,15,15,57.64843800730082,133.4884896610532,416.5605030544251,6,9,3.21917658083463,0.0,0.0,poisson,,
standard,13.039855552005777,2.276074691095367,2.492212741641938,17,6,54.875422085534,97.12958206154687,313.3114249444596,6,6,4.9604413448575215,0.0,0.0,poisson,,
standard,13.626885308437286,7.492330992411901,1.9130812247606,7,11,36.6020507505697,106.70227100346261,488.69180363484264,2,8,6.206533246541266,0.0,0.0,poisson,,
standard,15.461020662505105,4.122647990074251,1.703017211675788,15,15,41.78268233376143,83.15949110156254,259.7427267336566,4,10,5.045356633637172,0.0,0.0,poisson,,
standard,14.436973204695134,3.9956044239698745,1.1398875798471357,5,14,56.960488596131874,75.0319911650721,452.51739710241566,4,13,5.854328936872202,0.0,0.0,poisson,,
standard,18.105949835051973,7.053454755615988,2.06125629933768,16,10,45.865853348156094,55.89321170919834,243.99651726412907,3,9,6.587805766065844,0.0,0.0,poisson,,
standard,19.845379106716464,6.904751361086466,3.1648331846468047,20,15,48.44719220520491,129.34071897561574,408.31850104797,3,7,8.75830055349142,0.0,0.0,poisson,,
standard,29.86284207663023,5.307167096994965,3.79510542982881,12,8,24.60283451839696,132.4283413667354,410.72042509371954,6,8,9.907902016985641,0.0,0.0,poisson,,
standard,38.575346676345546,6.625991645137941,3.1511599440555473,16,13,45.1128087023322,101.02786086508578,245.12665652634985,6,13,6.642784873348438,0.0,0.0,poisson,,
standard,20.63569834834612,7.881550395057843,3.316502638286401,20,11,44.42322365565931,124.8694820684773,202.0220053104472,3,7,3.332775710340761,0.0,0.0,poisson,,
standard,16.795883509044607,3.6832814384981285,3.4855091502737015,16,6,28.866619740519198,129.90865130389926,487.7739288348514,5,5,7.378410669107355,0.0,0.0,poisson,,
standard,27.904788402464778,4.119431845054423,2.8911761045099347,13,13,23.013277748062446,137.84259131101834,211.2976731107501,7,10,7.107996513873841,0.0,0.0,poisson,,
standard,14.068102445235779,6.69318931041601,2.3546747554887264,12,12,29.195455256969822,99.4793208500648,261.1156880447968,3,7,1.7134767843264047,0.0,0.0,poisson,,
standard,9.115863763262375,2.9646408072630175,3.162507092790115,10,14,42.910650568002694,148.88573898872065,278.8445943054014,4,3,9.125722078382964,0.0,0.0,poisson,,
standard,12.477649272850176,3.059319123694023,2.5738620432617676,7,9,14.342744344914866,121.03940926195565,273.04228477697865,5,5,7.4276608636100985,0.0,0.0,poisson,,
standard,7.309375571695917,5.604667423219397,1.9713217031443,3,9,29.426698461708014,85.54336587711819,332.460731661725,2,4,4.311108245346204,0.0,0.0,poisson,,
standard,16.654302736704516,2.3573596307060205,3.9236724702107546,18,6,32.13311599542844,96.99301805449946,238.1733123683307,8,5,2.2443133326417435,0.0,0.0,poisson,,
standard,28.77024436463768,3.593370314059319,3.1567991000323854,12,13,55.89925882224434,77.77791503052332,393.03029550302324,9,10,2.0477106014237023,0.0,0.0,poisson,,
standard,9.160977022451831,2.125900533674038,1.5589139967858117,19,6,43.91224013855717,121.96412110976276,231.39068211030704,5,6,9.736745448939178,0.0,0.0,poisson,,
standard,11.693611326360756,6.578469381208725,1.4795058511428878,7,15,27.31613267959408,103.15800213780098,298.06391543770593,2,8,14.573581578248014,0.0,0.0,poisson,,
standard,32.136528705758685,6.335050148609926,2.2351780489248005,15,15,46.483749820518,144.90209407285468,317.0568892348382,6,15,2.5868934103547296,0.0,0.0,poisson,,
standard,7.608442426181584,4.551180990984254,2.103065798956705,5,7,34.01168400584661,70.56355146846649,498.3484282531237,2,4,5.098645164267919,0.0,0.0,poisson,,
standard,19.660316535234436,7.465737679008711,2.25421835648391,17,9,28.51242039938298,134.23018922994612,215.41523361555264,3,9,5.91776440270972,0.0,0.0,poisson,,
standard,8.521241463222706,3.0007987648086933,1.8124952272752153,20,15,48.98722608675566,139.13764597752154,219.15632134651378,3,5,9.365023890101956,0.0,0.0,poisson,,
standard,12.880167216702933,6.99546815979769,3.4649828292111593,20,7,44.482703935335145,93.53437555069067,377.6268005285755,2,4,8.988411165667463,0.0,0.0,poisson,,
standard,10.481853063033828,7.385829246589751,2.2254021534386133,9,10,56.023190164203754,61.23804544583216,242.11703894862808,2,5,4.561690683327839,0.0,0.0,poisson,,
standard,19.706332026221705,2.612050063820374,2.648399341520568,20,11,30.933398933661103,128.7708378554898,463.22436808901523,8,8,3.9733403056505443,0.0,0.0,poisson,,
standard,29.955370764068242,6.732551359509145,3.321977990320666,10,13,45.02258058374335,56.07062578814978,236.72690213000254,5,10,2.479138080859359,0.0,0.0,poisson,,
standard,9.670345345336877,5.731246940733319,2.9830753536750145,19,9,21.00407332344987,90.10984195406901,207.4116463328707,2,4,3.790396864156571,0.0,0.0,poisson,,
standard,8.151757335702095,5.22452250194415,1.7510263113610631,17,7,42.35854344600011,126.52517517426094,464.9861049602035,2,5,4.735997927074878,0.0,0.0,poisson,,
standard,22.204948302042414,5.995743944395782,2.0516078828716653,9,12,15.001703621650794,111.2517328751274,384.1572328411264,4,11,8.800607950749137,0.0,0.0,poisson,,
standard,22.154941128929817,2.8063382345040546,2.0320128878803327,18,15,23.355797122328696,88.62715742146568,288.0263083573975,8,11,19.892591237186537,0.0,0.0,poisson,,
standard,35.00750831905664,6.700395120848702,3.507116487670101,19,14,12.693552551580236,125.10651286430789,212.82473792832192,6,11,1.96489685704464,0.0,0.0,poisson,,
standard,27.98892604703681,5.068850532453802,3.1983569693693363,13,13,40.33134820279038,50.79358247857182,299.0041544882903,6,9,5.803164409539081,0.0,0.0,poisson,,
standard,10.927199370719315,4.256801724686869,1.2657439777773725,6,14,41.639701127712605,67.10330138009778,221.4631280886098,3,9,5.0883120291170805,0.0,0.0,poisson,,
standard,49.05181711095002,7.739937515442125,3.7885259778173754,9,14,39.82793238979525,119.88548816363291,232.16825494596952,7,13,20.214100758624255,0.0,0.0,poisson,,
standard,12.378772060104506,3.5139071352925884,2.471169499333018,8,6,29.173576472664518,140.91723083267675,389.8774127373109,4,6,2.8554403002936164,0.0,0.0,poisson,,
standard,19.144632863576376,5.33610532952025,1.3015678867690903,20,15,19.626475754090563,122.98046769884517,254.10968497611918,4,15,5.991143814723534,0.0,0.0,poisson,,
standard,13.863316655520554,5.175482586814891,3.037590104894199,8,13,19.47716651977071,116.86152993408572,293.7401214558533,3,5,4.840570256991466,0.0,0.0,poisson,,
standard,9.501117822098877,2.4635008131679195,1.4578354693242785,12,13,50.77073764479325,59.44268319206605,383.774994719441,4,7,9.188261374977015,0.0,0.0,poisson,,
standard,11.124925624488814,2.3458188569264316,1.516959539273894,12,11,46.508817986320764,135.93826111025427,325.2102348847472,5,8,5.6020113178284685,0.0,0.0,poisson,,
standard,9.817493700807024,4.096845590809833,2.560219228571793,17,7,54.04304131854243,109.96060514126711,208.0579102996642,3,4,7.205613962215354,0.0,0.0,poisson,,
standard,28.806265230702994,5.108772207103793,3.76572638927091,20,10,23.743884678433986,54.61474139113462,412.0794577732255,6,8,5.245412017026356,0.0,0.0,poisson,,
standard,14.535488781036396,2.7820929958960834,3.9828774745216386,7,10,31.06324762262438,139.51424869002213,201.7256640763639,6,4,3.7954075182805167,0.0,0.0,poisson,,
standard,38.72131953369878,6.0039997434876335,3.016838089760692,9,13,52.405345104885214,56.943137317842194,368.8236508332493,7,13,7.650584691517654,0.0,0.0,poisson,,
standard,20.751869820062176,7.410497033036143,2.3176752227766073,12,14,48.450098577935655,125.90842752274153,475.6172577979605,3,9,26.194240055937563,0.0,0.0,poisson,,
standard,13.52563518522746,7.828382781644011,2.5295104560260553,3,10,38.2963425786629,88.29229804984786,299.16855151994093,2,6,4.565945087800377,0.0,0.0,poisson,,
standard,6.5000541524003985,4.765334938656439,3.095286211072376,20,10,43.21694403323266,90.30205201251457,363.8408700834683,2,3,1.9496136364729062,0.0,0.0,poisson,,
standard,18.702316664618618,5.913126205376083,1.640929584059112,6,13,28.01439481883303,99.12723465056249,478.268718574732,4,12,2.812370741198927,0.0,0.0,poisson,,
standard,21.597906869795555,7.610647223076694,3.484991570669263,8,13,55.979447585412785,141.77548226284154,482.1529236034351,3,7,6.81710131033415,0.0,0.0,poisson,,
standard,16.26648742027953,5.941617181322428,1.3752847047685162,16,14,46.927967967219175,51.27258906547302,298.1347793844583,3,12,9.569195777393615,0.0,0.0,poisson,,
standard,11.331083924453285,7.702182036018983,1.8006121672077338,17,8,58.06280780977501,126.6988102160774,345.2990602449521,2,7,2.8786966345034166,0.0,0.0,poisson,,
standard,19.995602832817443,6.554564665491855,3.859905585429127,10,11,46.10583482732769,133.5821747596135,464.31485897513113,4,6,1.7689592656347413,0.0,0.0,poisson,,
standard,22.853927968459455,7.796777419814327,2.1708979716496963,12,14,41.97322535885062,65.64400362487099,247.4370493576905,3,11,16.279833581047516,0.0,0.0,poisson,,
standard,21.08427437107247,7.390190750115094,2.2701041635522294,18,10,38.36370016182458,123.3750638696454,353.7824493684596,3,10,7.8214629466390395,0.0,0.0,poisson,,
standard,5.089005354412038,6.1328010780564455,1.8940438958809853,13,9,10.906907431114979,111.72109656716475,450.32225608607564,1,3,8.150947536085265,0.0,0.0,poisson,,
standard,31.289871415692243,7.574082977372145,2.9967056649466484,13,15,33.55407482472701,134.9597686041851,483.7025809835136,5,11,2.620958216611606,0.0,0.0,poisson,,
standard,7.674485437948071,3.8319192475987327,2.628099267508813,7,4,31.125299787185664,68.0357603981675,332.9643236318392,3,3,12.989880087609096,0.0,0.0,poisson,,
standard,6.2871459253408695,3.013042277829776,1.4183606332860672,11,5,42.488543538430505,101.88529792159225,415.3563744735408,3,5,2.860328835419873,0.0,0.0,poisson,,
standard,10.625654137641348,7.8593055277832775,3.8331318303596547,16,7,48.41631596648875,57.89173505266155,338.61793536603045,2,3,5.0019260122606255,0.0,0.0,poisson,,
standard,7.891571558033567,2.68109342833879,3.8947235423670477,19,9,49.54116734134443,97.65192598685451,413.2546938485956,3,3,18.145465012068332,0.0,0.0,poisson,,
standard,13.015724527101584,3.6640687030429993,3.2672682511453837,14,13,10.929338443682465,110.15429561416437,473.45919288690203,4,5,2.8238507285427237,0.0,0.0,poisson,,
standard,27.635320057734166,7.924675048175067,3.5628472494406394,17,10,35.17909008933873,60.39797567905062,245.08623654179098,4,8,5.544982962984085,0.0,0.0,poisson,,
standard,5.276426388850871,6.367515390324518,1.6899302349966785,9,7,24.427778454055215,71.76038296711188,392.5977751946814,1,4,6.224897389779514,0.0,0.0,poisson,,
standard,10.94410140619887,6.2873334899784545,2.2305897013643943,4,12,45.12117235356815,121.79704358958976,274.9119044434774,2,5,13.913940192180798,0.0,0.0,poisson,,
standard,13.216037064701466,6.427068713097588,3.073028187613324,15,9,10.85555249589434,68.01503833077574,443.9644847934594,3,5,1.9465581142450445,0.0,0.0,poisson,,
standard,42.27550142826682,4.3945359014356065,3.2283758390975295,16,14,36.634808973843484,82.35840134790439,380.7421717069832,10,14,3.6321799556229015,0.0,0.0,poisson,,
standard,25.89795908332314,6.983015459690908,2.598426761553093,20,15,19.26330587347465,134.77887754575386,441.6778430234273,4,11,4.074725493702729,0.0,0.0,poisson,,
standard,17.049514782820165,5.828374460118558,1.3957435093983248,4,13,59.45523387462411,88.20885780086033,337.05373695783493,3,13,14.615717202779402,0.0,0.0,poisson,,
standard,19.908387363712066,3.47036261766142,2.2880366598598134,18,9,50.69393462020008,94.59769658147994,354.26625082192095,6,9,7.045287349288544,0.0,0.0,poisson,,
standard,15.335688935786914,6.91249704302235,1.6772694437400109,13,11,26.692554400467017,117.07198912059327,441.4558347426524,3,10,2.2776019286156703,0.0,0.0,poisson,,
standard,5.569087723048731,4.956317599570692,1.7001907547717798,9,4,54.77351423850232,85.66194403795615,430.76360620194134,2,4,2.1219705741836155,0.0,0.0,poisson,,
standard,5.579796331181238,6.844664283628657,3.2212288621053338,15,3,41.62283022548195,57.36846442840486,217.69814661133694,1,2,7.869904627686804,0.0,0.0,poisson,,
standard,25.638948827928292,7.992388715125032,3.7609529786302756,9,7,34.28908653888843,101.12088960696221,416.89589954889107,4,7,6.193997483913811,0.0,0.0,poisson,,
standard,7.171602140208039,2.893136994871847,3.237330459490152,18,3,10.747082927881138,118.36167472231057,282.6137716213943,3,3,2.6801779206554954,0.0,0.0,poisson,,
standard,7.916257003282444,7.748434473448558,1.5572052860188939,10,8,44.618285832339865,103.05605549527911,421.58382993697563,2,6,1.7987121752349255,0.0,0.0,poisson,,
standard,21.771018611549,6.640242550840179,2.7158921699706657,19,15,26.923107598692155,52.45432576190571,494.78557712759124,4,9,2.0644406765267025,0.0,0.0,poisson,,
standard,25.680997421753194,2.803233157123704,3.710177073903898,20,15,59.75103496437491,55.80976624864734,401.7576835424012,10,7,13.83674226744866,0.0,0.0,poisson,,
standard,11.878708421663246,5.271640963453456,2.3531297948324235,14,13,44.15174127232149,85.98817466662427,424.87516733485296,3,6,2.0128023864772606,0.0,0.0,poisson,,
standard,17.77103060907016,4.700872451931531,3.2305531111719197,11,7,33.798630579667524,126.9353160426138,415.6108541834335,4,6,6.099143256890749,0.0,0.0,poisson,,
standard,20.600123357646815,3.4491867893868546,2.94259301716962,15,11,20.317295355035256,57.07389474255265,364.13573197733433,7,8,1.8540353603030493,0.0,0.0,poisson,,
standard,29.200169723674115,7.257300881264081,2.8051070730059138,19,15,54.39542812850869,83.67606760506258,236.07507479770902,5,11,2.4337442794457718,0.0,0.0,poisson,,
standard,12.40628150063921,3.9582814088031175,3.581517191704971,12,14,37.93432603109497,83.65725306209188,462.70966644698296,4,4,2.5305920726623228,0.0,0.0,poisson,,
standard,20.35351600200555,7.900124590127273,3.4547652689250685,17,6,42.34128342688928,115.09233858425311,355.2204359176737,3,6,10.928986410576893,0.0,0.0,poisson,,
standard,30.137392012250242,6.654083916675432,2.545261965782338,16,13,12.42165543282079,126.35304901279558,483.3892972722055,5,12,8.131752110668643,0.0,0.0,poisson,,
standard,9.149817235455107,5.235478354831188,3.959769686607039,5,11,55.14292830693491,121.02244294056926,324.8100794363866,2,3,4.542841897401012,0.0,0.0,poisson,,
standard,14.391811779014446,6.77923693595492,1.9515874219790965,13,8,53.862000814232104,51.08524591968218,251.74528725480246,3,8,2.4522629701525673,0.0,0.0,poisson,,
standard,14.483485708851774,3.2106784433371143,3.8294623370616465,20,11,55.90184376921715,142.97462042755922,243.68046730808476,5,4,6.189953577265923,0.0,0.0,poisson,,
standard,14.679679215134186,7.50348553412811,3.5767894303903933,5,13,22.924947503403246,128.43647546340094,420.1596046818554,3,5,1.483431479991556,0.0,0.0,poisson,,
standard,5.202421121316233,3.8505805893487004,1.3545966963696046,14,8,31.614989787975738,126.6004581326577,215.19447566055248,2,4,7.5642915711134044,0.0,0.0,poisson,,
standard,21.952308024016734,5.601198081538772,3.2248801639232267,17,15,18.54236771612737,94.65330656460486,275.17966475016004,4,7,17.080534028641384,0.0,0.0,poisson,,
standard,5.253830631233983,6.569996741843143,3.796702584222459,18,9,13.029557678474415,146.75956252483098,465.28291813929286,1,2,5.325706525700674,0.0,0.0,poisson,,
standard,11.04162384673765,7.80554363500473,1.9059524568146977,14,14,12.498118977592506,83.74298917019642,385.36657893440224,2,6,6.037601185572158,0.0,0.0,poisson,,
standard,25.5934463221722,4.58019262535764,3.460246902333165,11,13,26.864329417717872,67.20405439428276,341.7665446826613,6,8,3.766680606038485,0.0,0.0,poisson,,
standard,15.494418847763535,6.6923562870810285,1.478944902930539,3,12,29.619206208887878,73.06628366199755,359.7564427920099,3,11,3.2818845759062167,0.0,0.0,poisson,,
standard,28.974218907896958,5.708265334319021,3.1856068054271716,14,15,48.54701769030579,100.31774818546458,481.28228305780306,6,10,1.9254563289334485,0.0,0.0,poisson,,
standard,10.365687828057766,2.5406388563199194,3.0548189684624667,7,9,42.95709349474336,50.42912454225329,288.563352521732,5,4,2.487866907357205,0.0,0.0,poisson,,
standard,22.676185326414355,7.546761188405071,3.5243355886959997,10,14,45.55140510660793,82.68048342934895,475.1770954585103,4,7,2.291281855046544,0.0,0.0,poisson,,
standard,17.93610853229282,3.9888452952072138,3.9693936524823696,14,5,54.44863596413258,57.81793194340031,476.74561647141957,5,5,3.6153903645844605,0.0,0.0,poisson,,
standard,18.6919198994104,6.9352428059537505,3.7912013010326318,12,12,15.959215361085779,78.91107737987386,348.0036380877731,4,5,14.563501147769953,0.0,0.0,poisson,,
standard,11.015791218308873,3.5662761694120384,2.3070891804677176,13,15,53.176626063890374,137.98866028731237,373.02678268668444,4,5,5.2641074458708115,0.0,0.0,poisson,,
standard,8.415114667734178,6.306714945341929,2.8001783737716224,7,10,54.746146134684864,123.3331653604855,217.92147335474513,2,4,1.8320939370650609,0.0,0.0,poisson,,
standard,5.129906358209051,3.1237839363778983,2.7847674260364417,17,4,43.276662355262104,110.00421267874233,488.61163093837524,2,2,8.343345476585611,0.0,0.0,poisson,,
standard,17.686259146919774,5.365388628812028,1.933086778156261,5,12,50.26476150659507,148.71955496718374,381.88897575719034,4,10,2.4527781337993684,0.0,0.0,poisson,,
standard,37.514881126922184,6.37617930893033,2.8824052256188013,13,15,49.192912351646626,130.1831399371028,248.03248723164668,6,14,9.366584297915683,0.0,0.0,poisson,,
standard,15.4847092828005,7.928986773002471,3.581969811436727,9,8,25.242985817519084,118.5533217506886,234.84652638352097,2,5,21.91264087340747,0.0,0.0,poisson,,
standard,5.604623386686871,2.566205237747835,2.823500578995618,17,5,25.987336825695063,134.93216775012175,389.3868542393544,3,3,1.8293151361798456,0.0,0.0,poisson,,
standard,7.252371974850707,5.303746412473598,3.550416900971386,8,12,10.257927840101718,60.8420451812101,343.44393331777485,2,3,1.8333245689360376,0.0,0.0,poisson,,
standard,14.72504937171213,6.4373935411488095,2.133359640839075,14,15,51.22049231898725,74.79183976876402,260.46114824184156,3,7,11.254721362407484,0.0,0.0,poisson,,
standard,10.734379539148755,3.8816697237228626,2.1969964039211805,10,8,28.918406198353438,54.96280064878085,345.26384887211964,3,5,12.631902979839316,0.0,0.0,poisson,,
standard,44.885439235755534,7.832429160353978,3.769893493073337,16,14,30.370294653631827,65.5393217885347,329.9032158203805,6,12,13.994466918020798,0.0,0.0,poisson,,
standard,24.339849321007048,7.870968319027057,3.8788472120835173,9,15,41.53806919447837,85.67251679494768,271.8365226548657,4,7,1.9699976014519847,0.0,0.0,poisson,,
standard,5.076008399384067,3.8311869673938945,3.357386667052803,8,10,34.2650760772406,60.046329683187594,246.57238319157386,2,2,2.674403762067068,0.0,0.0,poisson,,
standard,9.939189313590422,6.568430280656326,1.9587666298708886,10,14,44.27940660243187,104.58675915448799,278.5775456009056,2,6,2.6653211862500563,0.0,0.0,poisson,,
standard,18.21071628490173,6.364728995980548,2.599597604587676,9,13,28.621668867989033,68.56501973558171,425.5423242632847,3,8,7.765671744503123,0.0,0.0,poisson,,
standard,19.282191242382297,6.601357946091061,3.4713140464438474,12,10,36.816944826272575,118.928499328307,277.7967165918591,3,6,14.269023994206208,0.0,0.0,poisson,,
standard,13.681485487619442,7.433941788638039,3.817049303053805,14,5,28.948209657452736,133.06955169654066,252.60804089437536,2,4,7.798869602234387,0.0,0.0,poisson,,
standard,17.28121462321893,6.173310199353241,3.8266279694796843,5,7,26.844159787052387,105.05613060571923,208.4865033307718,3,5,6.38076476667799,0.0,0.0,poisson,,
standard,6.295062092483875,3.845354200755178,1.8776361608247143,16,6,20.976379358287936,66.40931010039439,392.47190337711965,2,4,3.8529065353885,0.0,0.0,poisson,,
standard,6.285288206759778,5.805347509027643,3.000604962779373,6,4,17.21057013010618,133.2567947288332,207.66706244800525,2,3,1.4609965009088768,0.0,0.0,poisson,,
standard,23.1622608526638,6.226450739527016,3.1396758315182187,12,9,16.22772760772403,114.98545248338928,321.0715238396025,4,8,4.737615671955192,0.0,0.0,poisson,,
standard,7.916494169322711,4.611256821358369,1.4496393909068421,13,7,16.61257996700808,93.88013067622398,207.1344306164228,2,6,5.12563227948403,0.0,0.0,poisson,,
standard,34.186898458271926,6.500027416841712,3.6689285484035024,10,14,48.88191558736928,99.8064072999046,265.32485244094374,6,10,2.474572244968592,0.0,0.0,poisson,,
standard,27.871370555398347,3.363274490775817,1.8832733156609502,11,15,52.3888069571202,130.4553870973981,491.47278190179,9,15,6.560919476081626,0.0,0.0,poisson,,
standard,21.88209310507649,2.9608364491176156,3.0918055121181296,19,11,49.945190557896424,79.70250867860375,229.49237718434293,8,8,2.6369047665802405,0.0,0.0,poisson,,
standard,10.021985507796735,7.553407777632874,3.6348126712695397,8,7,45.22641271721927,134.7621473212855,309.13518906949986,2,3,4.6988407806719295,0.0,0.0,poisson,,
standard,22.146703878226887,3.8613885786433957,3.612858063344512,19,8,14.05513799919872,108.33543428250526,247.46191919284132,6,7,4.622798223534396,0.0,0.0,poisson,,
standard,23.096894628781772,4.658708323331049,2.4747704003968547,16,10,49.13466467073337,144.36425877511343,416.87252260693333,5,10,24.965699963934938,0.0,0.0,poisson,,
standard,18.82181720873958,6.153462793592178,1.5391011450822165,12,15,24.719202505452284,139.5615310585477,233.390601245941,4,13,2.374944440384347,0.0,0.0,poisson,,
standard,9.73123916466428,6.519563639141933,3.3144132135213753,13,7,26.85647888152337,93.57447556891395,319.3096980818327,2,3,16.720764903707085,0.0,0.0,poisson,,
standard,11.806600199289207,3.330965655413814,2.4543174813678634,20,6,54.8837612178796,72.43976052116636,468.6709422723395,4,5,7.162103763831189,0.0,0.0,poisson,,
standard,24.512453504250182,7.241080216863446,3.892403017641012,8,11,29.850801483820174,89.90362426059323,242.5699183653943,4,7,2.5282655737533424,0.0,0.0,poisson,,
standard,14.337125139607124,2.222604147153926,2.094783538511535,19,15,18.907124605939565,79.50482379172496,429.25963148292084,7,7,8.334774989433232,0.0,0.0,poisson,,
standard,10.81995107316392,5.107556941931823,2.4030499872120283,19,5,56.977334318458155,75.52697045400397,472.9141722540984,3,5,2.7159125873684786,0.0,0.0,poisson,,
standard,6.846493888991287,5.016362972303709,3.803006549387689,15,4,29.962666885902724,108.84115970666929,280.0656932817749,2,2,5.604138082424429,0.0,0.0,poisson,,
standard,11.815278159714474,5.757384871764396,3.4581178433267104,3,9,27.9451025607557,101.36248163602406,445.73023594348183,3,4,2.153331836436445,0.0,0.0,poisson,,
standard,21.800607707293295,7.8941644632660015,3.076549212380711,10,15,20.10047487119407,81.33345357783689,219.82382719749407,3,8,4.758361827055059,0.0,0.0,poisson,,
standard,28.364814260598102,3.8741924437648603,3.709617537169627,14,8,50.415498248174586,90.37769235631674,208.49624284200416,8,8,4.059063059401159,0.0,0.0,poisson,,
standard,12.79531409698981,2.0842228162046075,3.7294384291581397,16,9,57.8011255447859,130.2617366140393,374.4034446498748,7,4,2.7542228527579304,0.0,0.0,poisson,,
standard,12.457944968589374,3.1476434401010636,1.9677452251000869,17,7,39.1603307389921,115.61706052151426,422.27882642057574,4,7,25.099835541511904,0.0,0.0,poisson,,
standard,16.14998533607525,5.669910561345901,3.158383642427782,3,7,46.08616745443484,77.54375140395686,457.84668472104084,3,6,7.177464479310567,0.0,0.0,poisson,,
standard,9.372680856201796,7.678931324982778,2.6742821696553354,15,11,23.056705500842842,84.8902944212852,380.6972673812885,2,4,2.5922389691138847,0.0,0.0,poisson,,
standard,29.724337026261086,7.468343120903786,3.3036678832515216,8,14,14.243604321422122,146.19712125823378,209.11438913258704,5,10,1.6385503009027453,0.0,0.0,poisson,,
standard,8.127283015827366,7.580799335381217,2.911182373851563,5,6,15.225345411280685,85.85469619205459,476.71708678512107,2,3,5.064394822064985,0.0,0.0,poisson,,
standard,26.03320554790737,5.751794115824361,3.3399484899992187,8,9,50.04136157350712,63.71965707013124,470.2155928337133,5,8,6.57552207536811,0.0,0.0,poisson,,
standard,11.728698278094528,2.8804899885131476,1.7384947600713943,10,11,32.80751397476321,120.98652959617982,365.69349740937815,5,7,5.073647713861404,0.0,0.0,poisson,,
standard,19.96832072472162,4.209762155677297,2.1650970308623347,12,11,12.647711708189837,120.67843974437524,326.85870374297167,5,10,5.0547171656110415,0.0,0.0,poisson,,
standard,8.890837761497039,5.386083755994244,2.2214765092047424,19,12,58.63944014975555,147.3284008840128,247.62655498246278,2,5,3.3288512592992263,0.0,0.0,poisson,,
standard,6.98203822483142,5.05157255554756,1.882559983149586,4,7,26.586234912252078,136.71567862267938,250.40243935627782,2,4,4.5400381312628815,0.0,0.0,poisson,,
standard,31.102550417782417,4.508451495714241,3.966614875093588,10,11,10.434927860249584,108.17797018877843,322.85316214547424,8,8,6.914775892515731,0.0,0.0,poisson,,
standard,8.334780957155584,3.4385653392336004,2.1170449443537365,18,10,12.427438689580725,91.44969450373989,298.155667169909,3,5,2.407845171873137,0.0,0.0,poisson,,
standard,6.613484981007694,3.1956279409715354,2.033037929323992,11,6,27.577307595279358,91.27254112623541,388.0112676688565,3,4,2.148691488082963,0.0,0.0,poisson,,
standard,23.596531961924125,5.1729248799973275,3.594895621733068,14,15,44.21135182146428,131.91139708767275,385.7094213427671,5,7,4.154805343539704,0.0,0.0,poisson,,
standard,7.270865744996435,2.6014922220919896,3.2429979737572676,13,8,48.43466353295087,54.80590265616817,498.778076430105,3,3,5.695351622460433,0.0,0.0,poisson,,
standard,22.33555210119086,7.36966136714336,2.8673233655262176,5,9,34.59370938614714,121.70973402721937,247.3429241544447,4,8,5.381004879348841,0.0,0.0,poisson,,
standard,14.128704611374815,2.5765279366044984,1.598239903554315,9,14,29.468927706959555,136.40791028853215,227.83276791037466,6,9,8.391109571749261,0.0,0.0,poisson,,
standard,27.6989849144359,5.148270908080029,2.4977807571784183,10,13,14.34303449168356,64.279985104315,271.2488666834913,6,12,2.565414375211879,0.0,0.0,poisson,,
standard,15.77023095325973,4.9760887178626785,2.8807174190497298,4,11,31.313296966213123,102.64577871295361,357.356902666893,4,6,2.7151611899664356,0.0,0.0,poisson,,
standard,5.010298317037268,4.033320403406346,2.7157614024858794,20,11,57.37208312181882,51.68441222583514,366.94474173743777,2,2,6.9516282878944615,0.0,0.0,poisson,,
standard,32.71040342755083,4.334697574060364,3.0423078435951725,20,12,26.66486204363642,124.24351531658786,243.09998266989032,8,11,6.062861906847406,0.0,0.0,poisson,,
standard,13.483305798905441,2.257169046240131,2.0446696071442902,16,13,59.21769139476175,139.64688819227916,417.80808006108276,6,7,40.32599134588165,0.0,0.0,poisson,,
standard,6.309484340007343,6.418264454803111,1.802805553234493,18,12,42.715891696827384,101.40167590855351,211.5843527622903,2,4,2.5040483636502184,0.0,0.0,poisson,,
standard,5.528528609538213,6.975759062897223,1.2585197311816598,18,6,56.4903799220255,102.51492401313428,322.5946086649397,1,5,5.936192183571318,0.0,0.0,poisson,,
standard,9.213416305784662,3.8533449106115203,2.661724219017049,18,14,27.18103453017467,141.70461492380855,468.49615267490765,3,4,3.0249923286469595,0.0,0.0,poisson,,
standard,25.681841315156774,7.920940132839749,2.5153537448665335,14,15,21.942865749173038,111.51673645562781,344.00462966089395,4,11,2.2773285835115025,0.0,0.0,poisson,,
standard,26.102716394649825,5.203605151334591,2.8136869783186054,7,15,36.72573420412882,116.42272763919503,479.3634727960823,6,10,2.192968125536654,0.0,0.0,poisson,,
standard,13.374940633139717,4.061916157334058,3.5911022952365816,19,10,27.112218886557855,77.74980605109874,300.8374876842456,4,4,4.518897258595997,0.0,0.0,poisson,,
standard,6.557631290768313,4.161688438488223,1.8660915902882023,18,15,43.59472079293921,88.12688992822953,460.16422199060844,2,4,3.945586818903652,0.0,0.0,poisson,,
standard,19.33835588901458,6.3339875034157975,2.576076953077003,15,14,49.53604840859629,75.9066196774992,294.91920528769054,4,8,2.7500592768378374,0.0,0.0,poisson,,
standard,10.030174568108272,4.048181569759792,2.728623068035948,13,12,28.40558275493803,54.89098222468544,410.36797245906394,3,4,4.484485369781006,0.0,0.0,poisson,,
standard,6.488629811909171,6.1417153437939245,3.195335336540347,15,9,56.38870768982591,51.65509861586655,223.04395182395817,2,3,1.3362513031955046,0.0,0.0,poisson,,
standard,29.89126891769,7.777620720138369,3.315807333748922,4,12,18.534688298609474,104.77452864500636,459.78276251702624,4,10,6.947082277805918,0.0,0.0,poisson,,
standard,7.946268797813698,7.090323105317882,2.0789383404344894,9,5,48.81904426632246,139.02195399088959,264.17217303098676,2,4,6.162134045198729,0.0,0.0,poisson,,
standard,36.66467511809719,7.579497125388402,3.7516456829213434,19,15,23.362194629852453,77.06935281566362,469.2495789135291,5,10,10.099332065519592,0.0,0.0,poisson,,
standard,12.849512498008064,4.222931335431864,1.4782855964362942,17,10,15.085940636260084,77.34183335551201,469.9617249076901,4,9,4.3400470174045855,0.0,0.0,poisson,,
standard,5.0438939436386505,5.727037148155592,2.7294445988956704,18,6,55.85460887198096,114.18541132961249,227.3040506229351,1,2,13.761276168596883,0.0,0.0,poisson,,
standard,7.4779730080576154,7.896029965236102,3.8989964029602473,20,10,19.91672190887775,113.19800171459133,499.2743299566309,2,2,12.11100832196681,0.0,0.0,poisson,,
standard,23.255335915484647,5.973055218366098,2.4042814812670135,11,11,46.849439837619684,103.61228198492331,221.9661822776315,4,10,12.111755215600748,0.0,0.0,poisson,,
standard,16.79855980663394,2.549557751544705,1.8958917491827745,16,9,29.411313127388308,128.43944265301883,487.79549443085466,7,9,9.728159661215258,0.0,0.0,poisson,,
standard,5.991525535583693,6.561492361696769,1.262178300012958,3,10,45.73556011063362,141.7562251033621,496.0333492206804,1,5,14.92024337050667,0.0,0.0,poisson,,
standard,27.093176143544973,2.5532057760857967,2.9002592834362018,15,13,33.65939118028139,67.77573034531656,238.84211771411924,11,10,4.1478667335306945,0.0,0.0,poisson,,
standard,24.237901586737824,4.883593850440478,3.5622840841419885,17,11,20.84049465166558,84.36817579613728,330.5425223654606,6,7,5.719659005996979,0.0,0.0,poisson,,
standard,26.128139312819744,2.6539602558548747,3.0342765994101084,12,14,46.743435812624874,55.747756744624276,253.17243043264193,10,9,8.996466213530743,0.0,0.0,poisson,,
standard,9.244397513404923,4.26101352379588,3.7023840468905505,20,14,51.02962205842571,148.94614890725683,297.1731088823757,3,3,2.531411602747059,0.0,0.0,poisson,,
standard,14.593947607558722,7.582788248801153,2.9154705640366796,20,12,13.493309585880183,132.62158788012005,213.81802936114894,3,6,1.448754068978241,0.0,0.0,poisson,,
standard,25.67237907210754,3.356247867208269,2.3904172280738165,10,14,43.48842596882323,99.8515638991059,236.96477858591658,8,11,6.6746850259123995,0.0,0.0,poisson,,
standard,24.365275183718364,4.387756381432187,1.9172145757102164,8,15,47.225779996482785,132.63192604340642,464.35108616451384,6,13,5.662802111192468,0.0,0.0,poisson,,
standard,8.170799266929235,2.5405587531807807,3.0766347398913916,10,7,53.77801399239495,92.53567773483559,388.59590316119767,4,3,3.7870563883699138,0.0,0.0,poisson,,
standard,18.52430270793113,2.7767052584895087,3.8385683047630152,7,12,55.6341667448129,123.97157635471872,379.9129126492603,7,5,8.49521586835684,0.0,0.0,poisson,,
standard,15.858682152559808,4.299924350196995,3.8061484908337526,4,12,33.36872873561707,121.32181019105198,460.4973133366346,4,5,3.909748001468598,0.0,0.0,poisson,,
standard,12.588415296234961,7.337331756909004,1.8815700492962704,19,11,25.072754066327487,82.1129174855822,238.93430953078567,2,7,6.265994424677068,0.0,0.0,poisson,,
standard,9.403385319885802,2.5034946263375932,2.7051195518101006,7,15,26.763479641571866,83.50362120386282,418.7202867983849,4,4,5.715137377288406,0.0,0.0,poisson,,
standard,5.893758135408876,3.476893661265855,3.2174562741001878,6,3,17.73062709552631,98.18332962223933,260.222295010978,2,2,8.355558174142768,0.0,0.0,poisson,,
standard,5.17414496314953,3.1418060166121626,1.2537761939241006,5,9,20.594867169756,101.75314108592958,243.08265252051007,2,5,3.913709145629916,0.0,0.0,poisson,,
standard,20.359146931614326,4.799984923196044,3.1984916259244134,14,12,33.73135006817582,131.2490154577067,247.08172030310533,5,7,2.551509771315417,0.0,0.0,poisson,,
standard,9.24768071266055,7.338551694753142,3.7317719057367618,3,4,32.65247816924486,79.69832449108863,406.6279015072111,2,3,2.3847647964333376,0.0,0.0,poisson,,
standard,5.556602635211648,3.4523674657389902,3.7121001676035403,17,15,31.70962678794633,78.17461230252103,342.4794265731564,2,2,3.67054619549471,0.0,0.0,poisson,,
standard,21.123413200527523,6.955500198022093,2.01652051797979,16,14,30.458066010327773,140.32491910286063,291.99545684903245,4,11,2.756883113318348,0.0,0.0,poisson,,
standard,17.973025716974526,2.331157537770679,3.129408888143721,11,15,38.11423725632756,130.47974785895303,473.9149676650128,8,6,7.2466733861494825,0.0,0.0,poisson,,
standard,16.67309210034697,4.318288001904527,2.155703146503273,12,14,13.093993221557835,123.10612653479554,411.21068948243004,4,8,10.715513078547234,0.0,0.0,poisson,,
standard,7.971754255894116,2.232196522117121,2.915636564309697,10,11,37.140805444340145,127.62394280145753,469.33710555999295,4,3,5.743784831536178,0.0,0.0,poisson,,
standard,39.01515809423856,6.430616219430995,3.7680530196461515,20,11,47.10349700428054,145.58866792673126,294.15909811586926,7,11,2.3225109516003903,0.0,0.0,poisson,,
standard,25.78656069955771,7.489760775748617,2.465675468780177,6,11,54.76269470840475,111.7550372077466,408.4542723742254,4,11,3.326434181963058,0.0,0.0,poisson,,
standard,19.135443966341178,5.108355662924443,3.6625330303620665,18,15,28.463410003496524,87.6704437907226,373.9259985778896,4,6,4.730340706504579,0.0,0.0,poisson,,
standard,7.913889061308952,2.7745591196792816,1.1232098007388225,20,8,29.52728124096952,119.62674926419231,478.44960340977076,3,8,8.082702386512427,0.0,0.0,poisson,,
standard,15.301100491940737,4.465310377328676,3.4760078919726176,13,13,37.912962703020916,59.29439357003977,429.0830835388816,4,5,2.9388045893943975,0.0,0.0,poisson,,
standard,9.618957173227802,5.975843175912386,3.0870562499425613,15,15,33.85283002020083,96.64361798525573,230.3346954384847,2,4,2.9624574375673953,0.0,0.0,poisson,,
standard,35.559448193218756,4.264552927823648,2.853602474103833,9,15,12.79139088703488,103.43947066000834,393.14772777024245,9,13,3.2840973439842664,0.0,0.0,poisson,,
standard,5.91715065855406,4.747951680783053,3.3465857161759165,12,4,32.86971157055369,122.72976404307653,415.7382930949317,2,2,4.722061943952015,0.0,0.0,poisson,,
standard,29.92191542266323,6.671680400450344,3.4183476860243323,19,10,11.306751831108578,80.72475210736334,225.99916309543872,5,9,5.588462288196698,0.0,0.0,poisson,,
standard,8.74017574741743,3.889781476363122,2.540350613595222,13,15,41.43522080204333,96.27450833976388,409.0098020662879,3,4,2.66958576724641,0.0,0.0,poisson,,
standard,21.42047372367073,2.81627680431631,2.652050581658267,18,12,47.78447676535779,131.6718995957338,421.12700572909296,8,9,3.6138340449260182,0.0,0.0,poisson,,
standard,13.305711620694728,6.291065628198259,1.9514401195645332,3,12,17.912926330703062,52.075761456274385,370.65261605785537,3,7,6.319566982065828,0.0,0.0,poisson,,
standard,6.346790429662588,3.4537030468040824,1.52820870347856,19,14,58.61136873926469,69.5356011748909,461.2215331373163,2,5,7.090775886417752,0.0,0.0,poisson,,
standard,23.065314659193252,6.30520835306794,2.7553856859375023,11,15,12.558732101160377,55.62590039953646,218.72922147004266,4,9,4.1413924349107205,0.0,0.0,poisson,,
standard,6.029438420975895,3.5580893167349044,2.60604945877799,3,8,13.59132217303203,64.25934986964407,361.0500941753948,2,3,4.085125371923907,0.0,0.0,poisson,,
standard,28.33406545697937,2.4723679727749945,3.553396992707664,19,14,49.92115083570825,89.00836671341112,399.93461757881937,12,8,39.97727588427701,0.0,0.0,poisson,,
standard,9.548940052709128,3.3764361987606035,3.996053359368722,10,7,28.42448225062203,112.05484724817103,395.36630989237665,3,3,6.796699060256082,0.0,0.0,poisson,,
standard,15.60073315656693,5.446240426496673,3.028500028823436,16,7,50.91043088939201,76.42198790027311,264.1177710720994,3,6,8.030651201763785,0.0,0.0,poisson,,
standard,13.84653807036826,7.177017033246764,3.6800834173296826,16,13,35.58604635419579,78.80750537399791,364.9036646884674,2,4,17.478545652595415,0.0,0.0,poisson,,
standard,18.173611144646756,4.116914748327421,2.6324606807403184,18,12,41.72752777071807,90.88753783074554,296.966477982901,5,7,11.812993823463735,0.0,0.0,poisson,,
standard,15.863730496101217,3.8302410816621855,3.335667206273256,14,7,15.965459403259304,129.92164232118097,251.94846828024933,5,5,4.877329838406258,0.0,0.0,poisson,,
standard,6.865809215508919,3.292189778531977,2.281595422627388,15,13,37.35519715881337,126.17607718386203,280.6367087384895,3,4,1.7907515904325406,0.0,0.0,poisson,,
standard,15.219631528405635,5.709551229232496,1.7117685372800249,15,11,17.58377363210123,123.80574649248074,245.74366729453703,3,9,11.951450603185037,0.0,0.0,poisson,,
standard,28.33646126751534,4.949922874527693,3.2246919656736237,13,13,45.29868789149435,73.47044377919278,256.2555125276791,6,9,8.02020947628245,0.0,0.0,poisson,,
standard,22.175055439934546,5.970760943684832,3.143771489215646,14,14,45.46855182601436,78.28556441255148,324.88059626157514,4,8,4.133419258482443,0.0,0.0,poisson,,
standard,26.22324560198478,3.3193477823019957,3.3335133407187727,11,12,44.66457354538364,84.44860727374987,330.6740921454119,8,8,17.304647354138737,0.0,0.0,poisson,,
standard,5.035272205724925,4.839057383706926,2.5936952550648846,20,5,29.732498288908317,56.6776831626462,297.8787213388505,2,2,17.267585943197304,0.0,0.0,poisson,,
standard,12.039711035512848,3.6858949181746996,3.232517637352652,16,5,29.056165725512606,79.42367770560983,297.47260122677926,4,4,4.527146669240843,0.0,0.0,poisson,,
standard,7.561681950254448,5.476310904535199,2.558668446728036,9,6,21.6125307047931,138.11995822742304,489.0993696581583,2,4,1.9540475413812546,0.0,0.0,poisson,,
standard,24.770317726086287,7.436905923775947,3.363111141112335,11,14,35.329563102418795,77.7581665751986,277.9177255009121,4,8,2.6083188967238815,0.0,0.0,poisson,,
standard,10.204315051240156,4.861943129739456,3.9858556265436134,11,8,10.223484202968027,94.76553857917949,378.61745996650427,3,3,2.6757630536535872,0.0,0.0,poisson,,
standard,43.70738316833014,5.9215345022521895,3.533041540980902,17,15,15.460004164134741,88.96944666198269,354.23031429048575,8,13,2.9707492606097947,0.0,0.0,poisson,,
standard,17.691664245022718,4.474951341480903,2.500894151122114,15,11,59.33720699714775,136.87245102268207,214.0198983454756,4,8,22.283196975781067,0.0,0.0,poisson,,
standard,33.39013769956006,5.825479334437301,2.46127428261377,16,15,37.64497383160682,60.727706160492716,297.17026388722496,6,14,5.859879546070164,0.0,0.0,poisson,,
standard,6.867379483325949,2.652849532705182,3.752534675497915,3,11,22.62090027079329,111.66820231575099,415.7323696545483,3,2,7.618354209005419,0.0,0.0,poisson,,
standard,25.004325367605738,2.0026781143716432,3.57221423187204,17,12,43.33112333762042,88.27587277936746,473.95011886298533,13,8,3.04821076997798,0.0,0.0,poisson,,
standard,13.23935709948065,6.944858702177078,2.942573315132517,3,7,16.223228289801497,80.1541353516731,362.4189257816728,2,5,11.940313829519623,0.0,0.0,poisson,,
standard,14.177340865195308,6.35412326424481,2.047861921588966,3,9,39.8896150142369,98.99828916628809,216.95909383129924,3,7,13.930189485076262,0.0,0.0,poisson,,
standard,5.971222182904011,4.40738869715155,3.3376541184377944,11,15,30.014732808126944,136.308206808953,452.08641140659705,2,2,5.378864076684704,0.0,0.0,poisson,,
standard,5.576770473768143,4.038931987402867,3.1052125975123834,17,7,28.650847541007813,112.13529242150142,457.5481653372126,2,2,5.644207784074091,0.0,0.0,poisson,,
standard,5.617355959858054,6.288161459533715,3.6126586710697017,11,6,53.68316661868178,68.76677078646587,232.52427799405498,1,2,10.337912598502328,0.0,0.0,poisson,,
standard,14.4705867350871,4.597354610236238,3.0426075870122578,5,7,54.304878920459814,105.48869693507245,390.6472979466008,4,5,4.8273840266604555,0.0,0.0,poisson,,
standard,6.405177186382348,3.05355741762134,2.7242811187587486,3,7,32.49470183052803,104.49395651717619,323.40192825686125,3,3,2.195770564212344,0.0,0.0,poisson,,
standard,23.8825695059534,3.598159440591396,3.07139811551329,9,13,27.829048310134617,138.67358939772737,295.7583450028859,7,8,7.009943471287778,0.0,0.0,poisson,,
standard,19.204508249400025,4.159048970503024,3.3533390463847623,7,13,24.612341146821873,60.70762496733607,462.196904554165,5,6,5.885023561847467,0.0,0.0,poisson,,
standard,29.40886646176854,2.820489994847131,3.5852981083426227,11,13,20.285165897431725,112.0474600671913,496.24311980980264,11,9,2.9461120187327845,0.0,0.0,poisson,,
standard,12.82184127740868,2.722087570219403,1.452560077020939,10,11,43.127476623414516,79.50141851196052,347.8335289343021,5,9,9.425562581238083,0.0,0.0,poisson,,
standard,13.896867950589627,4.80236683919356,1.3757793836843843,16,14,49.18889490206625,67.29032284564792,208.66414185441212,3,11,10.515648239843985,0.0,0.0,poisson,,
standard,13.038729492105459,3.396295863618331,3.662085099341907,4,9,35.21510310640027,125.39274222756816,448.2396386803166,4,4,7.984423994138853,0.0,0.0,poisson,,
standard,14.9868348293638,5.248288475949616,1.3190988956305303,10,14,37.848779206749796,127.68120674710127,390.48388720646534,3,12,8.500755697142722,0.0,0.0,poisson,,
standard,8.265948210290167,6.431142344249032,3.3190796167405705,9,6,56.586830415528084,149.46502329301237,346.3679648501849,2,3,2.528011135189719,0.0,0.0,poisson,,
standard,10.333204933369704,7.134155690262783,3.549939262112728,11,3,38.73320233024559,75.35144262314128,351.9292172521939,2,3,12.113121032176657,0.0,0.0,poisson,,
standard,6.0159083389865025,4.292990855753225,2.072778433566993,5,4,17.827984145818213,106.32342718221796,396.69707879058984,2,3,11.296023329040079,0.0,0.0,poisson,,
standard,14.189954222992249,5.847902880066446,3.5496578810749075,8,9,19.70896830701235,115.36591087895755,235.53033009478588,3,5,2.158205210854991,0.0,0.0,poisson,,
standard,23.553354383151216,4.721316310972784,3.072736663060267,16,12,31.622150707917953,137.31732177225268,280.73300886130676,6,8,3.709458832903252,0.0,0.0,poisson,,
standard,28.300476601781497,6.370007034625193,3.1747287770830925,17,12,22.3659986288306,93.10881135714446,236.48377780453887,5,9,13.081925869561267,0.0,0.0,poisson,,
standard,7.836268617559335,2.408692476721752,1.9088189423569673,7,15,14.090749317269088,54.93690374536755,483.524860247516,4,5,2.435751721784175,0.0,0.0,poisson,,
standard,25.228607950546444,4.698440663803602,3.452911958520316,8,12,49.82393225166167,102.09783185321083,255.72827030269718,6,8,2.7214731161503156,0.0,0.0,poisson,,
standard,7.44539506962389,4.127928981194024,3.705881780845014,6,7,41.81525114364485,75.4333666029712,433.5777082566615,2,3,5.321115492670792,0.0,0.0,poisson,,
standard,17.114696219708343,6.869598754371099,1.6981537495954042,4,15,33.56101816034674,126.88287924572856,346.1931248091453,3,11,2.8702637008331178,0.0,0.0,poisson,,
standard,42.32767430405222,2.572051233123819,3.962310310257767,19,15,10.248079534171868,74.62677627061453,469.46836426806885,17,11,5.0189912062338555,0.0,0.0,poisson,,
standard,5.196165884888855,4.911558924429931,1.0150392668082282,14,6,18.059812046142156,118.34777752552716,369.6247344848976,2,6,2.2938937810204982,0.0,0.0,poisson,,
standard,25.140051295665167,5.857523043668112,2.7846293248584444,6,14,42.33402036876238,63.358222298861904,464.7562512989983,5,10,2.1756731831692893,0.0,0.0,poisson,,
standard,22.411979638426615,6.272732139561878,2.7768703048805294,16,10,16.353934576888864,59.758412236297964,422.98269553789896,4,9,3.0590804370667346,0.0,0.0,poisson,,
standard,9.199197048996641,5.3398307203020625,3.6530034001858493,5,4,21.520885825346504,103.55913139424132,418.98426257141944,2,3,4.815442534516909,0.0,0.0,poisson,,
standard,12.596962014607044,3.404068018909282,2.6913284300075295,14,8,37.80213690108463,84.41975922305198,478.97270513942266,4,5,6.113640684826775,0.0,0.0,poisson,,
standard,8.066965968491598,7.492509481290426,1.4786971317926008,8,11,37.382641606793364,56.893748295031685,280.9321102960127,2,6,2.618279883777179,0.0,0.0,poisson,,
standard,17.48268981253142,6.66737446356142,3.4278318298577766,20,13,21.71539799628915,72.29071071985963,251.6016032382985,3,6,3.17740042784793,0.0,0.0,poisson,,
standard,13.025940984580995,6.931752892971087,2.55580032725435,16,6,24.530087115963674,58.30530678796768,257.40373214259483,2,6,8.75880424070308,0.0,0.0,poisson,,
standard,7.659834895042854,5.444272903157779,1.6895151803738513,16,14,17.985275106018246,54.36454690506224,483.2316828433395,2,5,3.423143266961712,0.0,0.0,poisson,,
standard,29.254076000672914,3.2409679728777183,2.7055992703070553,12,15,31.83906399728649,65.01209792818186,310.582186511069,10,11,6.359827823894313,0.0,0.0,poisson,,
standard,7.472704732878736,7.281696057749134,2.1423245886033584,10,4,37.21173867241495,93.6062302615212,227.67697560149298,2,4,2.391596324274081,0.0,0.0,poisson,,
standard,13.307476551792192,5.257552819758634,2.7250306906686244,12,14,50.24906668241099,100.49938581534516,453.5213659009312,3,5,10.174148043565635,0.0,0.0,poisson,,
standard,28.275630814149963,6.929902987264639,2.372854714607517,14,13,50.454753265873336,80.67827285103175,363.9760853177896,5,12,12.814787846477795,0.0,0.0,poisson,,
standard,44.84774880554552,4.173428101103104,3.831716498626432,13,15,18.608686855680336,71.6086597867866,290.75171002188233,11,12,7.150706189945165,0.0,0.0,poisson,,
standard,8.981940155045955,5.36247260559975,3.4641426348360183,18,6,13.133768661005771,92.16989415452974,405.7827093892597,2,3,4.677570366849107,0.0,0.0,poisson,,
standard,8.908144650006186,3.5675260703494525,3.615184251434992,6,9,59.9685123935861,71.38456146212775,483.1455042137101,3,3,3.2228864345197454,0.0,0.0,poisson,,
standard,9.7698039248396,5.4492908170901675,1.3296161595334506,9,13,40.36703480713669,137.91758540864134,328.84152782763755,2,8,6.180995131969688,0.0,0.0,poisson,,
standard,22.60047066975828,4.911659542950544,3.9914230035067275,9,15,21.36515400256299,127.19371735855913,266.2358420017347,5,6,4.996855460804401,0.0,0.0,poisson,,
standard,18.531209351076065,4.813055648556245,3.8979588085684282,10,15,15.701759245548926,96.64651075140657,238.45412112259908,4,5,10.171153054165472,0.0,0.0,poisson,,
standard,16.609456411386795,6.41355825570507,2.3153299675156545,16,15,30.390103493491186,143.629026254396,255.65068291437046,3,8,3.261493806578873,0.0,0.0,poisson,,
standard,7.183388716918602,5.566633610337368,3.5515937339517483,15,11,33.524566384193086,115.1043360511298,428.1487091446643,2,3,1.640037617343232,0.0,0.0,poisson,,
standard,23.15512901606745,3.108493624096309,3.5364313006058334,8,12,21.405394825874318,84.46816508923942,234.10140890719327,8,7,3.8350506046384067,0.0,0.0,poisson,,
standard,6.143486517722258,2.4344249334892254,1.547323531865786,14,14,32.9158494452529,64.33461477017146,243.04228085632226,3,5,3.085986521868493,0.0,0.0,poisson,,
standard,11.52978860140464,4.19388320459214,3.1537547266951687,7,15,57.14011636048529,105.81881703873412,287.46399997399385,3,4,6.301422863205456,0.0,0.0,poisson,,
standard,16.79220879362316,2.351832776319313,2.6853698648441853,16,7,56.42651461638081,90.61643540083921,201.46380757501186,8,7,2.531040351526759,0.0,0.0,poisson,,
standard,28.68879102292665,5.848488750978836,3.515482095331321,9,10,32.11317584702819,65.52686856713237,346.1648587255951,5,9,11.36041420048823,0.0,0.0,poisson,,
standard,18.455662739319425,5.485707904484392,3.391909865040654,5,7,58.135279175359564,75.22130577476426,233.15506692733504,4,6,2.888737208329198,0.0,0.0,poisson,,
standard,8.697619010155188,4.906511434139715,3.6187320079880703,11,14,33.99474797635769,67.38605824775895,348.17376132909965,2,3,5.232242648352502,0.0,0.0,poisson,,
standard,5.9497681403036315,7.717203731132014,1.5877254066222344,18,6,47.47821156376443,69.76342616713866,250.83213913773184,1,4,7.5441178439105805,0.0,0.0,poisson,,
standard,10.81517998411305,2.4500527201995683,3.1085849629633855,14,5,14.06695073967156,93.26295392827532,467.79401582742497,5,4,3.363870219405581,0.0,0.0,poisson,,
standard,34.441056110779385,6.172109677716619,3.367298757478805,20,14,32.73812249668194,92.25676682620569,365.6421007573176,6,11,3.368585796362159,0.0,0.0,poisson,,
standard,10.739509252049432,2.9730206301567677,3.259773516609742,14,6,52.680723601045884,84.69169837954445,284.49802833660976,4,4,3.597914116293512,0.0,0.0,poisson,,
standard,11.471373819130356,6.371653461150753,1.5073374019830323,5,10,10.376032532702354,66.0584644045594,243.83214167566226,2,8,7.269367134019088,0.0,0.0,poisson,,
standard,11.534904050568866,5.2902475897754755,2.353045472662438,3,14,11.762496669097196,59.2129879756083,441.47870704730644,3,5,10.982749930628406,0.0,0.0,poisson,,
standard,17.849805401992967,6.25177971867462,2.229393914765568,19,15,34.248822702082734,89.43228234551731,338.5575183266758,3,9,7.551885683441515,0.0,0.0,poisson,,
standard,40.84496887684653,7.7056956880308585,3.91642960445516,19,13,22.831889372917104,88.67346153791031,237.9971808820983,6,11,2.806706597514701,0.0,0.0,poisson,,
standard,24.627202964938554,5.269222236124652,2.3741803189214425,18,15,21.1663477588882,90.05863231142345,254.23053622071419,5,11,4.456420806052266,0.0,0.0,poisson,,
standard,31.80140794230489,5.01872929735928,3.1456604194328266,20,15,39.32122495301515,127.55253346716572,367.545749526003,7,11,2.4243140130494334,0.0,0.0,poisson,,
standard,5.094953709188224,6.913642511586458,3.085308665699999,9,15,47.76689831673091,112.05705707542904,427.18299061754396,1,2,5.412356127962843,0.0,0.0,poisson,,
standard,7.182237810407907,2.508993838228486,3.863584228125571,11,14,51.402734431538846,100.86467021436772,482.42762203864334,3,2,13.663656694070358,0.0,0.0,poisson,,
standard,19.502493655074545,2.456609729934897,3.707358036506365,9,7,29.244188111613607,94.62209204081765,280.8633922339769,8,6,17.535369643120532,0.0,0.0,poisson,,
standard,33.52487679564421,3.9864887762201873,3.647135941727984,11,15,21.452710319885473,55.80497697064357,326.4573435732186,9,10,2.7563076665910016,0.0,0.0,poisson,,
standard,21.9752815267016,7.5883605946787895,2.287809886420976,13,12,32.89757552641187,61.644798009177926,278.2304233357688,3,10,11.735465852907984,0.0,0.0,poisson,,
standard,5.90501426726936,3.7823699270222995,2.588748505481374,4,4,12.03736298598835,102.36395912431703,347.105822826805,2,3,3.0224801723491046,0.0,0.0,poisson,,
standard,7.419860826798509,4.860140400031193,2.6608810194874195,15,4,14.060436975164915,64.2677628628088,224.3779283035346,2,3,6.090085364172368,0.0,0.0,poisson,,
standard,18.91750793345114,2.978733037831811,3.7077949455314814,18,14,47.98023024277833,73.80891527248015,453.8938346300971,7,6,2.4393919768307124,0.0,0.0,poisson,,
standard,7.550703044952798,3.9991462760974414,2.8474489844614537,14,11,54.36744184229968,117.41418265086537,458.9345523079056,2,3,11.05830688370526,0.0,0.0,poisson,,
standard,11.377725287563567,3.3341702902179784,3.5628642685037444,9,14,49.99423720085058,98.93843518963322,243.31135556886042,4,4,2.4997846693148356,0.0,0.0,poisson,,
standard,16.245860771068777,7.1993677600428265,3.0755054345354824,11,9,55.81700175904369,119.27258796001342,422.4984363954809,3,6,2.1985899753780656,0.0,0.0,poisson,,
standard,31.487392176464592,7.416110000556726,3.351648066163709,16,10,30.77569349636449,118.70133111636176,331.3626961560882,5,10,2.6053098944720245,0.0,0.0,poisson,,
standard,8.830851682355886,7.992041421979308,3.1062318262944477,18,15,21.182034064587814,77.73884895285545,445.30387273747397,2,3,6.634177516699132,0.0,0.0,poisson,,
standard,13.569373985695409,6.278590392510433,3.328582583582464,20,6,11.97993393608949,75.2111258461503,282.5401752107541,3,5,1.7152586270399552,0.0,0.0,poisson,,
standard,11.900991376209973,7.542875684746019,3.360645199693975,15,8,14.815172687189023,137.0340334105353,276.45936101004247,2,4,3.731145209072609,0.0,0.0,poisson,,
standard,49.743411440738946,7.141259703994053,3.7647695263700434,16,14,16.941941427356763,101.04852759475182,275.2456675813877,8,14,1.9876964413076321,0.0,0.0,poisson,,
standard,21.995955914887684,3.0279207683181166,2.3972254211833155,20,11,36.65052900461564,136.11544068095117,376.22797419527524,8,10,2.606547897754866,0.0,0.0,poisson,,
standard,18.18951978298817,2.5183136307199816,3.767348732083505,10,5,56.89310210094299,53.13283726462762,417.03342933477563,8,5,6.903090837446607,0.0,0.0,poisson,,
standard,17.263980886923648,5.090931397657002,3.856896365573862,15,15,55.63213860664867,93.67642500734473,233.6007539135991,4,5,3.0160605443237074,0.0,0.0,poisson,,
standard,28.41632669709623,3.7252464635004534,2.795024788079975,14,12,23.342730742885777,72.48457062773703,457.79275228822877,8,11,3.800733972537431,0.0,0.0,poisson,,
standard,7.650598866959342,6.0124984250549325,3.774713717724179,13,10,46.75481512710073,56.361384301346426,263.5583428724779,2,3,1.5809755501256937,0.0,0.0,poisson,,
standard,22.4440226629833,3.029069757496111,2.6300082574104793,17,10,56.425782033365294,116.318308299869,338.48499715981666,8,9,3.8003071089377474,0.0,0.0,poisson,,
standard,13.073883249341915,3.2549162421898563,1.9945715491737879,15,13,40.419708619259836,56.515884858195676,417.59946921227225,5,7,3.212879824525205,0.0,0.0,poisson,,
burst,14.415768172155797,7.166562417083638,3.0929005705753667,16,13,54.549424877148766,124.45476926386269,477.3354598632183,4,10,0.8898611627871372,0.0,0.0,non_poisson,337.77859101420233,0.6
burst,9.536389525387023,5.600554207461418,3.4237618968913694,7,7,45.69068103509579,123.23201749331751,499.7762527818992,4,6,0.8658428960987239,0.0,0.0,non_poisson,130.96167539264542,0.6
burst,14.411904206282875,4.447109860598561,2.861774955074379,7,12,48.792323518269214,80.90296166029587,318.67223458579844,7,10,0.9539614441307811,0.0,0.0,non_poisson,276.4380420211659,0.6
burst,9.62540427256416,7.1054078697600325,3.3030667431467906,10,15,59.60793706127259,92.07801050881908,482.4366908058981,3,6,0.9378400473604164,0.0,0.0,non_poisson,137.69549187883342,0.6
burst,18.842354782933086,4.235159424507794,2.703001415217148,9,15,25.704966340110477,112.48353048741149,404.9011414478987,9,14,0.9880556846134994,0.0,0.0,non_poisson,530.5476190863914,0.6
burst,5.723924289263006,2.795720598980545,3.8229194069636603,17,15,10.011805088336308,130.70297799674063,486.0816458904466,4,3,1.3941859388251707,0.0,0.0,non_poisson,39.60800400224227,0.6
burst,14.847399426683559,5.121735707081539,2.6212604427871797,8,12,22.725766393870725,69.34835889666084,361.7082245844996,6,12,0.9712670372547166,0.0,0.0,non_poisson,364.91927715714917,0.6
burst,9.727031518127264,6.836562629028586,3.285650835301644,8,14,59.659527738876264,127.11961487127425,323.2723836219122,3,6,0.983583875626896,0.0,0.0,non_poisson,136.7862960787589,0.6
burst,8.016515605429051,2.7760859918698433,3.3165328470269357,18,15,37.53502770254,96.91634645550849,350.9625869372695,6,5,1.1746937992616926,0.0,0.0,non_poisson,108.35498113349739,0.6
burst,13.00182284206784,7.196722962929014,2.8061943639945772,12,12,33.847078219617,74.3210711522069,350.9476086933655,4,10,0.8940312146549557,0.0,0.0,non_poisson,323.2145366695007,0.6
burst,14.270747683962977,5.337649052755462,2.7449857864759504,10,14,58.268911747287916,114.48403289177512,238.563264835243,6,11,0.9181670622591787,0.0,0.0,non_poisson,337.11910020391457,0.6
burst,12.950638312069009,3.5467575642874607,2.7674983029558797,10,14,40.35080154595448,140.16879370231487,358.20399293623615,7,9,1.0941509524895274,0.0,0.0,non_poisson,246.54443991277236,0.6
burst,8.492866338364552,2.9041814068697773,2.141655410584371,19,14,19.27698662866176,83.13275617205535,318.1194785681517,6,8,1.3671116800055536,0.0,0.0,non_poisson,140.32674025729895,0.6
burst,4.345360127958767,4.739617717324393,1.864325012132691,8,10,55.9249557421624,124.65477424503871,258.12559953847574,2,5,1.6830008915315824,0.0,0.0,non_poisson,40.54707551495828,0.6
burst,7.848418274064113,2.8342658715614677,3.6851143341567694,18,12,21.025713371381805,118.50667858460464,462.0811305950842,6,5,1.076154445310236,0.0,0.0,non_poisson,111.0957470489122,0.6
burst,10.861865426857385,5.457761751089637,2.3902274732534496,11,13,23.592989792444186,76.02671625711578,247.03693064198808,5,9,1.0111676453847072,0.0,0.0,non_poisson,209.31963033604939,0.6
burst,8.890510599016924,2.635625719925825,1.5811691176703988,14,14,41.32942155578618,100.00796020944892,417.6506872963711,7,11,1.6572407999668088,0.0,0.0,non_poisson,124.39675993625207,0.6
burst,8.012753752261748,6.814500182823137,1.7539356910591324,20,10,27.408807910568953,60.96057247925756,457.23834203310776,3,10,1.271137213491996,0.0,0.0,non_poisson,131.94803080713487,0.6
burst,11.935948700780745,7.1497580274530055,3.6442331155269656,10,9,59.521399194408836,101.01138044584269,321.24566163612747,4,7,0.7578318850891496,0.0,0.0,non_poisson,216.89341608949024,0.6
burst,17.998813800225687,7.405311586148823,2.6309434930152173,12,15,31.034496065883562,113.77263591069999,465.96656175702304,5,13,0.9047470247577923,0.0,0.0,non_poisson,396.80572393700464,0.6
burst,9.36670851191558,4.238206613849384,3.28735949805001,7,8,38.75864597746432,120.45506136472159,336.4957280242005,5,6,0.9542344808134433,0.0,0.0,non_poisson,174.86199110013436,0.6
burst,17.00782848645299,5.80167997908149,3.111477017259321,19,13,33.26846447080052,76.45748055587987,489.21172541157614,6,11,0.8451304306715802,0.0,0.0,non_poisson,491.25557623293304,0.6
burst,8.98308614206191,5.824114613240203,3.5635009655801744,10,12,37.238201738373895,106.71997584818706,315.63162811192234,3,5,1.087093338766153,0.0,0.0,non_poisson,115.86276304149598,0.6
burst,8.103946863095654,3.048059251486611,3.8823341396336035,11,6,54.6341965720845,105.3462038285546,291.4162989125384,6,4,1.1304034704725268,0.0,0.0,non_poisson,91.11443400205792,0.6
burst,14.489290851725679,6.7140727231143975,2.643547043152847,7,12,47.45255377809803,110.33256816056308,216.27394979010487,5,11,0.8957590086083377,0.0,0.0,non_poisson,276.25260379330854,0.6
burst,21.163005101378232,5.839687346859602,3.592567113602767,17,14,32.66446041731261,117.08191441328174,254.65292611875208,8,12,0.737627766629519,0.0,0.0,non_poisson,723.2549676053613,0.6
burst,7.233799676171782,2.6106830449907874,1.8973623157957107,12,12,26.291711048790315,64.50259461979306,218.36931967512473,6,8,1.5097438023574548,0.0,0.0,non_poisson,89.06073516722782,0.6
burst,14.628730137525144,5.941880230880276,3.655262302981479,8,10,22.763064126637747,50.286599974806855,391.0844812107481,5,8,0.808730489117246,0.0,0.0,non_poisson,388.025394557819,0.6
burst,5.949263426506015,6.895492819672974,3.8147924335327335,16,6,57.77804631828645,129.08558497256087,487.22927833797974,2,4,1.0723295390325884,0.0,0.0,non_poisson,58.57469149851258,0.6
burst,8.993285518612694,4.639394959888609,3.347496375982766,7,13,48.26134987783762,136.8037091931219,382.69039265105437,4,6,0.9771917955591427,0.0,0.0,non_poisson,158.99345971473383,0.6
burst,11.25102660774899,4.322608391555153,2.9821552754835405,13,12,46.065696882338486,120.98777751965551,322.0068451074362,5,8,1.0229221066064462,0.0,0.0,non_poisson,187.3442718808939,0.6
burst,14.125470714311394,4.8988150103576364,3.1375157087929697,8,15,19.212370276180827,91.1540285682548,404.2220067168124,6,10,0.8856440934236057,0.0,0.0,non_poisson,419.6066215587172,0.6
burst,6.466608281117935,3.396521976824161,2.7350586973930233,8,14,49.134025459329536,95.9818735909348,380.46144034389727,4,5,1.2369106213618086,0.0,0.0,non_poisson,65.404013730585,0.6
burst,6.910222303219441,7.972543278051394,3.3554584518883255,10,15,23.572612161009566,131.4611328728766,373.98513540695143,2,4,1.2032148405097154,0.0,0.0,non_poisson,69.80564346465931,0.6
burst,6.137761425465121,4.800169069397381,3.013192722444392,12,11,50.604659538985224,127.63101311799674,208.942172772672,3,4,1.165989248142357,0.0,0.0,non_poisson,54.602424114564336,0.6
burst,8.11494196360193,2.8475176871694536,2.538510024403724,12,8,16.562156207956875,143.80592657560615,360.6719150207285,6,7,1.254607552710271,0.0,0.0,non_poisson,112.50004310742918,0.6
burst,9.810472446370994,3.594043379803053,3.1417181584537106,13,7,24.57961423745747,117.75430622350578,223.44355902351472,6,6,1.0521553324751391,0.0,0.0,non_poisson,136.0773935255632,0.6
burst,21.112190631321106,7.06144102194576,3.205708007893004,9,15,28.40605484226023,112.81987542451228,432.01207795891776,6,13,0.7825939417005711,0.0,0.0,non_poisson,603.7777932134182,0.6
burst,8.295331063948295,6.47732677916185,1.0494801081282965,11,15,59.2713422199322,65.8936006148987,336.0956338535275,3,15,1.9286790022053062,0.0,0.0,non_poisson,90.65358072458608,0.6
burst,11.219282277955449,3.18433169087918,2.415571439691124,13,11,53.76264286591158,131.9357666055397,271.94080830412156,7,9,1.2210101178944222,0.0,0.0,non_poisson,194.63143621097112,0.6
burst,7.206173566834225,7.00522937340272,1.4048998763846452,15,10,58.518850463756316,53.20704757703625,487.9585473250454,3,10,1.4601443851223685,0.0,0.0,non_poisson,81.90571644242641,0.6
burst,6.67753972746758,2.6854197550348946,2.653476795261194,11,14,18.444564972527864,125.34611360035322,247.20671811249045,6,5,1.305793989646477,0.0,0.0,non_poisson,78.36359983020206,0.6
burst,14.271819792546287,6.637242844151572,3.829862263370563,17,8,55.540540793120314,84.10320373148735,252.15613323961057,5,8,0.7177832789042161,0.0,0.0,non_poisson,319.60616658445747,0.6
burst,8.485141480286373,7.727289931199922,2.1677150494005106,10,14,20.85354666850743,149.4972751931465,498.6742572951112,3,8,1.0619640684618614,0.0,0.0,non_poisson,109.5690285555873,0.6
burst,7.129470734051194,4.899754440924781,2.2647638969378114,7,13,33.671457300883425,97.14571108136846,425.86802609659986,3,6,1.328927664152288,0.0,0.0,non_poisson,57.796178975253355,0.6
burst,6.426243478702322,6.102889940995385,2.531616937275406,3,14,54.88448625055219,110.47456497041003,322.11224035212126,3,5,1.0681206558986014,0.0,0.0,non_poisson,65.08796175745547,0.6
burst,5.6508207087618185,5.3966208557845565,3.63848090933216,4,13,43.19480624346907,52.960994285661165,221.16958856218523,3,3,1.1028285293677638,0.0,0.0,non_poisson,44.235495752318165,0.6
burst,6.991816925007421,2.977398373683412,3.0256450482496797,15,15,32.64984093944095,116.27705255754692,430.67017210041763,5,5,1.1890365298630676,0.0,0.0,non_poisson,82.2841147341619,0.6
burst,5.508128754013927,4.360629397243266,3.273132123045151,18,13,58.98491012929163,62.163981873812226,277.65315074706103,3,4,1.075355114310084,0.0,0.0,non_poisson,50.8275782852457,0.6
burst,23.64602797271716,2.5586059012867737,3.4943829436292444,20,14,51.217849593627314,128.9583194926677,271.72040089673925,18,13,1.0907496907073466,0.0,0.0,non_poisson,850.9657184542117,0.6
burst,4.690832092956981,6.869279907607322,3.7033873237178323,12,13,31.77299176855606,127.58288527921529,249.80217402875903,2,3,1.024135803401693,0.0,0.0,non_poisson,41.11146684957349,0.6
burst,7.594675108143642,5.351011119515163,1.583806736221317,10,13,51.68198690395705,125.77467532005132,447.1412529982007,3,10,1.5292238081520635,0.0,0.0,non_poisson,103.6674955670259,0.6
burst,9.182910488901458,5.9206630584318205,2.2059794644296735,14,13,25.44170453901873,132.6295401377165,217.410321406599,4,9,1.0593619756855677,0.0,0.0,non_poisson,129.42848903265815,0.6
burst,4.603232146243436,4.940549432408506,3.837439204488084,15,8,55.293148603572355,90.91484348257701,411.7777675261235,2,3,1.3096403678601714,0.0,0.0,non_poisson,35.48068347643903,0.6
burst,9.760619401129121,7.9929104086632545,2.516860176784832,17,10,26.905889372453874,100.21858453679285,409.5002405858731,3,8,0.9878867141236628,0.0,0.0,non_poisson,144.45201805014347,0.6
burst,5.789299821415336,6.072649170555205,3.9252117355278737,5,15,26.728444394375664,89.72596976904526,340.7103337764877,2,3,1.380676205044998,0.0,0.0,non_poisson,40.97541333332704,0.6
burst,5.944085969862886,5.255579238789208,3.382125726247249,15,4,40.132729104296786,90.72058487851746,230.12816883123216,3,4,0.9679666329151424,0.0,0.0,non_poisson,72.22160066824532,0.6
burst,17.59686913283069,5.392204112285858,3.853642895296424,13,9,53.44576218028223,110.63389941386762,436.96535549313137,7,9,0.7537322460147207,0.0,0.0,non_poisson,537.1108856708198,0.6
burst,10.228849873953154,7.693317451860656,2.1086040650913684,8,12,54.230066855724445,52.98361841285897,391.98584098837574,3,10,1.1481593668992394,0.0,0.0,non_poisson,158.43773610822404,0.6
burst,5.799005344387373,3.718760621355494,2.981369820070892,13,9,29.82494935316585,121.93040124829119,470.2304452602946,3,4,1.37914033655246,0.0,0.0,non_poisson,48.440338363245566,0.6
burst,6.747758527370634,5.950198517420063,3.8390413283442664,12,6,10.34322360499391,60.00690535514295,269.0129402906067,3,4,0.877001069813813,0.0,0.0,non_poisson,57.67250944465143,0.6
burst,16.412060233989884,6.645093480066821,3.945731161257212,15,9,25.920988837809645,135.83736087584975,496.66219275426846,5,8,0.7551909876117566,0.0,0.0,non_poisson,353.2556269179038,0.6
burst,8.481870733024804,4.996292791652666,1.6882343853629953,12,14,49.75180406310224,69.81819634840642,436.18997880310434,4,10,1.3551326203931258,0.0,0.0,non_poisson,121.87407155319289,0.6
burst,5.345117849778231,6.0559352043267305,3.4362034813670244,12,6,22.685228139966288,107.69970696734511,266.7677813135736,2,4,1.171337160695786,0.0,0.0,non_poisson,51.57536487138613,0.6
burst,12.085284689682375,4.056472164112816,3.8305792908674228,15,15,37.44233299828103,77.87968675180102,306.93729336411246,6,7,0.8830547284230765,0.0,0.0,non_poisson,217.3530974310618,0.6
burst,11.691730656073172,2.6839831877706066,3.6368158253658214,16,9,21.903948201222065,91.86701347577124,204.2786287583502,9,7,1.071301884096518,0.0,0.0,non_poisson,278.6806604174455,0.6
burst,8.26974915996247,5.708158932825817,2.4251388943393684,19,14,31.629344189819278,145.5368566381327,309.10923027588404,3,7,1.1960381640895132,0.0,0.0,non_poisson,115.14948381791287,0.6
burst,5.17055622223529,3.7819823903376153,2.6124208867639913,17,9,18.473661535339932,93.10869041040627,202.7264943444018,3,4,1.3569413852331211,0.0,0.0,non_poisson,42.64943960829075,0.6
burst,8.819378850299437,2.6930713288785393,2.008601163373512,10,11,50.78790073383615,115.03240557829331,226.33399436221032,7,9,1.4289419460919737,0.0,0.0,non_poisson,127.36035579680615,0.6
burst,4.381582041069188,7.6064079177896335,1.3239475910963843,7,11,48.08474470242873,95.67105110212849,384.2027949148896,2,7,1.5893004134792197,0.0,0.0,non_poisson,34.228166783299955,0.6
burst,5.623142776819908,5.916011677005159,2.932345637251764,8,11,28.522518810550505,124.56967557233607,447.37193961009655,2,4,1.401465058211068,0.0,0.0,non_poisson,49.73740194935872,0.6
seasonal,7.4295277800772945,7.3994989245486265,3.527529114302839,10,14,23.18467038551902,119.22102345356181,285.02279024807666,2,3,1.7351128195948806,0.0,0.0,non_poisson,17.47421972679658,0.3247421972679658
seasonal,12.203033756927052,2.813702276153463,3.098130467931974,6,10,21.13978869508766,140.3560788448614,438.2408683418312,6,6,1.499250483717979,0.0,0.0,non_poisson,48.52599916119712,0.44999999999999996
seasonal,6.121191463366875,6.740490092472932,3.887139371311174,9,13,50.85919520723853,99.7273969190322,405.8836115391314,2,3,1.0769929427249247,0.0,0.0,non_poisson,11.597357172100391,0.2659735717210039
seasonal,24.917490441954847,7.0201990651561275,3.7791324557294628,13,10,59.47279132861164,91.02487242740636,323.2228645827428,5,10,1.0541337932182544,0.0,0.0,non_poisson,192.60663970441055,0.44999999999999996
seasonal,13.824365343474549,3.307392306362587,2.8585088979001547,13,15,36.62164456199222,61.57334785891917,495.430423069548,6,7,1.4009165973143616,0.0,0.0,non_poisson,63.94466147253651,0.44999999999999996
seasonal,7.494405947221969,7.083312483017988,3.0602426981596498,19,11,50.87875291412416,66.41977528061317,415.79238402464307,2,4,1.3808018208338688,0.0,0.0,non_poisson,16.273891381492692,0.3127389138149269
seasonal,11.20800843859509,7.318711803116144,2.2136002530319505,3,12,59.61369391704484,107.32806874714484,302.55543328468843,3,7,1.3523766057320308,0.0,0.0,non_poisson,41.53700239618986,0.44999999999999996
seasonal,7.7011388296169665,6.879861649850916,3.717147633820956,11,10,34.062572613807106,69.44520062632867,357.59432857031163,2,3,1.8573942461974802,0.0,0.0,non_poisson,18.995825624003984,0.33995825624003984
seasonal,8.77036156482638,2.5878696097920146,1.2049175644037904,5,11,35.29511930312022,64.61161989545731,302.8732442395909,5,10,2.1181238152465895,0.0,0.0,non_poisson,23.66039913209873,0.3866039913209873
seasonal,13.434067808130425,4.333088520249886,3.3335666205662564,14,15,53.22942944992633,101.54463156248592,434.78129159590014,5,6,1.1843873339061881,0.0,0.0,non_poisson,58.545954079312075,0.44999999999999996
seasonal,11.56519941071777,6.710268919746975,3.050215087185798,4,6,10.837826234796779,91.91235730911772,264.6268518754509,3,6,1.2132847692838342,0.0,0.0,non_poisson,43.5722181365193,0.44999999999999996
seasonal,5.3250823225844695,6.98386617063777,3.1658454896102346,16,10,12.206354529271604,54.11421866148173,470.78591063019644,2,3,1.062366875909315,0.0,0.0,non_poisson,8.35617752998811,0.2335617752998811
seasonal,19.221123115488147,5.4280318925360165,2.585794584236302,10,11,11.503662529879374,57.225281643776604,244.42871741004808,5,11,1.2847258810768418,0.0,0.0,non_poisson,113.4457722155879,0.44999999999999996
seasonal,7.6471127007812285,6.422341455029357,3.8541395998594266,20,4,45.40415941364517,88.41418871285185,451.473732862249,2,3,1.881190425208298,0.0,0.0,non_poisson,19.908628851273797,0.34908628851273793
seasonal,16.350275546568536,7.192778478504586,2.8385653856851816,7,8,48.70736299553826,77.29829935864839,450.7800247650264,4,8,1.1170846126113356,0.0,0.0,non_poisson,81.21708291817887,0.44999999999999996
seasonal,15.130117030944623,5.081156650740571,3.7431758521080907,8,13,38.642080806723186,86.03618523751794,498.333258806344,5,6,1.0566952976221369,0.0,0.0,non_poisson,72.49203105779652,0.44999999999999996
seasonal,28.7294912363812,5.709320435264904,3.394506176440091,14,15,40.87488589652831,125.78195292522045,457.92217000989075,7,12,1.0042289363833712,0.0,0.0,non_poisson,259.516010835102,0.44999999999999996
seasonal,16.062164544362584,4.6271094334776945,3.6851736575421197,19,15,40.24858430976319,74.29196332558375,236.36332450490832,5,6,1.3922601082535233,0.0,0.0,non_poisson,80.68666173603087,0.44999999999999996
seasonal,16.319663029383715,2.8140327326272248,2.9105063483477256,19,12,54.57825357374726,57.08214936209001,252.829681255813,8,8,1.383809640569488,0.0,0.0,non_poisson,79.89727283655051,0.44999999999999996
seasonal,20.205667638612542,6.974195966714067,2.9776975471569895,17,12,29.51643859403578,140.9542202685535,445.4715861241731,5,10,0.9266449854702331,0.0,0.0,non_poisson,131.20010995109405,0.44999999999999996
seasonal,11.318830848958576,7.786893710897541,3.4894545996031514,15,10,45.16503859206368,149.84975342954436,367.231927240385,3,5,1.0568420551377933,0.0,0.0,non_poisson,40.84827856832374,0.44999999999999996
seasonal,10.842533744586978,4.976430402416041,3.8526734175513986,11,4,23.941812365709033,100.2407713174714,447.9743195136934,4,4,1.3745524967256517,0.0,0.0,non_poisson,38.65660829370221,0.44999999999999996
seasonal,24.263898838488807,5.081107751427294,2.7823943233676687,17,15,29.0682873747965,135.48473053594017,406.1444046839304,7,12,1.084028710395888,0.0,0.0,non_poisson,186.92316050478308,0.44999999999999996
seasonal,7.153360141240817,7.239944092669979,2.073563588376527,10,8,25.634859513196844,129.59665485399802,415.64716301289013,2,5,1.5383068014826742,0.0,0.0,non_poisson,15.723941510830763,0.30723941510830766
seasonal,15.934771389499426,7.016042319591702,2.7487281702436,8,15,57.7999795067014,126.10228118871528,460.589161532206,4,8,1.1466683726737543,0.0,0.0,non_poisson,79.14372971737527,0.44999999999999996
seasonal,21.82646229732211,4.292916736464956,2.868025958286231,19,12,58.90692553318107,65.79187016478073,215.3930850397659,7,11,1.1854034841643795,0.0,0.0,non_poisson,153.32662210698,0.44999999999999996
seasonal,26.299895873812556,5.315834522223275,2.9156154520241886,14,15,20.343656398113502,87.62354373728671,436.9174680031373,7,13,1.048461984076104,0.0,0.0,non_poisson,220.48218777089514,0.44999999999999996
seasonal,4.988821835341119,5.988682126382919,2.2656913691093745,12,5,27.94682610808583,58.55149068437417,468.8363049409615,2,4,1.163191810965252,0.0,0.0,non_poisson,8.13006089641101,0.2313006089641101
seasonal,6.812438461907192,7.306209132495917,1.6416174649258082,19,9,34.969245755244486,104.52845159669727,340.48890006044576,2,6,1.5569926130353084,0.0,0.0,non_poisson,14.950228939201306,0.29950228939201307
seasonal,21.50842378181755,5.3857838773388735,2.12987855844865,17,15,52.249786355259474,121.44354969549418,234.2394132869338,6,14,1.2233281052011595,0.0,0.0,non_poisson,131.48120954252886,0.44999999999999996
seasonal,8.296808540782653,3.3643144412833266,3.13669850629395,17,4,58.500038603485365,112.98287094437865,349.873622235124,4,4,1.4868919239943346,0.0,0.0,non_poisson,21.3257937921531,0.363257937921531
seasonal,17.851080900988734,5.488604740938747,2.827438586292299,5,10,48.03038530323599,111.29083432321863,335.4687463431782,5,9,1.1618511200497568,0.0,0.0,non_poisson,98.88458720232482,0.44999999999999996
seasonal,7.344617583447758,6.9933042685498785,1.0863901537051568,5,12,17.653532533060808,105.97729344559893,312.1097127365266,2,10,1.982404658636198,0.0,0.0,non_poisson,16.986586298876258,0.3198658629887626
seasonal,33.86546915747402,5.4910739431563105,3.9626452912346846,12,15,38.03832660263548,130.7845364881294,422.01838041944706,9,12,0.8285703968769008,0.0,0.0,non_poisson,361.9569746413555,0.44999999999999996
seasonal,30.699837718162843,7.933772335469051,3.9366146806618034,13,11,20.43637468007359,127.28238381882218,372.3876441002324,6,11,0.8214117840650347,0.0,0.0,non_poisson,292.90275007378415,0.44999999999999996
seasonal,6.90430666252077,4.123429061936671,3.4510039991317125,15,11,22.05907146370907,52.50521569922323,476.5055051563238,3,3,1.5667097980223688,0.0,0.0,non_poisson,14.931219443652816,0.2993121944365281
seasonal,9.601678618090473,5.962345119033857,3.9702156623649403,18,8,33.21008442956935,86.74050835761341,257.3370295157374,3,4,1.161642507060306,0.0,0.0,non_poisson,29.35394366266092,0.4435394366266092
seasonal,11.668336322900096,7.592313093004178,3.915813757810883,15,5,17.782878671891922,138.70537353573508,292.8881358873758,3,5,0.975139635825131,0.0,0.0,non_poisson,42.672696352385735,0.44999999999999996
seasonal,21.534659337178628,6.826035904584457,2.4892332371783286,20,13,49.012875152242735,140.64513461724465,271.1480001469765,5,12,1.1054335503932085,0.0,0.0,non_poisson,153.70013613862767,0.44999999999999996
seasonal,12.923114541184077,4.972075196099047,1.9570250112779717,15,14,41.66397085183854,105.31706606961836,371.71387744835187,4,10,1.4701485763886672,0.0,0.0,non_poisson,54.81839260357122,0.44999999999999996
seasonal,22.58399754638639,6.9550667342395744,2.2285955490777005,20,15,45.3071214286546,137.31814164482023,242.69680218939715,5,14,1.1794694502935488,0.0,0.0,non_poisson,148.82614066508694,0.44999999999999996
seasonal,6.642491475680047,4.193909190470379,1.8987364453921032,5,15,21.272649140700082,128.04579813581367,215.9809219169943,3,5,1.548796856382789,0.0,0.0,non_poisson,13.489509869391382,0.28489509869391383
seasonal,13.315893767917787,4.86054477112995,2.4654237508901033,15,15,58.244740872152754,143.62457574950992,222.56618255137613,4,8,1.4829222593707658,0.0,0.0,non_poisson,54.057651573425325,0.44999999999999996
seasonal,6.829312619241789,2.9209941937354937,3.365514695537501,14,10,36.5714896882063,143.85456485051043,319.5723820328866,4,3,1.653471791578016,0.0,0.0,non_poisson,14.93846911678554,0.2993846911678554
seasonal,6.831989160088596,2.8330256088535473,3.1922576391335222,5,6,58.79014875988495,99.23993074160592,375.14449615714915,4,3,1.8677598458580051,0.0,0.0,non_poisson,14.265946040896862,0.2926594604089686
seasonal,5.198482984806744,6.1634234753637855,1.1806586363858276,10,7,31.26181330609421,77.68962506807775,226.24290858321064,2,7,1.6093126524086319,0.0,0.0,non_poisson,8.571670888287661,0.2357167088828766
seasonal,15.932222308400966,3.97099506441649,3.4416346076513307,11,10,26.087994098354347,105.42287776531052,458.2906259896261,6,7,1.1446290322047552,0.0,0.0,non_poisson,84.2509719170115,0.44999999999999996
seasonal,6.661300010125846,3.9132162256895597,2.921371729309743,17,4,14.276487540113038,66.74014273148725,496.59990039843274,3,4,1.2731020099774015,0.0,0.0,non_poisson,14.215448461657218,0.2921544846165722
seasonal,5.951167578974253,6.20960670483081,2.3008262241093496,11,10,54.310508340512015,147.17695098966436,313.80168519941986,2,4,1.4377492201368176,0.0,0.0,non_poisson,10.995020467045881,0.2599502046704588
seasonal,10.114798703390843,2.854799493657667,3.802335170912069,7,8,14.516433536782412,71.75275677249228,423.576956389898,5,4,1.6860549012194659,0.0,0.0,non_poisson,32.91741932437793,0.44999999999999996
seasonal,17.085888717417987,6.248130907220552,1.8651172196925319,17,13,21.059142478395025,84.5930502543186,262.47393477926653,4,13,1.537975666255134,0.0,0.0,non_poisson,89.55714533113611,0.44999999999999996
seasonal,11.089886241199112,6.954913166988628,2.7711390041829134,5,7,24.99151635818745,90.50349658802372,323.6143163932071,3,6,1.219055303186676,0.0,0.0,non_poisson,40.79751398414965,0.44999999999999996
seasonal,11.936199222429693,7.720782941624083,1.7242256044207458,11,11,37.145729907313864,88.788383913964,422.27381041478054,3,10,1.3806059982083305,0.0,0.0,non_poisson,42.95206848288382,0.44999999999999996
seasonal,21.079551657842295,7.386591474309865,3.376930934812143,20,13,50.69844918444167,69.09448837710049,385.0899930771576,4,9,1.3179762050546804,0.0,0.0,non_poisson,138.6340816409424,0.44999999999999996
seasonal,13.431682012066881,4.205015962260343,1.766633339999865,10,13,23.329063864129104,70.6290395230903,294.97898140944994,5,11,1.4766142698493339,0.0,0.0,non_poisson,55.91366731839655,0.44999999999999996
seasonal,6.065840848328784,3.570186448503226,1.526622869131124,13,8,33.29482831230385,77.14508573020468,201.03114214543854,3,6,1.6672994091418178,0.0,0.0,non_poisson,11.998923556220724,0.2699892355622072
seasonal,5.198450041655445,5.456954069116584,3.8127962525132633,14,10,35.60298363508359,121.37563868311562,406.37630226714236,2,2,1.989880105604618,0.0,0.0,non_poisson,8.810748280588971,0.2381074828058897
seasonal,16.543893493967627,4.480597460372911,3.6034991923216273,18,13,37.37085325291851,134.40689951841117,321.4138678601828,6,7,1.0025946978246267,0.0,0.0,non_poisson,80.04978110466281,0.44999999999999996
seasonal,7.951207644893336,2.562485343438029,3.2785074582298295,10,15,10.102592467829526,58.274114789663436,226.500399670235,5,4,1.3833037627255649,0.0,0.0,non_poisson,20.482861875409103,0.354828618754091
seasonal,24.600746392033866,6.841021656459798,2.787097553735869,6,15,35.409188540128575,55.508280520858335,442.9090068629476,5,13,1.2034683028396778,0.0,0.0,non_poisson,185.93419797570886,0.44999999999999996
seasonal,15.58407564658213,3.1463475012722997,3.432981089811418,18,13,10.04404316486301,143.1051948578805,452.26889302294387,7,7,1.2374247445992204,0.0,0.0,non_poisson,77.68259893642461,0.44999999999999996
seasonal,23.902191812639984,3.4332193271552423,3.3408823513509804,13,13,55.74930983279179,124.64520368668012,216.93451014269584,10,10,1.0848580229855855,0.0,0.0,non_poisson,170.3520875205043,0.44999999999999996
seasonal,11.43596712900294,5.686962797512301,3.629433427244469,16,5,59.446762041069896,126.01361335827382,208.84199208646072,3,5,1.5293218119810748,0.0,0.0,non_poisson,43.957558701073324,0.44999999999999996
seasonal,10.350753380235176,4.047054318235719,2.243355223062266,11,10,39.417205183789775,136.8188164431811,496.21079584648436,4,7,1.4914504689980894,0.0,0.0,non_poisson,34.52111000324831,0.44999999999999996
seasonal,21.3107148493359,6.970384790530488,3.9277844211779813,10,11,54.09043779356103,135.09143795503658,297.7898500920152,5,8,0.8979213244924186,0.0,0.0,non_poisson,141.13937907183234,0.44999999999999996
seasonal,14.60741892742438,3.911326511524583,2.665493946989362,19,11,57.17443959430609,99.93967323669136,474.34616912740523,6,8,1.2005866007105306,0.0,0.0,non_poisson,64.72757937951101,0.44999999999999996
seasonal,13.371300853818353,6.995391607941812,3.0066043678704037,11,10,36.13214202529137,136.61195178203712,396.4319034565533,3,7,1.345108177917182,0.0,0.0,non_poisson,54.16659410438313,0.44999999999999996
seasonal,15.236767070503255,2.7159367697687093,1.950185727249473,10,15,18.001445772000814,124.65450394864457,414.4096220257861,8,11,1.5416860748873662,0.0,0.0,non_poisson,75.17265043184149,0.44999999999999996
seasonal,11.758073571741793,2.9336110635320747,1.7801827534637797,8,15,46.44779801924158,104.62827533634207,418.07363644199404,6,10,1.5886924225825834,0.0,0.0,non_poisson,44.48847636539159,0.44999999999999996
seasonal,14.531411714887012,5.879666930589273,2.0335375261211643,14,10,54.9467282425185,95.5267839187434,416.23018130750245,4,10,1.378348191674471,0.0,0.0,non_poisson,64.18366919068895,0.44999999999999996
seasonal,11.921340468603132,6.385074236795082,3.678738827142794,19,14,11.778927461080865,70.83311109099711,214.68312759219882,3,5,1.359724946567096,0.0,0.0,non_poisson,47.037895655144894,0.44999999999999996
seasonal,35.867985658881416,7.014776571513815,3.760620074194979,18,14,29.018448651733657,90.79993049749599,235.3525330752028,8,14,0.7271205158643351,0.0,0.0,non_poisson,411.9354730420044,0.44999999999999996
seasonal,17.475425053215677,2.855831917287979,1.6327933390097145,13,15,17.44090036468336,65.4200666763313,338.92701971253246,9,15,1.557602764062669,0.0,0.0,non_poisson,99.07328065341888,0.44999999999999996
seasonal,10.103822376962313,6.666686632679693,1.4848949809399934,10,10,41.80567807906825,90.75228626051378,497.0157751043883,3,10,1.518464574551324,0.0,0.0,non_poisson,32.930966880490416,0.44999999999999996
seasonal,13.704963449157184,4.023386012339562,1.5879041704034498,11,15,26.476731388506355,77.89909132864568,274.35903646937857,5,12,1.6824482956880313,0.0,0.0,non_poisson,57.1506611384036,0.44999999999999996
seasonal,8.27692880808981,5.59678590636752,2.1621009703601346,12,7,54.447379354162265,103.65371102011102,390.74928614284505,3,6,1.2405528137691244,0.0,0.0,non_poisson,22.14345361534752,0.3714345361534752
seasonal,19.65114067505421,6.9353110110554805,3.003075922268007,18,12,43.204816194048846,78.58159384132381,230.20170340041028,4,10,1.307708113582269,0.0,0.0,non_poisson,128.98261968376573,0.44999999999999996
seasonal,9.10782128059226,3.3446083062709135,2.2524020698801066,4,10,25.13852158731902,56.06805706432473,393.1252548523805,4,6,1.715591214735682,0.0,0.0,non_poisson,27.16525257978636,0.4216525257978636
seasonal,10.505779820792618,5.453694626676283,2.8813293838079366,13,7,38.11304103915533,81.69471490686952,362.7756400610258,3,6,1.4502032085118293,0.0,0.0,non_poisson,34.73226125733709,0.44999999999999996
seasonal,9.989421211599668,2.293996795830701,2.90093554901575,9,7,33.83855597871219,71.80961493065061,248.0043537296108,6,5,1.801173235880491,0.0,0.0,non_poisson,31.357890255779452,0.44999999999999996
seasonal,17.13744699781304,2.439092555835766,3.8774130127082205,18,10,25.573891478143242,77.09769981062071,414.0965188040718,10,7,1.1922630984168299,0.0,0.0,non_poisson,98.46464788153712,0.44999999999999996
seasonal,8.105456677054034,7.057963315820297,1.9192760551084662,18,13,17.67308940725333,118.05134447349637,282.329287464138,2,6,1.8189835062322623,0.0,0.0,non_poisson,20.0179644993733,0.350179644993733
seasonal,5.551446147041362,6.034620917538771,2.439472653223774,5,9,44.15530659609619,124.99324599911793,457.59561950826316,2,4,1.2366540847925092,0.0,0.0,non_poisson,10.138267324728263,0.25138267324728264
seasonal,8.570641450872552,4.110988886916836,3.0649402597015767,15,12,41.8906987408224,106.5763304087598,477.9302343254122,3,4,2.0100978592658043,0.0,0.0,non_poisson,23.211934443093313,0.3821193444309331
seasonal,31.69313283947158,5.579062039353114,3.1025330316381807,16,15,47.15877686300916,73.53126675572942,244.209896079774,8,14,0.9824410138755422,0.0,0.0,non_poisson,315.5093604293704,0.44999999999999996
seasonal,8.974940821413082,6.407335191638962,1.7116244863619323,12,12,48.59928370772963,143.32797285966075,371.95542829305305,2,8,2.5123175506072157,0.0,0.0,non_poisson,26.33129290404581,0.41331292904045813
seasonal,7.667001059075449,3.6777827692955065,1.4588627177795481,7,9,27.87125072101073,120.83143314442052,316.61880405915895,3,8,2.0901232138079537,0.0,0.0,non_poisson,18.749947110837674,0.33749947110837675
seasonal,8.082477782830948,3.5851493627393785,2.1123129067576603,18,10,35.92252068571769,140.12662446183606,434.87239137496033,4,6,1.3409614473053422,0.0,0.0,non_poisson,18.61861296368179,0.33618612963681793
seasonal,12.713652153757241,3.972478810543338,2.394096411362193,20,13,10.699306069264283,85.93848696464599,348.8568749371883,5,8,1.3201866661630186,0.0,0.0,non_poisson,49.0198142029996,0.44999999999999996
seasonal,6.524720721046824,5.971282902375891,2.4470486517111016,9,8,47.823467087988746,74.35370508775044,453.5519822581549,2,4,1.6512936847455961,0.0,0.0,non_poisson,13.476900439066386,0.2847690043906639
seasonal,16.278716727565985,6.938795744769507,2.342799088926811,5,11,10.432382489886841,66.40391316324909,271.8799723149654,4,10,1.166321412824142,0.0,0.0,non_poisson,83.89646894833024,0.44999999999999996
seasonal,7.792547318168801,3.0087371935629132,2.4768642018963507,12,14,17.486997616285063,91.12992856705107,352.01440108044926,4,5,1.5131915949390136,0.0,0.0,non_poisson,18.59410365580321,0.3359410365580321
seasonal,16.410643448757046,5.124199670645257,3.9929771365586344,18,14,12.061235582806598,148.35122447404362,213.07758296322126,5,6,1.1190525147527954,0.0,0.0,non_poisson,84.8937395509966,0.44999999999999996
seasonal,9.115966659390923,4.0757999846241955,3.6660967193014486,11,14,46.11891668536885,61.82023992179392,249.10302418645097,4,4,1.212261433863538,0.0,0.0,non_poisson,25.79002732357377,0.40790027323573774
heavy_tail,7.156485053339238,4.555027130970002,1.4645501201336655,20,15,57.90896995982858,130.8414992025011,307.308694535108,4,11,1.69163503695471,0.0,0.0,non_poisson,58.24845890357571,0.8
heavy_tail,7.793133239229739,4.5264143856399555,3.7398527266454145,4,8,12.416876603445207,134.52822338171836,425.9983283116626,4,5,1.010833575346283,0.0,0.0,non_poisson,38.0372026093838,0.8
heavy_tail,6.812882354752801,6.513510813217319,3.913527250872793,10,9,28.704667050078477,115.9229015399876,388.5607342586038,3,5,0.8494867564372774,0.0,0.0,non_poisson,65.19477066809579,0.8
heavy_tail,13.966997939347891,5.152815661515413,2.6607960990337918,19,14,58.721333931213856,63.550683998923404,376.86341182533283,7,13,1.0362593823059487,0.0,0.0,non_poisson,309.55880691343754,0.8
heavy_tail,8.499461874996436,7.964422273451151,2.597753637685588,10,14,43.95075894368371,70.3144191387762,454.6471344252069,3,7,1.0453127224616126,0.0,0.0,non_poisson,57.883625558189294,0.8
heavy_tail,10.885947231817088,7.07403489989451,2.4028464262917906,9,15,41.8505887489619,127.90426929609518,412.4995938870546,4,12,1.0631829375984752,0.0,0.0,non_poisson,209.34005160237754,0.8
heavy_tail,7.557874489203486,2.8917313563678433,2.4469386087995337,10,10,20.91440688646491,122.18291905524995,284.69480018572074,7,8,1.3715757949233092,0.0,0.0,non_poisson,72.48852161576183,0.8
heavy_tail,7.1955597685538235,2.9297887752788743,3.177923315237515,14,8,37.804304513939556,57.52168008482573,401.10374634259745,6,6,1.2181565878431169,0.0,0.0,non_poisson,53.0950453771741,0.8
heavy_tail,9.17567513996383,7.945224750286258,2.893726674276791,15,12,25.676170943057905,127.82240126200128,446.2786335953536,3,8,0.9808505168098538,0.0,0.0,non_poisson,92.62897363875574,0.8
heavy_tail,11.543217453102491,4.241717773792004,2.3996984094038214,6,13,32.87296299735053,74.74182658407214,458.5767071038088,6,10,1.221305828655359,0.0,0.0,non_poisson,71.40350645408114,0.8
heavy_tail,8.632919713631596,7.794771193409258,2.3213020472368413,9,10,34.266454392365674,74.6420633853603,413.4180843146861,3,9,1.1224765640953105,0.0,0.0,non_poisson,98.59233772922204,0.8
heavy_tail,9.398524408186008,4.745151354309865,2.8164365910033036,10,9,26.830559740742885,92.36636711380791,300.0580080916184,5,9,1.0553345368447185,0.0,0.0,non_poisson,141.67734440589547,0.8
heavy_tail,8.12763375950067,3.129514990922073,2.5754320295515294,14,13,42.703607825161114,103.75057700301807,278.55512993845025,7,8,1.2880929419183067,0.0,0.0,non_poisson,98.09323332944896,0.8
heavy_tail,11.334437583516264,7.101748082629977,2.06248016752693,20,15,55.064645233348585,50.22982138536123,230.72159525103035,4,12,1.1969141859660621,0.0,0.0,non_poisson,118.11333932958412,0.8
heavy_tail,10.404918748193998,5.835862740173973,2.16100312612096,15,14,41.346008883875015,137.17121359217424,391.26986644465717,5,12,1.164347673168646,0.0,0.0,non_poisson,156.6525935744297,0.8
heavy_tail,12.009013037304383,6.6938076717343336,3.1900063072223164,10,14,25.964065517067095,93.01423239113265,459.4508089789322,5,9,0.861348670397951,0.0,0.0,non_poisson,222.5347949556683,0.8
heavy_tail,7.50989142012824,6.9363610818636,3.821951089696566,4,6,10.197489954653001,73.36811213420894,491.6610451173041,3,5,0.8672470362764408,0.0,0.0,non_poisson,33.43363687371576,0.8
heavy_tail,12.441051754356808,4.3461605582022536,3.1848874257130104,10,11,33.023864868683546,142.61353876207124,215.33277164929123,7,10,0.994646554344138,0.0,0.0,non_poisson,210.64825134341308,0.8
heavy_tail,10.062271545117184,7.073977605701642,2.909171111168048,4,11,31.590167602376237,77.58151886069382,351.0932953918857,4,9,0.9206654419428913,0.0,0.0,non_poisson,134.18220768083728,0.8
heavy_tail,15.472665902414038,3.840905732335453,3.1736351065594643,13,15,22.31007646672202,86.96624052994505,378.4586753092643,10,12,1.0398197082425726,0.0,0.0,non_poisson,382.88460463354653,0.8
heavy_tail,9.098372794888654,7.72767851078568,2.2193568969807935,8,15,38.78166177839,114.18398734095236,293.668643333646,3,9,1.1872820201713699,0.0,0.0,non_poisson,43.769585502123434,0.8
heavy_tail,10.186540543237188,6.441129124915745,3.9020688045111864,5,11,40.308252588261595,62.44681428522378,449.1641518885109,4,7,0.8137931875394376,0.0,0.0,non_poisson,178.3398732045406,0.8
heavy_tail,8.120658223100724,5.0973568458180605,3.5122017728819355,8,8,59.71227150191954,125.70012370289875,313.1706417678087,4,6,0.9492098604351258,0.0,0.0,non_poisson,87.36046778247713,0.8
heavy_tail,9.380468602561258,4.61979301935954,2.291930474263089,18,12,33.84734403184835,116.24289412575747,387.10279592231075,5,10,1.216344606947327,0.0,0.0,non_poisson,125.21267984262948,0.8
heavy_tail,19.82425595785227,3.765777451934343,3.3445021112708924,18,14,43.91847894814575,133.46393112814195,311.59322061526103,13,14,1.0177413113926705,0.0,0.0,non_poisson,498.58481549302576,0.8
heavy_tail,10.90685387354876,7.064100639821843,3.965016746880665,8,8,21.13842968688002,131.9657367810371,479.5227429601117,4,7,0.7789856066765871,0.0,0.0,non_poisson,137.5102639392728,0.8
heavy_tail,12.13107168930237,6.213737451039986,3.6613085909326504,20,14,42.036928350481126,146.43282644703902,400.84563785359546,4,7,0.9531734977618486,0.0,0.0,non_poisson,82.21403459887088,0.8
heavy_tail,19.958889081548485,2.8324022259381247,3.995230254416609,20,15,42.976485923593856,74.04463703653687,385.1198814514551,16,12,1.0880946466304113,0.0,0.0,non_poisson,441.95720295156184,0.8
heavy_tail,14.580727430460644,7.5539433383856744,3.2655688365277977,11,13,13.398943834457713,101.81412943477835,357.64637139850157,4,10,0.9320762918344245,0.0,0.0,non_poisson,122.22654261698847,0.8
heavy_tail,6.816574879454995,2.9614030907247786,2.0623511783654083,18,14,54.874039602906635,86.53143054023408,352.5900154441239,6,8,1.505329308577383,0.0,0.0,non_poisson,68.6853053126548,0.8
bimodal,8.46968465816867,6.428122367497902,3.833571513710361,10,10,11.687154754012903,109.07001502050005,350.22117292486035,2,4,1.7687554048778136,0.0,0.0,non_poisson,14.875964190222003,0.34875964190222003
bimodal,18.080726586959557,3.5625796495225672,2.512306078189533,10,13,23.829997487580336,131.2976119602681,328.10984068310984,8,11,1.1652792321237275,0.0,0.0,non_poisson,62.77167852813176,0.5
bimodal,7.048904836262146,3.416706402444226,1.16356259419674,10,10,13.157739286394229,111.58408838145218,259.3924737845627,4,9,1.717707018279268,0.0,0.0,non_poisson,10.157012167556424,0.30157012167556424
bimodal,12.120379354536986,3.0238124920987386,3.2982223669408013,7,6,25.989315644302536,136.6635467093733,239.81134659654026,6,6,1.3033674661850199,0.0,0.0,non_poisson,30.524060787099046,0.5
bimodal,10.312503310742407,7.761259120957532,1.320457855712073,4,13,16.303918303941558,134.37358537370346,367.9564299797364,2,12,2.407181898142188,0.0,0.0,non_poisson,21.15888685220316,0.4115888685220316
bimodal,14.833684691605885,7.819043493374943,2.889377981018609,3,12,54.81784146850324,92.0873781025295,307.19573737340494,3,8,1.3494968965543186,0.0,0.0,non_poisson,48.75079039306762,0.5
bimodal,14.121028120847603,3.9982641272955908,3.6470091923370376,6,8,27.67432374368383,129.9919083363755,408.792976634412,6,6,1.0772861896775545,0.0,0.0,non_poisson,41.84053749527702,0.5
bimodal,13.568537311503446,5.8101484885062415,2.6201415431921444,17,12,50.012484658975666,89.49428564689016,408.97709517041136,4,8,1.1745991630380066,0.0,0.0,non_poisson,37.25378712826888,0.5
bimodal,9.872743185915219,7.320326721772627,2.5434338020132654,6,14,48.232592313701545,103.70807400806493,346.0644803926955,2,6,2.0759187292476486,0.0,0.0,non_poisson,19.801067020054635,0.39801067020054637
bimodal,8.983747722454506,4.181286455967516,3.3446173372920622,6,5,32.30518830478616,51.554060847161246,219.00385557670697,4,4,1.287211377604865,0.0,0.0,non_poisson,16.02198707982818,0.36021987079828177
bimodal,17.451751593928275,6.353177215734908,1.921191169525296,14,15,17.709193597072655,108.58912366953511,285.5955568358287,5,13,1.1991501856141131,0.0,0.0,non_poisson,57.36530802855218,0.5
bimodal,16.29223782650023,5.1669356897559044,2.9187052563183897,12,14,34.464848761535286,121.51376969766697,207.41553075049384,5,9,1.089400929968381,0.0,0.0,non_poisson,55.88361734646921,0.5
bimodal,15.240842735016638,5.375284035278602,3.8419496170124763,5,14,13.561569978374486,57.02319835515769,268.5546772220598,5,6,1.0104221659349741,0.0,0.0,non_poisson,45.48394765424004,0.5
bimodal,11.347825992269854,3.6726957600655936,1.3592525864453813,20,14,49.7449632051412,100.28429294569514,264.17916327259786,5,13,1.72348894713322,0.0,0.0,non_poisson,27.940471879523688,0.4794047187952369
bimodal,20.181959709333167,7.593157810620613,3.805044531642112,14,9,26.334652546731103,109.31494084834272,323.79891103290004,4,8,1.1311806221846088,0.0,0.0,non_poisson,83.4731337172139,0.5
bimodal,24.058698471571677,3.6902718514454476,3.5837084518930706,17,12,51.24138652347032,102.3694144210423,208.5766603797317,10,10,0.9747852800432993,0.0,0.0,non_poisson,114.24353858045731,0.5
bimodal,11.877592703590821,3.101609586956439,2.7809787197896294,16,15,39.851097291623475,120.28227732417835,272.050250169685,6,7,1.2892804284840687,0.0,0.0,non_poisson,32.508505376855176,0.5
bimodal,7.628728533738005,5.197875540110874,3.2972264856950417,7,7,38.17034194910798,57.04191104853863,303.1843099378501,3,4,1.0464720703417747,0.0,0.0,non_poisson,11.293142505999452,0.3129314250599945
bimodal,18.674405898803005,3.3426222361358886,2.341237738409164,15,13,58.21717508339498,96.8884080678445,260.0346514411799,9,12,1.2022110552889562,0.0,0.0,non_poisson,70.34808619493084,0.5
bimodal,9.818410452017119,5.825407670350604,1.5558701625201068,16,15,24.039833801655405,108.4030494986485,461.10511655082473,3,10,1.5120319396309811,0.0,0.0,non_poisson,19.49507716202637,0.3949507716202637
bimodal,10.392365081729238,7.540677889592148,3.4130312129892686,11,5,51.776176738116455,69.52601047476898,217.3180057252744,2,5,2.0755906199705145,0.0,0.0,non_poisson,22.520682781932948,0.4252068278193295
bimodal,6.954924565070282,7.159398373905485,2.7177055235759724,10,11,30.18368604914468,143.85639435824635,284.9680202314968,2,4,1.37011232151807,0.0,0.0,non_poisson,10.186076419912494,0.30186076419912494
bimodal,12.705867919735876,5.722908984780008,3.9998538488964703,17,7,41.51026070781006,65.60793565906913,485.9258767643187,4,5,1.0651865902995996,0.0,0.0,non_poisson,34.18151961503846,0.5
bimodal,25.08408501001744,2.8072993031423414,2.979915145385328,19,14,16.491982832903346,53.8915461286027,203.66443396454343,13,13,1.1277613535094555,0.0,0.0,non_poisson,138.55231016441448,0.5
bimodal,17.211829904899187,4.782877823631544,3.650482989655057,8,13,31.822645397060658,73.48987209920865,212.88367146796523,6,7,1.0178751075281498,0.0,0.0,non_poisson,65.222325892799,0.5
bimodal,9.424120362327285,4.12403235071817,3.2826510305526817,15,6,18.796816562736794,117.69860155380967,322.2322185955687,4,5,1.1005528887094131,0.0,0.0,non_poisson,19.261476919355978,0.39261476919355975
bimodal,10.712094267401696,7.040064294493994,2.4727487845929437,11,11,40.91351946036197,100.06947484227481,247.7915503324928,3,7,1.1292703460784952,0.0,0.0,non_poisson,24.41248441066179,0.4441248441066179
bimodal,15.73145727166123,6.294876724703647,2.0726031927051483,7,15,38.2158253193452,84.06935419780962,243.21650851091573,4,11,1.3637131479757445,0.0,0.0,non_poisson,49.252476768428394,0.5
bimodal,15.514028320026561,7.471407122492004,2.690591601926419,7,11,42.66273903040799,95.87311292410612,225.9637059705174,4,9,0.9844604709541207,0.0,0.0,non_poisson,51.69558100599887,0.5
bimodal,7.370051262129635,7.784722547238699,1.698430573414615,9,8,30.453215858730733,80.51480626887823,342.5740364285249,2,7,1.4135768487844678,0.0,0.0,non_poisson,11.281931280671483,0.3128193128067148
bimodal,14.574540743198455,5.727146584826384,1.411342341871264,15,15,20.804300989180234,112.79186412923204,425.80352713495813,4,15,1.7108079546134467,0.0,0.0,non_poisson,47.31824700454045,0.5
bimodal,7.979910190045764,7.178997932558942,3.5887283319833303,16,7,52.69575567804582,56.0272358395063,490.8064457581189,2,4,1.3294307701971135,0.0,0.0,non_poisson,13.428433827968572,0.33428433827968573
bimodal,8.355655510186528,6.298111362661481,1.5425313779491112,4,8,15.809906866710623,51.910031372243395,313.25415489954537,2,8,2.2730201072550904,0.0,0.0,non_poisson,14.966301520039615,0.34966301520039617
bimodal,8.159521098702028,2.1787980710034383,3.426728838514658,19,13,30.527135295783168,99.93047155235122,339.8235160191856,6,4,1.3657450086627552,0.0,0.0,non_poisson,13.272677595418564,0.33272677595418565
bimodal,12.130368335124965,7.499605022217204,2.907719493732884,12,15,46.98020043339749,84.04800853649378,277.88534798505407,3,7,1.1053861110181455,0.0,0.0,non_poisson,31.138608699483097,0.5
bimodal,14.81081420010633,5.307634146264808,2.958561292136983,7,11,53.26319710531472,119.48653935076453,287.37658259906686,5,8,1.0011150355033165,0.0,0.0,non_poisson,49.93796396715916,0.5
bimodal,10.596756843986636,4.504314229791246,2.4701084992761553,20,11,41.76513247370315,53.638687339344834,377.1386575417618,4,7,1.231640756823555,0.0,0.0,non_poisson,23.487929013767562,0.4348792901376756
bimodal,8.608376555912162,6.854782973464387,1.6547938248265854,7,8,58.8135271106245,97.0726986399664,282.1800607461756,2,8,1.991737077175235,0.0,0.0,non_poisson,15.300340254919815,0.35300340254919815
bimodal,7.673228886259953,7.506794538013197,1.2342504255014668,7,12,59.40130768150187,90.61369991348681,434.6945158990858,2,9,1.821292611897992,0.0,0.0,non_poisson,12.000081575230775,0.32000081575230777
bimodal,8.57704465557039,3.2383714406935695,1.188981772998662,18,15,36.90845349579868,78.6578654757352,257.8702111796589,4,11,1.9823823933874671,0.0,0.0,non_poisson,15.528326033688975,0.35528326033688973
bimodal,7.125283074167141,7.900840094494853,3.4051574710065724,9,7,40.579604327559174,135.12557473011668,300.6781932127841,2,4,1.0124832888698712,0.0,0.0,non_poisson,9.976648176282572,0.2997664817628257
bimodal,20.31333349161097,2.975107566425297,2.874982575487789,19,11,44.480107543024566,96.14003816701339,239.09627390101429,10,11,1.167428473095825,0.0,0.0,non_poisson,83.8365831560955,0.5
bimodal,20.895740050921273,5.6568872971272315,2.143169706373831,14,15,13.79145206404577,121.95791154245131,239.08765209587096,6,15,1.1297674003711609,0.0,0.0,non_poisson,89.82624948894662,0.5
bimodal,13.187928200789134,3.320093791724257,3.3752434979502137,9,13,32.591984144878225,137.75462518224953,351.6266161470658,6,6,1.2900857046428036,0.0,0.0,non_poisson,38.10069115877648,0.5
bimodal,26.48213609198063,7.552292475685126,3.8098348481189133,14,10,50.71972844257985,58.89708781715265,301.86813012479513,6,10,0.8052624183004293,0.0,0.0,non_poisson,147.31191982470978,0.5
bimodal,8.192380407576694,5.702088141193746,1.4413546287264771,20,15,31.537048578695046,138.59886890786072,416.6388451149805,3,9,1.4167043687791492,0.0,0.0,non_poisson,14.619460886155785,0.34619460886155784
bimodal,20.84320659189051,6.39566787649905,3.8848961154653727,10,9,53.3547094411209,68.90437619015427,468.11543141019945,5,8,1.0124341002717794,0.0,0.0,non_poisson,94.87764808339733,0.5
bimodal,13.29151892648519,5.924455404835123,1.9618540971094653,6,12,11.418303403028776,137.68414922792257,233.38932943601299,4,10,1.3100637567566054,0.0,0.0,non_poisson,38.77221944089828,0.5
bimodal,11.657363861216075,3.82572590526218,2.909086664740074,16,12,11.27320037209529,135.54767983945607,368.6837491369871,5,6,1.2990698575125952,0.0,0.0,non_poisson,28.31260863856654,0.4831260863856654
bimodal,10.889071220676716,3.12620270604937,2.100427082753045,12,11,44.0021733967462,135.8703742733781,274.411273740788,6,8,1.347181338658094,0.0,0.0,non_poisson,24.120670349332716,0.44120670349332713
bimodal,20.954963573831233,4.447668334521607,2.9810216091914548,8,12,41.67972148877898,102.97086989100129,450.9678437182347,7,11,1.0572591911069766,0.0,0.0,non_poisson,88.51718118204231,0.5
bimodal,8.276636195634762,2.172922066669141,2.6563375491390953,19,7,49.35455851454967,145.17222478190237,211.66279791381697,6,5,1.4607983762325494,0.0,0.0,non_poisson,14.338639738743186,0.3433863973874319
bimodal,22.23246473323432,4.845534238364828,3.978409692276871,10,11,13.630117414596823,140.69205766040204,497.82078637199754,7,9,0.893926828694209,0.0,0.0,non_poisson,95.16670807201089,0.5
bimodal,13.058680581151803,4.4141261202338296,1.9035091352202524,13,11,47.07586709244439,97.01206232816656,215.53016001171815,5,10,1.3899267497119139,0.0,0.0,non_poisson,38.152577455870315,0.5
bimodal,17.58268194298187,5.029121101555825,3.876612752484277,11,13,22.538042709295503,107.76573637243563,248.75166149205918,6,7,0.927431057331199,0.0,0.0,non_poisson,63.30215077877252,0.5
bimodal,16.32739193821249,4.271842941000138,2.0186380661064125,13,12,30.584814248002147,125.77417542997851,242.7790202606313,6,12,1.3187933416402249,0.0,0.0,non_poisson,56.115440954746056,0.5
bimodal,19.869812590540967,5.800598902114222,3.1136640996048373,7,11,56.4713301658908,106.80151618706525,230.73778066880922,5,10,1.1360500494924368,0.0,0.0,non_poisson,81.42022596603857,0.5
bimodal,14.654397859927014,5.827800315442442,2.034128523057706,15,11,30.756066673075384,125.80963860883365,450.90965657085644,4,11,1.378804840356105,0.0,0.0,non_poisson,42.791966675705204,0.5
bimodal,10.319434855187678,6.014188242418526,3.7909902914577263,8,9,37.19806317294896,80.16380664533122,254.21161344012327,3,4,1.4153028793489586,0.0,0.0,non_poisson,22.8008902604157,0.428008902604157
bimodal,9.516276675520881,6.419361479807145,2.2962348517735682,20,13,30.177326584503426,85.17616409616197,383.916248067566,3,6,1.270897539130824,0.0,0.0,non_poisson,18.693152992202947,0.3869315299220295
bimodal,12.510147268926955,5.104273177349905,3.4395296978266487,12,7,19.818466521008872,106.25458892554593,219.48337036692757,4,6,1.153372506689309,0.0,0.0,non_poisson,32.972452222284495,0.5
bimodal,9.313541101621784,5.786890489771983,3.73167621027517,15,9,31.758679150236617,102.11541339164388,221.4645459473796,3,4,1.1780412215707017,0.0,0.0,non_poisson,18.272264653174535,0.38272264653174537
bimodal,9.627637360201396,6.172042393512623,1.9664823295744913,6,9,58.726487953738854,96.40874628109034,312.1334069213723,3,8,1.2469454168429834,0.0,0.0,non_poisson,18.661868276675488,0.38661868276675493
bimodal,7.771261408679208,4.78351789266384,3.291055033215398,16,15,54.030379288373325,60.851844816678025,455.0105828098353,3,4,1.1728631717223328,0.0,0.0,non_poisson,12.2935845904122,0.322935845904122
bimodal,11.085907464189006,7.642827213478885,2.8323848374487692,15,7,46.924878957284086,143.01318472791434,492.41287812705036,3,6,1.0906629156543597,0.0,0.0,non_poisson,24.999831199459642,0.44999831199459644
bimodal,6.377770789570918,4.378408313255491,3.231861243213837,5,14,45.307253167302036,86.61808069858638,440.8690963596572,3,3,1.4187843509975042,0.0,0.0,non_poisson,8.719398127763714,0.2871939812776372
bimodal,7.265135656331555,4.89485695423641,2.699514818399616,15,8,21.256227754313798,126.961506666969,302.0430412039607,3,4,1.3415256789829915,0.0,0.0,non_poisson,11.090997787803824,0.31090997787803826
bimodal,9.799105712190077,3.7237186837591683,3.099714426899064,6,14,58.38013181438768,119.24260581328085,240.8609758975777,4,5,1.4014689640900029,0.0,0.0,non_poisson,18.820837725973274,0.3882083772597328
bimodal,6.901549928106183,6.125933288091483,3.8616414638456495,8,7,27.470565075591217,107.29778217314643,403.564058237233,2,3,1.5168087748423258,0.0,0.0,non_poisson,9.089129804712533,0.2908912980471253
bimodal,8.23859463077854,6.858010493298945,3.762567712753278,19,6,54.83298476575271,99.49406831489995,329.2513263499763,2,4,1.4661343250400642,0.0,0.0,non_poisson,13.324606243336413,0.33324606243336413
bimodal,13.30248869090396,3.27147040358982,1.5503179876840925,7,15,19.554567988992254,86.1262270037762,492.18944707357093,6,13,1.6997983726073267,0.0,0.0,non_poisson,34.38208999350391,0.5
