scenario,lambda,mu_nurse,mu_doctor,s_nurse,s_doctor,s_nurse_max,s_doctor_max,Tmax,nurse_price,doctor_price,total_cost,patient_loss,hospital_overload,system_stable,nurse_utilization,doctor_utilization,optimal_nurses,optimal_doctors,nurse_queue_time,doctor_queue_time,system_total_time
small_emergency,21.20177773232214,8.542177532239162,13.889764996309985,10,3,8,4,0.5,150,500,3000,0,1,1,0.24820108985448014,0.5088105699401608,5,3,3.6152856192799075e-05,0.1671950451716809,0.3562928257353658
small_emergency,16.003558131664175,8.511299319999925,12.776465888772027,3,4,8,4,0.5,150,500,2450,1,0,1,0.6267573465177393,0.31314524436933927,4,3,0.34806418653864896,0.015467810805988566,0.55929177721709
small_emergency,14.922449293727563,5.649711555863291,10.40442874318073,8,4,8,4,0.5,150,500,3200,0,0,1,0.33015953881399906,0.3585600339544839,5,3,0.0011659695891274957,0.02532976767877997,0.29960884129721804
small_emergency,13.757191840233434,8.13317230439788,14.545088823514265,4,4,8,4,0.5,150,500,2600,0,0,1,0.4228728755935263,0.23645768010011942,5,2,0.04638221905346745,0.005547061174269278,0.2436342628581042
small_emergency,12.228788340334493,9.736184978412348,11.013763318706422,5,5,8,4,0.5,150,500,3250,0,1,1,0.25120287602277264,0.2220637576179688,3,3,0.002644539661035521,0.001530594912308488,0.19768025563253971
small_emergency,11.658714188280005,5.295474164256476,13.697327186113302,10,5,8,4,0.5,150,500,4000,0,1,1,0.22016374410764356,0.170233418970964,6,2,1.341305803288992e-05,0.00046166126933105874,0.2623225205063008
small_emergency,19.44927319556271,8.018878114980122,11.782828751440363,6,5,8,4,0.5,150,500,3400,0,1,1,0.4042392821183092,0.33012909897693593,5,3,0.011686920122849335,0.008711818717026813,0.2299737263784583
small_emergency,18.618267039723982,8.746976171145748,10.40938587486954,10,3,8,4,0.5,150,500,3000,0,1,1,0.21285375283336588,0.5962012637291254,4,4,1.010476328016211e-05,0.28883180825400634,0.49923428257366964
small_emergency,16.660059365139237,9.909581346765812,13.636075901734095,7,5,8,4,0.5,150,500,3550,0,1,1,0.24017245506652402,0.2443526933290329,3,3,0.0003469086631504775,0.0023405330706242865,0.17693475913440943
small_emergency,30.825914621874034,9.432398011271776,14.520985993459743,5,5,8,4,0.5,150,500,3250,0,1,1,0.6536177668719423,0.4245705441181203,5,4,0.1776669030268236,0.025707848821470793,0.37825817772805426
small_emergency,18.752009659308975,5.087084605032513,11.649505149577081,7,3,8,4,0.5,150,500,2550,1,0,1,0.5265999547379857,0.5365609788724156,8,3,0.02884271382293377,0.1995968355503295,0.5108563524786379
small_emergency,17.307414328100627,9.224909422327752,14.260880276364638,7,3,8,4,0.5,150,500,2550,0,0,1,0.2680229851550501,0.40454291723691094,4,3,0.0006629538614280342,0.08117345250072902,0.2603604532950051
small_emergency,11.384422280037162,9.060071869128432,13.19970638056726,8,4,8,4,0.5,150,500,3200,0,0,1,0.1570685978610831,0.21561885453750362,4,2,7.718397445115728e-06,0.003951660662334572,0.19009304038350233
small_emergency,10.40774976617643,7.767626326135504,10.934198408582695,8,2,8,4,0.5,150,500,2200,1,0,1,0.16748600745567824,0.4759265095284427,3,3,1.2168798028950997e-05,0.2928349216790178,0.5130427264395979
small_emergency,21.103588432357867,6.993898484720288,11.457094851053757,6,5,8,4,0.5,150,500,3400,0,1,1,0.5029047456737542,0.36839336161063346,5,4,0.03399961814874383,0.013973923006624181,0.27823747459357145
small_emergency,18.99368836674728,8.933882810254008,11.448123415553601,10,4,8,4,0.5,150,500,3500,0,1,1,0.21260283764800414,0.41477733243472364,5,3,1.0004986002498986e-05,0.043188287635579234,0.24248226702044945
small_emergency,14.544530317492821,9.736991511496244,14.773344309308705,4,2,8,4,0.5,150,500,1600,1,0,1,0.3734349131433571,0.4922558498933885,5,2,0.029381689970788827,0.31981111485697744,0.5195834120362777
small_emergency,28.569710327598976,8.750925772638634,10.369163546628,9,5,8,4,0.5,150,500,3850,0,1,1,0.36275159235694665,0.5510513977164475,1,1,0.0012132789643755264,0.08013136136209809,0.2920580585153617
small_emergency,17.080808409530412,9.013941698451646,13.381363233765608,4,4,8,4,0.5,150,500,2600,0,0,1,0.4737330510043247,0.3191156257986832,4,3,0.07084434543728295,0.016568501551738182,0.2730829061088529
small_emergency,17.652409309042966,8.522859910382568,11.028600096640629,9,4,8,4,0.5,150,500,3350,0,1,1,0.23013153245972387,0.40015072525886547,5,3,4.566891670039967e-05,0.037843886134974886,0.24589440180604982
small_emergency,14.51174466320721,6.260602171569995,10.752783849519707,9,4,8,4,0.5,150,500,3350,0,1,1,0.2575496780504324,0.33739506127651314,5,3,0.0001056591790359378,0.02029293174032127,0.2731268074554791
small_emergency,10.469834702764475,6.1073319299515365,11.793006681751274,3,5,8,4,0.5,150,500,2950,0,1,1,0.5714352750021866,0.17756005716448375,6,2,0.24807227993037181,0.000559257104496799,0.497165175311117
small_emergency,10.668480587210322,9.353482032124965,13.807105256131123,3,3,8,4,0.5,150,500,1950,0,0,1,0.38019639996345506,0.25756015687340694,3,2,0.06726774724082656,0.02137932776789229,0.2679856091955147
small_emergency,25.641100045183137,5.715416605418355,14.093653822379038,10,5,8,4,0.5,150,500,4000,0,1,1,0.4486304641532998,0.3638673174229402,7,4,0.003365695695235052,0.013250568344212994,0.26253555835740994
small_emergency,31.103144136319052,7.149258585480581,13.973262868102731,9,5,8,4,0.5,150,500,3850,0,1,1,0.4833934683876231,0.44518083471140185,7,4,0.008224628831045746,0.031524489625962375,0.25118900891381635
small_emergency,25.280985915350676,8.443724948339106,14.026289881079926,5,4,8,4,0.5,150,500,2750,0,0,1,0.5988112135349336,0.4506000184241918,7,3,0.11699343868349406,0.058715616301865614,0.36543488915304595
small_emergency,14.017645307009339,9.015164028088755,11.504224403126372,9,5,8,4,0.5,150,500,3850,0,1,1,0.17276625698328626,0.243695616771869,3,3,5.02073861742307e-06,0.002312825704899648,0.20016665314161008
small_emergency,15.64680480925956,7.306477703033071,13.807326164745199,10,4,8,4,0.5,150,500,3500,0,1,1,0.21414976470487615,0.2833062068384242,4,3,1.063388012029843e-05,0.01074093508162058,0.22004174125714288
small_emergency,17.303134132325653,8.74484042568704,11.051593431046525,4,5,8,4,0.5,150,500,3100,0,1,1,0.4946669490245795,0.31313374384036025,4,3,0.08346648536765562,0.0069305811581182805,0.2952349004230794
small_emergency,18.85633307327314,7.186847306964626,11.165706132914181,7,3,8,4,0.5,150,500,2550,0,0,1,0.3748182968907631,0.562924035697978,6,3,0.004494220289539866,0.23535012250766085,0.4685473556561425
small_emergency,27.75648937630436,7.769892982904635,10.427620104772734,6,5,8,4,0.5,150,500,3400,0,1,1,0.5953854928112557,0.5323647984375683,1,1,0.07874207879243869,0.06871631323108904,0.37205945250120626
small_emergency,11.979843384628213,8.369185429468871,14.373491617338203,8,2,8,4,0.5,150,500,2200,0,0,1,0.178927858116959,0.41673393297761335,4,2,1.9369121314789188e-05,0.21016612771283277,0.3992439559620077
small_emergency,19.31838391959727,6.855006410330809,12.602200694261365,6,5,8,4,0.5,150,500,3400,0,1,1,0.46969039276373686,0.30658746655882474,5,3,0.024339105810134598,0.006323572291399457,0.25589268219947786
small_emergency,12.19360369456291,9.175050391164431,14.01531311746305,7,4,8,4,0.5,150,500,3050,0,0,1,0.18985654690409648,0.21750501741145023,4,2,8.372027743713188e-05,0.00408047981826789,0.18450595574543233
small_emergency,18.448709664565474,5.892283046930598,11.362852280146058,8,3,8,4,0.5,150,500,2700,0,0,1,0.3913743942209242,0.541199492572251,7,3,0.0033709035592215815,0.20551260308217453,0.4666030825863912
small_emergency,32.845329467117736,8.206137886009774,12.759785646953357,6,4,8,4,0.5,150,500,2900,1,0,1,0.6670886663000968,0.6435321559449587,7,4,0.1428706650017406,0.24217661105559457,0.5852785030926575
small_emergency,17.09486216288999,7.1992293845092235,11.401646614108307,10,3,8,4,0.5,150,500,3000,0,1,1,0.23745405584205256,0.4997775830535724,5,3,2.513322602696857e-05,0.1576656812390748,0.3843012001276873
small_emergency,21.891458494420455,8.85701993319048,12.272086449254434,10,5,8,4,0.5,150,500,4000,0,1,1,0.2471650584457328,0.3567683227288613,6,3,3.4936545125493084e-05,0.012173694743739576,0.20659916032493844
small_emergency,26.483510974748373,7.5861351332639995,10.983539956310238,6,4,8,4,0.5,150,500,2900,0,0,1,0.5818402148463008,0.6027999870736831,6,4,0.07007412801756845,0.18292431334005732,0.4758631983379308
small_emergency,28.32224915741767,8.108235244318351,13.798560339233063,10,4,8,4,0.5,150,500,3500,0,1,1,0.3493022625023589,0.5131377560615835,6,4,0.0005350562655888375,0.09606741394986082,0.2924051982561188
small_emergency,14.56808292433335,6.583813723330187,10.958819571448574,4,3,8,4,0.5,150,500,2100,0,0,1,0.5531779731521856,0.44311594052483916,4,3,0.12891654272975395,0.10746593525773838,0.47952083274430723
small_emergency,15.113189980091462,9.658095381029828,10.244401265842948,6,4,8,4,0.5,150,500,2900,0,0,1,0.2608034915071762,0.36881584359844705,4,3,0.0013003177017867572,0.028075675839817054,0.23053037110461566
small_emergency,10.438067001227916,8.857590865755993,11.786601556485293,6,3,8,4,0.5,150,500,2400,0,0,1,0.1964053047723948,0.2951958332010927,4,2,0.0002954328720238933,0.03180875861171997,0.2298438043828409
small_emergency,12.513149986931573,8.658801082149022,10.69488800352695,9,5,8,4,0.5,150,500,3850,0,1,1,0.16057072859824637,0.23400245019499033,3,3,2.815731233068829e-06,0.0019321366679241616,0.21092699765477763
small_emergency,14.089196993391297,9.872946553702878,13.671634889370392,7,4,8,4,0.5,150,500,3050,0,0,1,0.20386441035401362,0.2576355554291747,3,3,0.0001293606099832389,0.007594064703589097,0.1821544518190259
small_emergency,10.447933841717363,7.977527478100925,11.655943905624842,9,2,8,4,0.5,150,500,2350,0,1,1,0.14551896451066154,0.4481805131489812,4,2,1.28311540023728e-06,0.2513542348965704,0.4625007779566205
small_emergency,18.039346779025927,6.852873937652446,14.01526166336415,4,4,8,4,0.5,150,500,2600,1,0,1,0.6580942150383979,0.32178041360049525,5,3,0.2676035289731077,0.017077660261719998,0.5019561583657894
small_emergency,33.103018586068195,6.270263557852937,12.040148586032057,7,5,8,4,0.5,150,500,3550,1,1,1,0.7541951963454473,0.5498772436159378,1,1,0.2295336196604175,0.07936974779265686,0.551441750217866
small_emergency,11.446892311213432,8.210933980284068,14.997695060814198,10,3,8,4,0.5,150,500,3000,0,1,1,0.13941035622378017,0.25441447868705586,3,2,2.559432058618431e-07,0.020629828324198254,0.20909582148637157
small_emergency,11.353157598702781,6.494482458515678,12.049349766539232,10,2,8,4,0.5,150,500,2500,1,1,1,0.17481235296611394,0.4711107992827231,4,3,1.8778122470793667e-06,0.28525681999596847,0.5222275855239984
small_emergency,11.906383197044828,6.012860617590693,13.301286822256099,7,2,8,4,0.5,150,500,2050,0,0,1,0.2828789811485204,0.4475650873539063,6,2,0.000908019929338697,0.2504916111099727,0.49289051833589215
small_emergency,33.477204306370126,7.700840032977281,14.433854284679738,9,4,8,4,0.5,150,500,3350,0,1,1,0.4830238456383518,0.579838268526502,7,4,0.008183927799842868,0.1558198975809026,0.36314135263186786
small_emergency,16.13191854918091,9.934878131351754,10.986748171580663,4,3,8,4,0.5,150,500,2100,0,0,1,0.40594153083451,0.4894356454778621,4,3,0.03989610671044802,0.14731513020858755,0.37888546651205723
small_emergency,15.58360667659559,8.909941055992142,10.63991414284263,10,5,8,4,0.5,150,500,4000,0,1,1,0.17490134422511416,0.29292730124290595,4,3,1.88612142345923e-06,0.005186542687643706,0.2114083376631662
small_emergency,20.566787278994006,9.147476634743263,10.737287252516158,9,5,8,4,0.5,150,500,3850,0,1,1,0.24981737344651075,0.38309093899251734,4,4,8.433122378205063e-05,0.01653173855045347,0.21906922881643137
small_emergency,16.429779379160436,5.734270355418202,11.799760267328596,7,5,8,4,0.5,150,500,3550,0,1,1,0.40931298916911407,0.27847649455475004,5,3,0.007313405469155338,0.004158859993115616,0.2706098532960956
small_emergency,11.791344616708992,6.48058424439963,11.923318212160702,10,4,8,4,0.5,150,500,3500,0,1,1,0.18194878998600778,0.247232867707139,4,3,2.6544462259866018e-06,0.006531121028738392,0.24471012108943715
small_emergency,24.6796369128862,9.482842933508548,13.284342553795714,5,5,8,4,0.5,150,500,3250,0,1,1,0.5205113505714262,0.37155977893440467,5,4,0.062207848980685924,0.014497549885306642,0.25743559612429295
small_emergency,18.868469589669207,7.086826453112353,12.591515895615501,10,5,8,4,0.5,150,500,4000,0,1,1,0.26624709543130776,0.2997013186671099,5,3,6.39266040957413e-05,0.005729195852005259,0.22631856188690833
small_emergency,21.228567425927075,6.983583771437976,14.560534037221442,5,5,8,4,0.5,150,500,3250,0,1,1,0.6079562620197779,0.29159050583804114,5,3,0.12555571339756252,0.005084201019789741,0.3425116695408694
small_emergency,20.904475428027766,9.845816781280458,10.625600327170817,7,5,8,4,0.5,150,500,3550,0,1,1,0.3033119241313992,0.3934737762453336,4,4,0.0013584326765749368,0.018543431810305957,0.21558017099257948
small_emergency,28.897382648040857,9.68635948084251,10.986954154654004,10,4,8,4,0.5,150,500,3500,0,1,1,0.29833068559135684,0.657538527995953,6,4,0.0001582322116039212,0.2665857828522531,0.4609990116587806
small_emergency,13.329572260570849,7.071557427446091,11.225399633888816,6,3,8,4,0.5,150,500,2400,0,0,1,0.31415927814421246,0.39581581934151244,4,3,0.003348135477995558,0.0759670757560613,0.30981046395706013
small_emergency,25.560262366403183,9.850459993306096,10.763048976169816,5,5,8,4,0.5,150,500,3250,0,1,1,0.5189658631936523,0.4749632269256693,5,4,0.06139830445674454,0.04170247072286508,0.29752935260801616
small_emergency,12.39174883747153,6.335781455759209,14.130514146800405,6,5,8,4,0.5,150,500,3400,0,1,1,0.32597265030891764,0.17538992153767333,5,2,0.004028895223414661,0.0005288522573281262,0.23316030767594176
small_emergency,10.896439789521011,6.963373670715863,14.529062152108384,6,3,8,4,0.5,150,500,2400,0,0,1,0.2608036541096325,0.24999181354454628,4,2,0.0013003218678335898,0.019605979919845324,0.23334241945590573
small_emergency,11.45449118484354,8.005653673218816,14.220579658018575,3,2,8,4,0.5,150,500,1450,1,0,1,0.47693341282724,0.40274346968636693,4,2,0.13555405979025675,0.19360557188785482,0.5243919769448734
small_emergency,16.134827516423556,8.939033526268334,11.222916555238415,8,3,8,4,0.5,150,500,2700,0,0,1,0.22562321011843156,0.47922265235924655,4,3,9.580101137900473e-05,0.1376483626077125,0.3387164786143719
small_emergency,21.644830399088022,8.567146531423031,13.780562399227076,6,4,8,4,0.5,150,500,2900,0,0,1,0.42108206273228344,0.3926695763937406,5,3,0.014273241250273022,0.035311471975722215,0.23887567122496814
small_emergency,24.58419098664999,8.34160670511389,10.213732247874036,8,4,8,4,0.5,150,500,3200,0,0,1,0.3683971184409002,0.6017435739948815,6,4,0.002319558620492486,0.18158790284904006,0.40169584614382203
small_emergency,19.806678738920887,5.8699909301931985,14.069421653209131,6,5,8,4,0.5,150,500,3400,0,1,1,0.5623710772999153,0.2815564026315628,6,3,0.05906723625472265,0.004363729295380713,0.3048651070329192
small_emergency,29.0831479240421,6.4174384117148815,12.461594597468698,6,5,8,4,0.5,150,500,3400,1,1,1,0.7553155963016724,0.46676446897012214,7,4,0.2938334992557642,0.038673249984444706,0.5685787157478296
small_emergency,13.65960799877495,7.720649139572157,11.059929640247706,5,5,8,4,0.5,150,500,3250,0,1,1,0.3538461015865281,0.24701075762845487,4,3,0.01175025745514959,0.0024551806443907347,0.23414471427381642
small_emergency,11.3076098812641,6.240804745270639,13.861606901095207,6,3,8,4,0.5,150,500,2400,0,0,1,0.3019805495926667,0.2719167640987492,4,2,0.0027435970984856666,0.025031564116312435,0.26015261475659823
small_emergency,21.579788697363735,6.694744289563755,14.605689734949294,10,5,8,4,0.5,150,500,4000,0,1,1,0.32233925246411355,0.2954983857520461,6,3,0.00028933251957801684,0.0053877305283105735,0.22351443482788394
small_emergency,10.284838440316296,5.25815695632414,10.671360336387249,5,3,8,4,0.5,150,500,2250,0,0,1,0.39119556626952406,0.3212598368003441,4,3,0.018086810550475448,0.040768884484007575,0.34274516580179043
small_emergency,19.469860014289782,8.467998756983082,14.577544929783734,4,5,8,4,0.5,150,500,3100,0,1,1,0.5748070049677937,0.2671212485788391,4,3,0.1503912806891064,0.0034654678734476877,0.340547061697708
small_emergency,11.343011192063702,6.02367800844493,13.618413744497767,5,2,8,4,0.5,150,500,1750,0,0,1,0.37661412765294894,0.4164586054174851,5,2,0.01536416589854521,0.20983026290929133,0.4646359495038572
small_emergency,11.773830615199683,5.037417622637969,14.510675838760214,5,4,8,4,0.5,150,500,2750,0,0,1,0.46745501354855007,0.20284772994084116,6,2,0.03892142374887238,0.0031546366016285674,0.30950525059562606
small_emergency,26.97196586011738,8.762085216014658,13.64744781484972,10,5,8,4,0.5,150,500,4000,0,1,1,0.3078258792875025,0.3952675434416289,5,4,0.0002022817360970704,0.018909126703720944,0.20651326621679403
small_emergency,34.78603793830689,9.451861800770594,13.618998055288348,8,5,8,4,0.5,150,500,3700,0,1,1,0.4600421413201212,0.5108457728988256,7,4,0.008982679608802602,0.05728622131671467,0.24549500325174695
small_emergency,24.881136255700508,8.753713100583703,12.260132023632917,8,5,8,4,0.5,150,500,3700,0,1,1,0.3552940330835354,0.4058869220615088,5,4,0.001850815285236266,0.021188864973590328,0.21884210764433853
small_emergency,17.09905794388748,9.744428871695195,13.143708460290863,7,5,8,4,0.5,150,500,3550,0,1,1,0.25067888488651335,0.26018620232708795,4,3,0.00044721704527687006,0.0030872299204792765,0.1822392163085239
small_emergency,21.90979918270038,7.874318351444494,14.604676189755946,10,5,8,4,0.5,150,500,4000,0,1,1,0.2782437565364774,0.30003813707377386,5,3,9.10543833795841e-05,0.005757248418638989,0.2013146425444265
small_emergency,12.62610020743563,5.634744104250061,10.956968731643894,8,3,8,4,0.5,150,500,2700,0,0,1,0.28009480053211894,0.3841117166822262,4,3,0.0004043885718097272,0.06937614224565926,0.3385169972289588
small_emergency,11.752849493400884,8.687067841112597,11.938610159825608,4,2,8,4,0.5,150,500,1600,1,0,1,0.3382283213496706,0.4922201720326783,3,3,0.020476029460816517,0.3197499351518723,0.5391014484497312
small_emergency,17.908721288963562,7.9629614254668,14.097714506874313,6,5,8,4,0.5,150,500,3400,0,1,1,0.3748337737701592,0.2540655973736868,4,3,0.008061721847607822,0.002780034847943264,0.20735665983708432
small_emergency,16.163827401115384,8.72401357965796,11.511894104000763,8,4,8,4,0.5,150,500,3200,0,0,1,0.23159964237683353,0.3510244981209895,4,3,0.00011433154881725126,0.023442206927403567,0.22504935640088417
small_emergency,11.20045906175887,7.878697398247509,11.289340455056532,4,2,8,4,0.5,150,500,1600,1,0,1,0.35540326324279936,0.4960634815801905,3,3,0.024525943370321872,0.3263988806486619,0.5664284924688495
small_emergency,22.23008263640793,7.761604770140913,11.244067958340024,10,4,8,4,0.5,150,500,3500,0,1,1,0.2864109072124828,0.4942624572968559,5,4,0.00011464462009820443,0.08320650841848173,0.3010962724789148
small_emergency,20.105928138126984,9.313414827777876,11.99464792216453,5,3,8,4,0.5,150,500,2250,0,0,1,0.4317627531882231,0.558747208716144,5,3,0.027633316780789664,0.22932758193679806,0.4477034183238879
small_emergency,12.284414893251169,9.150666098951206,10.700050957439512,3,3,8,4,0.5,150,500,1950,0,0,1,0.4474870922113941,0.38269023023390636,3,3,0.11081239319354756,0.06860519364569453,0.3821567477173197
small_emergency,18.925100602788433,6.150717971491925,13.497598536231136,6,3,8,4,0.5,150,500,2400,0,0,1,0.5128154873004184,0.4673695732365142,5,3,0.037417264860620324,0.12708052525699282,0.4011676888684877
small_emergency,33.379929211968374,7.92915634616948,14.625390202784695,9,4,8,4,0.5,150,500,3350,0,1,1,0.4677522880909993,0.5705818571188068,7,4,0.00664100293258108,0.14596376773595088,0.3470958368439053
small_emergency,18.167044453928682,6.310175403583532,12.91324073297834,8,4,8,4,0.5,150,500,3200,0,0,1,0.3598759799056391,0.35171350146700536,5,3,0.0020050619219509395,0.02361035512187522,0.261529511710243
small_emergency,10.300184849028817,8.664960080592008,10.694236175472584,4,4,8,4,0.5,150,500,2600,0,0,1,0.29717923548486463,0.24078823115606118,3,3,0.012784590177961623,0.005928769337171406,0.22762901472947597
small_emergency,15.276252850340427,7.74844961962633,11.168907966430693,9,4,8,4,0.5,150,500,3350,0,1,1,0.2190582001741735,0.34193702948074206,4,3,3.145939335493101e-05,0.02130563997556698,0.23992944346043224
small_emergency,16.396830689400595,8.419654191030324,14.17056398999231,4,5,8,4,0.5,150,500,3100,0,1,1,0.48686176170004003,0.23142100344037886,4,3,0.07856463234893418,0.0018392616944730125,0.2697424389616596
small_emergency,21.977114128975682,7.44562002860852,10.974664045689883,5,5,8,4,0.5,150,500,3250,0,1,1,0.5903367092205185,0.40050636698272013,5,4,0.10953175837562903,0.020008887745499134,0.35496675766342195
small_emergency,16.660762572948002,7.315114620286835,13.602443482172795,9,3,8,4,0.5,150,500,2850,0,1,1,0.2530645024077667,0.4082786693136765,4,3,9.279840816629907e-05,0.08348122758619805,0.29379348709500963
small_emergency,25.180072259310457,8.123694398555838,12.718756127779127,9,5,8,4,0.5,150,500,3850,0,1,1,0.3443982096479919,0.3959518054491898,5,4,0.0008475633574954925,0.0190500734732619,0.22161838098786613
small_emergency,29.862056700714035,9.4250834030736,14.888708248506996,6,5,8,4,0.5,150,500,3400,0,1,1,0.5280599902697901,0.4011369717545312,5,4,0.04322104015026506,0.020144504811135517,0.2366303958136756
small_emergency,10.519520644995186,7.689954474934213,11.500313418763321,8,4,8,4,0.5,150,500,3200,0,0,1,0.17099452082720523,0.22867899903997566,5,2,1.408494960082467e-05,0.004906070877649249,0.22191408927834877
small_emergency,16.004720604861806,6.220575340371551,14.70156156293914,8,5,8,4,0.5,150,500,3700,0,1,1,0.3216085275302255,0.21772817175024145,5,3,0.0009868247742201883,0.0014016707252557936,0.23116531512610183
small_emergency,22.108699092464303,7.7073751980861775,14.786468965426991,6,4,8,4,0.5,150,500,2900,0,0,1,0.47808535167619115,0.37379950453617083,5,3,0.02653967962126889,0.02948665784017658,0.25340159278296687
small_emergency,28.42940880496026,9.000151586440865,14.122052140931721,6,5,8,4,0.5,150,500,3400,0,1,1,0.5264616662640522,0.40262432855009406,5,4,0.04257973950596988,0.020467170645152594,0.24496738819611125
small_emergency,10.467067107678506,6.04787922261203,13.65524818003123,4,2,8,4,0.5,150,500,1600,0,0,1,0.43267510487576605,0.3832616943200284,4,2,0.05048780935291346,0.172181131127931,0.4612480746789227
small_emergency,13.5799416860204,8.13020654292666,12.696900052493554,5,2,8,4,0.5,150,500,1750,1,0,1,0.3340614193334375,0.5347739066179947,3,3,0.009168958892547008,0.4005271355561847,0.6114535815757689
small_emergency,12.249402014416383,5.130597740339427,10.314811601235682,6,3,8,4,0.5,150,500,2400,0,0,1,0.3979199122064997,0.39585153492442987,5,3,0.010817583237630048,0.07598786545321126,0.37866247761394833
small_emergency,11.800685973151166,7.222506292612813,14.693229650825387,6,2,8,4,0.5,150,500,1900,0,0,1,0.2723128116256292,0.4015688263774012,4,2,0.0016224584182249432,0.1922610653556122,0.40039817284197227
small_emergency,10.707485712481457,5.405621667812335,11.920491425611823,10,2,8,4,0.5,150,500,2500,1,1,1,0.1980805607658221,0.4491209854602069,4,3,5.4971883479784305e-06,0.2526770641804483,0.5215643190369479
small_emergency,18.140756155515703,8.406042043589622,10.742850786166338,10,5,8,4,0.5,150,500,4000,0,1,1,0.21580615539925468,0.33772704315833396,5,3,1.1344700820948552e-05,0.009611194808733453,0.2216697516989221
small_emergency,15.32776044376017,8.721958799016356,12.365462199725782,9,5,8,4,0.5,150,500,3850,0,1,1,0.19526399206829548,0.24791245480658344,4,3,1.3039167269234005e-05,0.0024950182966117797,0.1980316118437781
small_emergency,34.5227775057493,6.580901224146924,13.449032658986528,10,5,8,4,0.5,150,500,4000,0,1,1,0.5245904220394139,0.5133867748128559,1,1,0.010073908677635553,0.05854786607895518,0.29493143634616864
small_emergency,18.09794124853649,5.097392718378121,13.433545319601016,6,3,8,4,0.5,150,500,2400,0,0,1,0.5917385039900314,0.4490733413496735,6,3,0.07632070326532277,0.11204665976330269,0.4589865998097849
small_emergency,17.537111026075515,9.938743035163501,14.408702733126614,4,5,8,4,0.5,150,500,3100,0,1,1,0.4411300041672476,0.24342387168216706,4,3,0.05424888368877867,0.002301439482126241,0.2265691689572204
small_emergency,15.075706552283119,8.153179830472407,14.818556307755728,5,3,8,4,0.5,150,500,2250,0,0,1,0.36981170207819664,0.3391177529755447,4,3,0.014206661593839867,0.04782710512797433,0.2521682562315956
small_emergency,19.31357830541814,7.575641798881309,10.706447172382756,9,5,8,4,0.5,150,500,3850,0,1,1,0.2832701442356147,0.36078407700432036,5,4,0.0002118563160816951,0.012774343915600653,0.23838988329339988
small_emergency,10.55328071528988,7.1888939094283995,13.37639184006427,9,4,8,4,0.5,150,500,3350,0,1,1,0.16311087086783205,0.19723705842111405,4,2,3.188921011355619e-06,0.0028438500260296903,0.2167090722221552
small_emergency,34.2377365310346,7.794377131410908,11.939159653350984,10,5,8,4,0.5,150,500,4000,0,1,1,0.4392619955872858,0.5735367902786196,1,1,0.00289469620327246,0.09597602466871463,0.31092632509351315
small_emergency,21.86855586629328,9.062334456371131,14.303918805110463,9,3,8,4,0.5,150,500,2850,0,1,1,0.26812512299090807,0.5096168904072206,5,3,0.00014200905106489167,0.16806870074315672,0.34846846445536644
small_emergency,21.806617830010055,6.754733801232112,13.508650742281958,5,4,8,4,0.5,150,500,2750,0,0,1,0.6456691994592701,0.4035676516855146,6,3,0.1673276050918423,0.03904492445440413,0.4284434917554363
small_emergency,14.364487477640356,7.888235149729038,12.161788955248806,3,5,8,4,0.5,150,500,2950,1,1,1,0.6070004762359625,0.2362232650228798,4,3,0.30853762660718564,0.0020148332721972003,0.5195482739309012
small_emergency,18.507564586861474,9.464105541446305,10.088809841789075,9,3,8,4,0.5,150,500,2850,1,1,1,0.2172837207067507,0.6114882025099695,4,4,2.9574952017171146e-05,0.3171063767356636,0.5219180598955431
small_emergency,15.420113012858323,8.024029699467121,13.093906663897872,3,5,8,4,0.5,150,500,2950,1,1,1,0.6405805889893611,0.2355311277019287,4,3,0.3787137479360519,0.0019887790442492045,0.5816995886032115
small_emergency,17.596848167389528,9.574014933452013,14.916537572170316,4,3,8,4,0.5,150,500,2100,0,0,1,0.4594950052225581,0.3932290605254097,4,3,0.06316788148578402,0.07447245777453257,0.3091294135400391
small_emergency,10.11444367768031,8.029114583209179,11.09064306066091,8,2,8,4,0.5,150,500,2200,0,0,1,0.15746511606074315,0.4559899557833923,4,2,7.858109783118104e-06,0.26250963953426304,0.47723032904228246
small_emergency,34.08776956694676,6.7028228022969305,12.491896684564665,10,4,8,4,0.5,150,500,3500,1,1,1,0.5085584174366885,0.6821976363498619,1,1,0.008125547454103151,0.3158068707082252,0.5531751881951189
small_emergency,11.065187055508751,6.376147682063714,11.464947031276314,3,4,8,4,0.5,150,500,2450,1,0,1,0.5784677314713312,0.24128299558041963,4,3,0.25905995121865144,0.005973543246581355,0.5090903877819366
small_emergency,10.294474095161995,5.184419386976675,14.362009948778013,8,5,8,4,0.5,150,500,3700,0,1,1,0.24820701525955444,0.14335701105732623,4,2,0.0001819892183642097,0.00020983909862630552,0.26290559564320193
small_emergency,16.928683094256492,9.220837025608798,12.869686675256231,8,3,8,4,0.5,150,500,2700,0,0,1,0.22948951173359977,0.438464005157283,4,3,0.00010747709305995751,0.1039912056686406,0.29025067649887515
small_emergency,14.203064135607395,6.101591311884137,10.186390568203473,7,3,8,4,0.5,150,500,2550,0,0,1,0.33253770344757505,0.46477254923321754,5,3,0.002295692192414605,0.12485447861379234,0.38921204254706165
small_emergency,23.4881770929143,9.343577323126546,11.581064602029944,7,4,8,4,0.5,150,500,3050,0,0,1,0.3591187565934893,0.5070383833451128,5,4,0.0035395777367035145,0.09174451253906171,0.2886573270138798
small_emergency,30.61029977649811,7.005952627385992,14.388679879249988,7,5,8,4,0.5,150,500,3550,0,1,1,0.6241692173278001,0.425477528631955,7,4,0.07350808673169006,0.025944742103228238,0.3116876717436537
small_emergency,12.653071891340947,6.6193254981917145,11.988403878368034,7,3,8,4,0.5,150,500,2550,0,0,1,0.27307641832340657,0.3518141925513049,4,3,0.0007394558895967841,0.05333761471581675,0.28856380484646327
small_emergency,10.512494933846932,9.701323894290173,10.166823638376531,8,5,8,4,0.5,150,500,3700,0,1,1,0.13545180854174685,0.20679998606773511,3,3,2.6680963061114533e-06,0.0011131029820769334,0.20255362308196376
small_emergency,19.8648475524733,5.093283532481941,11.274890880797592,8,4,8,4,0.5,150,500,3200,0,0,1,0.48752556739152375,0.4404665145430669,6,4,0.012701801197191932,0.05394614074443675,0.35167759456534053
small_emergency,18.102812075035878,5.592203855037649,13.731041151021525,7,5,8,4,0.5,150,500,3550,0,1,1,0.46245023925401957,0.26367719499098746,6,3,0.0142505210511145,0.0032735137243131186,0.2691721008797677
small_emergency,18.175156170729046,9.558977372482081,12.975401347645825,10,5,8,4,0.5,150,500,4000,0,1,1,0.1901370351921828,0.28014788419668624,4,3,3.875485208547646e-06,0.004269116869339089,0.18595560029952268
small_emergency,15.070177942403966,6.670292046113896,10.029662807111517,6,5,8,4,0.5,150,500,3400,0,1,1,0.3765496782404461,0.30051215543793713,5,3,0.008245344563194508,0.005796903008150457,0.2636649700773194
small_emergency,14.344344041082726,7.985577656973488,13.313318654311491,10,2,8,4,0.5,150,500,2500,1,1,1,0.1796281328321487,0.5387215769990354,4,3,2.3759852852250716e-06,0.40888912179524173,0.6092300057031691
small_emergency,21.984452244722647,9.316489662675199,11.637652200972493,10,4,8,4,0.5,150,500,3500,0,1,1,0.23597355914856333,0.472269918903521,4,4,2.3868815847256668e-05,0.07002301743712153,0.26331143611773256
small_emergency,11.491865398642055,6.447708292808943,12.96024112402938,4,3,8,4,0.5,150,500,2100,0,0,1,0.44557945539575683,0.2955671706173009,5,2,0.05631333665105057,0.031925900646277,0.32049216063476216
small_emergency,34.283075480128176,6.284385664480365,13.718766734485152,9,5,8,4,0.5,150,500,3850,0,1,1,0.6061420817046725,0.49979821282258685,1,1,0.035179896967803846,0.05205662252795602,0.31925391256965713
small_emergency,34.85655231803325,7.968467911404331,12.739247625063065,9,5,8,4,0.5,150,500,3850,0,1,1,0.4860344925297813,0.5472309408517475,1,1,0.008520316013357327,0.07767576270025489,0.29018828861866713
small_emergency,25.484808400211755,9.392475911227486,14.123539808745143,7,4,8,4,0.5,150,500,3050,0,0,1,0.38761738105327437,0.4511051893738395,6,3,0.005414969814114959,0.05896168958389273,0.24164863860703095
small_emergency,13.964420523723835,6.489150985742803,11.914598803835787,4,5,8,4,0.5,150,500,3100,0,1,1,0.5379910466871864,0.23440857310660143,4,3,0.11548384143411836,0.001947064404105389,0.35546491853747425
small_emergency,13.853433956639929,8.953160605803252,14.544425537256423,9,3,8,4,0.5,150,500,2850,0,1,1,0.1719248103992389,0.31749698927958164,5,2,4.831590891849071e-06,0.039379964337053756,0.21983206042973635
small_emergency,19.570529004129302,7.966590225350904,11.912230343694642,9,3,8,4,0.5,150,500,2850,0,1,1,0.2729528143372347,0.5476312562656339,5,3,0.00016178658160850734,0.21397171521581748,0.423605054506453
small_emergency,24.63791165876635,5.806953512054997,14.499592837009075,7,4,8,4,0.5,150,500,3050,0,0,1,0.6061184506180898,0.424803508893712,6,4,0.062369293449139114,0.047169836809938005,0.3507139210529736
small_emergency,21.100914672342157,5.666032837624745,14.083123927928886,7,5,8,4,0.5,150,500,3550,0,1,1,0.5320153391533886,0.29966241553120143,7,3,0.030491684693747082,0.005725962373387172,0.2837149490952292
small_emergency,19.038879599849867,5.917681095506876,11.88857021960753,9,5,8,4,0.5,150,500,3850,0,1,1,0.35747635475932804,0.3202888025752585,6,3,0.001096944753606486,0.007643186076808156,0.26183964650507885
small_emergency,22.9036788196872,6.381885761086166,13.238099537609507,6,3,8,4,0.5,150,500,2400,1,0,1,0.5981429229832402,0.5767111498801303,8,3,0.08061746581811077,0.2562738073813312,0.5691243144245841
small_emergency,15.225968322752859,9.691596795639864,14.627558193182196,6,5,8,4,0.5,150,500,3400,0,1,1,0.2618414117544738,0.2081819552062979,3,3,0.0013271236827254469,0.0011468551625936512,0.17402026025030298
small_emergency,12.239687566661171,6.06062884066801,13.891822290608337,5,2,8,4,0.5,150,500,1750,0,0,1,0.40390817152604575,0.44053570908893275,5,2,0.020748866981099234,0.24080518530882833,0.49853822856162167
small_emergency,23.66801453375841,8.341697747463513,13.28951595300119,9,3,8,4,0.5,150,500,2850,0,1,1,0.31525709420956527,0.5936512816433926,7,3,0.0004558353133320406,0.2843591251654653,0.47994191911020645
small_emergency,10.059685905142,6.305953067251002,13.997922314022517,7,4,8,4,0.5,150,500,3050,0,0,1,0.22789544595759914,0.17966391153393957,4,2,0.0002535794890736393,0.002011816177362806,0.23228488033605144
small_emergency,17.49194238307453,5.482098704497125,11.375339496717533,9,4,8,4,0.5,150,500,3350,0,1,1,0.3545264794449246,0.38442682058240996,6,3,0.001036002166279876,0.032670658939031635,0.30402801786379685
small_emergency,21.888722353906584,7.500120965627612,14.418032531701392,9,5,8,4,0.5,150,500,3850,0,1,1,0.3242721381016631,0.3036298094872396,5,3,0.0005562472306420614,0.006062863801414207,0.2093078846670942
small_emergency,14.05736086030817,8.754589830413202,11.798215616314105,6,5,8,4,0.5,150,500,3400,0,1,1,0.2676188744535902,0.23829638849573506,3,3,0.0014843319497097587,0.0020944158651205825,0.20256312454078257
small_emergency,15.616631744811398,6.89509158286701,11.038320661043317,5,3,8,4,0.5,150,500,2250,0,0,1,0.4529782253687756,0.47158839417563325,5,3,0.03397503787986098,0.13076425289984503,0.4003634874374352
small_emergency,23.16671476229867,8.818829639934593,12.577477781446357,5,3,8,4,0.5,150,500,2250,1,0,1,0.5253920465226379,0.6139735158579253,5,4,0.06482266765257907,0.3219520152347688,0.5796756110525958
small_emergency,20.90635000812046,8.52698635150756,12.832968808819034,4,5,8,4,0.5,150,500,3100,0,1,1,0.612946624583967,0.32582250170752786,5,3,0.19623616539118968,0.008231135455452307,0.39966631957962984
small_emergency,10.991398823815729,8.292288316471891,11.52844135545999,10,3,8,4,0.5,150,500,3000,0,1,1,0.13254964618128745,0.31780528650591283,3,3,1.6288370134639036e-07,0.03949251245244828,0.246828643929406
small_emergency,28.62149931987918,9.907511903589263,12.442682994397686,7,5,8,4,0.5,150,500,3550,0,1,1,0.41269550386755777,0.46005350024212627,5,4,0.007651865561929732,0.03632613004926674,0.22528002910318057
small_emergency,15.132134846346725,8.810569511674169,12.80233285166723,10,5,8,4,0.5,150,500,4000,0,1,1,0.17174979240895114,0.2363965227536806,4,3,1.6105569075475072e-06,0.002021395371917604,0.1936338108350424
small_emergency,10.018125010135694,5.617304525794801,12.9010814432937,3,4,8,4,0.5,150,500,2450,1,0,1,0.5944799659772889,0.1941334347467313,4,2,0.28580531048677843,0.002681691226524089,0.5440212093947574
small_emergency,29.458819258299602,5.41935241593296,10.800333854392857,8,5,8,4,0.5,150,500,3700,0,1,1,0.6794819979710658,0.5455168267102727,1,1,0.0933058171070385,0.07659495754934606,0.44701439709119944
small_emergency,27.15993641601607,8.148440044931835,12.787699969968706,6,4,8,4,0.5,150,500,2900,0,0,1,0.555524253031904,0.5309777457986945,6,4,0.05556564805997646,0.10969706684521013,0.3661857368813428
small_emergency,10.787505126577484,7.737869801229572,11.202717215088418,5,2,8,4,0.5,150,500,1750,1,0,1,0.27882364019263584,0.4814682420104426,3,3,0.004181581734999874,0.3017641096950792,0.5244442837669597
small_emergency,29.528701691288724,9.069331787027414,13.468259376188994,7,4,8,4,0.5,150,500,3050,0,0,1,0.4651264343346973,0.5481165172593414,5,4,0.014704638106976852,0.12429757658701174,0.3235125655499345
small_emergency,18.148163680322252,8.443798778584961,12.948070579082255,4,4,8,4,0.5,150,500,2600,0,0,1,0.5373222454788169,0.3504028567321992,4,3,0.11492103542809794,0.0232912538229459,0.3338739810559423
small_emergency,31.707685610697855,8.657730617333094,13.584522291435906,7,4,8,4,0.5,150,500,3050,0,0,1,0.5231936142582528,0.5835259593686143,6,4,0.027843823526857197,0.15991007283897196,0.376870794108094
small_emergency,17.873124931546748,5.0602065101367515,13.373869113269294,7,5,8,4,0.5,150,500,3550,0,1,1,0.5045848537079829,0.26728428071444754,6,3,0.02287596989628292,0.0034747597520084017,0.29874380014795543
small_emergency,10.796533368034208,9.135748478450548,12.053952522255083,3,3,8,4,0.5,150,500,1950,0,0,1,0.3939298968771279,0.2985613598001896,4,2,0.0748752398302288,0.03288120282084291,0.3001768890309092
small_emergency,20.787788506855193,7.856072590729587,13.297758705250695,8,3,8,4,0.5,150,500,2700,0,0,1,0.33075987185036704,0.5210850181002562,5,3,0.0011794771721531329,0.18092036650832136,0.3845905524788439
small_emergency,20.219378880252485,7.743715108999148,11.361465413808741,5,5,8,4,0.5,150,500,3250,0,1,1,0.5222139140102167,0.355929066257207,5,4,0.06310987254799054,0.012050919737263015,0.29231458950824174
small_emergency,22.335585420585474,8.37234631857229,10.17879805891448,6,4,8,4,0.5,150,500,2900,0,0,1,0.4446301464906891,0.5485811117213444,5,4,0.0186217120501598,0.12471549497595052,0.3610214644240999
small_emergency,17.08180434870984,8.625195850394967,14.930724703791578,7,5,8,4,0.5,150,500,3550,0,1,1,0.2829220120247659,0.22881413578500995,4,3,0.0009088223070007091,0.0017489351977511784,0.18557313923574573
small_emergency,15.737377250210237,9.410760860854023,13.564773208348914,5,3,8,4,0.5,150,500,2250,0,0,1,0.33445493904054163,0.3867217192771081,3,3,0.009215683157052007,0.07080811218562783,0.2600054916571781
small_emergency,33.16526476574147,6.948382415947139,11.766862586845217,9,5,8,4,0.5,150,500,3850,0,1,1,0.5303434954815178,0.5637061624705064,1,1,0.01494846469957463,0.0887448014821138,0.3325960753499139
small_emergency,13.385135362835268,5.6940695277140865,12.862873576428116,4,5,8,4,0.5,150,500,3100,0,1,1,0.5876787813042739,0.2081204527635912,4,3,0.16463223341912742,0.0011453367869388542,0.4191420149505904
small_emergency,19.372609782931683,9.500720425064635,13.848478888604436,7,5,8,4,0.5,150,500,3550,0,1,1,0.2912953501899438,0.27977960523697537,4,3,0.0010761386226095324,0.004244635748270739,0.18278604704382273
small_emergency,32.48749221307516,7.815391680597532,14.1276587705929,7,5,8,4,0.5,150,500,3550,0,1,1,0.5938372004662927,0.4599133195473088,7,4,0.05566834072469849,0.03627833518468407,0.2906824527017227
small_emergency,12.541746167771297,7.086718958514029,13.661407889683714,4,3,8,4,0.5,150,500,2100,0,0,1,0.44243839219500736,0.30601399868023077,5,2,0.05484974505591202,0.03534334746601819,0.3045010149488398
small_emergency,10.248157329910603,6.146630320946889,10.804701670348448,7,4,8,4,0.5,150,500,3050,0,0,1,0.2381829391483531,0.23712263518656002,4,3,0.00033014618950967306,0.0056044950578160325,0.26117770891083997
small_emergency,19.888642182365892,6.030773357997405,10.130364703521002,5,4,8,4,0.5,150,500,2750,1,0,1,0.6595718658865393,0.490817526427583,6,4,0.18581453953660157,0.08101890722602532,0.5313627890325465
small_emergency,12.790847243048061,6.047763542344268,12.7788460106561,6,3,8,4,0.5,150,500,2400,0,0,1,0.3524952420700959,0.33364638278975406,4,3,0.0059488705420191685,0.045580792984292004,0.29513437098487005
small_emergency,30.084415491843057,7.883221656666415,10.765138469299837,10,4,8,4,0.5,150,500,3500,1,1,1,0.38162589867560415,0.6986537046791871,1,1,0.00103880223034401,0.35388548280507803,0.5746684182483552
small_emergency,23.204853873538852,9.62189917753679,12.455319740211106,6,3,8,4,0.5,150,500,2400,1,0,1,0.40194514349295896,0.6210158753458478,4,4,0.011365231362039542,0.33608469018845055,0.5316664872005707
small_emergency,13.26579128971049,6.996731980811681,14.864100131864435,8,4,8,4,0.5,150,500,3200,0,0,1,0.23699977586127902,0.22311796832679395,5,2,0.00013353895466616382,0.004481597565656605,0.2148151931396564
small_emergency,28.26715149284865,9.240516676882507,11.215075048517036,5,4,8,4,0.5,150,500,2750,1,0,1,0.61180889513605,0.6301150765947483,6,4,0.12933010475682352,0.22087094106622485,0.5475858011801917
small_emergency,16.95343689882725,5.966019874432412,10.697371552720888,7,4,8,4,0.5,150,500,3050,0,0,1,0.40595231124766157,0.3962056663937022,6,3,0.006989048152914068,0.03649204514104522,0.30457793582354936
small_emergency,13.893217204543866,7.884135301928782,14.248919972905348,5,2,8,4,0.5,150,500,1750,1,0,1,0.35243477369407944,0.4875182551015144,4,3,0.011549796420349647,0.31177483694906594,0.5203423822734062
small_emergency,10.081367982810868,8.47251714921589,12.852903171576866,8,4,8,4,0.5,150,500,3200,0,0,1,0.14873631716024135,0.19609126141059283,3,2,5.230631708434081e-06,0.002783189445052768,0.1986205319776943
small_emergency,15.348520243145918,6.449385939785294,14.722610996546484,5,3,8,4,0.5,150,500,2250,0,0,1,0.4759684220000915,0.3475044892228753,4,3,0.0420865072676055,0.05141950442744139,0.31648226761114284
small_emergency,13.882136789032348,9.573729475865255,14.834363692604434,10,5,8,4,0.5,150,500,4000,0,1,1,0.14500239247440933,0.1871618773369186,4,2,3.6334688030307966e-07,0.0007100829422122264,0.17257399638129634
small_emergency,19.0921642644823,7.276006110643994,10.520719878748753,4,4,8,4,0.5,150,500,2600,1,0,1,0.6559973965852148,0.4536800828393732,5,4,0.2637835917556718,0.06022850066668499,0.5565006597848224
small_emergency,11.905667263200964,7.640754121461519,14.889339107578728,3,5,8,4,0.5,150,500,2950,0,1,1,0.519393202727641,0.15992203787125697,4,2,0.17897336078686915,0.0003469872293900174,0.37735963010058743
small_emergency,13.593079439588731,8.539182691828875,11.972701061508321,7,3,8,4,0.5,150,500,2550,0,0,1,0.22740683288436825,0.3784464722359059,3,3,0.0002503372366487733,0.0663406380889371,0.26722154318319624
small_emergency,23.60136654846265,7.3329583848019055,11.524707591169689,7,4,8,4,0.5,150,500,3050,0,0,1,0.4597903895957543,0.5119732184473422,5,4,0.013810429834779625,0.09522929697924888,0.33218043310091483
small_emergency,18.961901937237478,8.622827560330112,11.206708734538472,7,4,8,4,0.5,150,500,3050,0,0,1,0.3141478957961864,0.42300336312832687,5,3,0.0016610205356548074,0.04643513329469788,0.2532996579917866
small_emergency,29.472979542469687,7.940623884782166,13.93523619275674,9,4,8,4,0.5,150,500,3350,0,1,1,0.4124078349806755,0.5287491926005021,6,4,0.00289345088019509,0.10791054821842436,0.30849922284863207
small_emergency,19.302974268889763,9.895511707392979,11.489180067100403,4,3,8,4,0.5,150,500,2100,0,0,1,0.48766993662562264,0.560033415676151,4,3,0.07906109684899114,0.23116705557102515,0.49832248145730884
small_emergency,10.469772138400995,6.379230353095125,10.361162246321536,9,5,8,4,0.5,150,500,3850,0,1,1,0.18235867823983898,0.2020964808676366,4,3,7.666769011456232e-06,0.0010038424956651966,0.25428450063865304
small_emergency,23.533530588613676,5.1395801623499064,14.462541713273737,9,4,8,4,0.5,150,500,3350,0,1,1,0.5087646557637573,0.4068014297759047,7,4,0.011446350951150019,0.04020786605200444,0.31536677800665097
small_emergency,10.726019103341807,5.191262200354203,14.621633340122923,7,3,8,4,0.5,150,500,2550,0,0,1,0.2951668369264791,0.24452396103401935,5,2,0.0011613990516203881,0.018387612965180912,0.28057220380984244
small_emergency,11.7527517505168,8.416088296793719,12.337085856378039,3,5,8,4,0.5,150,500,2950,0,1,1,0.4654875018755943,0.1905271939797817,5,2,0.1254641751705428,0.0007696574505888359,0.3261102977581065
small_emergency,16.372873803009846,9.882055390968807,13.983080128747384,9,3,8,4,0.5,150,500,2850,0,1,1,0.18409208695561438,0.3903020329393035,3,3,8.253888122246642e-06,0.07280743979638402,0.2455242184945255
small_emergency,25.249523035303376,9.949655847224161,11.624445875214649,10,5,8,4,0.5,150,500,4000,0,1,1,0.25377282815613866,0.43442110370421655,5,4,4.333307651079645e-05,0.028372692020029417,0.2149476199111145
small_emergency,21.783552852791864,5.20146238601248,12.623382570923294,7,3,8,4,0.5,150,500,2550,1,0,1,0.5982810007808336,0.5752170025322192,7,4,0.058016464641349415,0.25392591611506554,0.583414075618375
small_emergency,19.361366847683712,8.507244053834238,11.096935198690991,6,5,8,4,0.5,150,500,3400,0,1,1,0.37931137912513296,0.3489498046265532,6,3,0.00854770892542261,0.011065894698067713,0.22727545567731722
small_emergency,10.276458562266516,9.773681920525336,10.473457291809186,3,4,8,4,0.5,150,500,2450,0,0,1,0.35048062902767885,0.24529766713956205,3,3,0.05273877428956243,0.006345851743525749,0.25687966829645903
small_emergency,22.341431744637358,8.900665714805816,13.080338383690718,5,4,8,4,0.5,150,500,2750,0,0,1,0.5020170953611591,0.4270040860046457,5,3,0.05307440412690111,0.04808002351892603,0.2899561959943062
small_emergency,15.138655680397285,7.199175682321802,10.251881850495472,6,4,8,4,0.5,150,500,2900,0,0,1,0.35047196948699655,0.3691677269882318,4,3,0.005781332212075529,0.028173626156550665,0.2704028174417357
small_emergency,22.112764231356923,9.061953379439796,12.673438112150496,7,4,8,4,0.5,150,500,3050,0,0,1,0.3485966200104817,0.43620294737062304,6,3,0.0029956730862301215,0.05203178719927534,0.24428413058551962
small_emergency,30.18585288586434,8.156043269182929,12.461218914172793,7,5,8,4,0.5,150,500,3550,0,1,1,0.5287201839983154,0.48447672886209225,6,4,0.029479285752848004,0.04545181835927266,0.27778854714849727
small_emergency,21.665133118451713,5.349973725716771,12.302970458261251,7,5,8,4,0.5,150,500,3550,0,1,1,0.5785110685766991,0.3521935323172936,6,4,0.04818971821153128,0.01151579218351057,0.3279034997567896
small_emergency,23.472912380108703,6.693441991155941,12.278785411241829,7,5,8,4,0.5,150,500,3550,0,1,1,0.5009788986875621,0.38233280563105376,6,4,0.02200316273163158,0.016391682745133293,0.2692360905350447
small_emergency,13.096175736379253,9.012375453555645,10.4067698276248,10,3,8,4,0.5,150,500,3000,0,1,1,0.14531325069477025,0.41947616642182983,3,3,3.703290271552981e-07,0.09069345759714133,0.2977436614650446
small_emergency,34.05241732406688,8.80639790415157,12.442404996559615,6,5,8,4,0.5,150,500,3400,0,1,1,0.6444635989783001,0.5473606964808256,1,1,0.11873189182086971,0.07775810166030353,0.3904141138579895
small_emergency,26.684192235257285,8.716933480496415,14.9003960135238,8,4,8,4,0.5,150,500,3200,0,0,1,0.3826487877726937,0.44770944696769055,7,3,0.0029339785270712307,0.05732296615215651,0.24208849675601965
small_emergency,21.2244956901081,9.816934715747259,14.687200940460146,7,4,8,4,0.5,150,500,3050,0,0,1,0.30886125869909964,0.3612753678551351,4,3,0.0015073274077714487,0.026036561839874895,0.1974951726600187
small_emergency,20.000489837834024,8.781450713468391,12.277073147419227,7,5,8,4,0.5,150,500,3550,0,1,1,0.3253691135103782,0.32581853341874634,5,3,0.0020287229197441417,0.008230701979898237,0.2055884640052895
small_emergency,14.868412976880492,7.124015818472129,11.015286771600458,7,4,8,4,0.5,150,500,3050,0,0,1,0.29815472772950063,0.3374495209515139,4,3,0.0012308244294151024,0.020304861875570374,0.2526888822282295
small_emergency,30.523496448421753,8.752168761882508,10.925645952043771,9,4,8,4,0.5,150,500,3350,1,1,1,0.38750390876269114,0.6984368837869941,1,1,0.001903160993502726,0.3533529032511861,0.5610412279668802
small_emergency,13.62133909346542,5.098388681798155,10.914251876922979,9,3,8,4,0.5,150,500,2850,0,1,1,0.29685499006763966,0.41601077340800263,5,3,0.0002969222517203749,0.08841329578932161,0.3764739396499681
small_emergency,18.81963095164044,7.528020358892826,12.55625384579069,9,4,8,4,0.5,150,500,3350,0,1,1,0.27777157951859843,0.37470632528565556,5,3,0.0001837733420107605,0.029748942953759475,0.24241135241171646
small_emergency,26.362928104720652,7.9517132695320125,14.60385672278257,9,5,8,4,0.5,150,500,3850,0,1,1,0.3683752336847334,0.3610406292687532,8,3,0.0013482821268487038,0.012813466573551605,0.20839587281461258
small_emergency,30.821985987984924,8.715671940762247,11.58053138622059,6,4,8,4,0.5,150,500,2900,1,0,1,0.5893977767381281,0.6653836719586828,8,4,0.0748012492199967,0.2813253241682541,0.5572142434261123
small_emergency,11.118094289848557,6.226277902052395,12.628447761516407,7,4,8,4,0.5,150,500,3050,0,0,1,0.25509609581360343,0.22010017580564295,5,2,0.0004958168400007821,0.0042625952351588595,0.24455430734401612
small_emergency,32.194728404213144,8.878634430014763,10.690013993022049,8,5,8,4,0.5,150,500,3700,0,1,1,0.45326126244393095,0.6023327644889592,1,1,0.00821742107470481,0.12022599227017002,0.33461859328916654
small_emergency,14.986296120515501,5.763535904098776,12.14735558648152,8,3,8,4,0.5,150,500,2700,0,0,1,0.3250239169556031,0.41123617437618454,5,3,0.0010554745277727773,0.08534269663947808,0.34222521661879235
small_emergency,11.747233332717851,7.491443306221387,14.463715999798453,8,4,8,4,0.5,150,500,3200,0,0,1,0.19601084952084893,0.20304659834446323,4,2,3.654562165242904e-05,0.003166079080185192,0.20582677645978537
small_emergency,24.26903132525109,7.918354740694502,10.036714075964875,8,4,8,4,0.5,150,500,3200,0,0,1,0.383113539996607,0.6045063937650829,6,4,0.0029560302199987077,0.185102320142551,0.41398141344452716
small_emergency,21.0356909388909,6.923716886514242,14.61300787436602,8,3,8,4,0.5,150,500,2700,0,0,1,0.37977598022283804,0.47983940335312447,5,3,0.0028006017854996586,0.13821705602264114,0.35388093217597405
small_emergency,20.410846037416853,6.991138617271912,14.587705012896148,5,3,8,4,0.5,150,500,2250,0,0,1,0.5839062034041486,0.4663938117607214,5,3,0.10415580739974602,0.12624046609697698,0.44198536903866714
small_emergency,25.393956477766743,9.00443934138874,13.767286194555542,5,4,8,4,0.5,150,500,2750,0,0,1,0.5640319294738072,0.4611285789898289,5,4,0.08897663871800271,0.0640135841029091,0.3366825106852479
small_emergency,21.495449916988736,9.102514993085283,14.62257981917109,10,5,8,4,0.5,150,500,4000,0,1,1,0.2361484703218587,0.29400352308293637,4,3,2.4015301060938816e-05,0.005270056160432135,0.18354120438635804
small_emergency,32.06903097808514,8.078554009939243,13.722052490537488,10,5,8,4,0.5,150,500,4000,0,1,1,0.3969649882717851,0.467408662081703,6,4,0.0013893025049414951,0.038904726074205496,0.2369539525237196
small_emergency,27.93022645834409,9.438585550552055,10.62696101980849,7,4,8,4,0.5,150,500,3050,0,0,1,0.4227362595615441,0.6570605276118587,6,4,0.008730708826714898,0.2657134502189332,0.4744925165378955
small_emergency,20.47356288230783,7.560277756696022,13.455685358421094,9,3,8,4,0.5,150,500,2850,0,1,1,0.3008937493389888,0.5071849392270624,5,3,0.00032709542005356155,0.1654452980256033,0.3723606939796632
small_emergency,30.341937882958213,7.8092202491982645,11.602064946902907,10,5,8,4,0.5,150,500,4000,0,1,1,0.3885399171072589,0.5230437516393629,8,4,0.0011863605601562625,0.06355343363113633,0.2789851055601662
small_emergency,11.407483496659026,7.820941496241797,14.963066297686176,8,5,8,4,0.5,150,500,3700,0,1,1,0.18232273413214817,0.1524752115603876,4,2,2.209104956926837e-05,0.000278790599033089,0.19499394708319956
small_emergency,18.343652154158395,7.18152275409597,12.48045503112779,4,4,8,4,0.5,150,500,2600,0,0,1,0.6385711214134956,0.3674475832092474,5,3,0.23407418485858075,0.02769719938263602,0.48114290222863887
small_emergency,20.591868360659,8.160626169396128,13.15952154048771,5,4,8,4,0.5,150,500,2750,0,0,1,0.5046639297823089,0.39119713238251663,5,3,0.054309620279745785,0.034828418435355425,0.2876682598120847
small_emergency,17.171991841466998,7.941867878034556,10.970458858312407,8,4,8,4,0.5,150,500,3200,0,0,1,0.27027633966564896,0.39132346384161587,5,3,0.0003200233217647973,0.03486966773518639,0.25225854405340215
small_emergency,16.88422598197031,6.2386947690680445,10.430834445025008,6,3,8,4,0.5,150,500,2400,0,0,1,0.4510619236597286,0.5395613703760537,6,3,0.019974597446285366,0.2034060150390224,0.47954015795129534
small_emergency,16.396648537211888,9.634696151136513,11.016845313186277,7,4,8,4,0.5,150,500,3050,0,0,1,0.2431190694251975,0.3720813007510058,4,3,0.0003729922122637468,0.028994400046121763,0.22392902366375472
small_emergency,12.003871436178237,6.596971429427892,14.60086943342985,6,4,8,4,0.5,150,500,2900,0,0,1,0.30326722811599943,0.2055335042017159,4,2,0.002803108366445353,0.003311691605902519,0.2261885819641292
small_emergency,17.88882518144372,9.849265086376183,13.605401991888844,10,4,8,4,0.5,150,500,3500,0,1,1,0.18162598959985463,0.32870813358011275,4,3,2.614095102256877e-06,0.018454454858991356,0.19348770392093956
small_emergency,12.919223795678526,6.828941872645908,12.798826841029765,4,5,8,4,0.5,150,500,3100,0,1,1,0.47295847719204953,0.20188137485011984,4,3,0.07040858879887138,0.0009990483882892337,0.29597536887931236
small_emergency,12.360936074751402,9.5902840515171,14.296754354841713,5,5,8,4,0.5,150,500,3250,0,1,1,0.2577803954158377,0.17291947204178226,4,2,0.002963582685568013,0.000495792145976265,0.1776775185275435
small_emergency,30.615741145366492,7.5261772688497475,14.658967705829273,9,5,8,4,0.5,150,500,3850,0,1,1,0.4519889572932866,0.41770664564861365,6,4,0.005307255196407154,0.02396893462877748,0.2303633957383554
small_emergency,26.474706475657204,7.312664014201801,13.667074079641946,8,5,8,4,0.5,150,500,3700,0,1,1,0.45254893470151786,0.3874231795537439,6,4,0.00814020395893697,0.017349686377883825,0.23540751040527536
small_emergency,19.08192289384224,8.477854439344515,13.689070890477513,9,3,8,4,0.5,150,500,2850,0,1,1,0.25008847109142973,0.46465103552343445,4,3,8.501233264790868e-05,0.12475108936888718,0.31584145093546034
small_emergency,13.152267172168926,9.212903043465648,10.9855117778062,6,4,8,4,0.5,150,500,2900,0,0,1,0.2379320088741792,0.2993093867219772,3,3,0.0008092419369730981,0.013121470303578147,0.21350311795378815
small_emergency,32.85561819052846,8.946184624106667,13.791528946659422,9,4,8,4,0.5,150,500,3350,0,1,1,0.40806493458171716,0.5955760655254748,6,4,0.0026956505827457154,0.17396440353683493,0.36094782609895076
small_emergency,20.35063912705468,9.377418234462692,10.214285914124499,10,5,8,4,0.5,150,500,4000,0,1,1,0.21701750543944606,0.3984740450414345,4,4,1.1890067097160726e-05,0.019576583495134952,0.22412972917655016
small_emergency,30.502402814982066,9.229260758292968,11.072771296534757,7,4,8,4,0.5,150,500,3050,1,0,1,0.4721381517485659,0.6886804124755979,1,1,0.015949972971956442,0.3302585027670731,0.5448711433622495
small_emergency,15.381108010846578,5.96062715047577,11.223846787198642,5,3,8,4,0.5,150,500,2250,0,0,1,0.5160902577044725,0.45679846676659613,5,3,0.05991517465579405,0.11821242121576513,0.434991190226144
small_emergency,29.699606068294933,7.795107370884335,10.663311072497812,10,4,8,4,0.5,150,500,3500,1,1,1,0.3810031684647031,0.6963035652428451,1,1,0.0010262976973012927,0.34815877574024484,0.5712501718921348
small_emergency,19.43263186979268,6.420956220527078,10.98852481986942,9,4,8,4,0.5,150,500,3350,0,1,1,0.33627099215584005,0.4421119346851419,5,4,0.0007176600707419942,0.05469934256012982,0.30216107210488913
small_emergency,19.698399763737232,5.302235186653114,13.004519567660607,7,4,8,4,0.5,150,500,3050,0,0,1,0.5307303448532265,0.37868372724669586,7,3,0.030093511521370575,0.030919865676798105,0.3265094269121658
small_emergency,28.539844428779904,6.851139593341671,13.722739640114135,9,5,8,4,0.5,150,500,3850,0,1,1,0.46285640253219185,0.41594965986751803,6,4,0.006200301360549496,0.023538817944085102,0.24857198427390992
small_emergency,22.523889005506426,7.0949712238077645,13.773038213883396,10,5,8,4,0.5,150,500,4000,0,1,1,0.3174627252880977,0.327072192144244,6,3,0.0002571277141698282,0.008368504473602805,0.22217615236776006
small_emergency,13.809712296543522,6.950529266848136,10.00313270321061,5,5,8,4,0.5,150,500,3250,0,1,1,0.3973715314720436,0.276107749567516,4,3,0.019345082289556576,0.004006289596026806,0.2671939902463319
small_emergency,23.540150001235475,5.616935528858453,12.454258174004362,8,4,8,4,0.5,150,500,3200,0,0,1,0.5238655019336588,0.4725321587272571,7,4,0.019465518737513756,0.07016966489085952,0.34796202734258674
small_emergency,10.206539373106015,8.268638967937603,11.295149511884931,7,2,8,4,0.5,150,500,2050,0,0,1,0.17633821708199926,0.4518107246994179,4,2,5.308869864921772e-05,0.2564912394201149,0.46601679384072864
small_emergency,32.5887030923453,6.105895293488383,13.300757445947898,8,4,8,4,0.5,150,500,3200,1,0,1,0.6671565250860804,0.6125347226423092,1,1,0.08320132435988992,0.19567852721900805,0.5178396858868501
small_emergency,15.448718052300928,5.986334378837075,11.086467537005088,5,5,8,4,0.5,150,500,3250,0,1,1,0.5161328143284254,0.2786950487291872,5,3,0.05993690630999356,0.00417315416145058,0.3213572509395332
small_emergency,18.319064110090792,7.3830171219408784,10.434758521248634,6,3,8,4,0.5,150,500,2400,1,0,1,0.41354060288013617,0.5851936765885891,4,4,0.013064986727761616,0.26999254100071446,0.5143370637126746
small_emergency,15.51939471696933,6.158260358438536,10.651655444394356,5,4,8,4,0.5,150,500,2750,0,0,1,0.5040187914661135,0.3642484212427449,5,3,0.0540064110035854,0.026827002287986693,0.3370990547571436
small_emergency,34.340747466917605,8.712011557722892,14.587248261293002,6,5,8,4,0.5,150,500,3400,0,1,1,0.656961698596381,0.4708324264013543,6,4,0.13154099975861666,0.040153525421352594,0.355031603956437
small_emergency,17.2564489263601,5.009510083738103,11.773755936770218,9,4,8,4,0.5,150,500,3350,0,1,1,0.382748648468486,0.36641767119673063,6,3,0.0017503176105113259,0.02741481286535453,0.3137201129034729
small_emergency,17.20457252801415,5.2436207607085485,11.685694090659366,9,3,8,4,0.5,150,500,2850,0,1,1,0.3645609125861041,0.49075882569286566,6,3,0.001255441793407969,0.1486072017588745,0.4261452819388923
small_emergency,21.43567172433076,7.40930442938312,14.977942215534634,8,4,8,4,0.5,150,500,3200,0,0,1,0.3616343465272394,0.3577873284572159,5,3,0.002066949521566914,0.02513124430704257,0.22892847509329817
small_emergency,28.329942359577682,5.37867643298605,11.172856063465256,9,5,8,4,0.5,150,500,3850,0,1,1,0.5852315922894954,0.50712086862401,1,1,0.028083424374097943,0.05547711520758597,0.35898251449041874
small_emergency,12.210631926240655,9.004202328971164,12.600348343819926,5,5,8,4,0.5,150,500,3250,0,1,1,0.27122073627672166,0.1938141961325948,6,2,0.003704866523303287,0.0008314409871240327,0.19495844750219798
small_emergency,24.55654634076193,7.437885238102433,10.074018983174001,7,4,8,4,0.5,150,500,3050,0,0,1,0.47164992956724655,0.6094029200703607,6,4,0.0158605973883778,0.19148717214069463,0.44105983586006187
small_emergency,10.705801271203367,7.796374263246278,12.935168938503615,10,3,8,4,0.5,150,500,3000,0,1,1,0.13731769293930293,0.2758835575090126,4,2,2.2358207959434586e-07,0.026109726518485844,0.2316833159951751
small_emergency,19.390857819419153,5.069301319662133,13.727267180983509,6,5,8,4,0.5,150,500,3400,0,1,1,0.6375256534928679,0.2825159234356779,7,3,0.11213511739219041,0.004429079829046937,0.38667775211978445
small_emergency,25.21128377040671,8.985802306941224,14.111147965236945,7,5,8,4,0.5,150,500,3550,0,1,1,0.4008113960418244,0.3573243485578231,6,3,0.006515129501612659,0.01225555659985232,0.20092331096987337
small_emergency,10.523162269684569,8.637742786876927,11.930362310420342,8,3,8,4,0.5,150,500,2700,0,0,1,0.15228460908896396,0.29401628092197774,4,2,6.191074503711194e-06,0.03143859752348209,0.23103552583562437
small_emergency,15.79775207072307,8.741254181718531,14.590226094666543,9,4,8,4,0.5,150,500,3350,0,1,1,0.20080708662001215,0.2706906659331677,4,3,1.6180762542653882e-05,0.009096766683189367,0.19205204095566725
small_emergency,13.871095047499093,9.033582228999514,11.400185580481686,3,3,8,4,0.5,150,500,1950,0,0,1,0.5118344231509195,0.40558097203984306,3,3,0.1704913368876361,0.08180988332383493,0.4507171474434387
small_emergency,19.9276197661276,9.500702922225841,10.673371504984965,7,3,8,4,0.5,150,500,2550,1,0,1,0.2996412841278022,0.6223469237382167,4,4,0.0012665798365012544,0.3388245222355922,0.5390375797065202
small_emergency,16.931717972948068,8.161281217716613,13.62416205667039,4,3,8,4,0.5,150,500,2100,0,0,1,0.5186599236463166,0.41425710935517185,4,3,0.10012561979454342,0.08727601407111757,0.38333042431392117
small_emergency,15.107963685963927,9.40284119169128,10.161617644962035,10,4,8,4,0.5,150,500,3500,0,1,1,0.16067445336962533,0.3716918952725556,4,3,8.995888119846491e-07,0.02888368935418078,0.23364495103338534
small_emergency,18.121167930735574,7.514858937495385,14.02730584452873,5,4,8,4,0.5,150,500,2750,0,0,1,0.4822756642927791,0.32296237302410485,4,3,0.04456125794628011,0.01730709298949413,0.266227574784653
small_emergency,25.989882872267035,5.929415733531018,10.723255780873775,10,4,8,4,0.5,150,500,3500,0,1,1,0.43832114394161126,0.6059233175856706,8,4,0.0028505754085867254,0.18692916831654685,0.451685683940902
small_emergency,14.544243490435859,8.459042141254049,11.478338509260317,7,5,8,4,0.5,150,500,3550,0,1,1,0.24562462692191295,0.25342071030057317,4,3,0.0003963967561572765,0.0027490654108465753,0.20848277943071247
small_emergency,13.156440996960855,7.917079848944909,12.235117789236208,5,4,8,4,0.5,150,500,2750,0,0,1,0.33235590010410676,0.2688253849205926,3,3,0.008968519872980706,0.00887004464574102,0.22587970883998393
small_emergency,17.979299528634193,7.240526444771019,12.874249121442421,10,4,8,4,0.5,150,500,3500,0,1,1,0.24831481061185165,0.34913297387358244,5,3,3.6288540718944475e-05,0.022985106154738883,0.23880733204157023
small_emergency,14.903152948083806,8.354072441220541,10.704533598032457,5,3,8,4,0.5,150,500,2250,0,0,1,0.3567877356329564,0.46407604814042136,4,3,0.012176545836978036,0.1242627886134483,0.3495597951777938
small_emergency,34.60393992476123,7.269263245071925,13.56066454769045,8,4,8,4,0.5,150,500,3200,0,0,1,0.5950386366221568,0.637946978982212,8,4,0.041492572071440414,0.23307388245187102,0.48587467621149705
small_emergency,32.455932408396365,7.3156637602794286,10.62665429927165,8,5,8,4,0.5,150,500,3700,0,1,1,0.5545623314561118,0.6108400912340001,1,1,0.027281666842985323,0.12837135692883644,0.3864490155049401
small_emergency,23.59788081367331,7.497677151355417,13.408888431064284,6,3,8,4,0.5,150,500,2400,1,0,1,0.5245598144888409,0.5866228443665337,7,3,0.04182693263353786,0.2723708403178926,0.5221498114747055
small_emergency,11.150952050903994,6.234389874601442,12.034107529667722,10,5,8,4,0.5,150,500,4000,0,1,1,0.17886196203949892,0.18532245990678609,4,3,2.289795602796183e-06,0.0006790410932366552,0.24417909749512656
small_emergency,34.326726119799886,8.893696748673218,12.642543542013403,10,4,8,4,0.5,150,500,3500,1,1,1,0.38596690543694134,0.6787939073677326,1,1,0.0011295383902184505,0.3084875606476743,0.5011542896483288
small_emergency,10.98380141206734,7.1677505698386845,12.115087943683633,5,5,8,4,0.5,150,500,3250,0,1,1,0.30647833807962815,0.18132433644930981,5,2,0.006313805571906404,0.000615136383627181,0.22898442904446356
small_emergency,11.917013753586911,5.798364440448544,10.35317093018258,8,4,8,4,0.5,150,500,3200,0,0,1,0.2569046382816067,0.28776241196900515,4,3,0.00022887134338810673,0.011369587691190005,0.28064965092095245
small_emergency,17.446365942378993,7.643675665174584,13.59203723834117,8,5,8,4,0.5,150,500,3700,0,1,1,0.2853072053715356,0.25671451065724454,4,3,0.00045609435421706723,0.002910010658970555,0.2077657036480104
small_emergency,20.809551424736043,9.977197087470639,13.698869577489305,4,3,8,4,0.5,150,500,2100,0,0,1,0.5214277928534826,0.5063569006436215,4,3,0.10221285876694977,0.1645599825363266,0.4400001156336513
small_emergency,10.257060601382275,8.958880128849986,10.667654988932183,3,4,8,4,0.5,150,500,2450,0,0,1,0.38163477480300245,0.2403775856086482,3,3,0.06803681293873043,0.005891790627048602,0.27929101183308835
small_emergency,22.407069566288833,6.803978385152808,12.162881621742661,10,5,8,4,0.5,150,500,4000,0,1,1,0.3293230562751942,0.3684500147766531,5,4,0.00034130666159454536,0.013983163375077682,0.24351466474028832
small_emergency,27.502445501386912,7.939549977851814,11.390744158782699,6,4,8,4,0.5,150,500,2900,0,0,1,0.5773300665257644,0.6036138885663032,6,4,0.0673786286795022,0.1839601616837277,0.4650810902297402
small_emergency,11.528661513786645,9.894415598769863,10.551458430175778,5,5,8,4,0.5,150,500,3250,0,1,1,0.23303370267203982,0.21852261637720516,3,3,0.0018968777101076783,0.001424655414223847,0.19916227253247862
small_emergency,19.305910952261527,6.037856372732087,13.990680085967833,6,4,8,4,0.5,150,500,2900,0,0,1,0.5329129457117173,0.3449780645692965,6,3,0.04521748629212275,0.022004017426405762,0.30431935130863597
small_emergency,18.9288448952525,7.851468949442623,11.915032032207291,4,5,8,4,0.5,150,500,3100,0,1,1,0.6027166705090345,0.31773049109874496,5,3,0.18281858324010059,0.007382340668649354,0.40149322196825665
small_emergency,33.42439529336799,7.894194728993874,10.313386733952036,8,5,8,4,0.5,150,500,3700,0,1,1,0.5292559349119954,0.6481749624172183,1,1,0.02068325675541545,0.17052281934200106,0.41484280088403414
small_emergency,29.69596538542262,9.81947691892247,12.698802271792635,8,5,8,4,0.5,150,500,3700,0,1,1,0.37802376886539485,0.4676971063859327,5,4,0.0027216888625743838,0.0390087279207174,0.2223164194018594
small_emergency,12.28913950913879,5.155782272170571,13.61213737328426,8,4,8,4,0.5,150,500,3200,0,0,1,0.29794556045044873,0.2257018712810297,4,3,0.000604243595091502,0.004675410996623375,0.27270049119982775
small_emergency,29.89317078980939,9.998503002028986,13.7235841006312,9,5,8,4,0.5,150,500,3850,0,1,1,0.3321960717935386,0.4356467023572142,5,4,0.0006590018368870905,0.028718718742787152,0.20225995492898902
small_emergency,21.008249351847994,9.939092265133986,10.976175621147242,4,4,8,4,0.5,150,500,2600,0,0,1,0.5284247492485871,0.4784965655836552,4,4,0.10765251964175594,0.07357174461211885,0.3729434880631958
small_emergency,11.81959806089754,9.120456900524823,14.310498984623075,7,2,8,4,0.5,150,500,2050,0,0,1,0.18513480488049733,0.41296945947160685,3,2,7.17093754163172e-05,0.20560913186765883,0.3852032363511171
small_emergency,17.487361733586237,8.884985743401128,13.582819329183902,5,3,8,4,0.5,150,500,2250,0,0,1,0.39363848718776134,0.42915395078087304,4,3,0.0185767835817622,0.09729750346854696,0.30204612576904594
small_emergency,10.814299541516645,7.464280726834828,10.46185197525431,8,3,8,4,0.5,150,500,2700,0,0,1,0.1811008310324893,0.3445629437661066,3,3,2.1076655616588436e-05,0.05013863466090552,0.2797164634693368
small_emergency,10.428184025671364,5.746718368805243,14.230780419251243,9,3,8,4,0.5,150,500,2850,0,1,1,0.20162587403850432,0.2442635779263432,4,2,1.6695290070719714e-05,0.018330883184679462,0.26263014904068016
small_emergency,11.515676890195994,5.752424799326085,11.862892411589177,6,3,8,4,0.5,150,500,2400,0,0,1,0.3336470355812704,0.32357698529312073,4,3,0.0045257010736931445,0.041640829931419335,0.30430273938533836
small_emergency,17.49437157791573,7.081535567517148,11.717452848876988,8,3,8,4,0.5,150,500,2700,0,0,1,0.3088025791002526,0.4976727679512249,5,3,0.000760947366034376,0.155511704778413,0.38282774267762204
small_emergency,11.65862696486229,7.520380644363487,14.970268589316827,5,5,8,4,0.5,150,500,3250,0,1,1,0.3100541718882384,0.15575708472167543,4,2,0.00663980230103769,0.0003074413908664658,0.20671830507581046
small_emergency,23.889463168313664,8.97131205027856,12.812724489058489,8,5,8,4,0.5,150,500,3700,0,1,1,0.33285910458844054,0.3729021597040384,5,4,0.001227713710472481,0.014723987139939559,0.20546552974350812
small_emergency,10.113901164404167,5.599059618511186,13.837530227269482,10,2,8,4,0.5,150,500,2500,0,1,1,0.1806357112356217,0.3654518182902612,4,2,2.4936064410118022e-06,0.15414138963907237,0.4050125349846284
small_emergency,22.971280580381794,6.57778598300582,11.26610292391258,5,4,8,4,0.5,150,500,2750,1,0,1,0.6984502274695388,0.5097432700447083,6,4,0.2489627019170729,0.0936412980063636,0.583392675076809
small_emergency,28.85363204382821,8.130507201761493,10.8361531024593,10,4,8,4,0.5,150,500,3500,0,1,1,0.35488108340371444,0.6656797797845756,1,1,0.0006031852652539316,0.28189764708005044,0.4977780613520454
small_emergency,20.19525919948412,7.820194170867447,10.705202462224586,7,5,8,4,0.5,150,500,3550,0,1,1,0.36892140597293016,0.3772980337503577,5,4,0.004114295807835657,0.015484390264960377,0.24088527449531338
small_emergency,13.038270347788819,5.125730201813791,14.845582934837964,5,3,8,4,0.5,150,500,2250,0,0,1,0.5087380659705848,0.29275307914859205,5,3,0.05625671626933276,0.031045445959837607,0.3497564200425186
small_emergency,14.559646640241436,6.6534892935633625,12.384900549565522,8,4,8,4,0.5,150,500,3200,0,0,1,0.273534043526728,0.2938991431940123,4,3,0.00034623631209526904,0.012278107720072368,0.24366490456970635
small_emergency,13.352361309920498,7.232921791967719,13.790921563954313,9,3,8,4,0.5,150,500,2850,0,1,1,0.2051170666258047,0.322733117048535,4,3,1.904821317736012e-05,0.041321800949530196,0.25210903356518644
small_emergency,13.164966044424219,9.823570709101201,11.00858914151999,5,4,8,4,0.5,150,500,2750,0,0,1,0.26802812203972487,0.29897032842226895,3,3,0.003517392689541291,0.01306742522599718,0.20921895881116093
small_emergency,17.700244011340793,8.476908633461402,10.088833421880876,7,3,8,4,0.5,150,500,2550,0,0,1,0.29829344595659346,0.5848130393666107,6,3,0.0012341264064754996,0.26936243270953597,0.4876835799126765
small_emergency,10.652235480283892,8.389204847704402,11.664422151981439,4,4,8,4,0.5,150,500,2600,0,0,1,0.3174387702309695,0.2283061119850329,4,2,0.01625380806655458,0.004876744145948279,0.2260621398500896
small_emergency,25.970463592355152,5.1864032072042106,12.665036776293384,9,4,8,4,0.5,150,500,3350,0,1,1,0.556379238276146,0.5126409036759979,8,4,0.02031931767014663,0.095709084919522,0.3877977814492336
small_emergency,18.56413430219704,7.662471381387735,12.567009200094517,8,4,8,4,0.5,150,500,3200,0,0,1,0.30284182116636704,0.36930295041992606,5,3,0.0006712746301223881,0.028211334153226793,0.23896223369476172
small_emergency,14.798366090953845,6.647522441711224,14.980627909473238,10,5,8,4,0.5,150,500,4000,0,1,1,0.22261475941921616,0.19756669987905998,4,3,1.471291813224686e-05,0.0009065027104332252,0.21810607737841425
small_emergency,17.452870738137776,5.703624939493632,13.953435605144302,7,3,8,4,0.5,150,500,2550,0,0,1,0.4371373073711871,0.41693126653585144,5,3,0.010486533385581361,0.08901469676181228,0.34649526430282124
small_emergency,23.982760577017515,9.772317159176108,12.762253401998441,8,3,8,4,0.5,150,500,2700,1,0,1,0.30676911353744213,0.6263982757481281,4,4,0.0007293214290350707,0.3473025535645948,0.5287178190336388
small_emergency,11.856611681147577,9.773626179629979,10.564077949334523,7,4,8,4,0.5,150,500,3050,0,0,1,0.17330329988122117,0.2805879447788076,3,3,4.7671301549824944e-05,0.010369971810589945,0.20739422808348235
small_emergency,13.771727756726387,6.113362936590133,12.15973446485028,6,3,8,4,0.5,150,500,2400,0,0,1,0.3754542276095662,0.37752271089295686,4,3,0.00812774622599983,0.06585498638859008,0.3197974595781564
small_emergency,10.115872492770622,8.582551166553475,12.247480793091292,4,4,8,4,0.5,150,500,2600,0,0,1,0.2946639145069288,0.20648884173953772,3,2,0.012394879601699537,0.003368881197115947,0.21392867701523433
small_emergency,22.964767505068103,6.849291211324389,12.831442026872306,10,4,8,4,0.5,150,500,3500,0,1,1,0.3352867734269923,0.447431540760852,5,4,0.00039168428332037134,0.05719044341593153,0.28151619958473517
small_emergency,31.97088545724014,9.595863526290206,11.402197039085488,10,4,8,4,0.5,150,500,3500,1,1,1,0.3331736155860086,0.7009808142160548,1,1,0.00037316583564735867,0.35965670343943634,0.5519438349026707
small_emergency,14.942909758206914,7.704972458520599,13.401339112514755,6,3,8,4,0.5,150,500,2400,0,0,1,0.3232308711171358,0.37167703000298363,4,3,0.0038620915886282367,0.06284113157170396,0.271108949095619
small_emergency,14.693231389407027,6.871726767199975,14.13475847006477,5,3,8,4,0.5,150,500,2250,0,0,1,0.42764306228066407,0.34650353643054255,4,3,0.026517206336532158,0.0509810893939314,0.29376970917774003
small_emergency,15.950287647748409,6.123518372349409,12.13674576092652,5,4,8,4,0.5,150,500,2750,0,0,1,0.5209517364974857,0.3285536329495206,5,3,0.062440137170785906,0.018422899012198575,0.3265622549578086
small_emergency,24.687160269744602,7.180778910472674,12.593038079423746,6,4,8,4,0.5,150,500,2900,0,0,1,0.5729916994970204,0.4900954025955403,6,4,0.06487082129216605,0.08056631347829812,0.36410674878760246
small_emergency,33.61144702846315,5.998522890281092,14.444446602461115,8,4,8,4,0.5,150,500,3200,1,0,1,0.7004109103868091,0.5817364962728352,1,1,0.11317793275284191,0.15791336039248693,0.5070297596287939
small_emergency,17.341678729404737,8.0054847512335,13.160062789680719,4,3,8,4,0.5,150,500,2100,0,0,1,0.5415561726831314,0.43925015167868287,4,3,0.1185238463008456,0.10457222199180222,0.4239979071590955
small_emergency,21.790751208301515,5.110846640862181,11.275670505905985,10,4,8,4,0.5,150,500,3500,0,1,1,0.4263628463057443,0.4831364839210211,7,4,0.00233653351813675,0.0763085722409806,0.3629939260228723
small_emergency,13.92713942658909,5.807798774078496,10.134640155322614,6,5,8,4,0.5,150,500,3400,0,1,1,0.3996677561887137,0.274842307435547,5,3,0.011052786957074269,0.0039265307016748486,0.2858330772691586
small_emergency,14.75502319079903,9.596500196576798,14.091284068774872,6,5,8,4,0.5,150,500,3400,0,1,1,0.2562570188532959,0.20942056265113482,3,3,0.001187844296159694,0.0011777600042823834,0.17753611355366966
small_emergency,23.690967746006876,6.911338508629397,14.93706025689177,10,4,8,4,0.5,150,500,3500,0,1,1,0.34278407455265975,0.39651322513538373,6,3,0.000463720738331991,0.03659611006603363,0.24869718136862135
small_emergency,27.45480424377068,9.444207251368265,13.56779435312141,10,4,8,4,0.5,150,500,3500,0,1,1,0.29070522822117295,0.5058818612889431,5,4,0.00012899628261192562,0.0909432348826514,0.27066119066353467
small_emergency,11.953417225921525,5.37187534621796,14.040767410828545,9,5,8,4,0.5,150,500,3850,0,1,1,0.24724279398663226,0.17026729203850766,6,2,7.808822564240854e-05,0.00046208018817144253,0.25791607589913557
small_emergency,25.81157404659362,9.80283387526539,13.171737257906663,6,5,8,4,0.5,150,500,3400,0,1,1,0.4388454463785492,0.3919236094859025,5,4,0.017467907416609058,0.01823178524802408,0.21363113990649207
small_emergency,18.805205281199484,8.452724997649781,10.942097022693403,6,3,8,4,0.5,150,500,2400,0,0,1,0.37079177201096164,0.5728702411794971,5,3,0.007641761427976387,0.2502785453191369,0.467615510635509
small_emergency,34.929172532031814,9.487460749039627,12.564286478881748,6,4,8,4,0.5,150,500,2900,1,0,1,0.613602407359411,0.6950090757390267,1,1,0.09188447780401564,0.34504720099115094,0.6219246310669936
small_emergency,28.112561868737778,8.506772953903624,13.85272658534773,9,5,8,4,0.5,150,500,3850,0,1,1,0.36719188373094286,0.4058776688550675,5,4,0.0013188952543880207,0.021186790857135405,0.21224703102201908
small_emergency,18.381946310390276,5.38706853735252,11.831647083781139,6,3,8,4,0.5,150,500,2400,1,0,1,0.5687059106740113,0.5178751017004304,7,3,0.06247269645353409,0.17724156930549198,0.5098630674851218
small_emergency,27.798170026912995,8.776225348355746,14.915740944505274,8,4,8,4,0.5,150,500,3200,0,0,1,0.39593004001602283,0.4659200325739334,5,4,0.003619073622016004,0.06654575130223399,0.2511522944430349
small_emergency,20.288654847126438,8.691136629366877,13.51047254645098,8,5,8,4,0.5,150,500,3700,0,1,1,0.29180094204497053,0.30033967764445063,5,3,0.0005279609188329437,0.005782450440269918,0.19538681654647488
small_emergency,15.57724426285127,8.87218305547125,13.478930950781987,9,3,8,4,0.5,150,500,2850,0,1,1,0.1950821919783589,0.3852245236097538,4,3,1.294563686701878e-05,0.06998406960630647,0.2568987065505155
small_emergency,18.438701765557177,6.68971123325794,11.484821029296057,7,4,8,4,0.5,150,500,3050,0,0,1,0.3937539544497838,0.40137111667919795,6,3,0.005906559739955285,0.0382696053771635,0.28073089675299195
small_emergency,18.48499039965084,7.663425841418125,11.64975593926311,7,5,8,4,0.5,150,500,3550,0,1,1,0.34458647723368163,0.3173455391859494,5,3,0.0028068259669126443,0.007343679760387677,0.22647915670896662
small_emergency,18.115188408277646,7.962386024328879,11.854681416440371,10,5,8,4,0.5,150,500,4000,0,1,1,0.2275095474262002,0.3056208390915516,5,3,1.7635336019917403e-05,0.006237456468641017,0.21620044727123208
small_emergency,10.915576490564202,6.775849686012609,12.476907210095938,5,5,8,4,0.5,150,500,3250,0,1,1,0.32219063280276816,0.17497247205191438,5,2,0.00784155466128262,0.0005231511527248459,0.23609574012284462
small_emergency,18.79582182793634,8.396524960141026,12.151914622244444,7,5,8,4,0.5,150,500,3550,0,1,1,0.319789129042952,0.30934749646002324,5,3,0.0018385520115221812,0.006574394341383195,0.20980139428843136
small_emergency,16.376555552489485,6.464070688012409,10.308805874351773,9,3,8,4,0.5,150,500,2850,0,1,1,0.2814971202255592,0.5295328981227019,5,3,0.00020243486890356407,0.19091776860092188,0.44282592774049007
small_emergency,20.77791843200797,6.900115262710947,14.468635648249979,8,5,8,4,0.5,150,500,3700,0,1,1,0.3764052780446716,0.2872132374764875,5,3,0.0026504052511721722,0.004759698704130562,0.22145023633395433
small_emergency,13.475529772034115,7.622369574679323,13.954218558804282,8,3,8,4,0.5,150,500,2700,0,0,1,0.2209865587073859,0.32189858847456704,4,3,8.32055591272171e-05,0.041007972292940155,0.24394689345857568
small_emergency,25.864972210562833,7.223944325225014,13.222452293428578,6,4,8,4,0.5,150,500,2900,0,0,1,0.596741684000478,0.48903508283817854,6,4,0.07965959057243774,0.07990546571786855,0.3736225232878749
small_emergency,10.143515320370954,6.544283034421847,12.687968358721623,10,2,8,4,0.5,150,500,2500,0,1,1,0.15499811464476307,0.39972969011222237,4,2,6.555977635839829e-07,0.1901698990585495,0.42179050616895647
small_emergency,11.199208813258398,8.19083837586253,13.731679782246152,6,2,8,4,0.5,150,500,1900,0,0,1,0.22788080005463165,0.4077872842526515,4,2,0.0006463033519826784,0.19945852008938594,0.3950167502775638
small_emergency,19.03648955399025,8.401909939168393,12.438794106823625,4,5,8,4,0.5,150,500,3100,0,1,1,0.5664333970436027,0.30608255736860035,5,3,0.14172973291624913,0.0062784795136608135,0.34742241452063627
small_emergency,18.880135067759948,5.291473415829485,11.530381828155678,7,4,8,4,0.5,150,500,3050,0,0,1,0.5097185491792424,0.409356241387799,8,3,0.02416723581757869,0.04114500083340423,0.3410229130377647
small_emergency,14.630249604576312,6.917993039553659,11.408878673849628,7,5,8,4,0.5,150,500,3550,0,1,1,0.3021158948624011,0.2564712978868013,4,3,0.0013279379492331471,0.0028978895961616516,0.23642745398983955
small_emergency,16.96142094506257,6.970375504631234,14.51826430580067,4,4,8,4,0.5,150,500,2600,0,0,1,0.6083395698622376,0.29207039815161917,4,3,0.19008334671210494,0.012002095652451503,0.41442849332243364
small_emergency,15.163250191044238,6.319386816177985,12.750687169519413,6,3,8,4,0.5,150,500,2400,0,0,1,0.39991354203927576,0.39640347717342556,4,3,0.011086180015143207,0.07630967951187378,0.32406620648703055
small_emergency,10.872344700448819,6.550117178584669,13.780772985184058,5,4,8,4,0.5,150,500,2750,0,0,1,0.3319740518840026,0.19723756991240368,4,2,0.008924100732964747,0.0028438773147728144,0.23700187253312288
small_emergency,13.276758746281825,9.464055314590258,14.797981649864436,9,4,8,4,0.5,150,500,3350,0,1,1,0.15587349896183528,0.22430016235361822,4,2,2.2236036474030276e-06,0.004569543311473006,0.17781149989702205
small_emergency,20.006638029027435,9.475860413698424,11.522788792179743,5,3,8,4,0.5,150,500,2250,0,0,1,0.42226535967341994,0.5787556695940798,5,3,0.02511330742049588,0.25951934307669283,0.4769485109414524
small_emergency,11.637906196820094,5.635439574822517,10.412587031715326,9,3,8,4,0.5,150,500,2850,0,1,1,0.22945870883129665,0.3725589091155609,4,3,4.467325903203395e-05,0.06328928700976812,0.33682001978851106
small_emergency,19.643265315104696,8.24019993833441,10.647866241423932,10,3,8,4,0.5,150,500,3000,1,1,1,0.23838335795375354,0.6149358901187015,4,4,2.5955823844111455e-05,0.32384794356807306,0.5391457079258082
small_emergency,11.314582378065172,8.30782496620101,14.803763139324012,5,4,8,4,0.5,150,500,2750,0,0,1,0.2723837448212173,0.19107611813934075,3,2,0.003774995061223122,0.00252853490254958,0.1942223700603738
small_emergency,13.122972163457705,7.579771864029811,12.062591833545941,7,5,8,4,0.5,150,500,3550,0,1,1,0.24733070370652163,0.21758130167287693,4,3,0.000413000801620036,0.0013974524410254408,0.21664146859452243
small_emergency,20.60424269109225,6.198792634891907,12.010053525179954,10,3,8,4,0.5,150,500,3000,0,1,1,0.3323912236572427,0.5718609731947752,8,3,0.00036649829511509066,0.2487249081864937,0.49367671989065043
small_emergency,29.043149244907656,7.817820662206597,12.784153698968836,6,4,8,4,0.5,150,500,2900,0,0,1,0.6191655044674594,0.5679521290339747,6,4,0.09627131978591077,0.14326698973880694,0.4456730331546066
small_emergency,12.34917061508778,8.161284259715517,11.232795005194857,6,3,8,4,0.5,150,500,2400,0,0,1,0.2521901010940126,0.36646179362532155,3,3,0.0010938203005272271,0.0602373893057783,0.27288598270565423
small_emergency,10.78511835180759,8.78629157780321,12.293526954139553,8,2,8,4,0.5,150,500,2200,0,0,1,0.15343672379161094,0.43865029100440367,4,2,6.533273912918433e-06,0.23825833574916988,0.43342214998040585
small_emergency,12.280481621737332,5.578410560103347,13.359304514095744,10,3,8,4,0.5,150,500,3000,0,1,1,0.22014302263026372,0.30641519321558197,4,3,1.3402504044887722e-05,0.03547935726224516,0.28960948760093486
small_emergency,12.56705650604981,6.43755983908783,11.537715306431188,4,4,8,4,0.5,150,500,2600,0,0,1,0.4880364928705074,0.2723038351242048,4,3,0.07928710721272604,0.009296173153729615,0.33059391432156915
small_emergency,19.653277588574994,6.830430061065924,10.442806857218766,5,4,8,4,0.5,150,500,2750,0,0,1,0.5754623768304276,0.47049796710041936,5,4,0.09745094499322322,0.06903850023296547,0.40865280607550236
small_emergency,24.233418372118514,8.861892657503251,14.233889916994777,5,3,8,4,0.5,150,500,2250,1,0,1,0.5469129295218983,0.5675051704871541,6,3,0.07747427513010222,0.24212129770107113,0.5026931487049917
small_emergency,12.346491346468603,8.073371105110793,13.39594604809746,5,4,8,4,0.5,150,500,2750,0,0,1,0.3058571490328926,0.2304146960233185,5,2,0.006258426981665442,0.0050442424733500284,0.2098161143260368
small_emergency,12.339570137698255,8.261680499287838,13.53961944058644,4,5,8,4,0.5,150,500,3100,0,1,1,0.3733977045820742,0.18227351502523165,4,2,0.02937099302931466,0.0006298744746502382,0.22489893661150517
small_emergency,26.97824625460049,6.100421877464014,10.467100959963407,9,4,8,4,0.5,150,500,3350,1,1,1,0.49137305212470767,0.6443581264237372,1,1,0.00914476000732731,0.24355218764704642,0.5121574740636348
small_emergency,30.52706115114975,6.178120070175741,13.590342667192731,9,4,8,4,0.5,150,500,3350,0,1,1,0.5490174429977692,0.5615579735315005,8,4,0.018658880921768258,0.13689277050417153,0.3909948487097774
small_emergency,31.635275735455338,6.171505093691526,10.532267608122009,8,5,8,4,0.5,150,500,3700,0,1,1,0.6407528482758752,0.6007305722285226,1,1,0.06486666368238322,0.11874543591151664,0.44059344267852024
small_emergency,13.607284905357696,6.906184132527326,12.351626577834464,7,5,8,4,0.5,150,500,3550,0,1,1,0.28147205552585763,0.22033186997049548,4,3,0.0008820966350994618,0.0014780641846063034,0.228118918712982
small_emergency,19.411927008510204,5.637838953476063,14.854084221963696,9,5,8,4,0.5,150,500,3850,0,1,1,0.3825722580091634,0.2613682098261857,6,3,0.0017448480499578584,0.0031493841859968077,0.24958871151825357
small_emergency,19.844453375374655,8.535364382411005,13.615057957427208,7,3,8,4,0.5,150,500,2550,0,0,1,0.3321383579838475,0.4858457314302562,4,3,0.002280121198997067,0.14385600099192408,0.3367438264510688
small_emergency,19.225402832577444,8.760887337671543,10.030108147379833,10,5,8,4,0.5,150,500,4000,0,1,1,0.21944584026219366,0.3833538492324173,4,4,1.3051545096501591e-05,0.01658052065942122,0.23043708355178313
small_emergency,20.19332821311991,9.57097004833657,13.796548136278906,5,5,8,4,0.5,150,500,3250,0,1,1,0.4219703564244149,0.2927301526969671,4,3,0.025037997747949525,0.005171352849134764,0.20717386619809114
small_emergency,12.868103531021596,8.617403349503368,12.038677934681768,7,3,8,4,0.5,150,500,2550,0,0,1,0.21332418013572502,0.3562989114707346,3,3,0.00017033843371545374,0.05538687686181752,0.2546670522023914
small_emergency,22.58317952290444,8.273406458335128,12.552003788763816,7,5,8,4,0.5,150,500,3550,0,1,1,0.3899443982982157,0.35983385446585414,8,3,0.0055973928582873905,0.012630229836829156,0.21876537495553566
small_emergency,26.60138333382673,8.415327721264216,10.55734377937528,8,4,8,4,0.5,150,500,3200,0,0,1,0.39513290829139663,0.6299260469710886,6,4,0.0035746163748935065,0.22058422198089067,0.4377104188479075
small_emergency,27.86568147259012,6.060390332410167,14.084697109120484,8,4,8,4,0.5,150,500,3200,0,0,1,0.5747501386909053,0.494609171512567,7,4,0.03373753725666361,0.08342930992451086,0.3531717624762257
small_emergency,16.284692029150833,5.668030075343432,13.700898594160403,7,3,8,4,0.5,150,500,2550,0,0,1,0.4104397020956206,0.3961952304863589,5,3,0.007424793438076579,0.07618814186546607,0.33302898805159187
small_emergency,19.32007159077773,7.726408706957436,11.165426932221534,9,5,8,4,0.5,150,500,3850,0,1,1,0.2778360170443092,0.3460695539554026,6,3,0.00018408344239256695,0.010677680179451214,0.22985018213243394
small_emergency,12.905299460899396,5.122769708014014,13.289472524545086,10,5,8,4,0.5,150,500,4000,0,1,1,0.25192035161585463,0.19421838507230232,5,3,4.0821865197154115e-05,0.0008392906173763471,0.2713345449500253
small_emergency,21.7184214658798,8.945001981670773,12.50380555311879,8,4,8,4,0.5,150,500,3200,0,0,1,0.30349939427603084,0.4342362285948743,5,3,0.0006807216115541397,0.05116662119469734,0.2436172684028687
small_emergency,14.503997939617221,9.01613232982708,11.05395954988684,6,5,8,4,0.5,150,500,3400,0,1,1,0.2681119688027655,0.26242176614018276,4,3,0.0014983939088656017,0.00320557443022621,0.20608159233471338
small_emergency,14.637130505215737,6.437601347327101,13.304555664202462,4,4,8,4,0.5,150,500,2600,0,0,1,0.5684233037858537,0.2750398223481963,4,3,0.14374690276902005,0.009641518968626833,0.3838880065663792
small_emergency,24.71047180240526,6.422921882644223,11.848083305994653,6,5,8,4,0.5,150,500,3400,0,1,1,0.6412053645236073,0.41712184433920646,6,4,0.11559020745370753,0.02382510432344693,0.37950952998063636
small_emergency,10.013496082411077,7.670294746788587,12.804615185754106,10,5,8,4,0.5,150,500,4000,0,1,1,0.13054903902621925,0.15640448287039013,3,2,1.4207455224787093e-07,0.00031334974763024806,0.2087834195511107
small_emergency,26.116343172890872,9.815820354805732,13.374004887393333,7,5,8,4,0.5,150,500,3550,0,1,1,0.3800911215463742,0.3905538152974473,5,4,0.004857078548237941,0.017959752293104078,0.19946510417620295
small_emergency,14.357057869279686,5.050940241771771,12.318711783280788,6,5,8,4,0.5,150,500,3400,0,1,1,0.47374208833916404,0.23309349422015674,5,3,0.025382118970324274,0.0018990397282778037,0.306441418246741
small_emergency,29.035300090484995,7.090026683689862,11.27500362047688,8,5,8,4,0.5,150,500,3700,0,1,1,0.5119039283251003,0.5150384171540858,8,4,0.016973794096639884,0.05938010842208259,0.30608886277687947
small_emergency,24.474086563678668,6.062490522463438,11.388431228945388,7,4,8,4,0.5,150,500,3050,0,0,1,0.5767098633095816,0.5372576360972824,7,4,0.04737047991750595,0.11486678980310491,0.41499438780389314
small_emergency,16.204279331422917,9.838366660719274,11.592507489491904,10,3,8,4,0.5,150,500,3000,0,1,1,0.16470497482189017,0.4659411649036064,4,3,1.1176855832881295e-06,0.12585227843588362,0.3137588981591405
small_emergency,10.809090991938778,9.223951726214647,14.334257580804943,7,3,8,4,0.5,150,500,2550,0,0,1,0.16740719182243047,0.25135800095228444,3,2,3.843973286835482e-05,0.01991855398865104,0.19813334056235787
small_emergency,32.218802698254194,8.383510924707775,12.76720380958485,6,5,8,4,0.5,150,500,3400,0,1,1,0.6405192881520827,0.5047119663597169,7,4,0.11493861231200843,0.054332252489639896,0.3668783184472199
small_emergency,22.97123116316432,9.064319635712218,12.88577859382908,4,4,8,4,0.5,150,500,2600,0,0,1,0.6335619242910607,0.44567022077666885,6,3,0.22616289113276938,0.056356075606931066,0.4704465771323624
small_emergency,14.83454961383569,9.409016442419606,13.79209271081777,6,4,8,4,0.5,150,500,2900,0,0,1,0.26277187958696746,0.26889591603093477,3,3,0.0013515199513348247,0.008878543024140078,0.18901641043370251
small_emergency,12.505657709315459,6.7073332139556285,10.06509189654654,5,3,8,4,0.5,150,500,2250,0,0,1,0.37289507798108296,0.41415941479899476,4,3,0.014722785554112562,0.08721298262131226,0.3503796090769738
small_emergency,19.498503324156705,8.551939338993549,11.24319804750762,5,4,8,4,0.5,150,500,2750,0,0,1,0.45600190906993554,0.4335622133881896,5,3,0.034964630556089574,0.05087268713438039,0.2917125242212794
small_emergency,15.470121091643357,6.55774661501596,12.39497162918228,4,5,8,4,0.5,150,500,3100,0,1,1,0.5897651281699341,0.2496193061906016,4,3,0.1670521199135546,0.0025717608745843214,0.40279316383798247
small_emergency,16.90734804360775,7.726541516203193,14.88838905346837,5,5,8,4,0.5,150,500,3250,0,1,1,0.43764336238022283,0.22712125513228779,4,3,0.029289481039084027,0.0016921003757909437,0.22757202711870064
small_emergency,31.850074741187775,8.0105266276846,13.910315180020282,9,4,8,4,0.5,150,500,3350,0,1,1,0.44178084137874063,0.5724182796902906,6,4,0.00456717069889356,0.14787366649497308,0.34916567197320764
small_emergency,11.723507883977113,7.197012948014797,13.124369687148823,8,4,8,4,0.5,150,500,3200,0,0,1,0.2036175974785986,0.223315636549323,5,2,4.7527431906829584e-05,0.004496217445151106,0.21968441360755414
small_emergency,28.34623405298079,9.812912598616442,11.227567522681179,5,4,8,4,0.5,150,500,2750,1,0,1,0.5777333440629528,0.6311748737141333,6,4,0.09921585768847813,0.22248512942122972,0.5126740174266591
small_emergency,20.43466883948173,8.326697655011387,14.826512684625609,4,3,8,4,0.5,150,500,2100,1,0,1,0.6135286066014182,0.4594172901420376,5,3,0.1970266153942368,0.12036212758806526,0.5049311165306949
small_emergency,24.62241515544156,9.872016627756931,11.623795288547115,5,5,8,4,0.5,150,500,3250,0,1,1,0.4988325300468246,0.4236553474010668,5,4,0.05161865845772272,0.025470514551460887,0.2644160196292686
small_emergency,21.456527773206197,6.5129092433087745,14.050372270905076,8,4,8,4,0.5,150,500,3200,0,0,1,0.41180766865533597,0.3817786347490144,6,3,0.004602041972781793,0.031854427168585456,0.2611701758138737
small_emergency,24.9258595993658,8.40628966498694,12.122121138263884,5,5,8,4,0.5,150,500,3250,0,1,1,0.5930288056378682,0.4112458424571667,5,4,0.11185462061223768,0.02241660534441289,0.3357235859227211
small_emergency,13.645574785667705,6.649446245134509,11.62068846516891,9,4,8,4,0.5,150,500,3350,0,1,1,0.2280152241691865,0.29356209889302287,4,3,4.25988638923294e-05,0.012226897448594435,0.24871138049632668
small_emergency,20.644796027942014,8.597531105965333,12.59614804224123,5,4,8,4,0.5,150,500,2750,0,0,1,0.48024940586996606,0.40974423209995653,5,3,0.04375385324604506,0.04128875376181884,0.2807444173953995
small_emergency,24.16997755666449,7.466751906013901,10.92255120691381,6,4,8,4,0.5,150,500,2900,0,0,1,0.5395022686548487,0.5532127315952811,6,4,0.048050550165647105,0.1289487701584059,0.40248006500134803
small_emergency,23.49798183099634,9.510695948789984,12.261703403321741,9,3,8,4,0.5,150,500,2850,1,1,1,0.2745211164534052,0.6387905784941933,4,4,0.0001686866851728444,0.3745939508767645,0.5614621513804485
small_emergency,30.70589847328987,7.884993820307961,10.906448396592221,8,4,8,4,0.5,150,500,3200,1,0,1,0.48677746573190406,0.7038473331722748,1,1,0.012586207008131381,0.36690676506304354,0.5980050297587498
small_emergency,13.23467566983532,9.566894072656638,11.118807244355448,8,4,8,4,0.5,150,500,3200,0,0,1,0.17292283641539494,0.2975740872869707,3,3,1.5241914998870368e-05,0.01284655877098659,0.20732663720154976
small_emergency,18.32897716852171,6.908038093154254,13.433676517173499,4,5,8,4,0.5,150,500,3100,1,1,1,0.6633206462296947,0.2728810262044065,5,3,0.27737070127310826,0.003805283858901832,0.5003746713980834
small_emergency,22.50540465403639,9.235744302314254,11.495344044172114,5,5,8,4,0.5,150,500,3250,0,1,1,0.4873544333269833,0.3915568697649573,4,4,0.046637668254283865,0.018158645908897143,0.2600630326699078
small_emergency,18.338422049289633,7.541901115251923,12.807113544886555,10,5,8,4,0.5,150,500,4000,0,1,1,0.2431538383896866,0.2863786907958123,5,3,3.055103242006574e-05,0.0046996454421437475,0.21540436612186908
small_emergency,18.039762129048107,9.326084894914592,12.994243233522381,4,3,8,4,0.5,150,500,2100,0,0,1,0.4835834739957435,0.4627629277789045,4,3,0.07657648480990537,0.12315333780032005,0.38391310926063593
small_emergency,25.59000770480661,8.916966597081794,10.098378884842832,10,4,8,4,0.5,150,500,3500,0,1,1,0.2869810874157733,0.6335177159775602,6,4,0.00011646855278847246,0.2260942450074921,0.43738226928642265
small_emergency,13.984564645263472,6.268468438210206,10.201534611870386,6,4,8,4,0.5,150,500,2900,0,0,1,0.3718230054415118,0.34270737632432274,5,3,0.007747246734884162,0.02148099460274542,0.2867813099750769
small_emergency,24.793444313820316,7.287289054873488,14.997019499641535,9,3,8,4,0.5,150,500,2850,0,1,1,0.37803182023330084,0.5510749277973298,6,3,0.0016088080668786844,0.2186270825229407,0.42414104799764524
small_emergency,20.02455257146674,9.123121296955349,11.101819913404642,4,4,8,4,0.5,150,500,2600,0,0,1,0.548730854267758,0.4509295036232876,7,3,0.12485045194693553,0.05887602029159979,0.3834134024355127
small_emergency,30.824312848887004,9.288491250973653,11.859043812973924,5,5,8,4,0.5,150,500,3250,0,1,1,0.6637097891577578,0.5198448261935733,6,4,0.19169084292754485,0.06185764045398641,0.4455324249463578
small_emergency,14.503091855437685,5.414744564688592,13.913537042376506,8,4,8,4,0.5,150,500,3200,0,0,1,0.3348055407363379,0.26059318725471403,5,3,0.0012738593674166694,0.00791758954552206,0.26574481780817216
small_emergency,11.795366317570677,8.675441257485222,13.754588357164842,10,2,8,4,0.5,150,500,2500,0,1,1,0.1359627247477881,0.4287793284422941,4,2,2.0459357024673502e-07,0.22526753448501863,0.41323866297093914
small_emergency,16.858998548164752,9.082713447614147,14.995708561051885,9,5,8,4,0.5,150,500,3850,0,1,1,0.2062403566633773,0.22485097625799905,4,3,1.986271501310906e-05,0.0016180853912460208,0.17842295005910852
small_emergency,15.588339996243615,8.676613889789117,10.181392156939973,8,5,8,4,0.5,150,500,3700,0,1,1,0.22457407051655848,0.30621234809461867,4,3,9.282099800973027e-05,0.006290047748938128,0.21985359785648995
small_emergency,24.89982622577419,9.590412971432531,10.215746159766333,9,5,8,4,0.5,150,500,3850,0,1,1,0.28848052390032763,0.48747934485372396,5,4,0.00024168511701954436,0.04668970017526846,0.24909028366086722
small_emergency,17.58774576737823,8.577585260085668,12.255504965872563,5,5,8,4,0.5,150,500,3250,0,1,1,0.4100861777316236,0.2870178881466599,4,3,0.02214639379386609,0.004745590046421774,0.22507089633380165
small_emergency,10.527615819718477,9.234543783590112,13.546644516670009,3,5,8,4,0.5,150,500,2950,0,1,1,0.38000851536113667,0.1554276530511091,3,2,0.06716775830504461,0.0003044678479463834,0.2495802973601547
small_emergency,13.577442918661799,8.20489272842676,14.16104549150276,10,2,8,4,0.5,150,500,2500,0,1,1,0.16547983463112498,0.4793940859383882,5,2,1.1645126296579e-06,0.2983955680813689,0.49089148538693633
small_emergency,15.561105024137985,8.898575310975975,13.119187190914126,7,4,8,4,0.5,150,500,3050,0,0,1,0.24981695673309623,0.29653332934594917,4,3,0.0004381980016578993,0.012683685928327523,0.20172365803041103
small_emergency,13.595989463292067,9.80817404399074,11.143266933909272,7,3,8,4,0.5,150,500,2550,0,0,1,0.19802709457747847,0.4067026765708206,3,3,0.0001083645032986507,0.08250176915137265,0.2743061995270065
small_emergency,14.783615187861384,5.9191694533055585,10.106177706101501,7,4,8,4,0.5,150,500,3050,0,0,1,0.35679752767644207,0.3657073825976741,5,3,0.0034133326080369925,0.02722130609860287,0.2985266376391898
small_emergency,27.76390480982031,6.712356151188525,11.920713143975707,7,5,8,4,0.5,150,500,3550,0,1,1,0.5908911902695042,0.46580946080144836,7,4,0.05415761537520269,0.03833210278833509,0.325356300878767
small_emergency,21.160663003158074,5.422474191420243,12.578757776819817,8,3,8,4,0.5,150,500,2700,1,0,1,0.4877999935121803,0.5607512649130061,6,4,0.012744421417422684,0.23219950522537575,0.5088606924834053
small_emergency,11.705341846014868,7.873166427565093,13.1569747980889,7,3,8,4,0.5,150,500,2550,0,0,1,0.21239125422692115,0.29655606058506984,4,2,0.0001658806130294035,0.032239287410903816,0.2354241821292509
small_emergency,13.554282294030367,6.717512834940968,10.112741384516472,5,5,8,4,0.5,150,500,3250,0,1,1,0.4035506184231795,0.26806346130403785,4,3,0.020670116387923966,0.003519427897717825,0.2719393200236801
small_emergency,11.245067680372697,6.560679588639546,11.463389474118992,8,5,8,4,0.5,150,500,3700,0,1,1,0.2142511977692948,0.1961909731107156,4,3,6.738089637515217e-05,0.0008784107309111784,0.24060325962205584
small_emergency,15.757494955365171,7.871765081644249,14.892241882521112,8,5,8,4,0.5,150,500,3700,0,1,1,0.2502217544593213,0.2116201855928703,4,3,0.00019207170813629617,0.0012341942043192157,0.1956116343549873
small_emergency,18.237085410217077,5.676268494190032,10.389733562519078,8,3,8,4,0.5,150,500,2700,1,0,1,0.4016081477841411,0.585099553659627,5,4,0.003948850263068869,0.2698366002098476,0.5462063846024822
small_emergency,22.529792347567827,6.502849506520359,12.58821808794676,10,4,8,4,0.5,150,500,3500,0,1,1,0.34646030674671724,0.4474380764252119,6,4,0.0005029025495444042,0.05719355727853845,0.29091456020419426
small_emergency,27.72999660501598,8.966366644469632,11.871038959570496,6,4,8,4,0.5,150,500,2900,0,0,1,0.5154446928273444,0.583984196738313,5,4,0.03836959524883893,0.16042503816081052,0.394561153732099
small_emergency,11.318942539136827,6.425622900898997,13.640061420106928,7,2,8,4,0.5,150,500,2050,0,0,1,0.25164747702188234,0.4149153801628591,4,2,0.0004575301400960602,0.20795526387978683,0.4373531822689525
small_emergency,24.058221973924546,5.960637301541237,14.03163410926842,7,5,8,4,0.5,150,500,3550,0,1,1,0.5765975481395453,0.34291404388934554,6,4,0.047319793574686214,0.01026428947626371,0.29661891541123353
small_emergency,15.617915456281288,7.565314854366902,12.37929194162565,6,4,8,4,0.5,150,500,2900,0,0,1,0.34406841744037947,0.31540405400258986,4,3,0.005275141585147046,0.015877801771198366,0.234115212870678
small_emergency,18.249991410338605,6.590404626757365,12.670297462611725,4,5,8,4,0.5,150,500,3100,1,1,1,0.6922940412582085,0.28807518472540644,5,3,0.33861773304849907,0.004822328287340836,0.5741005583196993
small_emergency,10.847332750475482,8.179937210883926,12.23443062413758,7,5,8,4,0.5,150,500,3550,0,1,1,0.1894414253316974,0.17732468446998323,4,2,8.260254496493648e-05,0.0005558965177548309,0.2046253639051213
small_emergency,27.67741051321018,6.299138336265155,11.61940483774938,6,5,8,4,0.5,150,500,3400,1,1,1,0.7323067864130681,0.4763997967140485,7,4,0.24289545860259787,0.04225217838898962,0.5299624363679455
small_emergency,17.767951064256202,8.146871096819979,10.916378765281717,10,5,8,4,0.5,150,500,4000,0,1,1,0.21809539948645662,0.32552829919689336,5,3,1.2394156000180681e-05,0.008199044943871537,0.2225634190820086
small_emergency,15.0955320743934,7.089898711773744,11.471735447784088,5,4,8,4,0.5,150,500,2750,0,0,1,0.42583209402766814,0.3289722846012217,4,3,0.02603780929833497,0.01850849723602402,0.2727628140125602
small_emergency,13.110423321859251,9.876770251114941,10.761623881781983,8,4,8,4,0.5,150,500,3200,0,0,1,0.16592498089620034,0.3045642429497438,3,3,1.138964360451263e-05,0.013979868487634906,0.2081617098758568
small_emergency,24.134117860167816,5.266979212157881,12.037729939633406,10,5,8,4,0.5,150,500,4000,0,1,1,0.4582155517997587,0.4009745688131427,7,4,0.003911462910167654,0.020109511359314602,0.29695526589051013
small_emergency,28.260946593164928,9.948574725818032,14.677903156721491,9,3,8,4,0.5,150,500,2850,1,1,1,0.3156336725168566,0.6418025402178176,5,4,0.00045970511853969204,0.3815529744357179,0.5506592129459549
small_emergency,21.75893173066264,6.0949119230739965,12.100531486986855,6,3,8,4,0.5,150,500,2400,1,0,1,0.5950026296603267,0.5993932788286369,6,4,0.07848474845873682,0.29452595259625197,0.6197229790701371
small_emergency,25.54157947943154,6.997795873693236,10.012101464200887,6,5,8,4,0.5,150,500,3400,0,1,1,0.6083243910045499,0.5102141557545659,8,4,0.08788936159846851,0.0569761022458955,0.3876467346656836
small_emergency,12.882955348550606,8.207003574774118,12.043721318746352,9,3,8,4,0.5,150,500,2850,0,1,1,0.17441682218490895,0.35656076189945174,3,3,5.410232334429118e-06,0.05550822815362168,0.2603916041905558
small_emergency,26.48886655749081,5.185075908544747,10.839235900103311,9,4,8,4,0.5,150,500,3350,1,1,1,0.5676305317780396,0.6109486591494502,1,1,0.02309645710122472,0.19354520187443214,0.5017602919759951
small_emergency,13.595661994912094,7.280331110379411,12.45280981956628,9,5,8,4,0.5,150,500,3850,0,1,1,0.2074945613932472,0.21835492859691993,4,3,2.080690061907375e-05,0.0014197803360683106,0.21910013898424155
small_emergency,20.11465956573263,9.568424741502458,10.559758187005773,9,5,8,4,0.5,150,500,3850,0,1,1,0.2335768148205504,0.3809681852466009,4,4,5.1066003713840245e-05,0.016141869628395523,0.21540248459431727
small_emergency,17.127711070465406,9.613246064724354,12.334034130246192,3,5,8,4,0.5,150,500,2950,0,1,1,0.5938927376922576,0.2777308849578079,4,3,0.28477977942002697,0.004110371889501021,0.4739897612237012
small_emergency,13.176663001582412,6.008719109874399,12.374911531278554,9,3,8,4,0.5,150,500,2850,0,1,1,0.2436581973746305,0.3549294869240713,4,3,7.00466901150431e-05,0.054755304500217074,0.3020588303157118
small_emergency,13.354550928568525,7.302894739547514,10.421627446854856,6,5,8,4,0.5,150,500,3400,0,1,1,0.30477756663279826,0.2562853258125015,4,3,0.0028742407452483905,0.0028886469542925433,0.2386491933113664
small_emergency,23.977899318013883,5.5548972150153775,11.689788343496359,10,5,8,4,0.5,150,500,4000,0,1,1,0.43165333920490023,0.4102366717589723,7,4,0.0025535536637091138,0.022181317636110344,0.2903009522308536
small_emergency,15.997379257650026,9.727378575539763,10.32123236853826,7,5,8,4,0.5,150,500,3550,0,1,1,0.23493892791390533,0.3099897122055716,4,3,0.0003042222094548462,0.006633815854016436,0.20662831263751189
small_emergency,13.21712563835932,8.134100192108402,13.356448060063494,8,4,8,4,0.5,150,500,3200,0,0,1,0.203112903182309,0.24739222544276657,3,3,4.672241455033199e-05,0.006546547887334387,0.2044027032122978
small_emergency,18.563080586121828,9.98324025740585,14.80846877457301,4,5,8,4,0.5,150,500,3100,0,1,1,0.46485610151351436,0.250708981039224,4,3,0.06597677227074815,0.0026216764397151288,0.23629525403368656
small_emergency,10.73005396151916,6.532340021207025,14.512329681622253,7,5,8,4,0.5,150,500,3550,0,1,1,0.23465784797931513,0.1478750027999599,4,2,0.0003020559009179209,0.00024212841752442482,0.2225356075114125
small_emergency,29.324310180961227,7.111814457729339,11.48883374676534,10,4,8,4,0.5,150,500,3500,0,1,1,0.41233232890504706,0.6381045897982777,8,4,0.001833680245912225,0.23332608659651796,0.46281189598195205
small_emergency,23.12336809715081,9.645792783259619,13.502416708375709,7,3,8,4,0.5,150,500,2550,0,0,1,0.34246415756784176,0.5708451703268573,5,3,0.0027107874146538916,0.2471702205699814,0.42761396611982405
small_emergency,13.383410563905617,9.412021164583642,14.094022712167149,4,4,8,4,0.5,150,500,2600,0,0,1,0.3554871565277036,0.23739515036313813,4,2,0.024547059468011428,0.005628155360264431,0.20737438362305688
small_emergency,14.951267584791562,5.216923865565507,13.326049923891066,5,5,8,4,0.5,150,500,3250,0,1,1,0.5731832769681744,0.2243915889582072,5,3,0.0957073761640011,0.0016034113775610676,0.36403561919987426
small_emergency,31.25556838410317,8.348985436139882,13.406426532552757,7,5,8,4,0.5,150,500,3550,0,1,1,0.5348052445272243,0.4662773977571144,6,4,0.031371244470788144,0.03849895907699881,0.2642363281953857
small_emergency,10.577463524736235,7.958837145140736,13.475021302814866,4,3,8,4,0.5,150,500,2100,0,0,1,0.33225530727168795,0.2616560742783799,3,2,0.019189822714483287,0.022382177641585857,0.2414298818773015
small_emergency,24.650787326151768,8.768148080273152,13.822873879889496,6,4,8,4,0.5,150,500,2900,0,0,1,0.46856696724841784,0.44583325327910817,6,3,0.02405607046704207,0.05643290655328898,0.26688200194949563
small_emergency,10.917664177035855,9.45378840942659,10.388156777677635,10,4,8,4,0.5,150,500,3500,0,1,1,0.11548454126760019,0.2627430546797301,3,3,4.682973015692977e-08,0.008158872786683348,0.21020008846227572
small_emergency,13.124336487741388,7.658337149578241,14.141139678469504,10,3,8,4,0.5,150,500,3000,0,1,1,0.17137318756545172,0.30936536437073164,5,2,1.5800954910100909e-06,0.036490542535035926,0.23778442957756968
small_emergency,18.618944951244956,7.140768075916582,14.342308854545594,6,4,8,4,0.5,150,500,2900,0,0,1,0.4345691470277644,0.3245458095358186,5,3,0.016651897514875932,0.017617955447504424,0.244034591541121
small_emergency,34.87068611187139,7.9263077014613135,11.211148555356857,9,5,8,4,0.5,150,500,3850,0,1,1,0.488817848742171,0.6220716091610373,1,1,0.008841345663826675,0.13989785028346094,0.3640982703398076
small_emergency,14.6310856928108,8.646999834419457,12.681177528257411,6,3,8,4,0.5,150,500,2400,0,0,1,0.2820069768509311,0.3845879890414597,4,3,0.0019394010511189037,0.06963585671642639,0.26607933545388507
small_emergency,23.0871945524122,6.827659613242158,13.45034838635372,5,5,8,4,0.5,150,500,3250,0,1,1,0.6762842865697312,0.3432951160705355,7,3,0.21069918237912075,0.01031355843208373,0.44182332919292255
small_emergency,13.329624225199087,7.26466182006627,13.907127924289549,4,4,8,4,0.5,150,500,2600,0,0,1,0.45871454705504416,0.23961856642445525,4,3,0.06276695517842308,0.005823875761814474,0.278149060544139
small_emergency,17.15325708971457,6.399412677054789,14.330117325381586,6,3,8,4,0.5,150,500,2400,0,0,1,0.4467404003916872,0.3990024808178559,5,3,0.019057319580032893,0.077838591786938,0.3229433509012787
small_emergency,11.264914288671534,7.186626291293745,13.465831970160629,3,5,8,4,0.5,150,500,2950,0,1,1,0.5224943217245269,0.16731107760194575,4,2,0.18255609313942203,0.0004265969253661282,0.39639206820811856
small_emergency,17.254707322167526,8.271216054862602,14.926729622405208,10,3,8,4,0.5,150,500,3000,0,1,1,0.2086114932522356,0.385320110491986,4,3,8.528070794160798e-06,0.07003646941382323,0.25794011523217514
small_emergency,33.7176835797204,6.895034056670255,13.946741512882905,7,5,8,4,0.5,150,500,3550,0,1,1,0.6985914645773611,0.4835205922268603,8,4,0.14147172011252182,0.04506322254423723,0.4032681946874855
small_emergency,14.749205923454408,9.28671983193834,11.93290837009855,10,5,8,4,0.5,150,500,4000,0,1,1,0.15882040365565683,0.2472021985924727,3,3,8.12407934436829e-07,0.0024635982452124064,0.19394692463905727
small_emergency,23.11394474957566,8.614060053199143,13.62094347222974,6,3,8,4,0.5,150,500,2400,0,0,1,0.44721352081804633,0.5656471789613342,6,3,0.019156082088458547,0.23935386967024896,0.4480155817690369
small_emergency,21.811526490432918,8.179306903982653,11.933822810241034,6,5,8,4,0.5,150,500,3400,0,1,1,0.4444452883045728,0.3655413162614634,5,4,0.01858393195033461,0.013514707686467536,0.2381538331192987
small_emergency,24.81169056687513,9.965168444736527,12.946848991213066,9,4,8,4,0.5,150,500,3350,0,1,1,0.2766490624538018,0.47910674218326493,4,4,0.00017844091239710799,0.07392708798135299,0.2516939329946729
small_emergency,23.22904183578253,9.696665627804869,13.354273692076042,9,5,8,4,0.5,150,500,3850,0,1,1,0.2661744508358972,0.34788925809669197,5,3,0.00013461371790244933,0.010921727467461024,0.18906697017466875
small_emergency,18.660869312284525,7.857012756857074,11.422862225321332,9,3,8,4,0.5,150,500,2850,0,1,1,0.2638954508222758,0.5445473864661383,5,3,0.0001263847812919974,0.209877991145477,0.42482294357838174
small_emergency,22.86215536758653,8.139805955768033,13.766189696360371,9,4,8,4,0.5,150,500,3350,0,1,1,0.3120761722197231,0.4151866978418697,6,3,0.0004242116639457227,0.04334565156390013,0.2392646566750836
small_emergency,23.797924206394356,8.831826813397047,12.62588416272926,4,4,8,4,0.5,150,500,2600,1,0,1,0.6736410458789555,0.4712130235727211,5,4,0.2977426299724053,0.06943446002890676,0.5596063219834967
small_emergency,15.537600331464347,9.916038977671327,12.269461462673004,8,4,8,4,0.5,150,500,3200,0,0,1,0.19586450253033874,0.3165909192252223,3,3,3.635722481336515e-05,0.016096353610308273,0.19848259992359812
small_emergency,16.05468144493198,8.294036159332126,13.927820526000483,4,3,8,4,0.5,150,500,2100,0,0,1,0.4839224575500517,0.3842353131743541,4,3,0.07678016562127077,0.0694434722495547,0.33859094084825025
small_emergency,21.265977830904916,6.851181287682101,12.03697914874691,9,3,8,4,0.5,150,500,2850,1,1,1,0.3448874473522384,0.5889068336307833,5,4,0.0008559634681758804,0.2762128756717693,0.5061063922584342
small_emergency,26.483308681032536,5.97872290518623,13.867547077032938,10,3,8,4,0.5,150,500,3000,1,1,1,0.4429592924947173,0.6365775801089217,7,4,0.0030735898385569915,0.369564330966029,0.6120085274619856
small_emergency,23.56477296687135,8.335956612117634,11.6360387802267,4,5,8,4,0.5,150,500,3100,1,1,1,0.7067207179502415,0.4050308427454768,5,4,0.3743347666972642,0.020997634073954826,0.6012345366564069
small_emergency,21.85209173701644,9.109251315022721,10.676907083825581,5,4,8,4,0.5,150,500,2750,0,0,1,0.4797779967049232,0.5116671795833111,4,4,0.04356770247100033,0.0950100493050498,0.3420163404182206
small_emergency,10.465499568045963,7.513902107745903,10.438815921069372,8,2,8,4,0.5,150,500,2200,1,0,1,0.17410227432390504,0.5012780974000477,3,3,1.598814043028782e-05,0.33561229916500307,0.5645112349198091
small_emergency,24.367380029401012,7.076301990444174,10.054887027425274,7,5,8,4,0.5,150,500,3550,0,1,1,0.4919312791646315,0.4846872960966663,6,4,0.01993217548055678,0.04553775833939135,0.30624080978432533
small_emergency,13.52298676865196,8.98266651327485,11.90917860801587,8,3,8,4,0.5,150,500,2700,0,0,1,0.1881816878744648,0.3785032036704268,3,3,2.7542172418837157e-05,0.06637054803781704,0.26169245521908835
small_emergency,29.788560768000945,9.453281633611226,10.478087668175704,6,5,8,4,0.5,150,500,3400,0,1,1,0.5251890634832997,0.5685877368343742,1,1,0.04207477879126203,0.0922741642851273,0.3355695764515519
small_emergency,13.82432542246213,9.838742978648149,10.36836375586055,5,4,8,4,0.5,150,500,2750,0,0,1,0.28101812299525286,0.33332948544190866,3,3,0.0043273877898775005,0.019416659664143153,0.2218302811804389
small_emergency,25.022589918685973,6.262327084949777,10.78501260360613,10,5,8,4,0.5,150,500,4000,0,1,1,0.39957334676469797,0.4640252327627192,7,4,0.0014576757823854662,0.03770114081581205,0.2915651283343027
small_emergency,10.560389903765401,7.263239328910144,14.84243551637654,9,3,8,4,0.5,150,500,2850,0,1,1,0.16155004713991708,0.23716660005279,3,2,2.9549062202426855e-06,0.016828994153547685,0.22188595219326143
small_emergency,28.766893545924198,7.493236916505774,12.97326385077649,7,5,8,4,0.5,150,500,3550,0,1,1,0.5484353780132006,0.4434796652070313,6,4,0.035978263216537916,0.031008781201618103,0.2775223238865107
small_emergency,28.17300150809657,8.274262680914095,10.432873088245028,6,4,8,4,0.5,150,500,2900,1,0,1,0.5674826183824629,0.6751017018466317,1,1,0.061802315780839584,0.3007482674044647,0.5792581468407677
small_emergency,25.48729454598748,6.441859240136171,11.33325393759305,6,5,8,4,0.5,150,500,3400,0,1,1,0.65941869668072,0.44977893703492644,7,4,0.13420816750662873,0.03295211711829737,0.4106308834388705
small_emergency,19.930972682912994,6.256775604423922,14.49572078619963,7,4,8,4,0.5,150,500,3050,0,0,1,0.4550717481112015,0.34373890365437865,6,3,0.013056617305797685,0.02171745218564989,0.26358667808559044
small_emergency,16.335853488034452,5.446526242321326,10.178044518417783,9,4,8,4,0.5,150,500,3350,0,1,1,0.33325733710781297,0.4012522606497187,7,3,0.0006738825928990238,0.038227986034365,0.3207558335848788
small_emergency,18.365214020393235,8.433910114262044,11.917862169362465,7,3,8,4,0.5,150,500,2550,0,0,1,0.31107777618790533,0.5136607488661049,4,3,0.0015703187099572948,0.17250872989123386,0.37655568055247135
small_emergency,21.189066244336566,6.316084326292918,10.473218194424845,9,4,8,4,0.5,150,500,3350,0,1,1,0.3727532078719096,0.5057916738432899,6,4,0.0014617222787248073,0.09088099292956699,0.3461502923901211
small_emergency,15.384158016393574,6.462145839825901,14.154738787426673,6,3,8,4,0.5,150,500,2400,0,0,1,0.396776303045286,0.36228522116468315,4,3,0.010665821265997017,0.05820876388752701,0.29426966222376305
small_emergency,10.482107148773173,7.312769944816109,13.431620305994432,4,2,8,4,0.5,150,500,1600,0,0,1,0.3583494089063936,0.3902026304337641,4,2,0.025275539877016792,0.1796043011485169,0.4160781110939909
small_emergency,33.19847946854924,7.536763911281033,14.744150608123691,7,4,8,4,0.5,150,500,3050,0,0,1,0.6292674123677505,0.5629093250420548,7,4,0.07695979076611706,0.1382186702056109,0.4156849086555309
small_emergency,13.457854675523894,7.726575310950467,13.170657132919237,5,3,8,4,0.5,150,500,2250,0,0,1,0.34835238469625185,0.34060195427118123,4,3,0.010984507389637386,0.04844957326566167,0.26478388215976667
small_emergency,28.227249249735923,7.387790575382605,13.796350912099,6,4,8,4,0.5,150,500,2900,0,0,1,0.6367995266810891,0.5114984648763435,6,4,0.11146472211741039,0.09488936015992312,0.41419548289297425
small_emergency,32.62858879087405,5.26532154509962,14.96704905863958,8,5,8,4,0.5,150,500,3700,1,1,1,0.7746105463692227,0.4360056369567322,1,1,0.22446708329264717,0.028820678013020917,0.5100231233351897
small_emergency,32.13320272218445,8.145626315456123,11.445086710005183,7,4,8,4,0.5,150,500,3050,1,0,1,0.5635487504540144,0.7018995036117532,1,1,0.04173712923304131,0.3619631291164077,0.6138392639756544
small_emergency,26.262425032044987,9.942389031221502,13.561618264770928,10,3,8,4,0.5,150,500,3000,1,1,1,0.2641460211381252,0.6455086337365061,5,4,5.996742177858111e-05,0.3902998468973967,0.5646767750341429
small_emergency,16.273618938003118,9.148503829619456,11.642650380635102,7,3,8,4,0.5,150,500,2550,0,0,1,0.2541183507954787,0.465919654774099,4,3,0.0004847092471782094,0.12583385518634566,0.32151715129931885
small_emergency,12.264083098610357,8.939178869417951,12.268270502087582,8,4,8,4,0.5,150,500,3200,0,0,1,0.17149342346990223,0.24991467005319715,3,3,1.437695765965803e-05,0.006794227038375224,0.2001867839140047
small_emergency,26.235541684661595,6.052660727009306,11.884570977030346,9,4,8,4,0.5,150,500,3350,0,1,1,0.48161632026994333,0.5518823888419654,7,4,0.008030450562110986,0.1277202797735418,0.38511003522174647
small_emergency,13.689243595934204,8.941759405348284,10.553075159280672,7,4,8,4,0.5,150,500,3050,0,0,1,0.2187048587799069,0.32429513173455177,3,3,0.000197989349301951,0.017568473920581022,0.22436038634372787
small_emergency,11.687079587777598,6.700470714565522,12.900451983061,7,5,8,4,0.5,150,500,3550,0,1,1,0.24917395648407117,0.18118868397980742,5,2,0.00043156575483990387,0.0006130517257982172,0.22780452746354662
small_emergency,17.882032050888007,6.191894904595749,13.449420328234512,8,3,8,4,0.5,150,500,2700,0,0,1,0.36099676121795127,0.4431921380122747,5,3,0.0020443328271322445,0.10752358910865542,0.3454220179232173
small_emergency,19.411010048814305,7.403243183876789,13.387875813991757,10,3,8,4,0.5,150,500,3000,0,1,1,0.26219603444999245,0.4832982298936408,5,3,5.6481513649687484e-05,0.1414418634457884,0.3512687290837599
small_emergency,14.969731500096934,8.746169795745244,13.545217175892885,10,3,8,4,0.5,150,500,3000,0,1,1,0.1711575678233376,0.3683891099888092,3,3,1.5628816353424157e-06,0.06119039583067277,0.24935451915512996
small_emergency,22.285701207704886,8.618235868029187,13.527415676899345,8,5,8,4,0.5,150,500,3700,0,1,1,0.3232346728055084,0.3294894123163819,5,3,0.0010190422949816031,0.008639113369983712,0.19961513321622046
small_emergency,21.647529136230666,9.591860011868985,14.26436237009947,5,4,8,4,0.5,150,500,2750,0,0,1,0.45137291639877924,0.3793988222987024,4,3,0.03345869207724991,0.031133963756274724,0.23895250297522605
small_emergency,24.702267520021095,9.445946132621266,12.409696186019097,5,4,8,4,0.5,150,500,2750,0,0,1,0.523023679644173,0.49764045690036607,5,4,0.06354267443019998,0.08539800640935391,0.3353883509609078
small_emergency,30.233862049705596,7.3308961487119575,10.724415357572056,7,5,8,4,0.5,150,500,3550,0,1,1,0.5891671444175095,0.5638323589986423,1,1,0.0532901168387081,0.08883454928152151,0.37177881333108487
small_emergency,33.497905899283424,9.512476435553992,14.966130011091106,8,5,8,4,0.5,150,500,3700,0,1,1,0.4401838223493659,0.4476495376487947,6,4,0.006890747220568037,0.03228480651365666,0.21111819051744257
small_emergency,16.52502677165653,5.509274485498294,12.476650416128024,8,3,8,4,0.5,150,500,2700,0,0,1,0.37493654598156,0.4414920730726293,5,3,0.0025870316822714096,0.10624294593365109,0.37049179800623927
small_emergency,13.166485203489113,6.431943448576418,10.339065800136177,6,3,8,4,0.5,150,500,2400,0,0,1,0.34117436170357013,0.4244898413457463,4,3,0.0050580123068331454,0.09407072019001546,0.351323273632149
small_emergency,18.34032364863407,6.581715978983019,11.344020374581593,5,5,8,4,0.5,150,500,3250,0,1,1,0.5573113062672128,0.32334786156994233,6,3,0.08429795892409035,0.007964143142170648,0.3323503318894964
small_emergency,32.288792972951626,8.749030540907558,13.318118731907061,10,4,8,4,0.5,150,500,3500,0,1,1,0.36905566647618804,0.606106493396761,6,4,0.0008095353323798524,0.1871665618360391,0.37736015508199455
small_emergency,14.597384959051778,5.52643208890092,11.016457070131079,4,5,8,4,0.5,150,500,3100,1,1,1,0.6603439942910283,0.26501051773949486,5,3,0.2717643794163537,0.003346850134150942,0.5468330877455247
small_emergency,19.303242613069223,7.484842674053059,10.038519725675846,6,5,8,4,0.5,150,500,3400,0,1,1,0.4298296226493801,0.38458344737215977,5,4,0.015782961450108882,0.016810129198699956,0.2658127140559705
small_emergency,10.990566326399527,6.383552253649962,12.19810085633609,9,3,8,4,0.5,150,500,2850,0,1,1,0.19130007678222985,0.3003354499152948,6,2,1.1125319455146189e-05,0.03345632390961401,0.27210001491280156
small_emergency,33.14025471375038,9.709400802106085,11.724016395035633,9,4,8,4,0.5,150,500,3350,1,1,1,0.37924590804319436,0.7066745217062121,1,1,0.0016443003081272846,0.3742140485715222,0.5641463180914421
small_emergency,10.959808097135978,6.4661533455890945,11.455182148406857,9,3,8,4,0.5,150,500,2850,0,1,1,0.18832780327859486,0.31891848757901026,4,3,9.85229304702157e-06,0.03990075098717627,0.28185878966656425
small_emergency,13.242475881749607,8.48893244972231,14.649382081247316,7,3,8,4,0.5,150,500,2550,0,0,1,0.22285278861928706,0.3013204654481937,4,2,0.0002217023895612105,0.03377858947319968,0.22006299937165713
small_emergency,27.169081482487844,8.807709449851139,14.394368456416721,6,4,8,4,0.5,150,500,2900,0,0,1,0.5141155339948049,0.4718699810406828,5,4,0.037885703166162465,0.06979983751929948,0.2906940509781796
small_emergency,25.885917910551363,6.925866485266472,11.420090726765883,8,5,8,4,0.5,150,500,3700,0,1,1,0.4671963783452036,0.4533399695307348,6,4,0.009851805007130818,0.03409225352213902,0.2758953030307407
small_emergency,14.750967635463088,8.130088467812765,11.960746092099983,10,5,8,4,0.5,150,500,4000,0,1,1,0.18143674197227444,0.2466563126058839,4,3,2.5906866814616883e-06,0.002439653082133908,0.20904895988859395
small_emergency,20.7318015731515,6.189783168315444,11.399587768052001,6,4,8,4,0.5,150,500,2900,0,0,1,0.5582263818026894,0.45466121220746164,6,4,0.056925890371843965,0.06071676795163718,0.3669216764257357
small_emergency,17.1756003037673,5.219382293010023,11.619559098116191,7,5,8,4,0.5,150,500,3550,0,1,1,0.47010489910625897,0.29563256503513763,6,3,0.015580418502921866,0.005398388912601711,0.2986341460690139
small_emergency,27.944066387522366,6.690487764732142,14.051331796106926,6,4,8,4,0.5,150,500,2900,0,0,1,0.6961143285353357,0.4971782531543482,6,4,0.18085926992016332,0.08509540193869135,0.486588236721211
small_emergency,17.09935238758712,6.350731174441673,12.450939671130659,5,3,8,4,0.5,150,500,2250,0,0,1,0.5385002739968888,0.45777943510653235,5,3,0.07230229664160732,0.11901408323869023,0.4290937870676916
small_emergency,26.62466221324483,8.430792541921472,12.164597126581944,7,4,8,4,0.5,150,500,3050,0,0,1,0.45114657422869336,0.5471751743233837,5,4,0.012455066532199507,0.12345451334376967,0.336728154551992
small_emergency,31.19861188039326,7.587294406028257,11.772762509573283,8,5,8,4,0.5,150,500,3700,0,1,1,0.5139943537647185,0.5300134417053503,1,1,0.017389149797737237,0.0673820907456627,0.3015123591729145
small_emergency,24.90909251384318,5.686588990065917,10.086866770399627,8,5,8,4,0.5,150,500,3700,0,1,1,0.5475402863948332,0.493891573683516,1,1,0.025295824591801484,0.04942432045310831,0.34971130161833747
small_emergency,34.30814780726037,5.8955889163981485,10.537306793643872,10,5,8,4,0.5,150,500,4000,0,1,1,0.5819291048572734,0.6511748870775049,1,1,0.020541384569773887,0.1744253955561786,0.4594860288753633
small_emergency,18.537330418599993,5.182813178389162,10.542630157673077,10,4,8,4,0.5,150,500,3500,0,1,1,0.35766927690728506,0.43958030731800496,6,4,0.000639858960963048,0.05354381753250444,0.34198207452988716
small_emergency,14.410762584384543,6.71830567101092,11.009198089716357,4,5,8,4,0.5,150,500,3100,0,1,1,0.5362498853902297,0.2617949548540792,4,3,0.11402350892295414,0.0031720539792985795,0.356875753010584
small_emergency,11.37079264738816,9.379196837373161,10.864275328365082,9,2,8,4,0.5,150,500,2350,1,1,1,0.13470464765501164,0.5233111415034114,3,3,6.883005504645203e-07,0.3771345687444004,0.5757989898165449
small_emergency,14.58484842440319,9.01450544850227,11.210393000875152,4,4,8,4,0.5,150,500,2600,0,0,1,0.40448276690615387,0.3252528350983014,4,3,0.03937140865727458,0.017758061532175868,0.25726472858088373
small_emergency,21.895686674892495,6.975247000764875,14.605473891583637,10,5,8,4,0.5,150,500,4000,0,1,1,0.3139055387213028,0.2998285004296892,6,3,0.00023558555847995994,0.0057397763055042315,0.21780694121700975
small_emergency,13.645054309295375,9.291950215956971,12.222953978967933,9,3,8,4,0.5,150,500,2850,0,1,1,0.16316457904322942,0.3721155658655143,3,3,3.197248442332288e-06,0.06306370076599009,0.25250021578618753
small_emergency,14.935532740353674,7.189995552950121,12.167889595662508,5,5,8,4,0.5,150,500,3250,0,1,1,0.41545318436881334,0.24549093124049626,4,3,0.023418366690831263,0.0023891215694093223,0.2470731528667441
small_emergency,27.354433971073828,8.55469616204834,10.71279034020937,10,4,8,4,0.5,150,500,3500,0,1,1,0.31975926967959156,0.6383592206691878,6,4,0.00027189674025941273,0.23373410436383824,0.44424722143255124
small_emergency,22.992677534541897,7.927853257105079,11.583786275944,6,4,8,4,0.5,150,500,2900,0,0,1,0.4833733418298634,0.49622543499206934,5,4,0.02800590269956227,0.08447435120142983,0.32494536517863737
small_emergency,23.913473152288464,6.960858967619009,12.508570646948074,9,3,8,4,0.5,150,500,2850,1,1,1,0.38171331797365116,0.6372556819171298,6,4,0.0017184138458082416,0.37109807792256694,0.596422108295163
small_emergency,22.801972195978347,5.385815384400336,12.792287093310202,8,3,8,4,0.5,150,500,2700,1,0,1,0.5292135584061881,0.59415938238552,7,4,0.020673443215040395,0.2852450082322341,0.5697634628655043
small_emergency,20.50423281081109,9.215185479802598,14.436995336191256,4,3,8,4,0.5,150,500,2100,0,0,1,0.5562620756725756,0.47341874892324337,4,3,0.13180350679703828,0.1323888688518811,0.44197540138290364
small_emergency,31.88281825568436,8.31815029871325,14.944636904075104,9,5,8,4,0.5,150,500,3850,0,1,1,0.4258801818345008,0.42667906166379393,6,4,0.003584090998107108,0.026261172258016392,0.2169779344328865
small_emergency,10.468353211869916,6.964428565848674,12.041009643647389,8,5,8,4,0.5,150,500,3700,0,1,1,0.18788966519097067,0.1738783295035865,4,2,2.7246121391107767e-05,0.0005084307625612616,0.22717198930370758
small_emergency,25.07958443509419,9.338899658705259,13.48202642357934,4,5,8,4,0.5,150,500,3100,0,1,1,0.671374180889615,0.37204473047510644,5,4,0.293139574876178,0.014579045110604705,0.48897044206933304
small_emergency,20.845335807885647,8.698506722026348,11.366530418489184,6,5,8,4,0.5,150,500,3400,0,1,1,0.3994044892613792,0.36678449870644636,4,4,0.011017106204223028,0.013713442596042864,0.22767040393563848
small_emergency,29.61168862080904,5.0638575259749405,13.162477676705533,9,5,8,4,0.5,150,500,3850,0,1,1,0.6497393751023595,0.44994095105991655,1,1,0.05516730466976853,0.03300332900028823,0.3616220816746314
small_emergency,10.17525018354599,8.107125514660678,13.233509192109743,6,5,8,4,0.5,150,500,3400,0,1,1,0.20918327063325093,0.15378007504786123,3,2,0.00041239705581292877,0.0002899254157275682,0.19961635038524678
small_emergency,21.200917233130763,9.310688367456404,13.775982259079079,6,3,8,4,0.5,150,500,2400,0,0,1,0.3795085890611878,0.5129922700347621,4,3,0.008569626403160974,0.1717679794884166,0.36033115534556487
small_emergency,30.940864121624404,8.407787138450967,13.794980930815335,9,4,8,4,0.5,150,500,3350,0,1,1,0.40889163042310167,0.5607268374780509,6,4,0.002732423283390111,0.13608285083070693,0.3302427662629221
small_emergency,17.01039067955821,7.97819451778717,14.94011811094938,5,5,8,4,0.5,150,500,3250,0,1,1,0.4264220593176564,0.22771427311664372,4,3,0.026193238838600842,0.0017118483406441437,0.2201806041726293
small_emergency,32.16366538055121,7.799324935830267,12.964826936784089,10,4,8,4,0.5,150,500,3500,0,1,1,0.41239037538737017,0.6202100794977786,7,4,0.0018355583258037205,0.20632004673249077,0.4135035961444904
small_emergency,27.78161560214384,5.742777774656335,10.227512720269914,9,4,8,4,0.5,150,500,3350,1,1,1,0.5375179571876623,0.6790902236445876,1,1,0.016293291106839813,0.3091176256063295,0.5973181598860389
small_emergency,26.083361278995252,7.1337185261653335,14.039075557466262,9,3,8,4,0.5,150,500,2850,1,1,1,0.4062609482826861,0.6193038654201984,6,4,0.002616812414436118,0.33259322487231696,0.5466191448715706
small_emergency,19.14003277642402,8.415709695845722,11.079813850846534,6,5,8,4,0.5,150,500,3400,0,1,1,0.37905364823979504,0.34549376070901516,5,3,0.008519131189727278,0.010601324853180391,0.2282000715132167
small_emergency,16.823952072711982,8.075068782372531,12.089431844986295,4,4,8,4,0.5,150,500,2600,0,0,1,0.520860952585253,0.34790617723878353,4,3,0.1017824712633476,0.022692158426834474,0.33102945725252503
small_emergency,21.153111261378804,9.67847300229245,10.179825794005199,5,5,8,4,0.5,150,500,3250,0,1,1,0.43711670748822595,0.41558886545653206,4,4,0.029138080549636552,0.02345123724981698,0.2541449098842977
small_emergency,11.576770829089924,6.314651131283739,14.398543090850858,9,2,8,4,0.5,150,500,2350,0,1,1,0.203702127505717,0.4020118825926927,4,2,1.806275504728553e-05,0.19276737412415687,0.42059878411328483
small_emergency,21.181984291210966,7.821439231091844,11.310464711614504,7,3,8,4,0.5,150,500,2550,1,0,1,0.38688503055272894,0.6242591803635791,5,4,0.005358547424439885,0.34279994967216487,0.5644259011311088
small_emergency,17.554059332643263,5.875638521861301,11.697961839727999,6,5,8,4,0.5,150,500,3400,0,1,1,0.49793338112191077,0.3001216720168653,6,3,0.0323837955468289,0.005764221764692498,0.2938272628789319
small_emergency,11.825059014217931,7.560976545513878,11.958303139636604,3,3,8,4,0.5,150,500,1950,0,0,1,0.5213197414838362,0.329619201992602,3,3,0.18119192443897666,0.04397525731124043,0.441049134420383
small_emergency,15.89447059704231,7.797398489926641,14.727455779229677,4,4,8,4,0.5,150,500,2600,0,0,1,0.5096081281973781,0.2698101904922792,4,3,0.09354576858864885,0.008989234516303478,0.29868329604267213
small_emergency,14.015272547509056,8.664211835211162,14.600932523599136,7,5,8,4,0.5,150,500,3550,0,1,1,0.23108643123942005,0.19197777299301272,5,2,0.000275600205183393,0.0007964764168265721,0.18497816013938717
small_emergency,33.55672825353345,7.611752668909062,12.770299020723499,10,4,8,4,0.5,150,500,3500,0,1,1,0.44085415952358964,0.6569291799486834,1,1,0.0029706462988032915,0.26547425095230764,0.47812738661268117
small_emergency,30.444912435583227,9.338760729847227,10.612819900619622,10,4,8,4,0.5,150,500,3500,1,1,1,0.3260059157344026,0.7171730209471877,1,1,0.00031572114875201427,0.40278790929064134,0.6044098833018471
small_emergency,12.103549691016116,8.062334081903664,12.215265932841454,7,5,8,4,0.5,150,500,3550,0,1,1,0.21446376566917824,0.19817087499462485,3,3,0.0001759153320471685,0.0009190530886452612,0.20699330389058673
small_emergency,27.699545376558408,8.487744124836631,10.187743289880606,7,4,8,4,0.5,150,500,3050,1,0,1,0.4662107920239737,0.679727212111639,1,1,0.014891924909135119,0.31047663758893135,0.541342662841141
small_emergency,19.918784981300135,9.656065585642086,14.189352259795868,5,4,8,4,0.5,150,500,2750,0,0,1,0.41256523797680117,0.35094598781894454,4,3,0.02272711944239738,0.023423102782452916,0.22018745112281052
small_emergency,30.49639415167917,8.25831301490729,13.824987698031096,10,4,8,4,0.5,150,500,3500,0,1,1,0.3692811606514473,0.5514723560300592,6,4,0.0008132403704525808,0.127343693882265,0.3215798353765843
small_emergency,19.88266823590189,8.90946473549341,12.27111538926932,8,5,8,4,0.5,150,500,3700,0,1,1,0.27895430345963396,0.324056413865827,5,3,0.00039374235959948754,0.00803991209404863,0.202166027357746
small_emergency,13.692883971640324,5.470131903411928,14.37131816148718,6,2,8,4,0.5,150,500,1900,1,0,1,0.41720151705725034,0.476396243468294,5,3,0.013641041399230953,0.2935830455126222,0.5596180746530698
small_emergency,16.012828860918336,8.951663651575242,10.531266750615085,7,4,8,4,0.5,150,500,3050,0,0,1,0.25554434004327753,0.3801258965352648,4,3,0.0005009771458313834,0.03135277722245494,0.23852017135103876
small_emergency,10.29527286191139,6.725391473936513,11.112821478680125,7,5,8,4,0.5,150,500,3550,0,1,1,0.21868664027768162,0.18528638980951512,3,3,0.00019788994043974762,0.0006784428896529082,0.23955271022677135
small_emergency,14.290474382904353,5.618059050651918,13.55294614692044,7,4,8,4,0.5,150,500,3050,0,0,1,0.36338107556523686,0.2636045740163938,5,3,0.0037810453206084914,0.00825702565184421,0.26382018321126066
small_emergency,24.984707534588857,5.438168266053384,14.548099984872795,10,4,8,4,0.5,150,500,3500,0,1,1,0.45943241018396974,0.4293465737891565,7,4,0.0039857008604616915,0.049063641585445225,0.3056722874316901
small_emergency,16.188663642558485,9.016783617619668,11.157434366707111,4,4,8,4,0.5,150,500,2600,0,0,1,0.4488480684765538,0.3627326657386432,4,3,0.05786843192993199,0.026421831920551496,0.2848208949475747
small_emergency,20.73298781649845,9.261648635276996,10.672057672226519,6,3,8,4,0.5,150,500,2400,1,0,1,0.3730975019128505,0.6475785786670107,4,4,0.007879178855154045,0.3952757531859891,0.6048297115994861
small_emergency,14.250025064057308,5.64221735464458,13.867573098619962,9,2,8,4,0.5,150,500,2350,1,1,1,0.28062302791742216,0.5137894339087856,5,3,0.00019792043626315446,0.35865796122309507,0.6082018374104492
small_emergency,10.477151263629569,8.783668184213928,12.536487865661575,3,3,8,4,0.5,150,500,1950,0,0,1,0.3975996908466701,0.27857752442046413,3,2,0.07701059177378561,0.026859485907878528,0.29748488716172355
small_emergency,15.067671065931512,9.371468921955225,14.832652330502093,7,3,8,4,0.5,150,500,2550,0,0,1,0.22968911874074935,0.3386148957087538,3,3,0.0002657745657323791,0.04761748750326975,0.22200894525063897
small_emergency,10.675736401643363,8.524730702436859,12.098011929359885,8,5,8,4,0.5,150,500,3700,0,1,1,0.15654066935204802,0.17648745040059197,4,2,7.5356391388638065e-06,0.000544067320276437,0.20051557045590862
small_emergency,22.737439959366522,6.488789819563209,13.374813968746903,10,4,8,4,0.5,150,500,3500,0,1,1,0.3504111027115544,0.42500478908524236,7,3,0.000548058877576066,0.04725253596548405,0.27667993186414414
small_emergency,16.07201144585118,7.206351147027421,14.924513368790592,10,2,8,4,0.5,150,500,2500,1,1,1,0.22302564942981992,0.5384434000863365,4,3,1.4941084278961454e-05,0.40829459198603807,0.6140798752339656
small_emergency,22.72602690890516,6.940670933202732,13.999963362246366,10,3,8,4,0.5,150,500,3000,0,1,1,0.32743270971381966,0.5410972948255547,6,3,0.00032652143428537115,0.20538061828704712,0.4212141881485143
small_emergency,11.157568286664674,7.264545591923442,14.391605831839911,3,3,8,4,0.5,150,500,1950,0,0,1,0.5119644968603592,0.2584276884974094,4,2,0.1706343540220946,0.021589176886879013,0.39936333921609213
small_emergency,17.310107517508637,7.816594179177146,13.601331602681084,5,4,8,4,0.5,150,500,2750,0,0,1,0.44290664503529015,0.3181693532509803,4,3,0.0308365665279223,0.01639037781194626,0.24868211350350122
small_emergency,16.512035499336214,8.619650103760268,13.892478277980212,4,4,8,4,0.5,150,500,2600,0,0,1,0.4789067798741895,0.2971398473501312,4,3,0.07381048654376574,0.012778420397944742,0.2745842942470534
small_emergency,23.943859072949405,8.709569620897843,10.893954723981539,9,4,8,4,0.5,150,500,3350,0,1,1,0.3054604190199942,0.5494758258045699,5,4,0.0003642395888185452,0.12552374351098855,0.3324982483593098
small_emergency,17.04589988490136,7.935061442751756,11.069756622136367,5,4,8,4,0.5,150,500,2750,0,0,1,0.42963498160362334,0.38496555224200696,5,3,0.027052392478415278,0.032838599118628346,0.2762501830676491
small_emergency,17.589639995661226,9.380138597199036,14.11256504391213,10,5,8,4,0.5,150,500,4000,0,1,1,0.1875200436901177,0.2492763001046225,4,3,3.4411144700431044e-06,0.0025561978467769308,0.18002671265884845
small_emergency,19.0790387210686,7.281587386618421,10.474932420242661,10,5,8,4,0.5,150,500,4000,0,1,1,0.26201757540025805,0.3642799391086977,5,4,5.61712885187531e-05,0.013315308259565808,0.2461701815414573
small_emergency,10.233681967033677,7.626820423662173,10.617327166078569,4,5,8,4,0.5,150,500,3100,0,1,1,0.3354504694801692,0.19277322450285597,3,3,0.019870284707069658,0.0008114813457467095,0.2459836669583098
small_emergency,18.331559305875558,5.473171468775902,13.756175745169827,7,5,8,4,0.5,150,500,3550,0,1,1,0.478478374283303,0.2665211559588031,6,3,0.017148054446009465,0.003431427227571611,0.2759835267771798
small_emergency,10.478279007308558,9.841217158700989,10.49129452784527,8,3,8,4,0.5,150,500,2700,0,0,1,0.1330917563134495,0.33291979934722177,3,3,2.3494386869709075e-06,0.04528814876297968,0.24222106734474663
small_emergency,13.42500964629425,5.338801444098742,13.200857762780071,8,5,8,4,0.5,150,500,3700,0,1,1,0.31432639392156125,0.20339601997903767,5,3,0.0008525429238708237,0.0010331778887151218,0.26494633263438194
small_emergency,10.617592552461014,5.638534696109809,12.087561278341873,6,3,8,4,0.5,150,500,2400,0,0,1,0.3138401826212758,0.29279665566853685,7,2,0.003331081095049745,0.031058952500282545,0.29447074860574235
small_emergency,33.22959546210964,5.077382871789299,13.381657556294835,9,5,8,4,0.5,150,500,3850,0,1,1,0.7271811810927298,0.4966439370058186,1,1,0.11778734860530386,0.05063713833126311,0.4401055046955027
small_emergency,27.994419892535905,8.975133221722887,10.480218531896407,9,5,8,4,0.5,150,500,3850,0,1,1,0.3465676800921691,0.5342335144507772,8,4,0.0008853372360638987,0.06979235907224901,0.2775145129064399
small_emergency,31.913003624018657,6.170086317478177,14.228306739289149,8,5,8,4,0.5,150,500,3700,0,1,1,0.646526684999888,0.4485847010297592,8,4,0.06852739326744985,0.032576547812341435,0.33345865994326584
small_emergency,11.317537558007908,9.369186103943454,14.24826956129483,4,2,8,4,0.5,150,500,1600,0,0,1,0.301988279249902,0.3971548091970339,3,2,0.01355416888843373,0.1872704788669989,0.3777414660236382
small_emergency,16.092643464420753,6.311838703209167,10.205211035663988,4,5,8,4,0.5,150,500,3100,0,1,1,0.6373991882998639,0.31538090507255656,5,3,0.23219939859299454,0.007148742036982378,0.49576973399252955
small_emergency,25.617586791228973,7.911260386626436,10.726061709262392,10,5,8,4,0.5,150,500,4000,0,1,1,0.323811700529212,0.47766994980286454,6,4,0.00029969768807762334,0.04274301427107545,0.262675685203645
small_emergency,10.750363808503513,5.449492566048942,10.840439966153234,7,5,8,4,0.5,150,500,3550,0,1,1,0.2818182133003853,0.1983381457222961,4,3,0.0008884190296861746,0.0009225509614072723,0.277561472441004
small_emergency,13.25238023575978,9.618116269571,14.359568813409105,6,2,8,4,0.5,150,500,1900,0,0,1,0.2296426844288724,0.46144770807409546,4,2,0.0006728153310020124,0.27054145884512554,0.44482471107810795
small_emergency,19.953772175398335,9.615382914494692,13.737570152811871,8,4,8,4,0.5,150,500,3200,0,0,1,0.25939908416594437,0.3631241179014853,4,3,0.0002440143314472931,0.026526033802697944,0.2035631433907354
small_emergency,13.641194411593144,7.941698386828077,13.128778619073316,10,5,8,4,0.5,150,500,4000,0,1,1,0.1717667147145518,0.20780599334313396,4,3,1.61193755236036e-06,0.00113759719136751,0.20322540705880004
small_emergency,16.87064742342992,8.951098957924074,13.91642562371641,4,5,8,4,0.5,150,500,3100,0,1,1,0.47118927806330874,0.24245661751935665,4,3,0.06942128212713304,0.0022612540082489765,0.25525819402915406
small_emergency,11.479574808148712,9.333593837951398,13.187777346853947,6,5,8,4,0.5,150,500,3400,0,1,1,0.2049866858621225,0.17409415561428568,4,2,0.00037055295226680687,0.0005113091149314488,0.18384951795574322
small_emergency,17.117715924967342,6.75407195260197,14.11280053939707,10,3,8,4,0.5,150,500,3000,0,1,1,0.2534429014836425,0.4043070893260295,5,3,4.28764301672483e-05,0.08102938162854112,0.2999887478077146
small_emergency,14.638927739921808,7.448945459433913,14.784069717925824,7,5,8,4,0.5,150,500,3550,0,1,1,0.28074784582680096,0.19803650847468568,4,3,0.0008689859485907354,0.0009162505904796942,0.20367280068772853
small_emergency,10.962931891878702,6.013535415674889,12.60240004042205,7,5,8,4,0.5,150,500,3550,0,1,1,0.26043467264347664,0.17398165201414373,5,2,0.0005601385541453383,0.0005098071707675239,0.2467114397279891
small_emergency,10.090470557469665,9.987441751963107,12.708567378359977,8,3,8,4,0.5,150,500,2700,0,0,1,0.12628947942908286,0.2646632059842197,3,2,1.6052288742281426e-06,0.023138131774292737,0.20195255282865393
small_emergency,10.171633109824871,6.818747675197507,11.52009965133049,4,4,8,4,0.5,150,500,2600,0,0,1,0.37292893044067094,0.2207366563155146,5,2,0.029236474264677757,0.004308133050750877,0.26700390744797414
small_emergency,15.550864574794634,8.977846564424775,14.499349742953237,10,2,8,4,0.5,150,500,2500,1,1,1,0.17321374856656402,0.5362607582575363,3,3,1.7338686517109367e-06,0.403657709068955,0.5840133382912193
small_emergency,18.08720012247119,8.011315890312607,10.195894327149482,5,3,8,4,0.5,150,500,2250,1,0,1,0.4515413040782097,0.5913229888462344,4,4,0.033512562056977245,0.2803332278590454,0.5367479228957355
small_emergency,29.09693563392372,9.707886528126028,13.168300593629356,5,5,8,4,0.5,150,500,3250,0,1,1,0.5994494383432082,0.4419239282554109,5,4,0.11757341261646163,0.030542965847498684,0.3270653543458906
small_emergency,17.139906656585083,8.713517727288231,10.423790503909068,8,3,8,4,0.5,150,500,2700,0,0,1,0.24588098620187324,0.5481021723066216,5,3,0.00017089621640548682,0.21460305641065983,0.42547255670303225
small_emergency,19.91750767519276,9.141033660119785,13.367367434847319,9,4,8,4,0.5,150,500,3350,0,1,1,0.24210133018214386,0.37250243498338187,4,3,6.677786679857321e-05,0.029114485105481404,0.21338712704946378
small_emergency,13.00466080109507,7.815896677020133,12.208332644192534,10,2,8,4,0.5,150,500,2500,1,1,1,0.16638731726496148,0.532614124308013,3,3,1.2215169787276153e-06,0.3960198463146975,0.6058767082829699
small_emergency,22.064609156314464,8.675653035838312,11.743882886129102,5,4,8,4,0.5,150,500,2750,0,0,1,0.5086558686744992,0.46970429989504037,4,4,0.0562168764165687,0.06860111347215701,0.3252338010923037
small_emergency,16.355856864165577,8.90820291731568,14.08149722993824,9,4,8,4,0.5,150,500,3350,0,1,1,0.2040049431091479,0.2903785122613221,4,3,1.8269929512443128e-05,0.011750746516336655,0.19504027896191084
small_emergency,27.168566090386875,5.241391768696827,14.23176215691122,9,5,8,4,0.5,150,500,3850,0,1,1,0.5759404560497281,0.38180185687256296,8,4,0.025347866402567275,0.016294137016143354,0.30269639124376096
small_emergency,12.48019183135627,8.142733089890498,12.399786046827954,8,5,8,4,0.5,150,500,3700,0,1,1,0.1915848108611543,0.2012968898693036,3,3,3.1195551145483176e-05,0.0009861095678637137,0.20447274639324897
small_emergency,17.090185747975042,6.216125890865978,10.70507941690323,10,3,8,4,0.5,150,500,3000,0,1,1,0.27493307001853823,0.5321519216067899,6,3,8.274098264190532e-05,0.19411274401005768,0.44848098715704376
small_emergency,24.034150033902698,8.547018764765486,13.530431714707149,7,5,8,4,0.5,150,500,3550,0,1,1,0.4017131703275779,0.35526065303265,6,3,0.0065963531982633555,0.011953810825189709,0.20945749592343793
small_emergency,18.35170919020615,8.906509257081527,13.420817945940824,8,3,8,4,0.5,150,500,2700,0,0,1,0.25756035081329404,0.4558020547909723,4,3,0.0002327748217795711,0.11740250455526083,0.30442381963511334
small_emergency,30.474168330567746,6.634813496157488,14.230960066631201,8,5,8,4,0.5,150,500,3700,0,1,1,0.5741338537288327,0.42827986569962584,7,4,0.033522876172811016,0.026687398777267685,0.2811997400366006
small_emergency,11.502268166131898,7.362844187700657,11.149325214261724,4,3,8,4,0.5,150,500,2100,0,0,1,0.39055111967960654,0.34388533072891575,3,3,0.034618055558551124,0.04984679283843141,0.30997345534658594
small_emergency,14.383238716927218,7.147803275902474,13.982050801695358,5,2,8,4,0.5,150,500,1750,1,0,1,0.40245200271299314,0.5143465333133825,4,3,0.020429584445259254,0.3597160975482552,0.5915690714011393
small_emergency,27.042092809374545,5.240696324801149,10.596052023587477,9,4,8,4,0.5,150,500,3350,1,1,1,0.5733354486883767,0.6380228397609116,1,1,0.02462290547006724,0.23319523926514432,0.5430072553415297
small_emergency,20.252410963968345,9.395627459233797,12.511134919210694,5,5,8,4,0.5,150,500,3250,0,1,1,0.4311028944440483,0.32375018085483226,5,3,0.02745213424005568,0.008007098696729168,0.22182052015386275
small_emergency,23.428484682161653,6.080156740812871,14.62636859872902,8,4,8,4,0.5,150,500,3200,0,0,1,0.48165873185675145,0.4004494438249954,7,3,0.011818102765753142,0.037947759213418454,0.2826049765936758
small_emergency,33.91501129053043,9.816042277380042,12.119182255012944,10,5,8,4,0.5,150,500,4000,0,1,1,0.34550596189549565,0.5596914144351929,1,1,0.0004924744675178232,0.08593010497728262,0.27081044939302584
small_emergency,16.361577791145656,8.611468885168728,13.37172013535087,8,5,8,4,0.5,150,500,3700,0,1,1,0.23749690687678013,0.24471911804212065,4,3,0.00013543372443166322,0.0023560926725238627,0.19340042803816626
small_emergency,24.507331914689523,8.558144567160024,13.247083129692014,10,5,8,4,0.5,150,500,4000,0,1,1,0.2863626773580217,0.37000344415079256,5,4,0.00011449145433863308,0.014238349702478255,0.20668891473440834
small_emergency,10.393140460540934,6.004136277234226,11.70059819127808,4,3,8,4,0.5,150,500,2100,0,0,1,0.43274919075156637,0.29608572971047586,6,2,0.0505198658857541,0.0320899760558592,0.33462740699637905
small_emergency,25.524368123940796,5.581055910784088,13.148025839074826,10,5,8,4,0.5,150,500,4000,0,1,1,0.45733940910036236,0.388261605755056,7,4,0.0038587225562182604,0.01751149170334608,0.2766048233258857
small_emergency,19.73634612630456,8.004568319707495,11.104407444440943,8,5,8,4,0.5,150,500,3700,0,1,1,0.308204411187813,0.35546869520147,4,4,0.0007515303608575857,0.011983971942354704,0.22771849552579368
small_emergency,13.790336871415928,8.279403004298771,14.408518358556769,7,5,8,4,0.5,150,500,3550,0,1,1,0.23794567355461688,0.19141922199413763,5,2,0.00032819162109596847,0.0007860669464396369,0.1912993025811644
small_emergency,14.159164481820152,7.025354353887028,10.139575296540448,9,5,8,4,0.5,150,500,3850,0,1,1,0.22393752951544224,0.2792851587511986,4,3,3.717306586808438e-05,0.004211934103855126,0.24521414177862833
small_emergency,19.72589225755388,7.625086117291044,13.593281187290007,7,4,8,4,0.5,150,500,3050,0,0,1,0.3695675779755161,0.3627875416128004,5,3,0.0041546349287173755,0.02643642126880845,0.23530287148859058
small_emergency,12.921646141170978,5.6877575928489685,14.347408175981348,6,5,8,4,0.5,150,500,3400,0,1,1,0.3786391482124385,0.18012516243599727,4,3,0.00847332685283632,0.0005968937818732525,0.2545854333866295
small_emergency,21.10017119033185,8.850825503342024,12.863717272036435,4,4,8,4,0.5,150,500,2600,0,0,1,0.5959944409243109,0.41007141917290274,5,3,0.17447205943646107,0.04141027402810322,0.40660417188418724
small_emergency,10.608484475117102,6.901784169239452,12.855367028458257,7,2,8,4,0.5,150,500,2050,0,0,1,0.21958058162902352,0.4126091636136419,4,2,0.00020281573886954553,0.20517694153205146,0.4280583504452182
small_emergency,24.79029642521741,9.30265917765298,13.356994077206195,5,3,8,4,0.5,150,500,2250,1,0,1,0.5329722599054068,0.6186595647175394,5,4,0.06906456843128361,0.33128863335248177,0.5827164908762233
small_emergency,26.267349282549883,5.822836557580772,14.774865901523885,10,3,8,4,0.5,150,500,3000,1,1,1,0.4511091634257246,0.5926133714201913,7,4,0.0035003824272198058,0.2825576802304738,0.5254781762317622
small_emergency,29.576995429643148,7.909982265894765,11.619734956189644,10,5,8,4,0.5,150,500,4000,0,1,1,0.373919870303242,0.5090821011177705,7,4,0.0008926511837182503,0.05642371616688939,0.26979938387508556
small_emergency,31.008863160171202,9.620094740496242,14.706631237197328,8,5,8,4,0.5,150,500,3700,0,1,1,0.40291785055969787,0.4216990643206013,5,4,0.004028257810977015,0.024968895691475018,0.20094277106798009
small_emergency,11.403854778223288,5.225541514932752,13.66446870802863,5,3,8,4,0.5,150,500,2250,0,0,1,0.4364659526916052,0.278187539325328,6,2,0.028951848658530982,0.02675006258782228,0.3202521392267239
small_emergency,11.120742365285935,5.6426265100450586,10.093554140542679,6,4,8,4,0.5,150,500,2900,0,0,1,0.3284741702434933,0.27544168809223896,4,3,0.0041859186356939665,0.009693008324251516,0.29017449005304063
small_emergency,17.23344804750686,7.008853843706415,13.012663229808277,6,3,8,4,0.5,150,500,2400,0,0,1,0.40980185994751,0.4414532660265368,5,3,0.012496563526099605,0.10621385161940344,0.3382353150573333
small_emergency,14.99948139386063,7.969401296779614,13.412830058582458,7,4,8,4,0.5,150,500,3050,0,0,1,0.26887629025930593,0.2795733884711177,4,3,0.0006754044118876657,0.010233905792691424,0.21094473189107177
small_emergency,18.094686323660042,8.075456580937404,13.750978774289706,5,5,8,4,0.5,150,500,3250,0,1,1,0.4481402665546769,0.2631767035738837,4,3,0.03243764144243535,0.00324630022635777,0.23223804528938613
small_emergency,15.691267411175467,7.126322317480458,10.658588535866238,4,3,8,4,0.5,150,500,2100,1,0,1,0.5504686257554507,0.4907237438420113,5,3,0.12642590008152269,0.1485728247832964,0.5091446124004012
small_emergency,29.764183669916857,8.031524010732536,13.306626181401619,7,4,8,4,0.5,150,500,3050,0,0,1,0.5294171109838635,0.5591985388361929,6,4,0.029691051457390462,0.13460453165537034,0.3639554830158182
small_emergency,10.559570398385064,5.525618905983015,11.233419975962288,4,5,8,4,0.5,150,500,3100,0,1,1,0.4777550975761014,0.18800277067857957,4,3,0.07314178407744708,0.0007246280006367405,0.34386169939898925
small_emergency,24.887963465025884,5.641371458851649,14.291006248454309,9,5,8,4,0.5,150,500,3850,0,1,1,0.4901874117069171,0.34830246425394606,7,4,0.009002924510556677,0.01097772723583346,0.2672165911304559
small_emergency,14.95874400359022,6.209041427957346,13.654585187434506,4,5,8,4,0.5,150,500,3100,0,1,1,0.6022968350732746,0.21910213746157375,4,3,0.1822866683617957,0.0014416010442442932,0.41801919829417467
small_emergency,20.607051890858152,5.304127489252331,13.423533448504822,7,5,8,4,0.5,150,500,3550,0,1,1,0.555013913561087,0.3070287263768612,7,3,0.03839665218598732,0.0063631800036711185,0.3077882874737683
small_emergency,17.18169188654048,6.344609499122754,13.723854631173602,10,5,8,4,0.5,150,500,4000,0,1,1,0.27080771305020634,0.25039163337554504,5,3,7.329102760662143e-05,0.002607064737210978,0.23316029473298971
small_emergency,17.173441052264348,8.876743121132602,12.573567251876252,8,5,8,4,0.5,150,500,3700,0,1,1,0.24183195370636615,0.2731673630600209,4,3,0.00015291892498740377,0.0038228070927194793,0.19616158061181913
small_emergency,27.811798263230255,9.616535676652898,13.874964514215062,6,5,8,4,0.5,150,500,3400,0,1,1,0.4820134678844892,0.40089181107074895,5,4,0.027622768515028585,0.02009169726527807,0.22377427379115195
small_emergency,12.55670456181823,7.059973254031258,12.582574977686864,5,3,8,4,0.5,150,500,2250,0,0,1,0.3557153578350549,0.33264798299991555,4,3,0.012019806802624997,0.04517900792025619,0.2783173991815552
small_emergency,13.633585119805577,6.980955252334281,13.26923803034352,8,5,8,4,0.5,150,500,3700,0,1,1,0.24412105197291586,0.20549160529985044,4,3,0.0001628792192194378,0.001081847189475477,0.21985387551305624
small_emergency,20.55827478429659,8.655117939205839,14.066088749352733,8,5,8,4,0.5,150,500,3700,0,1,1,0.29690922366251055,0.2923097550517389,5,3,0.0005907826809982856,0.005139074060031652,0.19236140072104962
small_emergency,13.524061203468559,9.212970551530391,14.786303376319509,9,2,8,4,0.5,150,500,2350,0,1,1,0.16310412137401753,0.45731718264104976,4,2,3.18787582221037e-06,0.2644447089987238,0.4406206767668162
small_emergency,16.332730135638357,5.115038990518986,14.893484000768328,5,5,8,4,0.5,150,500,3250,0,1,1,0.6386160561400215,0.2193271921438366,5,3,0.15863823142336056,0.001448222756347989,0.4227318420477809
small_emergency,17.723861685829487,8.619041110700293,13.536604660201167,5,5,8,4,0.5,150,500,3250,0,1,1,0.4112722391781104,0.2618656912976004,4,3,0.022422785442191496,0.003175823525561711,0.21549456460305794
small_emergency,18.00573683059144,7.727007150890522,10.992521334451471,9,5,8,4,0.5,150,500,3850,0,1,1,0.2589149183575819,0.32759976137885627,5,3,0.00010985849324592696,0.008427012498559438,0.22892402367808465
small_emergency,21.986040111234967,9.407026445724213,10.558544194979808,7,5,8,4,0.5,150,500,3550,0,1,1,0.3338847712564034,0.416459688101481,4,4,0.0023488417354536033,0.02366305513395611,0.227025440779204
small_emergency,17.64819253617312,9.986500270917283,11.24239119483392,8,4,8,4,0.5,150,500,3200,0,0,1,0.22090061654992693,0.3924474835985689,4,3,8.298578286340882e-05,0.03523829212658088,0.22440550622086625
small_emergency,11.203175196198139,8.772232562409206,11.458456821536618,4,4,8,4,0.5,150,500,2600,0,0,1,0.3192794740818322,0.2444302791092543,3,3,0.01659948589868157,0.006264044958498253,0.22413138334328025
small_emergency,25.65583130683096,5.927203114797189,12.911643177467631,8,5,8,4,0.5,150,500,3700,0,1,1,0.5410610791028381,0.3974061388499873,7,4,0.02357227698510429,0.019352316920073515,0.28908770791782373
small_emergency,21.52472500768019,6.397111972677075,11.471052135048872,8,5,8,4,0.5,150,500,3700,0,1,1,0.4205945804062674,0.37528771998016003,6,4,0.005232380473785866,0.015133024063569272,0.2638619064104727
small_emergency,10.282811809093108,6.186287181878727,10.57980967477802,7,4,8,4,0.5,150,500,3050,0,0,1,0.23745634051515435,0.24298196577219752,4,3,0.0003241900784112192,0.00612913551853416,0.2626208307112092
small_emergency,25.214330201442664,8.281048776879846,14.709168525492544,8,5,8,4,0.5,150,500,3700,0,1,1,0.380602911551485,0.342838280188898,6,3,0.0028384807541529957,0.010254515211930347,0.2018354553269145
small_emergency,10.055601193608387,9.222889024674393,14.921046649046012,9,4,8,4,0.5,150,500,3350,0,1,1,0.12114306249624295,0.1684801580968735,3,2,2.900826278289568e-07,0.0015835847725357301,0.17702919740584894
small_emergency,19.44658389391986,8.007034739013124,13.301942279626772,6,5,8,4,0.5,150,500,3400,0,1,1,0.4047812231738586,0.2923871339256104,5,3,0.011763942533476906,0.005145003908764442,0.21697611658864635
small_emergency,10.22104726896251,6.115831128015513,12.77931082056841,9,2,8,4,0.5,150,500,2350,0,1,1,0.18569379942021375,0.39990604393593926,4,2,8.830094015244942e-06,0.19036968636651175,0.43214007157606527
small_emergency,24.146855802368712,9.446619363035406,12.61397860648737,9,3,8,4,0.5,150,500,2850,1,1,1,0.28401525190476884,0.6380977949323086,4,4,0.00021592334938606538,0.3730118956316204,0.5583629226370822
small_emergency,30.0814858524417,8.752839388099263,11.104488184331656,5,5,8,4,0.5,150,500,3250,1,1,1,0.6873537721563081,0.5417896863519821,1,1,0.22899220706023962,0.07428872587574957,0.5075832510690745
small_emergency,20.221635947657614,7.026974684587129,14.25833608687073,10,5,8,4,0.5,150,500,4000,0,1,1,0.28777157817305754,0.2836465043951092,5,3,0.0001190378109580647,0.0045070232953827805,0.2170692242028333
small_emergency,10.815954667800323,9.98044569259218,14.943712733659995,8,2,8,4,0.5,150,500,2200,0,0,1,0.1354643244518164,0.361889808127732,3,2,2.6698791946136544e-06,0.15070062503065487,0.3178169956773834
small_emergency,18.241508992774378,8.864298701757374,12.546048456247831,8,3,8,4,0.5,150,500,2700,0,0,1,0.25723282809104153,0.4846548312638963,4,3,0.0002308182719457211,0.14272329170187173,0.335472564445489
small_emergency,23.447530085847596,6.827845165693508,13.978681336393231,8,3,8,4,0.5,150,500,2700,0,0,1,0.4292629943422644,0.5591259414148599,7,3,0.005920871708543682,0.2298678436359247,0.453785312865325
small_emergency,26.921297190162935,7.270645982985393,11.631727728880206,9,4,8,4,0.5,150,500,3350,0,1,1,0.4114153337064557,0.5786177646533226,6,4,0.002847231592400549,0.1544870936924437,0.38084543693254325
small_emergency,23.572545512266593,7.0668225954541795,10.544569939906935,5,4,8,4,0.5,150,500,2750,1,0,1,0.6671327939498558,0.5588787794714614,6,4,0.19668979970412562,0.1342970158136213,0.5673286685745589
small_emergency,11.277116968044611,5.062206800394943,10.296810238080512,4,3,8,4,0.5,150,500,2100,0,0,1,0.5569269200521793,0.3650682980877142,4,3,0.13243318504217036,0.059555009834009166,0.48664795444840236
small_emergency,24.57572097304672,6.845646102906861,13.644222685724499,7,4,8,4,0.5,150,500,3050,0,0,1,0.512854043152044,0.45029536564877914,6,4,0.024984851950224412,0.05856760544022901,0.30292180043321293
small_emergency,28.228271964515283,9.18613250334369,12.10028406287917,10,4,8,4,0.5,150,500,3500,0,1,1,0.30729223592453503,0.5832150678824349,5,4,0.00019955835446619922,0.15956154605292752,0.35126353280862566
small_emergency,29.87745260621895,6.818031201033719,12.187430418072477,9,5,8,4,0.5,150,500,3850,0,1,1,0.48690257617818317,0.4902994574133415,7,4,0.008619393382390234,0.04787692729973236,0.28521797787079295
small_emergency,24.31605663114816,7.650416529876466,10.63910024264203,9,5,8,4,0.5,150,500,3850,0,1,1,0.3531551595362874,0.4571073883426387,6,4,0.0010086364904548777,0.03533205042282756,0.26104543490850796
small_emergency,17.411528475402697,9.865995940331622,12.239064232567836,4,3,8,4,0.5,150,500,2100,0,0,1,0.441200477394922,0.4742064192857453,4,3,0.054281117022376695,0.13309298187117494,0.3704379334064033
small_emergency,20.13627311962951,9.690615084310842,10.419386756401408,4,5,8,4,0.5,150,500,3100,0,1,1,0.5194787158616547,0.38651551363631437,4,4,0.10073932331072415,0.01717580962809015,0.3170826952678447
small_emergency,11.202111161568464,7.417070375624066,11.561845808621905,5,3,8,4,0.5,150,500,2250,0,0,1,0.30206296001676886,0.32296201797394725,3,3,0.0059280760202619215,0.04140817016346888,0.2686517480786933
small_emergency,17.147606789583865,6.905985259823096,11.917084932099836,6,3,8,4,0.5,150,500,2400,0,0,1,0.4138344287465006,0.4796365019154169,5,3,0.013110503485071905,0.1380297547511601,0.3798553277121417
small_emergency,10.994867053937323,9.91331040367551,10.13896065314369,3,4,8,4,0.5,150,500,2450,0,0,1,0.36970048706302355,0.27110439201004916,3,3,0.06184499772857415,0.009147612358139722,0.2704965257292187
small_emergency,14.434084205475047,7.25582884328475,12.723437966117537,5,4,8,4,0.5,150,500,2750,0,0,1,0.39786176099877973,0.2836121071190223,4,3,0.019447757833855894,0.010783270245401263,0.2466463675633585
small_emergency,11.690465004441016,5.9229514946440345,10.798538512697574,9,5,8,4,0.5,150,500,3850,0,1,1,0.21930629640029956,0.2165193927066086,4,3,3.1730787195599697e-05,0.0013672383063487144,0.2628388373943074
small_emergency,17.58442887355745,8.731901621376407,13.30854156711971,9,3,8,4,0.5,150,500,2850,0,1,1,0.22375715108976357,0.4404296490058138,4,3,3.694723587439816e-05,0.10544865275291453,0.2951479046793023
small_emergency,27.383491925466025,7.550791103243268,13.577665306796181,7,5,8,4,0.5,150,500,3550,0,1,1,0.5180817962562148,0.40336083276054036,6,4,0.02639850003155609,0.020628409810224225,0.2531137286067747
small_emergency,24.980433106140964,8.064730535285097,12.815005595073762,10,5,8,4,0.5,150,500,4000,0,1,1,0.309749135409369,0.38986222707142215,5,4,0.00021235812587119915,0.017823592703547393,0.22006617456521688
small_emergency,24.028643933119774,9.373556441148752,13.760866544190737,5,4,8,4,0.5,150,500,2750,0,0,1,0.5126900143820974,0.43653944059329,6,3,0.0581996657830787,0.052180935595488996,0.28973353724456213
small_emergency,25.24968489106792,9.70271518848928,11.21445109011984,8,5,8,4,0.5,150,500,3700,0,1,1,0.32529148285500836,0.4503062109444377,5,4,0.0010610125409495107,0.03311901542808223,0.2264146217274398
small_emergency,33.218692116307764,9.775730812888707,13.987119957411842,7,5,8,4,0.5,150,500,3550,0,1,1,0.4854396603198335,0.474989736521206,6,4,0.018546296265346297,0.041712562706404395,0.23404734783313974
small_emergency,18.688877134265294,9.135951012721748,13.294191743182493,10,4,8,4,0.5,150,500,3500,0,1,1,0.20456411279177356,0.3514481642678521,4,3,7.226196208398217e-06,0.023545496301952656,0.2082312219175339
small_emergency,32.52347567817835,7.111088310001829,12.760552175366714,6,5,8,4,0.5,150,500,3400,1,1,1,0.7622714053589074,0.5097502871539129,8,4,0.31147910216532704,0.05674922415837935,0.5872202919549128
small_emergency,12.22657646886207,5.580260145577515,12.147698470463439,8,2,8,4,0.5,150,500,2200,1,0,1,0.27388007346198534,0.5032466231603633,4,3,0.0003491211746254606,0.3391491038397185,0.6010214602519349
small_emergency,22.362040438362442,6.159623939938433,10.525462182109688,8,4,8,4,0.5,150,500,3200,0,0,1,0.4538028753137232,0.5311415321118058,6,4,0.008276529219850576,0.10982934669520907,0.3754611537940958
small_emergency,14.074522355455656,6.052618048375865,11.19177877951498,8,3,8,4,0.5,150,500,2700,0,0,1,0.2906701332168225,0.4191922967960834,5,3,0.0005148214262913302,0.09050502628091826,0.3455889098490583
small_emergency,12.004091232427177,7.1450321414323135,12.831069605752178,8,2,8,4,0.5,150,500,2200,0,0,1,0.2100076492801613,0.46777437895924645,6,2,5.876217127803682e-05,0.28010301386003,0.498054984397979
small_emergency,14.342874688324653,8.71811214781427,13.414041678594451,3,5,8,4,0.5,150,500,2950,0,1,1,0.5483937518101544,0.213848667418596,3,3,0.21499479969030466,0.0012934339925820858,0.405540712806408
small_emergency,13.97299283890499,6.312333667208604,11.801007028074558,5,3,8,4,0.5,150,500,2250,0,0,1,0.4427203495750575,0.3946836289949178,4,3,0.030780739141984204,0.0753102089721576,0.34924949503616987
small_emergency,12.878849296190813,7.103382808513048,13.264525967596263,6,5,8,4,0.5,150,500,3400,0,1,1,0.30217643347702255,0.194184840493394,4,3,0.0027525930444413822,0.0008386370244506583,0.2197582756878299
small_emergency,12.3817497988754,9.141896018986849,12.594530446871799,4,2,8,4,0.5,150,500,1600,1,0,1,0.3385990655866049,0.4915526565720738,3,3,0.020557882019000388,0.31860715357802527,0.5279510806601294
small_emergency,12.80663706444426,8.223518904887062,13.52499641149036,3,5,8,4,0.5,150,500,2950,0,1,1,0.5191061236503653,0.18937730813095363,5,2,0.17864476694674172,0.0007488902398679455,0.3749332745744109
small_emergency,31.121859270271894,9.633179027839532,12.147621964362285,9,5,8,4,0.5,150,500,3850,0,1,1,0.35896606440823914,0.5123942671508004,6,4,0.0011288243376898221,0.05805238384874179,0.2453097381409836
small_emergency,21.124202501276176,5.045950970871477,12.05439263687759,8,5,8,4,0.5,150,500,3700,0,1,1,0.5232958718589138,0.35048140769285424,7,4,0.019340380912496288,0.011276632942080924,0.31175302421884077
small_emergency,31.5229624550068,5.9573734511822245,10.425491923036448,8,5,8,4,0.5,150,500,3700,0,1,1,0.6614274460322601,0.6047285382352618,1,1,0.07886059319572666,0.12247101442806291,0.4651095527107275
small_emergency,20.036633073456766,9.77719380049848,11.656093973710995,10,5,8,4,0.5,150,500,4000,0,1,1,0.2049323505527242,0.3437966975669059,5,3,7.337083222282746e-06,0.010378680479646763,0.1984568865330545
small_emergency,24.52000015580682,5.312598752160563,10.325222406517453,8,5,8,4,0.5,150,500,3700,0,1,1,0.5769304557829363,0.47495345263128447,8,4,0.03450639520433926,0.041698750221737614,0.361287154602349
small_emergency,22.534311432648003,7.310857285867429,14.368359584880624,6,4,8,4,0.5,150,500,2900,0,0,1,0.5137179437722244,0.3920821875929413,6,3,0.03774193410164384,0.035118173938466286,0.27924033966623424
small_emergency,13.482490573717628,8.815154482744578,12.638684674927575,9,3,8,4,0.5,150,500,2850,0,1,1,0.16994081171501282,0.3555879144202398,3,3,4.409593723986947e-06,0.05505832576989554,0.24762589975083232
small_emergency,24.93089645989929,5.375396590887568,13.353313085661469,10,5,8,4,0.5,150,500,4000,0,1,1,0.4637964108948245,0.3734039080783571,7,4,0.004261594051454303,0.014809311093566084,0.2799914725142335
small_emergency,16.304635356301212,9.23688945112902,13.755231986422167,6,3,8,4,0.5,150,500,2400,0,0,1,0.2941941917165687,0.39511354352039935,4,3,0.002404126207167748,0.07555913898193363,0.25892442846469316
small_emergency,22.344214854992103,6.441152092824861,13.4299711460706,7,4,8,4,0.5,150,500,3050,0,0,1,0.495568284612635,0.41593936822287353,7,3,0.02074468029418951,0.043636122649084425,0.29409285586122164
small_emergency,20.42879011004712,8.84360220250757,12.44979654694969,4,4,8,4,0.5,150,500,2600,0,0,1,0.5775019511917501,0.41022337258700736,5,3,0.15327758513239514,0.04146680298440435,0.3881430805421492
small_emergency,17.692111053765984,7.952469324468305,11.027977758943692,7,3,8,4,0.5,150,500,2550,0,0,1,0.31781882244748755,0.5347644400599701,5,3,0.0017749073698902099,0.19734611565094462,0.4155465849945298
small_emergency,16.64361919325805,9.196520499747775,13.089616610622038,8,3,8,4,0.5,150,500,2700,0,0,1,0.2262216888674706,0.4238377050644348,4,3,9.753620320853875e-05,0.09362612509872487,0.27885687003223336
small_emergency,16.063486624548894,6.69647416004686,11.500787636039114,9,5,8,4,0.5,150,500,3850,0,1,1,0.266533074647093,0.27934585235209475,5,3,0.00013594857636748555,0.004215938003237561,0.24063476976038523
small_emergency,27.460471999421003,9.270761934320987,13.085262686873723,8,4,8,4,0.5,150,500,3200,0,0,1,0.37025640656568476,0.5246450273208414,5,4,0.0023932157446739347,0.10468462169143489,0.2913656880570139
small_emergency,13.405935016044726,8.089486784951198,10.354515031030049,3,5,8,4,0.5,150,500,2950,0,1,1,0.552401545875719,0.25893892617607467,4,3,0.2204445394675002,0.0030226504524221635,0.4436606538576922
small_emergency,24.481575540347247,7.812818892717059,12.542355006253885,7,3,8,4,0.5,150,500,2550,1,0,1,0.4476448235086432,0.6506373943367683,5,4,0.011937369313545566,0.4027505685057063,0.6224125566531047
small_emergency,24.93864975561766,5.6486181096597665,10.325883666421745,7,5,8,4,0.5,150,500,3550,0,1,1,0.6307143059839662,0.4830317784174633,8,4,0.07796562150339505,0.044865590746887535,0.3967096740317398
small_emergency,14.24909172269817,7.204373884063404,14.89452873853737,4,2,8,4,0.5,150,500,1600,1,0,1,0.4944597529223945,0.47833308367222027,4,3,0.08333323285070837,0.29668476685532313,0.5859613142795128
small_emergency,17.249545876886128,7.4458511113959736,10.564825035203398,5,4,8,4,0.5,150,500,2750,0,0,1,0.4633330862736557,0.40818342517288153,5,3,0.03745860330987161,0.0407127689264291,0.3071280740676156
small_emergency,19.268719969461536,8.228339963595575,13.544523926786292,9,4,8,4,0.5,150,500,3350,0,1,1,0.2601945100673961,0.3556551724079944,4,3,0.00011392056574880732,0.02458938957514471,0.22006508228790644
small_emergency,31.022609416505095,5.214664537912811,13.821949715520159,8,4,8,4,0.5,150,500,3200,1,0,1,0.7436386653196394,0.5611113130745756,1,1,0.16831726140273964,0.13645698742811296,0.5688898319157547
small_emergency,11.046091731814824,9.37807207975449,14.54555843333886,7,5,8,4,0.5,150,500,3550,0,1,1,0.16826625889894908,0.15188267652202128,3,2,3.96849471852162e-05,0.00027384391206318855,0.1756947625061705
small_emergency,22.108834831234176,7.133326974177789,13.007402526230187,5,3,8,4,0.5,150,500,2250,1,0,1,0.6198744263726257,0.5665705812940085,6,3,0.1375705958263334,0.2407256049465194,0.5953625415537458
small_emergency,14.250679495620716,9.235828736295204,13.239254965978388,5,4,8,4,0.5,150,500,2750,0,0,1,0.30859557712710756,0.26909896992393906,3,3,0.00650533300633987,0.008903041852564209,0.19921531305692033
small_emergency,11.355778324603158,5.006584667426617,14.984973078509071,6,2,8,4,0.5,150,500,1900,0,0,1,0.37802810628188255,0.37890552972995395,5,2,0.008406154018986187,0.1676369346646879,0.4425135683508571
small_emergency,18.563211514054053,7.767092964692946,13.100483236935977,6,3,8,4,0.5,150,500,2400,0,0,1,0.3983303147959662,0.47232892553958783,5,3,0.010872455195321472,0.1314196033695681,0.34737341867934696
small_emergency,16.35360532538276,6.036310297406382,10.013050355733743,10,3,8,4,0.5,150,500,3000,0,1,1,0.27092055443884994,0.5444097034832229,6,3,7.353674377857886e-05,0.2096968565965588,0.4753041743285692
small_emergency,12.130877252718353,7.239530796825158,11.480130130035278,7,2,8,4,0.5,150,500,2050,1,0,1,0.23937773224668604,0.5283423234454693,4,3,0.00034013226656155017,0.3872427149008156,0.6128203725083796
small_emergency,29.224115830011026,8.9203025487092,12.378779912682564,8,4,8,4,0.5,150,500,3200,0,0,1,0.4095168811600435,0.590205901473168,6,4,0.004448241696820593,0.16756748878663294,0.3649029571821746
small_emergency,22.63176921077452,9.81948195474738,11.878184823682915,4,4,8,4,0.5,150,500,2600,0,0,1,0.5761956006200726,0.4763305493792902,4,4,0.15187233882782242,0.0723213618657923,0.41022001444698697
small_emergency,14.840081039371194,9.02565686142901,12.191110391046504,6,3,8,4,0.5,150,500,2400,0,0,1,0.2740351065710247,0.40576235643173164,3,3,0.0016755803999823112,0.08192147010310147,0.27641929326103776
small_emergency,29.257818828764258,6.8726398360575285,13.320927526401189,6,5,8,4,0.5,150,500,3400,0,1,1,0.7095240336244151,0.4392760004253039,7,4,0.20166982159285418,0.02976273155782174,0.4520068974530732
small_emergency,21.34589854930943,8.508556401056227,14.081292408129972,7,4,8,4,0.5,150,500,3050,0,0,1,0.35839382554885935,0.37897619640696417,5,3,0.0034997587785141567,0.031007297578289676,0.22305201524775084
small_emergency,10.730307358994994,7.1251267059254335,12.851427257882795,7,3,8,4,0.5,150,500,2550,0,0,1,0.2151401812981375,0.2783168785763529,4,2,0.0001792951147497955,0.02678631965855221,0.2451263651131948
small_emergency,14.869782381692353,6.006823154415915,12.792597178054702,7,3,8,4,0.5,150,500,2550,0,0,1,0.3536402806189499,0.38745800076732395,5,3,0.0032473931353737013,0.07121594468012811,0.3191108970907164
small_emergency,29.13387037803845,8.11126906387753,14.249239337519835,9,5,8,4,0.5,150,500,3850,0,1,1,0.39908634310837043,0.4089182543425419,6,4,0.0023217099815141507,0.021876802138618208,0.21766296729038748
small_emergency,14.844666690087152,6.05608307341327,10.378003316838464,6,5,8,4,0.5,150,500,3400,0,1,1,0.4085332194130704,0.2860794362245281,5,3,0.012308157554718792,0.00467825090954275,0.2784672876673684
small_emergency,22.910086320936983,9.06178409303308,14.912017823390075,8,5,8,4,0.5,150,500,3700,0,1,1,0.31602615563516373,0.30727010378168446,5,3,0.0008824677723122798,0.006384925077231137,0.18468094367825538
small_emergency,31.691140100017765,7.2969105514896375,12.107868048674142,10,4,8,4,0.5,150,500,3500,0,1,1,0.4343090116891749,0.6543501294492565,1,1,0.002668621026581337,0.2608212295839688,0.483125073979648
small_emergency,14.340751066999399,6.363933444202177,11.165684884884024,7,5,8,4,0.5,150,500,3550,0,1,1,0.3219201994834646,0.2568718572098294,4,3,0.0019094242849961444,0.0029178727115482385,0.2515229314096194
small_emergency,20.10068485090727,7.135780957273243,12.410155581535264,8,4,8,4,0.5,150,500,3200,0,0,1,0.352110809091249,0.4049241107181311,6,3,0.0017494280772480837,0.03952960084102819,0.2619970267631241
small_emergency,23.635826673615796,9.478351038031885,14.227144905660245,8,4,8,4,0.5,150,500,3200,0,0,1,0.3117080515742801,0.4153297592444624,5,3,0.0008080676255603785,0.043400748389340126,0.2200005709193404
small_emergency,22.616523689679617,5.496985912288323,10.199048813793864,9,5,8,4,0.5,150,500,3850,0,1,1,0.45714999396550426,0.4435026070096173,7,4,0.005717196234744909,0.03101569174146618,0.31669912273522416
small_emergency,12.925651075064774,6.514348274184871,14.665742865052673,7,2,8,4,0.5,150,500,2050,0,0,1,0.2834545382643304,0.4406749523021298,5,2,0.0009187991961692383,0.24099412669848322,0.4636063366028022
small_emergency,18.884795664874098,8.316988516660174,13.912365678678679,7,5,8,4,0.5,150,500,3550,0,1,1,0.3243755773764407,0.2714821634370334,4,3,0.0019937640053110553,0.0037205441816789875,0.19782863778857745
small_emergency,22.800789427160993,9.243061731460617,10.650754486810502,7,4,8,4,0.5,150,500,3050,0,0,1,0.35240007338313517,0.535191883715765,5,4,0.0031839931855198044,0.11314385631589907,0.3184071706259906
small_emergency,15.317249861602292,8.233151776205222,12.08428192850792,6,4,8,4,0.5,150,500,2900,0,0,1,0.3100726242302279,0.31688374104934414,4,3,0.003134782296055876,0.01615060798655415,0.2234976828182321
small_emergency,16.445465691588236,5.392145132714043,14.902298432141787,10,5,8,4,0.5,150,500,4000,0,1,1,0.3049892999321162,0.22071045975187414,5,3,0.00018815712201318845,0.0014894290569265156,0.25423627779476893
small_emergency,14.486390218993147,9.489503983331172,11.50659447854411,5,5,8,4,0.5,150,500,3250,0,1,1,0.3053139604438604,0.2517928349001148,3,3,0.00621030262479809,0.0026720464922443004,0.20116862158454463
small_emergency,15.455585893921771,9.072104954046873,14.455585245864459,8,2,8,4,0.5,150,500,2200,1,0,1,0.2129547934604108,0.5345887292367979,3,3,6.464316971699302e-05,0.4001388282422124,0.5796088867218304
small_emergency,29.94662636138333,8.839130299157333,14.791596598700934,6,5,8,4,0.5,150,500,3400,0,1,1,0.5646601220529252,0.4049140491569839,5,4,0.06027899274934902,0.020971648013889996,0.26198989709169207
small_emergency,22.121495372913344,7.928983388765438,13.346980661674671,8,5,8,4,0.5,150,500,3700,0,1,1,0.34874419405798684,0.33148314114868455,6,3,0.0016471458437923078,0.008867238992386015,0.21155727019432172
small_emergency,10.693666884880573,8.690730189118423,11.965622346777108,3,2,8,4,0.5,150,500,1450,1,0,1,0.4101560571695885,0.4468495902246517,4,2,0.08465930400288671,0.24949170097206058,0.5327888880159236
small_emergency,19.586514583817397,8.163283812595623,11.938890782362098,6,5,8,4,0.5,150,500,3400,0,1,1,0.3998904328508131,0.32811280278656213,5,3,0.011083036988131031,0.008484204903479179,0.22582683921555197
small_emergency,15.193521250242341,7.54599673600074,12.009322079070056,7,5,8,4,0.5,150,500,3550,0,1,1,0.28763636026951667,0.25302879130407757,4,3,0.0010002349348372174,0.0027303717575398317,0.2195198516216728
small_emergency,10.148426592754468,9.88853488914361,10.005229142294544,8,2,8,4,0.5,150,500,2200,1,0,1,0.12828526554394054,0.5071561304805401,3,3,1.7991446102523643e-06,0.3462707088689352,0.5473474595503185
small_emergency,13.588623710269353,7.041902886072233,12.528447509225067,6,4,8,4,0.5,150,500,2900,0,0,1,0.3216134410000999,0.2711553785946672,4,3,0.003766240490511952,0.009153892539555331,0.23474555292901297
small_emergency,28.763462721109747,7.936824445468429,14.893768291615729,7,5,8,4,0.5,150,500,3550,0,1,1,0.5177216821724929,0.38624829066666494,6,4,0.02629905837170388,0.01712487381126349,0.23656108268549353
small_emergency,15.624464243178961,5.639546472621714,12.990336771523861,10,5,8,4,0.5,150,500,4000,0,1,1,0.2770517863276948,0.24055518371824472,5,3,8.798324364305578e-05,0.002183802703350071,0.25657130751956536
small_emergency,14.430119841965634,5.172950475530117,12.795389679679236,4,5,8,4,0.5,150,500,3100,1,1,1,0.6973834328312826,0.225551862087992,5,3,0.3507776120987608,0.0016406688346131267,0.6238847056523724
small_emergency,22.618821002858144,7.684890044778685,12.392047116122082,7,3,8,4,0.5,150,500,2550,1,0,1,0.42046927469845213,0.6084230418349257,5,4,0.008477143871239249,0.3112289637007439,0.5305285040086224
small_emergency,11.223417192102469,7.900357840021822,14.57840507137659,5,3,8,4,0.5,150,500,2250,0,0,1,0.2841242743523999,0.25662197241175255,4,2,0.0045402697951642595,0.02115392492692842,0.22086534905988447
small_emergency,11.873175605039743,6.463017241423982,12.853080464741401,4,2,8,4,0.5,150,500,1600,1,0,1,0.45927370922593086,0.4618805444193034,4,3,0.06305399627497399,0.27118693188356546,0.5667697829133234
small_emergency,12.82325481737758,7.052044451697266,12.061200923280504,9,3,8,4,0.5,150,500,2850,0,1,1,0.2020415640569045,0.35439408560127045,4,3,1.6961788771202703e-05,0.05450977709323788,0.27924007214674135
small_emergency,31.28732329046307,8.27642619837841,12.922979622834383,6,4,8,4,0.5,150,500,2900,0,0,1,0.6300489796870933,0.6052652755711933,6,4,0.10540679120011955,0.18607867003882872,0.4896920934533958
small_emergency,10.389584765216847,5.713903806955399,13.17572899283575,6,4,8,4,0.5,150,500,2900,0,0,1,0.3030498096173132,0.19713491319657042,4,2,0.002792982485940824,0.0028384041984752598,0.2565402121475434
small_emergency,26.89770183576418,7.728834664552318,10.766840046569044,9,5,8,4,0.5,150,500,3850,0,1,1,0.38668617806177946,0.49963966622380335,7,4,0.0018761259006278347,0.051984510775354105,0.2761240095908368
small_emergency,27.209803451241623,6.637476301515685,14.983475644806294,7,5,8,4,0.5,150,500,3550,0,1,1,0.5856314361320085,0.3631974863011618,6,4,0.05154856811677272,0.013145981855930865,0.2820944108364519
small_emergency,17.21691620553397,8.096294800902303,10.183489477853545,7,4,8,4,0.5,150,500,3050,0,0,1,0.3037882782701187,0.42266740302958794,5,3,0.0013707327514326858,0.04629899095056074,0.2693811797165286
small_emergency,16.69631398386729,7.8217833792250415,12.158986001501253,10,4,8,4,0.5,150,500,3500,0,1,1,0.21345917132163678,0.34329166062461586,4,3,1.034904339907699e-05,0.021614697848099346,0.23171682877246813
small_emergency,31.544520303976157,8.517867109750897,12.037205042485386,7,5,8,4,0.5,150,500,3550,0,1,1,0.5290479395089966,0.5241170220601807,7,4,0.02957871998255954,0.06413094363707443,0.2941857090919995
small_emergency,14.527012108815034,7.212870078456422,14.701213349114562,9,2,8,4,0.5,150,500,2350,1,1,1,0.22378227237948936,0.49407527677604857,4,3,3.697861749684725e-05,0.32294447810722293,0.5296441195269186
small_emergency,32.49674005799761,8.414668230735789,13.232291181288836,10,5,8,4,0.5,150,500,4000,0,1,1,0.3861915784070795,0.4911732913488139,7,4,0.0011344081363173113,0.04824969897275716,0.24379690757888733
small_emergency,17.595224198174748,7.069353992146106,13.226061444155214,4,4,8,4,0.5,150,500,2600,0,0,1,0.6222359291146916,0.3325862402890607,5,3,0.2092192347849632,0.019259499728274142,0.445542673829862
small_emergency,19.683670949222424,9.764768357019282,11.978453331635349,10,3,8,4,0.5,150,500,3000,0,1,1,0.2015784730323179,0.5477521569844479,4,3,6.379244334605649e-06,0.2141336444762102,0.40003223918765346
small_emergency,11.942532423718315,8.171603874674291,14.823121195130701,10,2,8,4,0.5,150,500,2500,0,1,1,0.14614673700387035,0.4028346077222036,4,2,3.8963187369514463e-07,0.19371018040330426,0.3835477423404834
small_emergency,12.67172677394024,6.044606762473494,14.541517399192472,4,3,8,4,0.5,150,500,2100,0,0,1,0.5240922723298415,0.2904723632817928,5,2,0.1042564151954912,0.030344092558448527,0.36880585577865244
small_emergency,15.441551116994642,7.574568934626585,14.895237477614177,10,2,8,4,0.5,150,500,2500,1,1,1,0.2038604605788816,0.5183385340516226,4,3,7.018320767616974e-06,0.367380816448595,0.5665441015583559
small_emergency,13.727894941345468,5.2751642587713645,11.065783300767935,5,4,8,4,0.5,150,500,2750,0,0,1,0.5204727006754032,0.31014286490665305,5,3,0.06218749668087343,0.014934792420480148,0.3570585050633168
small_emergency,29.584653258588865,7.144052025844397,12.844661447648091,10,4,8,4,0.5,150,500,3500,0,1,1,0.414115870819013,0.5758161353487042,7,4,0.0018921186473267767,0.15146631569620392,0.3711883745242234
small_emergency,24.629056635194484,8.765065941343131,10.328129379820355,7,5,8,4,0.5,150,500,3550,0,1,1,0.40141588046415616,0.4769316055105978,5,4,0.00656948746917653,0.04245713835840989,0.2599388531103454
small_emergency,15.552521652277006,5.266192067736556,10.783143770081834,9,4,8,4,0.5,150,500,3350,0,1,1,0.3281418412273828,0.36057484681387536,6,3,0.0006046304452464863,0.025852844705802996,0.30908533811617844
small_emergency,19.67674219944911,7.328682432568771,13.65519809080201,10,3,8,4,0.5,150,500,3000,0,1,1,0.26848949153541407,0.4803236117754343,5,3,6.839511026428395e-05,0.13866486968836558,0.3484156252655956
small_emergency,26.821209572258976,7.093764281255925,14.795065884060868,10,5,8,4,0.5,150,500,4000,0,1,1,0.37809558520473385,0.36256965372697936,6,4,0.0009695566504188319,0.013048523186644595,0.22257706020713128
small_emergency,19.361242364753146,6.130329102876906,13.60211973825685,5,5,8,4,0.5,150,500,3250,0,1,1,0.631654256723904,0.2846797813475849,6,3,0.15048236584181926,0.004579157526624873,0.3917028557809915
small_emergency,10.741133283116636,7.841888381304415,14.755405431211255,9,3,8,4,0.5,150,500,2850,0,1,1,0.15219028831434436,0.2426485519310444,3,2,1.8374011521662998e-06,0.01798160854047545,0.2132755250297272
small_emergency,33.944343966422714,6.258495655059448,14.01991537886127,9,5,8,4,0.5,150,500,3850,0,1,1,0.6026358380544633,0.48423036871681535,1,1,0.033892136151113146,0.04535143550760569,0.3103534848105031
small_emergency,11.258973680300157,5.113901217496345,14.850804621233836,8,4,8,4,0.5,150,500,3200,0,0,1,0.27520510275451476,0.18953474184492936,5,2,0.00036035102488142414,0.0024537451268231863,0.26569594253123446
small_emergency,32.6418331604824,9.66472032336647,14.332872484047662,9,5,8,4,0.5,150,500,3850,0,1,1,0.375269043471025,0.45548208423416053,6,4,0.0015303812484808775,0.03479290536776782,0.20956208066951926
small_emergency,14.453747805782015,9.652600315013633,12.054867318203378,8,4,8,4,0.5,150,500,3200,0,0,1,0.18717427602514383,0.29974920968139196,3,3,2.6532099772364767e-05,0.013191817094626959,0.19977142063017364
small_emergency,24.735026276888192,7.431308475373099,10.422237365501411,6,4,8,4,0.5,150,500,2900,0,0,1,0.5547481164512404,0.5933233289898833,6,4,0.05518007444590501,0.1712541905995021,0.4569487569582207
small_emergency,11.496239384647946,8.702008260275258,12.671407669493828,9,4,8,4,0.5,150,500,3350,0,1,1,0.1467890966569991,0.22681456718350487,4,2,1.3758183288472667e-06,0.004760690545887416,0.19859589881056902
small_emergency,31.826292588199703,8.350469522410847,12.1727539873031,7,4,8,4,0.5,150,500,3050,0,0,1,0.5444739621746476,0.6536378830418409,7,4,0.034584616994050535,0.25955074429848823,0.4960397851138804
small_emergency,23.06057235482723,9.259760810948018,10.337450506943497,4,4,8,4,0.5,150,500,2600,1,0,1,0.6226017287498995,0.5576948673016093,5,4,0.2097468610319807,0.13316378137012494,0.5476404431877205
small_emergency,24.84190956444739,8.782846067419442,10.306164235195459,10,4,8,4,0.5,150,500,3500,0,1,1,0.28284578112555253,0.6025983333259064,5,4,0.00010377944165263125,0.1826685089850686,0.39365990682690877
small_emergency,28.036241372917967,8.933402452603465,12.066921629888272,9,4,8,4,0.5,150,500,3350,0,1,1,0.348706771787313,0.5808490813323024,5,4,0.0009239302862170778,0.15693153969134435,0.3526660795299137
small_emergency,17.145919480556202,8.6427771882751,12.54988111509567,5,4,8,4,0.5,150,500,2750,0,0,1,0.3967687493741381,0.34155541640813175,4,3,0.019219403788636593,0.021219161905057078,0.23582414511988042
small_emergency,27.713401026427384,9.38289137951337,14.858514117758752,6,4,8,4,0.5,150,500,2900,0,0,1,0.49226831946026245,0.4662882305523504,5,4,0.03061910831084841,0.06674356141743773,0.2712411061704906
small_emergency,10.400899175736008,9.351390806002941,13.865127969070874,9,5,8,4,0.5,150,500,3850,0,1,1,0.12358113225562312,0.15002961673253118,3,2,3.4141899740789434e-07,0.0002588070496168724,0.17931850117419176
small_emergency,18.511356686007474,9.62121272070084,12.589885093487354,8,5,8,4,0.5,150,500,3700,0,1,1,0.2405018632185882,0.2940671268808204,4,3,0.00014736649434355672,0.0052750232155682145,0.18878823359311886
small_emergency,28.023118466596795,8.047158990963148,12.515482780142996,10,4,8,4,0.5,150,500,3500,0,1,1,0.34823617251835565,0.5597690268700249,6,4,0.0005227990388104146,0.135154707979391,0.3398459988112736
small_emergency,14.095629895325388,6.948761513712141,12.63659582332274,5,5,8,4,0.5,150,500,3250,0,1,1,0.40570193314334296,0.22309220129221483,4,3,0.02114742915008776,0.0015624500571911617,0.24575565265089366
small_emergency,11.007399040432713,9.134583330511056,12.075256209266785,7,2,8,4,0.5,150,500,2050,0,0,1,0.17214639358013245,0.4557832500475403,4,2,4.5729582225086525e-05,0.2622093048888085,0.4545430806644422
small_emergency,20.728856994778717,8.156376871514297,11.347476872778149,10,4,8,4,0.5,150,500,3500,0,1,1,0.2541429524569067,0.45668427499742,5,4,4.385028888223253e-05,0.061733357120244185,0.27250598158413386
small_emergency,29.139857416892966,8.983946430738131,10.713152511769382,6,5,8,4,0.5,150,500,3400,0,1,1,0.5405912580020211,0.5440015417474952,1,1,0.0485327183056179,0.07565015387971102,0.3288357354931778
small_emergency,11.442358017262492,6.047631849147523,10.566998456004063,10,5,8,4,0.5,150,500,4000,0,1,1,0.1892039446626602,0.21656779954881245,4,3,3.715463278997517e-06,0.001368604754636253,0.26136055340224834
small_emergency,16.672979900538362,7.42417400085853,11.664473580883325,5,3,8,4,0.5,150,500,2250,0,0,1,0.449153802122911,0.476460418750012,4,3,0.032755099814260565,0.13512457486923918,0.38830519482377907
small_emergency,34.236261508837124,9.594857224527864,10.318442252094426,8,5,8,4,0.5,150,500,3700,0,1,1,0.44602359247875356,0.6635936059415922,1,1,0.0074598439181516076,0.1915233860473554,0.40011958265286224
small_emergency,24.324244622085214,8.902688868024905,12.373922011760017,10,3,8,4,0.5,150,500,3000,1,1,1,0.2732235730426199,0.6552555877586148,5,4,7.870673614603359e-05,0.4143188869362571,0.6075383290453935
small_emergency,11.498991407919757,9.177191144406738,12.915754536070073,8,3,8,4,0.5,150,500,2700,0,0,1,0.1566246036910773,0.29676912218088136,4,2,7.564449038908045e-06,0.03230708142776943,0.2187052709358978
small_emergency,11.44565362643835,7.787501108047582,14.950998127045573,10,2,8,4,0.5,150,500,2500,0,1,1,0.14697466449937893,0.382772224609331,4,2,4.096707883880417e-07,0.1716661723806632,0.3669626452705189
small_emergency,13.579464973680512,7.3590030246521705,13.831449206744143,4,2,8,4,0.5,150,500,1600,1,0,1,0.4613214904311837,0.49089089547678183,4,3,0.06411404039282846,0.31747770220065097,0.58977871889613
small_emergency,34.738763071295836,8.719164755997136,13.95942934046684,10,5,8,4,0.5,150,500,4000,0,1,1,0.3984184729093706,0.4977103608468006,7,4,0.0014270665303079827,0.05111348803753889,0.23886660538443572
small_emergency,11.094496014480528,9.070368540972478,11.091459290388476,6,5,8,4,0.5,150,500,3400,0,1,1,0.20385970655188385,0.20005475788194405,3,3,0.00035990844280584525,0.0009590348333230807,0.20172750855201
small_emergency,34.587366733859724,8.683594067625517,14.672606148965755,7,5,8,4,0.5,150,500,3550,0,1,1,0.569010061049813,0.4714549873786086,6,4,0.04400121300407689,0.0403839879953004,0.26769910902333727
small_emergency,15.016316012679278,5.374406843268132,11.43369078894368,5,3,8,4,0.5,150,500,2250,0,0,1,0.5588083094784086,0.43777978286183195,5,3,0.08532138381114894,0.10348754932981523,0.4623368005958981
small_emergency,12.861981103467915,6.143097261710233,13.931824737794823,10,3,8,4,0.5,150,500,3000,0,1,1,0.20937290352923943,0.30773621655305994,4,3,8.794325458436532e-06,0.03592973510287267,0.2705009705236715
small_emergency,15.949984433798802,6.779843148908053,13.752545155274051,4,4,8,4,0.5,150,500,2600,0,0,1,0.5881398759338434,0.28994604732641144,4,3,0.16516427720980503,0.011687112224971787,0.39706124027313816
small_emergency,14.479877225846817,7.704768584480023,11.548931113054696,8,4,8,4,0.5,150,500,3200,0,0,1,0.2349174583746442,0.31344626364337375,4,3,0.00012583899318641356,0.015522000053642843,0.23202569037128454
small_emergency,22.367894134700734,6.927879288348915,11.7716191920004,9,5,8,4,0.5,150,500,3850,0,1,1,0.3587420431389498,0.3800308822409275,5,4,0.0011239821975651614,0.015971973239419568,0.24639035251205416
small_emergency,13.175692872848732,8.451362664589846,10.852449820762553,9,5,8,4,0.5,150,500,3850,0,1,1,0.17322246516467743,0.24281508950433342,3,3,5.125912722858051e-06,0.002276084796815761,0.21275041796605187
small_emergency,29.706010241234633,5.631451806301099,12.400408198170863,8,4,8,4,0.5,150,500,3200,1,0,1,0.6593772632484447,0.5988917817563548,1,1,0.07735880361556993,0.17802531558279727,0.513600728252299
small_emergency,27.92249452916894,6.695650025366131,11.105472215127845,8,5,8,4,0.5,150,500,3700,0,1,1,0.5212805034497394,0.5028601033485635,8,4,0.01890296802696195,0.05346530466001343,0.31176466821165866
small_emergency,15.242658213417908,6.592828795602504,13.999603762833903,10,3,8,4,0.5,150,500,3000,0,1,1,0.23120057695999852,0.36293070555525436,4,3,2.01561003867913e-05,0.058519041479029525,0.2816497494693794
small_emergency,13.284398156014248,8.017406290180542,11.8941264055761,6,4,8,4,0.5,150,500,2900,0,0,1,0.2761574353600396,0.27922181299894316,3,3,0.0017428971177820792,0.01018705551815136,0.22073368100809254
small_emergency,21.363662820715117,5.799681848992921,14.875003447688702,5,5,8,4,0.5,150,500,3250,1,1,1,0.736718439975282,0.28724245874423154,6,3,0.3332245227303834,0.004761811855115935,0.5776364609034071
small_emergency,18.44586054683566,7.3655343667369735,11.847450272545213,8,3,8,4,0.5,150,500,2700,0,0,1,0.3130434878923696,0.5189825693151133,5,3,0.0008305088041022838,0.17850350429904252,0.39950783480001334
small_emergency,31.872217702392646,7.661079322607309,10.56811374650861,10,5,8,4,0.5,150,500,4000,0,1,1,0.41602777311468325,0.6031770373955765,1,1,0.0019564676717616575,0.12101285659648779,0.34812350039531575
small_emergency,16.317923875257748,7.468316572217126,13.55468152306901,6,3,8,4,0.5,150,500,2400,0,0,1,0.36415890420700775,0.40128629722225273,4,3,0.006989727254404682,0.07920068801192066,0.2938646477737544
small_emergency,34.01246312738232,9.92394059643691,12.229966152401506,5,5,8,4,0.5,150,500,3250,0,1,1,0.6854628521173162,0.5562151636977924,1,1,0.22575683065658184,0.08355527335557632,0.4918449025285165
small_emergency,15.103996486141721,9.02716137835975,12.084813361505775,7,5,8,4,0.5,150,500,3550,0,1,1,0.23902461618854892,0.2499665660415256,4,3,0.00033715586085992117,0.0025875895771033906,0.19645002506904624
small_emergency,10.047780481033726,8.222162575914991,13.485034789794259,5,5,8,4,0.5,150,500,3250,0,1,1,0.24440724415901185,0.14902120220910495,3,2,0.002342844553580943,0.00025089489547793317,0.19837252219155388
small_emergency,12.146259249409187,6.374492273547681,14.704586740659298,4,4,8,4,0.5,150,500,2600,0,0,1,0.4763618311929205,0.2065046006329416,5,2,0.07233929825100824,0.003369830458171189,0.3005903593182092
small_emergency,24.844290763468493,5.754083857941033,10.69960823340079,7,4,8,4,0.5,150,500,3050,0,0,1,0.6168113782149861,0.5804953373412421,7,4,0.06877076269308853,0.15654169973626939,0.49256344013216885
small_emergency,19.26152681237139,7.702233980149249,10.963198462515962,4,4,8,4,0.5,150,500,2600,0,0,1,0.6251928616429201,0.43923146329577234,7,3,0.2135209415637484,0.05338608701490977,0.4879537473164539
small_emergency,29.383434282831473,9.243320740171914,12.857777899700842,9,5,8,4,0.5,150,500,3850,0,1,1,0.35320921162419794,0.45705306954345715,5,4,0.0010097037486130676,0.03531392603652357,0.22228379358830813
small_emergency,32.19173875320001,9.345523017951072,12.702520142262953,5,5,8,4,0.5,150,500,3250,0,1,1,0.6889232136364217,0.5068559371316227,6,4,0.23171350251280068,0.055350246616566914,0.47279139185403685
small_emergency,32.12474960298957,8.378234812174671,13.947300950380885,7,5,8,4,0.5,150,500,3550,0,1,1,0.5477585727981081,0.46065901520698566,6,4,0.03573688406646822,0.03653315378049751,0.26332538182544496
small_emergency,10.358717388856675,9.508862192582168,12.953728234351914,8,3,8,4,0.5,150,500,2700,0,0,1,0.13617188338444788,0.266556911942063,3,2,2.772327477141972e-06,0.023622846058860614,0.20598852413892652
small_emergency,23.87430197012008,5.63246859640917,13.850829935968328,10,5,8,4,0.5,150,500,4000,0,1,1,0.4238692424373303,0.3447346055144673,6,4,0.0022396714093539335,0.010501286322597525,0.2624808437151248
small_emergency,15.693095323456765,7.842205091934224,13.341144298150923,8,4,8,4,0.5,150,500,3200,0,0,1,0.2501384358653992,0.29407326262170447,4,3,0.00019164581344502648,0.012304623765121071,0.21496751390094593
small_emergency,32.02902191034305,9.41938429578725,12.521960096653892,7,5,8,4,0.5,150,500,3550,0,1,1,0.48576153333788785,0.5115656281144326,6,4,0.018613114815014344,0.057641351508430916,0.2622782197373241
small_emergency,13.160738948115888,5.889244483916873,14.699873258888996,8,3,8,4,0.5,150,500,2700,0,0,1,0.27933844027143406,0.29843202764027477,6,2,0.00039730218430326496,0.032839541870758875,0.27106570894113247
small_emergency,23.614041061855943,9.009528452131434,14.592907900495621,4,5,8,4,0.5,150,500,3100,0,1,1,0.655251858832563,0.3236372246418952,5,3,0.2624386817025553,0.007995020782221678,0.4499537408990131
small_emergency,27.515514265856368,8.323242799586934,14.661504651377626,5,5,8,4,0.5,150,500,3250,0,1,1,0.6611729329155677,0.37534366247015377,5,4,0.1880669626058948,0.015142718843559487,0.39156098489427504
small_emergency,13.63881597795885,8.665302223232317,13.632603805085026,8,2,8,4,0.5,150,500,2200,1,0,1,0.19674466664001883,0.5002278424929912,3,3,3.7502629328012745e-05,0.3337386020872072,0.5225324470754716
small_emergency,16.70066461742795,8.970758851326314,14.97376550429776,6,3,8,4,0.5,150,500,2400,0,0,1,0.31027967076532553,0.37177610429464203,4,3,0.0031453303155039958,0.0628913649505452,0.24429345364494806
small_emergency,14.862934953690115,7.433882146225333,11.034472785602885,10,4,8,4,0.5,150,500,3500,0,1,1,0.19993503611349284,0.3367386743905512,4,3,5.95070130215882e-06,0.020149543328046783,0.24529979218604137
small_emergency,17.18406107620007,8.249612714382422,14.73463866033103,4,3,8,4,0.5,150,500,2100,0,0,1,0.5207535696264044,0.38874522075349427,4,3,0.10170110917308159,0.07193307100766824,0.3627192821457511
small_emergency,21.221267026501152,9.399806659119408,10.87156207299384,6,5,8,4,0.5,150,500,3400,0,1,1,0.37627133897683096,0.3903995926991416,4,4,0.00821533956722234,0.017929320303626792,0.22451292846196136
small_emergency,21.696130376443815,7.06940518271243,10.294922603055115,9,5,8,4,0.5,150,500,3850,0,1,1,0.3410019783323917,0.4214918598806228,5,4,0.0007911045593801325,0.024916217272188828,0.2642972000531207
small_emergency,19.12314710983641,7.343255874084438,12.364316025241141,5,4,8,4,0.5,150,500,2750,0,0,1,0.5208356466870548,0.38666002775239344,5,3,0.06237883431682738,0.03337102511582736,0.3128071419293095
small_emergency,19.128105815934862,9.504016448583672,11.21327297116762,4,5,8,4,0.5,150,500,3100,0,1,1,0.5031584782974943,0.3411690032895558,5,3,0.08907909689482015,0.010040942191791608,0.2935187404227388
small_emergency,21.049066094289362,8.279211442330702,13.102577697847538,4,4,8,4,0.5,150,500,2600,0,0,1,0.6355999674880808,0.40162070738468614,5,3,0.2293496703441159,0.038357114693033996,0.4648120951210336
small_emergency,27.538230284520097,6.1544031752000095,13.49503767114792,9,5,8,4,0.5,150,500,3850,0,1,1,0.49717304470343515,0.4081238001046296,7,4,0.009865396750828533,0.021694868242209363,0.2681468697072995
small_emergency,19.045517180997322,9.271592026439572,12.841072354850628,10,5,8,4,0.5,150,500,4000,0,1,1,0.20541798136377967,0.29663437218781824,4,3,7.485562121863072e-06,0.005478468950370682,0.1912174125222694
small_emergency,15.093627299115772,9.355200269699665,11.751756961982531,9,4,8,4,0.5,150,500,3350,0,1,1,0.17926603937422628,0.3210929937528563,3,3,6.707576804035784e-06,0.0169452438947831,0.2089380308912917
small_emergency,14.939611513385927,6.863037079279581,13.291882985347549,4,3,8,4,0.5,150,500,2100,0,0,1,0.5442055514493209,0.3746550063637778,4,3,0.12082715105736723,0.06436373644887952,0.40613285925237314
small_emergency,16.301026845998525,6.617991961707076,14.84883927946946,8,5,8,4,0.5,150,500,3700,0,1,1,0.30789223793862397,0.21955961054190828,4,3,0.0007466536648217682,0.0014550852570850293,0.22065030598826002
small_emergency,20.557862863140507,7.543753610335077,14.252000358149782,6,3,8,4,0.5,150,500,2400,0,0,1,0.4541917265823711,0.4808181856704491,5,3,0.020660536810897023,0.13912348552924392,0.3625096142098063
small_emergency,16.18786554729937,8.01097062602397,13.52513740804666,6,4,8,4,0.5,150,500,2900,0,0,1,0.33678535562870116,0.29921813470206493,4,3,0.004742051532226116,0.013106909120024896,0.2166141816246514
small_emergency,15.807627055983517,6.564055030618805,11.221850836874674,6,4,8,4,0.5,150,500,2900,0,0,1,0.40136843719943904,0.35216176203394445,5,3,0.011285465400297033,0.023720225426214214,0.27646240395712957
small_emergency,34.866208757149515,8.696219396414739,12.70971610196008,7,4,8,4,0.5,150,500,3050,1,0,1,0.5727646392362852,0.6858180087864528,1,1,0.04561763206320573,0.32379305288347676,0.5630831474972644
small_emergency,22.99759070448,8.818449153542156,12.22638854920313,9,4,8,4,0.5,150,500,3350,0,1,1,0.28976612685088016,0.47024496669498733,5,4,0.0002495597734830648,0.06889883289033602,0.26433731771775637
small_emergency,30.471302168389336,7.162945826421394,10.283907524675607,8,5,8,4,0.5,150,500,3700,0,1,1,0.5317522794880049,0.5926016369804048,1,1,0.02126822118460523,0.11148313340302793,0.3695980236575537
small_emergency,14.61018064517657,9.110699438036727,10.12157391644664,3,3,8,4,0.5,150,500,1950,1,0,1,0.5345429566830612,0.4811564145320769,4,3,0.1970701840258973,0.13943783257513118,0.545067937087117
small_emergency,13.631784521649738,5.681454429428506,14.461983181700237,6,3,8,4,0.5,150,500,2400,0,0,1,0.39989128050969136,0.3141981370599986,4,3,0.011083152263928225,0.03818948765003137,0.2944307180020144
small_emergency,23.75065610142456,8.508264196972831,14.405943606926657,6,3,8,4,0.5,150,500,2400,0,0,1,0.4652467991037632,0.5495568761865018,5,3,0.023234936124917376,0.21656384385400265,0.4267473595979801
small_emergency,34.615572766802956,9.396389788207049,14.365761971715996,8,4,8,4,0.5,150,500,3200,0,0,1,0.46049032589951827,0.6023970889075665,6,4,0.009035228601288414,0.18241355520210747,0.36748258812253787
small_emergency,18.494960857366394,8.159120876932764,10.373187225995162,9,4,8,4,0.5,150,500,3350,0,1,1,0.2518648371331664,0.4457395893476718,4,4,8.959068851043344e-05,0.05638875639316299,0.2754429571082042
small_emergency,31.440413846565846,7.254772199177719,14.584041479806901,6,4,8,4,0.5,150,500,2900,1,0,1,0.7222926965262354,0.538952352304029,7,4,0.2237793803092425,0.11629691343074648,0.5464846959971484
small_emergency,19.23427109138703,6.4231505780879505,11.840605860753994,8,5,8,4,0.5,150,500,3700,0,1,1,0.37431535462135906,0.32488660322930835,6,3,0.002560599806977379,0.008129378653817106,0.250831953749151
small_emergency,13.656000399494367,6.698752912872198,12.411869948140755,4,5,8,4,0.5,150,500,3100,0,1,1,0.5096471155568842,0.22004742970320887,4,3,0.09357331980520898,0.0014695688372074907,0.3248924433377869
small_emergency,11.429195692159485,8.767287447748682,11.075718639846336,9,4,8,4,0.5,150,500,3350,0,1,1,0.14484646933622103,0.25797864824412997,3,3,1.2362485673107792e-06,0.007631099605671331,0.21198029523030412
small_emergency,20.968356864219597,6.723172258545248,10.67139469860843,7,5,8,4,0.5,150,500,3550,0,1,1,0.44554556046426946,0.39298250053395384,5,4,0.011635384460810855,0.018444227356365,0.27252738485153005
small_emergency,17.522448358304295,8.438394919244626,13.646548796900776,6,5,8,4,0.5,150,500,3400,0,1,1,0.346085729296349,0.25680409925011605,4,3,0.005430728407371835,0.002914485125363006,0.20012976346043027
small_emergency,14.332602031609731,8.893563953488759,10.569917293401799,3,5,8,4,0.5,150,500,2950,0,1,1,0.5371900438926344,0.2711961055846059,4,3,0.20039023627887045,0.0037033920013838342,0.41114261024850884
small_emergency,14.757442914579162,7.404635001778403,14.886228993930118,5,2,8,4,0.5,150,500,1750,1,0,1,0.39860014466708493,0.4956743215691674,4,3,0.019603196189068084,0.32572022244571486,0.547550144751776
small_emergency,16.799630643955304,7.917875267757767,10.043873006861139,8,5,8,4,0.5,150,500,3700,0,1,1,0.2652168365224944,0.33452495133061105,5,3,0.0002825585098294024,0.009224014819845985,0.2353662680604202
small_emergency,18.47211850167779,7.975249497438489,14.180974826830816,6,3,8,4,0.5,150,500,2400,0,0,1,0.386030107012341,0.4341995461583268,4,3,0.00931946986613956,0.10088269950356336,0.3061071101170427
small_emergency,10.480470408909897,9.17260853080728,14.704777619738582,6,2,8,4,0.5,150,500,1900,0,0,1,0.1904305696994483,0.35636276453585075,3,2,0.0002506677519537486,0.1454680506624215,0.32274406888825413
small_emergency,27.416957141279486,9.870298053583687,14.853960032637426,5,5,8,4,0.5,150,500,3250,0,1,1,0.5555446652662124,0.36915350628436305,7,3,0.0831037485482898,0.014098293248591208,0.26583821954366904
small_emergency,12.60099766334319,5.692814876146605,10.414004441605531,4,5,8,4,0.5,150,500,3100,0,1,1,0.5533728892249103,0.24200100420545798,4,3,0.12909735604912068,0.0022425096291404456,0.4030244314080066
small_emergency,13.252664332396602,6.7354505084664895,12.679777396798714,8,4,8,4,0.5,150,500,3200,0,0,1,0.24594984989753,0.2612952877181922,4,3,0.00017121641287857407,0.007995816932083441,0.2355009395307667
small_emergency,11.764854741641603,7.934170580599167,10.737938608462589,4,3,8,4,0.5,150,500,2100,0,0,1,0.3707020986670403,0.36521146098965707,3,3,0.02860369321901492,0.05962485845652605,0.3073934146730208
small_emergency,12.041237712499308,9.284201851316995,14.546775821579352,6,2,8,4,0.5,150,500,1900,0,0,1,0.21615998706432005,0.4138799504504904,3,2,0.0004901337958219458,0.20670437233830324,0.3836481128162151
small_emergency,14.136390400302409,5.694975890349953,13.946084580078926,4,4,8,4,0.5,150,500,2600,0,0,1,0.6205641021350196,0.2534114560816468,5,3,0.20682390736381912,0.007148581148650226,0.46127057054562265
small_emergency,12.210618049842395,7.291857681393971,13.516613693427248,9,2,8,4,0.5,150,500,2350,0,1,1,0.18606168663072603,0.4516892443179048,5,2,8.967178872123743e-06,0.25631798140692885,0.467449240495146
small_emergency,32.35803741674884,5.910533950832494,10.15113256472472,10,5,8,4,0.5,150,500,4000,0,1,1,0.5474638617411417,0.6375256595346478,1,1,0.013516850417220418,0.15733380512571024,0.4385512828560377
small_emergency,11.159459271001376,9.97820160626722,10.430724480178684,4,5,8,4,0.5,150,500,3100,0,1,1,0.2795959560486385,0.2139728509214771,3,3,0.010236918383532832,0.0012967973092487804,0.20762279363657168
small_emergency,11.529674583318904,8.07191468764998,12.739703446792372,4,3,8,4,0.5,150,500,2100,0,0,1,0.35709230800467,0.3016730237997774,4,2,0.02495366030494359,0.03389444852969514,0.2612292156521677
small_emergency,20.437489937023525,7.085124652668712,13.41887702848299,8,5,8,4,0.5,150,500,3700,0,1,1,0.36057040170290894,0.30460805168186256,5,3,0.0020293209463433997,0.006148179011038616,0.2238401613514308
small_emergency,12.089478780838236,9.487126431524445,11.169069280919864,10,3,8,4,0.5,150,500,3000,0,1,1,0.12743035383892984,0.36080233356270514,3,3,1.1427274335590675e-07,0.05750041024825336,0.25243949433107554
small_emergency,15.031936343416934,9.66727329079014,14.56338957405109,4,5,8,4,0.5,150,500,3100,0,1,1,0.388732579789009,0.20643458402294884,3,3,0.034030984520243474,0.0011043059288171272,0.20724240826583956
small_emergency,13.635003285425128,9.670474040684624,13.20534171666863,6,4,8,4,0.5,150,500,2900,0,0,1,0.23499370744497364,0.2581342379844315,3,3,0.0007586099004560831,0.007647937206440724,0.18754102514684198
small_emergency,23.106579393390554,7.32853283893321,11.741854736385577,6,5,8,4,0.5,150,500,3400,0,1,1,0.5254935264949544,0.39357631161605244,5,4,0.04219513463917432,0.01856418846295812,0.28237770416440094
small_emergency,15.363945538069329,9.48083248068665,10.979746791064123,8,4,8,4,0.5,150,500,3200,0,0,1,0.20256588186437127,0.34982467789178184,4,3,4.586275705702614e-05,0.023151496023259218,0.21975011009015827
small_emergency,32.82396354425818,8.918165083358687,14.179282314492081,6,5,8,4,0.5,150,500,3400,0,1,1,0.613428944135376,0.4629848368377588,6,4,0.09175063314907389,0.037337040339656964,0.3117437942499248
small_emergency,15.984968954663033,5.39245659678942,13.684277602834094,9,3,8,4,0.5,150,500,2850,0,1,1,0.3293689304215617,0.389375540275809,5,3,0.0006206801144769513,0.07228615148906264,0.33142763363587585
small_emergency,30.213769809459244,5.775344616271648,14.03378833080528,8,4,8,4,0.5,150,500,3200,0,0,1,0.653938678488855,0.5382326050753099,8,4,0.07350145558628557,0.1156876935359726,0.4335955868088318
small_emergency,14.910281035609653,6.95161314049229,14.47770279425979,4,4,8,4,0.5,150,500,2600,0,0,1,0.5362165850671086,0.25746973203375495,4,3,0.11399573363407575,0.00757621126729618,0.3344951796024035
small_emergency,14.007448271985158,9.89681110264575,14.463933767257789,5,3,8,4,0.5,150,500,2250,0,0,1,0.2830699328643445,0.3228132470133866,5,2,0.004467145933961014,0.041352021484513404,0.21599930009327803
small_emergency,10.767820307991416,5.727873185826046,11.169018768004388,4,3,8,4,0.5,150,500,2100,0,0,1,0.4699746292671515,0.3213597819603672,4,3,0.06874984294762236,0.04080623058529624,0.37367432417265384
small_emergency,32.42318203222304,7.97531378979231,13.374459601161856,9,5,8,4,0.5,150,500,3850,0,1,1,0.4517158667749338,0.48485221831925673,7,4,0.005286253600051395,0.045605160121696305,0.2510477057883636
small_emergency,14.70170114588454,7.277313080487099,12.705639185826902,4,5,8,4,0.5,150,500,3100,0,1,1,0.5050525167490972,0.23142009513829478,4,3,0.09037219057409264,0.0018392296213135596,0.30832998437784365
small_emergency,22.944669516072715,7.95365890827773,10.05443579849895,9,5,8,4,0.5,150,500,3850,0,1,1,0.32053269487767405,0.4564088920732514,5,4,0.0005125811934061188,0.03509954414375871,0.2607990128905444
small_emergency,18.152062960687392,6.186160641397817,13.351079662270088,10,5,8,4,0.5,150,500,4000,0,1,1,0.2934301905969544,0.27191902707291604,5,3,0.00013886862834000635,0.0037468541081407776,0.24043718526906338
small_emergency,20.270717406575777,6.660282383687529,13.7637763150028,6,3,8,4,0.5,150,500,2400,0,0,1,0.5072537028415678,0.4909194720657265,5,3,0.03546643684844705,0.14876470404634068,0.40702940415613215
small_emergency,34.93782950170917,8.150681741077989,14.739864363651382,10,5,8,4,0.5,150,500,4000,0,1,1,0.428649168395678,0.4740590366335544,7,4,0.002428365950899821,0.04135941785316941,0.23432013690284717
small_emergency,29.8035677325614,9.468271958768062,10.529686519797803,9,5,8,4,0.5,150,500,3850,0,1,1,0.34974782518509573,0.5660865150453445,1,1,0.0009432081856261533,0.09045091046612046,0.2919796007502955
small_emergency,13.639524367430857,7.586362283293466,10.23785994073604,9,5,8,4,0.5,150,500,3850,0,1,1,0.1997667196608481,0.2664526462832281,4,3,1.55464930221669e-05,0.003427557050943235,0.23293524887405745
small_emergency,22.561618661904358,9.300777774539768,13.900452164490789,10,3,8,4,0.5,150,500,3000,0,1,1,0.24257776294435526,0.5410284115202821,5,3,2.9961635987779927e-05,0.20529170015392567,0.3847796574540706
small_emergency,20.565380652633515,5.7095168779764895,11.604771413293566,9,4,8,4,0.5,150,500,3350,0,1,1,0.40021640071706016,0.44303717669689163,6,4,0.002366288711462909,0.055126445435994154,0.3188103535007815
small_emergency,18.339888126414337,8.989776778031963,12.956940085508029,5,3,8,4,0.5,150,500,2250,0,0,1,0.4080165409942313,0.4718163394901904,4,3,0.021670394953843413,0.13096569800793684,0.341052276289793
small_emergency,31.544050394318674,8.257892601476545,13.906327070750951,7,4,8,4,0.5,150,500,3050,0,0,1,0.5456952676604625,0.5670809091759568,6,4,0.035009372435616894,0.1423833489108096,0.37039870612711256
small_emergency,26.73982618355125,7.238663861746616,11.420817542832598,10,4,8,4,0.5,150,500,3500,0,1,1,0.3694027888884345,0.5853308242441115,6,4,0.0008152446698134779,0.16194707425530241,0.3884687668441147
small_emergency,15.137908709470867,9.698898157590957,10.76133111462426,8,3,8,4,0.5,150,500,2700,0,0,1,0.1950983047701017,0.468898272534922,4,3,3.538406661134827e-05,0.12840560044389424,0.3244707870887843
small_emergency,10.773712469726128,9.988540741616669,11.73995617138499,3,4,8,4,0.5,150,500,2450,0,0,1,0.3595357502969407,0.22942403515922002,4,2,0.056900273089377264,0.0049650438723649855,0.2471592346467804
small_emergency,19.7881098146022,8.314581592092605,10.011704776531946,5,5,8,4,0.5,150,500,3250,0,1,1,0.4759857028385225,0.39529950705272,4,4,0.04209313404646139,0.018915692831985662,0.2811625500117947
small_emergency,23.222824371373488,9.905371872910385,11.70759115512444,4,4,8,4,0.5,150,500,2600,0,0,1,0.586116923961336,0.49589245267607424,4,4,0.16284160849778018,0.08425818501699123,0.43346978182182516
small_emergency,15.92135986784731,5.074245095855016,11.073277051659154,9,4,8,4,0.5,150,500,3350,0,1,1,0.34863116619286644,0.35945456330521747,6,3,0.0009225429903010691,0.025561029524827018,0.3138647250633313
small_emergency,10.041228460005142,9.412304234084129,11.214478714279494,10,3,8,4,0.5,150,500,3000,0,1,1,0.10668193685923934,0.2984602529115496,4,2,2.2689236861431953e-08,0.0328486308266737,0.22826300297948582
small_emergency,14.243723211108883,7.764225604749008,13.09348442899854,3,3,8,4,0.5,150,500,1950,1,0,1,0.611510790481439,0.3626160601314771,4,3,0.31715009129455163,0.058367647391361924,0.5806874480747861
small_emergency,20.13597867792575,8.685552697973739,13.276416610079071,5,5,8,4,0.5,150,500,3250,0,1,1,0.4636660297420863,0.30333454077720184,5,3,0.037575116404250875,0.006037288672955587,0.2340676550522473
small_emergency,26.908093072631186,8.276656098202873,11.073621500498044,9,4,8,4,0.5,150,500,3350,0,1,1,0.36123140598174924,0.6074817771092541,6,4,0.001178760634913765,0.1889579281593929,0.4012631237645737
small_emergency,26.04157612561147,7.93281911956289,10.364760293455362,7,5,8,4,0.5,150,500,3550,0,1,1,0.46896634156542183,0.5025022361984569,6,4,0.01537651678543614,0.05329907715353183,0.2912149496214636
small_emergency,26.58026299952452,6.989438558972005,14.99029239475302,5,5,8,4,0.5,150,500,3250,1,1,1,0.7605836370191628,0.35463301581533235,6,4,0.40151275162228534,0.011863167038216252,0.6231587663423407
large_emergency,67.97674739905506,7.031864170964663,8.015552898145042,27,11,30,20,0.75,200,800,14200,0,0,1,0.35803554361470685,0.770964197670645,13,10,2.0948439687290846e-07,0.12940702455131498,0.3963744919046349
large_emergency,59.37210849401026,5.828728274823653,8.338178653836122,23,13,30,20,0.75,200,800,15000,0,0,1,0.44287465460153175,0.5477317599412258,13,9,3.1209585400490065e-05,0.005879254834254933,0.2974047430305816
large_emergency,76.5685323347975,8.681899937630618,8.618077990195506,24,13,30,20,0.75,200,800,15200,0,0,1,0.3674720437771571,0.6834339523705233,11,11,1.2167197293917523e-06,0.03545408294462306,0.26667261429247663
large_emergency,55.37265578177947,9.64189222907124,10.052958208379565,24,17,30,20,0.75,200,800,18400,0,0,1,0.2392885064563431,0.3240056288378879,8,7,6.161930546107295e-10,5.800760432299924e-06,0.20319309095753268
large_emergency,63.65386063810078,7.146743814532176,9.373319472141688,29,24,30,20,0.75,200,800,25000,0,1,1,0.30712738117118715,0.2829567690653132,14,8,3.831843859059137e-09,1.3585223662020775e-08,0.2466096708484562
large_emergency,51.64662528637203,7.4133218106601735,6.288390978970018,12,17,30,20,0.75,200,800,16000,0,0,1,0.5805609887786229,0.48311830350741,9,10,0.01207212380272504,0.0005904739479602702,0.3065780847897759
large_emergency,59.9093657020489,7.382638084737423,13.831791074229809,26,7,30,20,0.75,200,800,10800,0,0,1,0.31211151714444096,0.6187543441517008,10,6,2.639229788148219e-08,0.06999449491886318,0.2777446737116514
large_emergency,71.3170679727695,6.378216410384805,14.835604227939495,22,10,30,20,0.75,200,800,12400,0,0,1,0.5082431669416473,0.4807156276011999,15,6,0.00027170184464497956,0.00548521712381555,0.22994597220930635
large_emergency,55.52942184682783,11.45989787028309,11.243032218121844,32,13,30,20,0.75,200,800,16800,0,1,1,0.15142320222706343,0.3799236634164054,9,6,1.1062685254770752e-17,0.00023942507997718813,0.17644421472588726
large_emergency,111.91687825538091,10.314087682963851,12.643999772795546,37,13,30,20,0.75,200,800,17800,0,1,1,0.293266897312189,0.6808755765364809,16,10,1.56412604652789e-11,0.0343913367041778,0.2104350041509911
large_emergency,68.47905231817205,6.7271116820734385,12.349894137809628,13,21,30,20,0.75,200,800,19400,0,1,1,0.78304325214749,0.2640433364738656,13,7,0.11122762568202867,2.8144471703534067e-08,0.3408522150836923
large_emergency,98.96276190537174,10.33460100881782,12.195678642511186,25,13,30,20,0.75,200,800,15400,0,0,1,0.38303466895696686,0.6241981581928251,12,10,1.590738058429801e-06,0.017049025872357678,0.19580919650278522
large_emergency,81.38215595176031,8.570301162326977,6.24443763114817,28,16,30,20,0.75,200,800,18400,0,0,1,0.33913692350533003,0.8145464888004305,12,15,4.7360570469765146e-08,0.11432647546203144,0.3911510602839842
large_emergency,65.06154617482233,10.86850983119415,12.741797674202754,8,20,30,20,0.75,200,800,17600,0,0,1,0.7482804356960527,0.2553075627097225,8,7,0.1756785047963714,3.259805507252417e-08,0.34616933252489074
large_emergency,88.93456820904183,10.971123561985255,12.125375212424139,37,25,30,20,0.75,200,800,27400,0,1,1,0.21908758615674612,0.29338331111738614,10,9,4.108492013515573e-15,1.4523224851913964e-08,0.17362005650106158
large_emergency,76.71724885183238,7.90996019179653,14.449154807738413,28,21,30,20,0.75,200,800,22400,0,1,1,0.3463862874493185,0.25283155830825604,12,7,7.145633849589414e-08,1.3892854499944312e-08,0.19563117219956333
large_emergency,67.6866031862907,6.011899253922527,11.10586878329341,37,17,30,20,0.75,200,800,21000,0,1,1,0.3042911360315864,0.35850998881786694,14,8,4.204861655853645e-11,2.0015683114295067e-05,0.25639928468199563
large_emergency,108.01927089034757,9.495550377898788,13.908833641842087,22,13,30,20,0.75,200,800,14800,0,0,1,0.5170808076675866,0.5974026937008086,15,9,0.00033891505797609963,0.01195676485572487,0.18950491886726548
large_emergency,77.77377206942282,8.469982687186796,8.22753649912287,17,12,30,20,0.75,200,800,13000,0,0,1,0.5401342526603304,0.7877385500681584,12,11,0.0018832820066084703,0.13413226998383768,0.37562261231676436
large_emergency,57.44057708795619,8.062567040765481,9.99483249914098,27,25,30,20,0.75,200,800,25400,0,1,1,0.2638649415600308,0.2298810994297023,10,7,5.343162292577982e-10,1.34424453231494e-10,0.22408167882030278
large_emergency,56.97031524729434,7.16553979472898,10.465320772313738,18,12,30,20,0.75,200,800,13200,0,0,1,0.4416998027234155,0.4536436458945012,10,7,0.000158089695194574,0.0017048177505458873,0.23697342318738585
large_emergency,103.01979300386677,8.75499398085796,13.97813874300976,22,24,30,20,0.75,200,800,23600,0,1,1,0.5348624880897103,0.3070860472970853,14,9,0.0005196994763137512,5.8110909378042726e-08,0.18628056446814337
large_emergency,55.10775076488927,11.725955536209774,13.770426375363513,26,6,30,20,0.75,200,800,10000,0,0,1,0.18075532258565666,0.666981898535374,9,5,3.847944993584679e-13,0.14274647810951574,0.3006467672282746
large_emergency,92.64775132389059,9.206562241340643,14.134849762334156,33,23,30,20,0.75,200,800,25000,0,1,1,0.3049463569874968,0.28498096327650896,13,8,3.790464291928504e-10,2.8251214823481694e-08,0.17936533106326222
large_emergency,101.81919199116314,10.218363601942382,10.717752611318623,12,15,30,20,0.75,200,800,14400,0,0,1,0.8303612003312725,0.6333367058291408,13,11,0.2170342918047714,0.012990324716388689,0.4211907867761911
large_emergency,78.0021784408624,8.428456613175513,6.246271035002462,28,20,30,20,0.75,200,800,21600,0,0,1,0.33052220768614476,0.6243899600558371,13,14,2.8578572963813237e-08,0.00465196865412412,0.2833931997340206
large_emergency,86.0388998456402,8.800714597331657,12.66362560856563,37,19,30,20,0.75,200,800,22600,0,1,1,0.2642257791439838,0.35758820496932325,13,8,8.918698124441739e-13,7.5936236945004146e-06,0.1926010571913362
large_emergency,104.57737760566633,11.641558606608168,13.708532096215105,36,23,30,20,0.75,200,800,25600,0,1,1,0.24953077623678432,0.33167975044166553,12,9,3.503810638543797e-13,3.62252111763394e-07,0.15884678377319522
large_emergency,66.93523089603002,10.084793945831324,12.31340339982332,10,17,30,20,0.75,200,800,15600,0,0,1,0.6637243284846542,0.3197626517581954,9,7,0.050782553905932275,4.9210108847428115e-06,0.2311589803724281
large_emergency,89.53980247337964,8.172636419155737,13.807000180526508,33,8,30,20,0.75,200,800,13000,0,1,1,0.33200147523000506,0.8106377317904582,13,8,2.777655237400227e-09,0.31745114669902036,0.5122377142795086
large_emergency,107.29826910401829,6.295880531474289,13.613953998288084,33,24,30,20,0.75,200,800,25800,0,1,1,0.5164428841791221,0.3283954987088699,19,10,2.5886730888758176e-05,1.855965429476344e-07,0.23231413582603022
large_emergency,94.26216932826674,9.523057458880842,8.977257861939199,33,18,30,20,0.75,200,800,21000,0,1,1,0.2999487702261045,0.5833392852739664,13,12,2.554308867432373e-10,0.0033027635717465718,0.21970364551445998
large_emergency,107.18124083782976,6.683101840426556,8.7217032478461,35,15,30,20,0.75,200,800,19000,0,1,1,0.4582185398209763,0.8192684218670178,19,14,1.5449437639153737e-06,0.1347051411328509,0.39899430768195737
large_emergency,108.95724195060791,9.587322568192384,14.741587486811138,33,19,30,20,0.75,200,800,21800,0,1,1,0.34438547165586736,0.3890077433479612,14,9,6.416629195261831e-09,2.2891059173377083e-05,0.17216260432298236
large_emergency,53.940346742642745,10.816572371304698,13.238355998108489,7,21,30,20,0.75,200,800,18200,0,1,1,0.7124034819773563,0.19402620238440843,7,6,0.15945314871044455,1.5809331262020107e-10,0.32744195819427707
large_emergency,93.0230893824497,6.294250033080902,12.246665073217077,37,12,30,20,0.75,200,800,17000,0,1,1,0.3994340132125958,0.6329824543138083,18,9,3.9301288628810865e-08,0.02346230856654412,0.26399239357122906
large_emergency,74.32653998966232,11.219690417606994,9.835643537669132,33,10,30,20,0.75,200,800,14600,0,1,1,0.20074701794726701,0.7556855807655303,9,9,9.094160504611568e-15,0.12990303231731098,0.3207030803471025
large_emergency,111.14692214823624,6.970162572743929,11.344820975125849,37,19,30,20,0.75,200,800,22600,0,1,1,0.43097572510259013,0.5156395169767776,18,12,2.2683676323062939e-07,0.0006944326380861777,0.23230928409775106
large_emergency,56.534906746644396,10.123561671531617,13.928064543500206,11,10,30,20,0.75,200,800,10200,0,0,1,0.5076807099837719,0.40590640982510007,7,6,0.005792173555800229,0.0016353792092819524,0.17800450182222166
large_emergency,68.90190553707664,8.05978726890396,12.296794817750712,11,15,30,20,0.75,200,800,14200,0,0,1,0.7771681044792019,0.3735494035004695,11,7,0.13819636583885636,8.067739688180108e-05,0.34367180106522827
large_emergency,74.30858001080209,8.0643721374464,11.679012512716335,37,15,30,20,0.75,200,800,19400,0,1,1,0.2490386066097259,0.4241715923036784,12,8,1.680279860262633e-13,0.00030061601845373916,0.20992650749509242
large_emergency,81.73042449120517,10.239700844405565,13.749904112479207,11,16,30,20,0.75,200,800,15000,0,0,1,0.7256109043624007,0.37150452024347147,13,7,0.08023182570664913,4.8140849307346805e-05,0.25066684951385027
large_emergency,86.40278126269791,8.734761265379717,6.958729563505792,22,25,30,20,0.75,200,800,24400,0,1,1,0.4496286766154357,0.4966583654339824,13,14,5.316227234046199e-05,9.230006706003483e-05,0.25833495225365805
large_emergency,86.88358471898388,10.108734491603066,12.980250834730828,13,18,30,20,0.75,200,800,17000,0,0,1,0.661146326104684,0.3718622913515848,11,8,0.02711011793538614,1.981969021544914e-05,0.20309440241073065
large_emergency,70.2740943839841,5.767362117436969,7.442646630764264,19,24,30,20,0.75,200,800,23000,0,1,1,0.6413047197683441,0.39342016506548305,16,11,0.007280349503191053,3.6499751929361167e-06,0.31503429959607615
large_emergency,80.37527701583541,9.226769341008161,10.626269242016566,23,19,30,20,0.75,200,800,19800,0,0,1,0.3787433209180264,0.39809623126702937,11,9,3.004198779049312e-06,3.077890977421287e-05,0.20252048523191524
large_emergency,67.40272892303676,7.6187525491699635,9.525856568276026,12,20,30,20,0.75,200,800,18400,0,0,1,0.7372458995969978,0.3537882837093525,11,9,0.07712251001646739,4.117160160579185e-06,0.3133591465977963
large_emergency,51.4314757740441,5.35514714772393,10.75825049683686,20,18,30,20,0.75,200,800,18400,0,0,1,0.4802059995298519,0.26559190181611975,14,6,0.00022869059498604647,2.2965282173470477e-07,0.2799170685421398
large_emergency,61.98606874992873,8.782930903761708,14.20499384464117,19,16,30,20,0.75,200,800,16600,0,0,1,0.3714505677884352,0.27273009332081194,9,6,1.255591757362334e-05,1.2427819077473057e-06,0.18426878552870163
large_emergency,106.83091128307767,9.88780181896866,10.611695368131482,17,23,30,20,0.75,200,800,21800,0,1,1,0.635547856540799,0.437707837302617,13,12,0.009334182662205256,2.6342793797035593e-05,0.20473088754014468
large_emergency,79.60686426508664,9.74129836315523,12.072546838484461,29,21,30,20,0.75,200,800,22600,0,1,1,0.28179655141102306,0.3140019343853797,11,8,6.125573595121651e-10,4.317371942321992e-07,0.18548871592090416
large_emergency,57.75686193677689,11.228042982939632,9.530665324324175,35,13,30,20,0.75,200,800,17400,0,1,1,0.1469709421173272,0.46616215997630434,7,8,1.7428159346348168e-19,0.001502913517831468,0.19549009838363807
large_emergency,53.76753397973148,7.953641836055535,13.745853679682469,35,10,30,20,0.75,200,800,15000,0,1,1,0.1931461446503373,0.39115456364274,10,5,5.503284482499305e-16,0.0012465144561886528,0.19972429294631033
large_emergency,56.76860323477743,5.8462034106784895,9.180497945271055,21,19,30,20,0.75,200,800,19400,0,0,1,0.462396983273963,0.3254530680900672,12,8,0.000105501099156337,2.119422529444109e-06,0.2800853553398571
large_emergency,68.8641532148821,11.164892996046728,13.903464517299156,36,7,30,20,0.75,200,800,12800,0,1,1,0.17133107729157407,0.7075744438599563,10,6,6.348899095753698e-18,0.15292045520571618,0.31441143956175466
large_emergency,83.90344377960001,9.066370650192365,14.345104316485571,29,14,30,20,0.75,200,800,17000,0,0,1,0.3191158084007039,0.4177803796258866,13,7,8.508305173589047e-09,0.00038204088327934094,0.18038996179690325
large_emergency,51.310051436461364,6.125558458454952,13.962375191558312,21,20,30,20,0.75,200,800,20200,0,0,1,0.39887559628398656,0.18374399316916923,11,5,1.4383936832690131e-05,1.5778854830278902e-10,0.23488585757717106
large_emergency,101.8642443125105,11.309915273978326,12.113764214931876,34,11,30,20,0.75,200,800,15600,0,1,1,0.26490093984658214,0.7644515513334135,11,10,6.445495888399978e-12,0.12080381237016054,0.29177252801368303
large_emergency,102.93135587190511,11.505100023103807,8.862952886176775,16,17,30,20,0.75,200,800,16800,0,0,1,0.5591615656600385,0.6831566992720066,12,13,0.0033617711540331933,0.018567600593146424,0.22167656019159612
large_emergency,71.77817529645775,5.852090537313513,6.051752690433297,36,25,30,20,0.75,200,800,27200,0,1,1,0.34070528983898496,0.4744290057320141,15,14,1.261076307621114e-09,4.697538773125161e-05,0.3361674683979818
large_emergency,96.35171106555045,8.641343543149851,11.981705277719783,36,13,30,20,0.75,200,800,17600,0,1,1,0.3097245706206383,0.6185822393534888,13,10,1.1342560442658234e-10,0.015849586772834583,0.2150329064318962
large_emergency,63.51850102538707,7.086766523973514,14.675027683786436,17,21,30,20,0.75,200,800,20200,0,1,1,0.5272337391980415,0.20611140164050473,11,6,0.0014716795680056241,4.4966726378900627e-10,0.21072272949544685
large_emergency,95.17048577269517,10.729006150875083,11.091560236587938,17,14,30,20,0.75,200,800,14600,0,0,1,0.5217877397269888,0.6128886915731174,12,10,0.0013227271696027467,0.011910238145769865,0.1965968844516262
large_emergency,54.52414903622129,11.098230496533148,7.683470921162936,19,9,30,20,0.75,200,800,11000,0,0,1,0.2585720359145896,0.788476828241242,7,9,7.902236916234832e-08,0.21395499972004653,0.4342090459995754
large_emergency,72.2720312974032,11.821533926977015,14.099257551965897,16,25,30,20,0.75,200,800,23200,0,1,1,0.38209947913610404,0.20503783559106945,8,7,6.592542702558124e-05,1.3455561155933725e-11,0.1555830370282697
large_emergency,111.58801251358925,7.902772368471443,10.693496604673609,34,22,30,20,0.75,200,800,24400,0,1,1,0.41529734313751315,0.4743240283785684,17,12,2.671129430682636e-07,0.00010974225521830956,0.2201626632140537
large_emergency,79.64621688446513,11.333411002696248,13.34708397858072,22,19,30,20,0.75,200,800,19600,0,0,1,0.319434509592587,0.3140690624664599,9,8,3.301717646868066e-07,1.2936489571654253e-06,0.1631590455567727
large_emergency,57.22385205284833,8.651467857973072,14.952598333110235,37,11,30,20,0.75,200,800,16200,0,1,1,0.1787662650330038,0.34791066091311723,9,5,8.903916962748954e-18,0.0003007438157957908,0.18276607429761033
large_emergency,66.13977758491926,6.206156555349773,9.862408077471798,35,16,30,20,0.75,200,800,19800,0,1,1,0.3044892461452241,0.41914064664389,15,8,1.2478481675440738e-10,0.00018124389162089115,0.2627066802274909
large_emergency,100.61913399618969,6.977011224069043,9.988005165347104,37,15,30,20,0.75,200,800,19400,0,1,1,0.3897709157424972,0.6715997994960519,17,12,2.1993787695099357e-08,0.02177581077878765,0.2652237725634385
large_emergency,87.12888693310677,9.003711681338938,8.214987500954306,24,13,30,20,0.75,200,800,15200,0,0,1,0.40320818984061224,0.8158529846818234,13,12,5.377048159023242e-06,0.1622266289018459,0.3950260432778402
large_emergency,89.98031731788043,8.159819521960376,14.260798614758935,36,9,30,20,0.75,200,800,14400,0,1,1,0.30631232125946883,0.7010696459154122,13,8,8.522640648481785e-11,0.09150826337807821,0.28418229368851805
large_emergency,54.14494064505043,5.730688338982611,11.148472366864919,11,19,30,20,0.75,200,800,17400,0,0,1,0.858931255759424,0.25561652075583224,11,7,0.34477035041213266,6.66533769219638e-08,0.6089679124786316
large_emergency,85.60188623842875,6.882459734931976,12.796512055490926,18,8,30,20,0.75,200,800,10000,0,0,1,0.6909826616844534,0.8361837767512726,16,8,0.017920018381827024,0.411586507246407,0.6529497108759874
large_emergency,84.54239378699425,10.807319045399781,12.87159832868683,25,13,30,20,0.75,200,800,15400,0,0,1,0.31290792261002187,0.5052411436771028,10,8,4.720021956704562e-08,0.0029947047446945863,0.17321506732078096
large_emergency,79.84883766078106,10.443556853151804,6.383854945934866,35,24,30,20,0.75,200,800,26200,0,1,1,0.21845003515713995,0.5211639253569107,11,14,1.7988044666186528e-14,0.00023278411675720963,0.2526307654710428
large_emergency,83.30945246101092,8.759483786354979,9.0996620254564,26,23,30,20,0.75,200,800,23600,0,1,1,0.3657989201407297,0.39805325701849936,12,11,4.7652725553833204e-07,6.441452405823091e-06,0.2240630878821127
large_emergency,94.15781654625198,10.586414359237716,11.747555076621067,28,20,30,20,0.75,200,800,21600,0,0,1,0.31765043840663365,0.4007549482940346,11,10,1.2971485951265832e-08,2.2641001877346452e-05,0.1796074389812047
large_emergency,109.12260617661107,10.309533819166415,9.833699408820522,14,13,30,20,0.75,200,800,13200,0,0,1,0.7560450362233898,0.853600082735993,13,13,0.07133687951412705,0.25582208659178596,0.525847691956217
large_emergency,66.93164876665492,8.135368070435721,14.401443097549311,31,23,30,20,0.75,200,800,24600,0,1,1,0.2653949305541383,0.2020680612210273,11,6,4.585073954832093e-11,5.618504979884853e-11,0.19235755430106063
large_emergency,60.945674545047254,9.607477964352013,9.200958679392649,11,8,30,20,0.75,200,800,8600,0,0,1,0.5766878558857308,0.8279799511754553,9,8,0.014791119417025054,0.3780150015680557,0.6055760365032359
large_emergency,71.50727809267192,5.723664880456195,13.491964679774139,16,20,30,20,0.75,200,800,19200,0,0,1,0.7808292368849842,0.2649995007764465,15,7,0.07506541933231632,5.8078410552583235e-08,0.32389690101251734
large_emergency,62.51929243984068,8.453883043161774,11.225823327184909,37,24,30,20,0.75,200,800,26600,0,1,1,0.19987390384457276,0.23205162262071177,10,7,2.669505975453043e-16,3.4421494570402655e-10,0.2073691639927236
large_emergency,61.867974327646294,7.705725507519352,10.798187636063446,32,13,30,20,0.75,200,800,16800,0,1,1,0.2509009950915503,0.44072904719550116,11,7,6.1319422401982675e-12,0.0009194343395157616,0.22330120142288484
large_emergency,56.68297001747068,8.149832383829535,14.325240709255441,20,9,30,20,0.75,200,800,11200,0,0,1,0.3477554343935835,0.43965109609989306,11,5,3.2324879496559328e-06,0.004423978995501578,0.19693597645126165
large_emergency,93.03481467309538,7.733588363863506,8.976529216903003,29,25,30,20,0.75,200,800,25800,0,1,1,0.41482645658816264,0.41456920564758487,15,12,1.4441554463922578e-06,5.8044347588467915e-06,0.24071496065406864
large_emergency,102.7469342985469,11.91668802076434,8.276565461736189,33,20,30,20,0.75,200,800,22600,0,1,1,0.26127590637323966,0.6207099718691376,11,14,8.640567261713273e-12,0.004364480634183127,0.2091034783687847
large_emergency,51.251837603443185,8.304427539465625,8.113918235300904,31,25,30,20,0.75,200,800,26200,0,1,1,0.19908477449228537,0.25266134618149755,8,8,4.060050464248384e-14,8.572629824408921e-10,0.24366271126438
large_emergency,108.01771409038895,8.154843834086478,11.269039074735911,37,19,30,20,0.75,200,800,22600,0,1,1,0.3579955346190461,0.5044922472234667,16,11,2.7690302276952385e-09,0.0005414567074167843,0.21190667554689166
large_emergency,54.54091290919674,6.4307422659669236,11.886562206921171,35,6,30,20,0.75,200,800,11800,0,1,1,0.24232222859444888,0.7647418987333343,11,6,3.129705250452205e-13,0.318031713406682,0.5576633714792582
large_emergency,103.36699184452176,7.463876223268577,13.266315118432326,19,25,30,20,0.75,200,800,23800,0,1,1,0.7288931151961804,0.31166753064957076,19,9,0.026790550318082782,4.392581139250096e-08,0.23614811804140623
large_emergency,74.68933276306922,8.606984026168387,6.535576224532911,14,17,30,20,0.75,200,800,16400,0,0,1,0.6198399258089732,0.6722422035323259,12,13,0.013105019185583678,0.015936792199948806,0.2982352246558769
large_emergency,51.97415788414627,5.972572122284115,7.680783489973351,20,16,30,20,0.75,200,800,16800,0,0,1,0.4351069925989407,0.42292363428804486,11,9,6.639344693342726e-05,0.0001995637737491961,0.29789305942537325
large_emergency,55.72727005487863,9.943280214780264,8.206012989214171,19,12,30,20,0.75,200,800,13400,0,0,1,0.29497451042915024,0.5659190617104546,9,8,5.345096175307898e-07,0.009908337329185238,0.2323411644394008
large_emergency,97.16006374781499,7.082106583653752,12.358264966773545,26,14,30,20,0.75,200,800,16400,0,0,1,0.5276573410215729,0.561567871547848,16,10,0.00017504975477358232,0.00563309051382028,0.2279265728402903
large_emergency,52.11387272830409,11.369249968115346,8.80301726667862,31,24,30,20,0.75,200,800,25400,0,1,1,0.14786311087974446,0.2466667164108166,6,8,1.7368615329316865e-17,1.0909578923115213e-09,0.20155396515524968
large_emergency,67.7791257895596,9.631556996209877,12.852585985284612,37,24,30,20,0.75,200,800,26600,0,1,1,0.19019440629417989,0.2197324526336644,9,7,5.941087187353198e-17,1.210153551340936e-10,0.18163072717280776
large_emergency,68.04207868948984,10.868334667457015,7.43063587976723,32,17,30,20,0.75,200,800,20000,0,1,1,0.19564312510667975,0.5386450475829525,8,11,1.0877061917216563e-14,0.0018312115794403248,0.22841961259938398
large_emergency,54.64961162180731,6.40771273157215,13.038806950018085,16,17,30,20,0.75,200,800,16800,0,0,1,0.5330452330569648,0.24654732974418658,11,6,0.002119191683915731,1.6751239421772518e-07,0.23487542016503643
large_emergency,71.52950650070606,11.828890869653417,10.259365680627017,22,13,30,20,0.75,200,800,14800,0,0,1,0.27486441800885525,0.5363167570109718,8,9,2.8424482705253583e-08,0.004938117186051895,0.18694883845949112
large_emergency,58.10925239688234,5.992967274319881,10.338926429492581,37,13,30,20,0.75,200,800,17800,0,1,1,0.2620605558419483,0.4323410677647361,13,7,7.084697486870405e-13,0.0007753540252086479,0.26435944460209226
large_emergency,53.33928128728338,8.36921147533208,13.908321159438497,37,16,30,20,0.75,200,800,20200,0,1,1,0.17225065959949398,0.23969140791610816,9,5,2.8235966950199153e-18,2.44395547535015e-07,0.19138521782361617
large_emergency,59.23600101918696,5.844222409429409,7.711778850219905,15,9,30,20,0.75,200,800,10200,0,0,1,0.675721500304439,0.85347077747608,15,9,0.022980069661255004,0.42396739926219057,0.7477283993593173
large_emergency,77.78294266716082,5.981858769922562,9.367190491072337,18,20,30,20,0.75,200,800,19600,0,0,1,0.7223966260032559,0.4151882186088456,16,10,0.02772748443675261,3.614310570035773e-05,0.30169134112111495
large_emergency,76.16070902421336,7.047641563853267,11.657986218156573,33,15,30,20,0.75,200,800,18600,0,1,1,0.3274712898706467,0.43552810121756075,14,8,2.022223661383689e-09,0.0003921264531856575,0.2280616749666599
large_emergency,55.82966692598692,8.31335764046139,10.698386907117225,8,16,30,20,0.75,200,800,14400,0,0,1,0.8394572527209412,0.32615703780098376,9,7,0.42602253588082645,1.077749213930743e-05,0.6397936899556227
large_emergency,103.86458387712848,11.659498295226495,10.690212561097361,21,23,30,20,0.75,200,800,22600,0,1,1,0.4241977176327095,0.422428595045174,12,11,3.354749804430667e-05,1.567058570327775e-05,0.17935971123854666
large_emergency,52.58512308256788,7.313278613566136,6.854568797647925,27,20,30,20,0.75,200,800,21400,0,0,1,0.2663097160818438,0.3835771777548715,11,9,6.458983419085605e-10,1.2561202969257064e-05,0.28263823652821385
large_emergency,58.08352750833729,10.892015295052643,10.675946109719925,18,22,30,20,0.75,200,800,21200,0,1,1,0.296259466401757,0.2472998940004317,7,7,1.0294783073923036e-06,4.731193047677432e-09,0.18547992169089061
large_emergency,78.66011611596385,11.078759514753159,13.674462367635083,8,15,30,20,0.75,200,800,13600,1,0,1,0.8875104204041886,0.3834891347155154,10,7,0.7423146960244235,0.00010640492468226779,0.9058129317597633
large_emergency,63.36936637469758,6.817098368000162,7.403154080995907,15,15,30,20,0.75,200,800,15000,0,0,1,0.6197100579933628,0.5706519651974503,13,10,0.01071649033725735,0.00512185101423565,0.2976058793490261
large_emergency,97.22486246312384,10.482758888089979,6.332140594249732,17,25,30,20,0.75,200,800,23400,0,1,1,0.5455729372114175,0.6141674273714928,12,17,0.002084415870453606,0.0016798368530974131,0.2570834654529376
large_emergency,66.10299713523248,6.316414536990897,12.275216592753136,15,22,30,20,0.75,200,800,20600,0,1,1,0.6976848099304088,0.24477626649284323,13,7,0.0304622429974713,3.964364548978279e-09,0.2702448695163364
large_emergency,98.5369760159745,5.2436362821292555,10.733950060776154,26,12,30,20,0.75,200,800,14800,0,0,1,0.7227586905366286,0.7649946777751379,22,11,0.011193433159466857,0.10447969768265293,0.399542833548638
large_emergency,79.40069693690326,5.621095575483798,8.051757244463598,17,24,30,20,0.75,200,800,22600,0,1,1,0.830910837373647,0.41088699918838273,17,12,0.12783322054434892,7.217528343283611e-06,0.42993819213818313
large_emergency,92.64708583089597,11.304464015482406,14.60613454908249,25,20,30,20,0.75,200,800,21000,0,0,1,0.32782478038413165,0.3171512816055626,10,8,1.0881321902255926e-07,8.617564401935831e-07,0.15692598349722386
large_emergency,71.64566301996716,6.989633567611209,14.084834729496519,18,12,30,20,0.75,200,800,13200,0,0,1,0.569459696809359,0.42389364397916646,12,7,0.0025762335446115323,0.0009713497334211197,0.21761494791452354
large_emergency,62.199908281491474,10.181025084179488,11.409891800706072,25,14,30,20,0.75,200,800,16200,0,0,1,0.24437581782661646,0.3893858652770196,8,7,4.48210273493115e-10,0.00019297008228223833,0.18605815713533796
large_emergency,87.03406565085803,6.503104463461573,12.894161521357113,27,11,30,20,0.75,200,800,14200,0,0,1,0.49568385854882857,0.6136256144563078,18,8,5.385367888864607e-05,0.023234196513539963,0.25461524132473523
large_emergency,94.89313929727604,5.869409708811861,14.941453811657516,22,21,30,20,0.75,200,800,21200,0,1,1,0.7348821649026933,0.30242846351352654,19,8,0.020735610457543557,2.4195638869147154e-07,0.25803862823525775
large_emergency,103.32984360219362,8.972787972934103,14.4880647501922,15,10,30,20,0.75,200,800,11000,0,0,1,0.7677275180161924,0.7132066662031092,14,9,0.07202834574055485,0.08454540998317779,0.3370441675833137
large_emergency,86.56604986826133,6.448862641847399,8.284427350172253,24,22,30,20,0.75,200,800,22400,0,1,1,0.5593108343020341,0.47496589471274914,17,12,0.0005992283089034844,0.00011174351488941156,0.2764854786109163
large_emergency,85.31255341870019,5.3450204144049485,8.420103827416176,19,14,30,20,0.75,200,800,15000,0,0,1,0.8400593528804667,0.7237148069100942,19,12,0.1210458869163455,0.048722783242960435,0.47562207573502824
large_emergency,74.73211199979922,7.589910993105482,14.408471858762436,22,17,30,20,0.75,200,800,18000,0,0,1,0.44755652403496454,0.3050987385279221,12,7,4.9888951070916026e-05,2.724010110290546e-06,0.20121007635234406
large_emergency,75.95732381990348,7.785554857309821,12.064365675690913,26,8,30,20,0.75,200,800,11600,0,0,1,0.37523793552001333,0.787000803251447,12,8,7.450793086299591e-07,0.25240549125261474,0.4637379676550547
large_emergency,74.96163550923264,9.692017973462892,12.902332467005646,17,15,30,20,0.75,200,800,15400,0,0,1,0.4549628346960075,0.38732859969790984,11,7,0.00030886938989964477,0.00011810569266554281,0.18111002839765186
large_emergency,51.14794788801715,7.478936239015248,14.046313416527179,32,24,30,20,0.75,200,800,25600,0,1,1,0.21371667312288706,0.15172411665159602,9,5,1.0790394162923002e-13,7.227011637491965e-14,0.20490191243889994
large_emergency,54.10587530506488,8.630430025295327,7.1588007458460545,10,25,30,20,0.75,200,800,22000,0,1,1,0.6269198075470569,0.3023180961501698,9,9,0.03422155842711332,2.5224710063063637e-08,0.28977886650259077
large_emergency,108.96508254107168,8.706810486474147,12.281472085833057,14,17,30,20,0.75,200,800,16400,0,0,1,0.8939232332662109,0.5219008513730075,15,11,0.40028776172014663,0.0013256834352961533,0.5978895295699771
large_emergency,55.766957778182565,9.337154131812284,6.847862290653751,15,23,30,20,0.75,200,800,21400,0,1,1,0.3981724123569297,0.35407405045091445,8,10,0.0001574001270438892,1.0412409072905079e-06,0.25328842923412853
large_emergency,65.41930429709465,5.683905482133138,7.0395712427879005,20,11,30,20,0.75,200,800,12800,0,0,1,0.5754784672505071,0.8448255265044764,15,11,0.001900781358382933,0.2913413656930521,0.6112316206491121
large_emergency,87.02366398541585,9.391034366284007,13.549815308633836,18,15,30,20,0.75,200,800,15600,0,0,1,0.5148152813227133,0.42816654447909736,12,8,0.000883988873718356,0.00033044062530014726,0.1815007161534694
large_emergency,83.75067531210584,11.052978226599443,10.060211922607042,30,12,30,20,0.75,200,800,15600,0,0,1,0.2525734801821902,0.6937451215110053,10,10,2.7964927340270778e-11,0.04761647193854194,0.23749130944497165
large_emergency,79.91595014936516,11.909875028845072,13.78156678970401,34,21,30,20,0.75,200,800,23600,0,1,1,0.19735464195446575,0.27613126241401664,10,7,2.4202539238635334e-15,5.7780530539148755e-08,0.15652468538950037
large_emergency,102.6664047704293,8.283497283828606,12.896027793487278,36,24,30,20,0.75,200,800,26400,0,1,1,0.34428025738885204,0.3317119762718643,14,10,1.632178169044418e-09,2.2031130972567875e-07,0.19826543578865274
large_emergency,68.54962815571449,8.873365976867408,13.500955917383504,37,11,30,20,0.75,200,800,16200,0,1,1,0.2087925436285465,0.4615809736678224,10,7,9.870366226138843e-16,0.0028279419801103306,0.1895935768792555
large_emergency,110.32939222918625,6.029673645599108,11.37830617457982,32,25,30,20,0.75,200,800,26400,0,1,1,0.5718043313469411,0.387858756958649,24,11,0.00018256761118169482,1.958519374325862e-06,0.2539175247581223
large_emergency,72.24600249028497,11.343384299635298,11.457607765464536,17,15,30,20,0.75,200,800,15400,0,0,1,0.3746469960033302,0.4203669967247934,8,8,3.3838715178824755e-05,0.00027440335167708144,0.1757436079839234
large_emergency,103.34996018372233,7.465583013143086,13.248415376516858,21,24,30,20,0.75,200,800,23400,0,1,1,0.6592153173772531,0.32503874754873413,19,9,0.0071613357283096995,1.5564587336871437e-07,0.2165902281401692
large_emergency,111.85242638379745,8.482296953554414,12.971261645573723,22,16,30,20,0.75,200,800,17200,0,0,1,0.599389673233857,0.5389434613226581,16,10,0.002072611537930287,0.002358310704300462,0.19941702042013004
large_emergency,114.51703586437543,6.371636713291079,8.533659916250542,34,24,30,20,0.75,200,800,26000,0,1,1,0.5286158431839383,0.55914381494501,22,15,3.1848946895912215e-05,0.0005968870066162475,0.27475729673911187
large_emergency,61.17317456895311,11.823353042931313,11.909372294891085,8,21,30,20,0.75,200,800,18400,0,1,1,0.6467409704635986,0.24459797214139667,7,7,0.06866678485049695,8.061521999308432e-09,0.23721265065651703
large_emergency,96.66454392328438,11.439076742050705,9.458013400792199,10,15,30,20,0.75,200,800,14000,0,0,1,0.8450379877944166,0.6813590396984621,11,12,0.33367581178790934,0.024723378484956527,0.5515492814607861
large_emergency,56.651023721485224,7.697614015472807,10.179545757343785,20,16,30,20,0.75,200,800,16800,0,0,1,0.3679778149931409,0.3478238682741303,10,7,7.11536509322286e-06,2.276503633039537e-05,0.22817647587675166
large_emergency,81.933653294246,7.2762659193227295,6.760268614517683,20,22,30,20,0.75,200,800,21600,0,1,1,0.5630199212254212,0.5509036963298215,14,14,0.001486271070526685,0.0007502608845888869,0.28759277818277446
large_emergency,59.732457056128474,8.342289971729265,6.810644021076808,30,11,30,20,0.75,200,800,14800,0,0,1,0.23867330296818004,0.7973142263689181,9,11,7.48504712021161e-12,0.1713900807335125,0.43809023613782017
large_emergency,104.25554957077765,8.303170727731118,13.61633389830956,17,20,30,20,0.75,200,800,19400,0,0,1,0.7385948799094628,0.3828326712218799,16,9,0.03901763712796711,1.2234163052510089e-05,0.23290699789113695
large_emergency,80.9341544813382,7.205139410766636,6.456378148005123,36,16,30,20,0.75,200,800,20000,0,1,1,0.31202324197301573,0.7834709397631187,16,14,1.3717528214895875e-10,0.07756838989383315,0.37124380925984557
large_emergency,80.50408019780863,5.668654790326572,14.006307024583363,27,13,30,20,0.75,200,800,15800,0,0,1,0.5259859190944075,0.44213093021654615,18,7,0.00013349314590177576,0.0009456020695426686,0.24888419850146568
large_emergency,68.18594947933698,6.381405534378043,11.594579568798874,14,16,30,20,0.75,200,800,15600,0,0,1,0.7632213525016908,0.3675529429222796,13,8,0.07759042515118347,4.267977907792999e-05,0.3205855921842561
large_emergency,63.879500688272664,11.809575729057904,7.452776398409698,14,18,30,20,0.75,200,800,17200,0,0,1,0.38636624908605044,0.47617974290839465,8,10,0.0001787451422316278,0.0003734678584233421,0.21940744369162368
large_emergency,73.10508512591841,11.580705487665053,11.25396270651197,31,14,30,20,0.75,200,800,17400,0,1,1,0.20363427383252244,0.4639958324801388,9,8,7.184997200252643e-14,0.001024922280821767,0.17623303703061605
large_emergency,61.826071222958724,8.31213536324229,12.645901379950768,25,25,30,20,0.75,200,800,25000,0,1,1,0.2975219652767657,0.19556082042828465,11,6,1.8807071945854045e-08,5.101521662176775e-12,0.19938305251929794
large_emergency,61.35863004768116,10.504717417936511,13.301193673029978,8,19,30,20,0.75,200,800,16800,0,0,1,0.7301318494169226,0.2427903585830018,8,6,0.1486620998810607,3.090490900114493e-08,0.31903867928923096
large_emergency,58.660291991378905,10.073604403246964,13.74919710362979,7,18,30,20,0.75,200,800,15800,0,0,1,0.831881159672405,0.23702512125393924,8,6,0.4718999618601451,4.5885264198365284e-08,0.6439008614363622
large_emergency,112.32140892261602,6.59996386726714,13.135581607704875,25,17,30,20,0.75,200,800,18600,0,0,1,0.6807395384673534,0.5029957483918972,20,10,0.006050990675154675,0.0009038227793928268,0.23459989402829784
large_emergency,66.59705960045088,5.928948543754332,9.980031700587833,30,16,30,20,0.75,200,800,18800,0,0,1,0.37441748234097644,0.41706442924254594,15,8,1.3891439050743045e-07,0.00017182556263360755,0.2690360171174023
large_emergency,65.7743014477059,9.49287994979389,12.340829336469186,33,17,30,20,0.75,200,800,20200,0,1,1,0.20996374761631292,0.3135183584715531,9,7,3.0205607205941215e-14,3.842539581985755e-06,0.1863777833575316
large_emergency,71.32417800870749,11.229040811257368,10.143657928169931,27,10,30,20,0.75,200,800,13400,0,0,1,0.23525038932055725,0.7031406077942876,8,9,4.833052131442297e-11,0.07631747389224276,0.26395604143957846
large_emergency,106.57136646560136,7.388214657035131,13.13595530018091,23,15,30,20,0.75,200,800,16600,0,0,1,0.6271525513955324,0.5408634242441108,17,10,0.0029933201426529297,0.00313869913034671,0.21760964964600843
large_emergency,82.08800598423016,5.79156284497952,10.316696849621984,24,17,30,20,0.75,200,800,18400,0,0,1,0.5905717807484746,0.4680477002232948,17,10,0.0012085069950867236,0.0004203222726582601,0.2712240445055335
large_emergency,101.89539964509787,9.61791259401922,13.231915631441849,22,25,30,20,0.75,200,800,24400,0,1,1,0.48156073675043426,0.3080291697234608,14,9,0.00013425601612555125,3.54936663468538e-08,0.17968180312776355
large_emergency,95.90445401082707,9.186218240567182,13.35400766897279,14,12,30,20,0.75,200,800,12400,0,0,1,0.7457168950525116,0.5984748573122805,13,9,0.06319492986593633,0.015256085399282325,0.2621936265989231
large_emergency,65.55153847907299,11.06475134575291,8.135377378521525,25,15,30,20,0.75,200,800,17000,0,0,1,0.23697428502714346,0.5371726918051992,8,10,2.451608467393898e-10,0.002946499120294038,0.21624351461735847
large_emergency,58.166588378268344,6.943842440200728,9.958238299904917,16,24,30,20,0.75,200,800,22400,0,1,1,0.5235446807656369,0.24337716934506934,10,8,0.001777687650839194,8.479561235601914e-10,0.24620954109553045
large_emergency,108.80501899178553,5.6200311135940515,12.485755532465845,32,22,30,20,0.75,200,800,24000,0,1,1,0.6050067650459807,0.39610600004019625,25,10,0.00045120297630946697,8.81964585437242e-06,0.258486249192422
large_emergency,71.64334620177627,6.588755902992032,6.231682637490906,20,22,30,20,0.75,200,800,21600,0,1,1,0.5436788618109389,0.5225740664090628,15,13,0.000997825178795811,0.00038769578996582184,0.3136295447782404
large_emergency,62.099879602054514,6.660916573912653,7.423022746146824,29,20,30,20,0.75,200,800,21800,0,0,1,0.32148355784520527,0.4182923973544982,12,10,9.911766448773546e-09,3.984589908247611e-05,0.28488535370800905
large_emergency,90.05925619584124,5.8862360236471165,14.388674239497648,33,12,30,20,0.75,200,800,16200,0,1,1,0.46363556585351023,0.5215864847171717,18,8,3.419619317381597e-06,0.005237713835255753,0.24462809266829416
large_emergency,61.72397908052354,9.376032381181465,7.093816187885163,22,23,30,20,0.75,200,800,22800,0,1,1,0.2992348254238361,0.37830854272115694,10,10,1.1539816957444873e-07,2.951146218643041e-06,0.2476258360027788
large_emergency,114.31881557021785,10.347453202215565,14.532106774091192,16,16,30,20,0.75,200,800,16000,0,0,1,0.6905009216769171,0.4916648414582988,16,9,0.023838765909394755,0.0009524979669776347,0.19024654886876755
large_emergency,70.39136792259046,10.19437757193275,12.607055354360904,24,12,30,20,0.75,200,800,14400,0,0,1,0.2877050259072568,0.4652908361232387,9,7,1.831483327089703e-08,0.002097470816888475,0.17951143950396853
large_emergency,72.4996196571426,9.661777417890413,6.111722213508179,29,16,30,20,0.75,200,800,18600,0,0,1,0.25875020470870164,0.741399243989928,10,14,9.44879683161152e-11,0.045912010133314175,0.31303263695626604
large_emergency,63.31882284607628,6.222354200937891,12.927422767278482,20,16,30,20,0.75,200,800,16800,0,0,1,0.5088011771857368,0.30612648005112747,12,7,0.00045956778288030065,5.079821019218183e-06,0.23853046353318097
large_emergency,59.313583066588464,7.64520098253716,12.855020069717021,17,17,30,20,0.75,200,800,17000,0,0,1,0.4563692054668175,0.2714141463111243,10,6,0.00031946220050011804,6.012464223642267e-07,0.2089116935687314
large_emergency,72.40449612969167,8.091934415670208,10.911058572749786,23,17,30,20,0.75,200,800,18200,0,0,1,0.38903201745678345,0.3903459943168056,12,8,4.541406770118135e-06,5.47839901463889e-05,0.2152893061011283
large_emergency,106.78417683079348,10.131908322862817,7.524366298838007,17,17,30,20,0.75,200,800,17000,0,0,1,0.6199643706154676,0.8348107889813003,13,16,0.007352443323227959,0.13455925998783463,0.37351135081626574
large_emergency,84.97044752173414,7.94942068766247,8.380806767290808,13,16,30,20,0.75,200,800,15400,0,0,1,0.8222219615382559,0.6336684662430313,13,12,0.17481702036321006,0.010851443828513456,0.4307840492845106
large_emergency,58.04141035924851,8.082833840644138,14.475525644540571,23,7,30,20,0.75,200,800,10200,0,0,1,0.31220975595803974,0.5728033824076292,9,6,1.3313195734945158e-07,0.04563457211057243,0.23843581042975404
large_emergency,94.076881837557,7.091147211725566,12.32458312876864,31,12,30,20,0.75,200,800,15800,0,1,1,0.42796151781676034,0.6361059089154786,17,9,1.3268547503243144e-06,0.024365776823056448,0.24652665606809088
large_emergency,86.15123788126695,10.218258467444471,8.26236207395886,37,18,30,20,0.75,200,800,21800,0,1,1,0.22786777629937552,0.5792750111227382,11,12,1.299649077731142e-14,0.003073711720864505,0.2219685109955696
large_emergency,90.11319592341941,9.036012229705356,10.209286931425122,16,21,30,20,0.75,200,800,20000,0,1,1,0.623292067566996,0.4203138374506316,12,11,0.009318096334276011,2.9604410819302655e-05,0.21796602212292454
large_emergency,60.43522536089542,10.059236739088194,12.425855324280201,30,8,30,20,0.75,200,800,12400,0,0,1,0.20026444990621126,0.6079584039056511,9,6,1.1113913275354844e-13,0.047194010084660204,0.2270824884268412
large_emergency,107.03102184167719,7.346438456627013,7.265895508709159,37,17,30,20,0.75,200,800,21000,0,1,1,0.3937595526218395,0.8665060560984658,17,17,2.802237524085664e-08,0.2069242893286067,0.48067398260245264
large_emergency,88.22829247728244,8.836809731464523,7.676729966304775,32,25,30,20,0.75,200,800,26400,0,1,1,0.3120056019875554,0.45971809801590036,13,13,1.1000954081479198e-09,2.9216564628592904e-05,0.24345602680907352
large_emergency,59.15619947815871,9.356438116900978,8.444109158217376,13,12,30,20,0.75,200,800,12200,0,0,1,0.4863471361730639,0.5838014641306766,8,9,0.0021655427632712447,0.012601783765305874,0.24007135987404044
large_emergency,69.43041884787213,11.118028803282444,7.109094220121574,32,21,30,20,0.75,200,800,23200,0,1,1,0.19515155315620608,0.465067745475837,11,11,1.0182395943746827e-14,0.00011369676033190996,0.23072259444066884
large_emergency,74.29268381826463,8.287322581265778,11.533878628165922,25,22,30,20,0.75,200,800,22600,0,1,1,0.35858473271553243,0.2927844381256917,11,8,5.213704800670708e-07,8.084612317970688e-08,0.20736793860654318
large_emergency,104.19739548414167,9.93609042130333,9.901357595572717,23,16,30,20,0.75,200,800,17400,0,0,1,0.45594608650859275,0.6577216462387717,13,12,4.730299507667066e-05,0.015277563967776934,0.2169643247621193
large_emergency,78.4197044236231,5.415520322054374,14.554033938744848,19,24,30,20,0.75,200,800,23000,0,1,1,0.762134129123812,0.22450735638448158,17,7,0.04226400476123213,1.8301049847145282e-10,0.29562794137594817
large_emergency,110.15672154271493,8.71475211136556,9.949945837654369,17,24,30,20,0.75,200,800,22600,0,1,1,0.7435446317653335,0.46129531481903535,15,13,0.041606536315972754,4.138317852518131e-05,0.25689893607883846
large_emergency,79.2916392230405,5.958292258266638,14.987772612070323,24,18,30,20,0.75,200,800,19200,0,0,1,0.5544908100767038,0.29391232319598165,16,7,0.0005348087807873107,9.244713953075104e-07,0.2350901130280053
large_emergency,76.41518209366708,8.732477271145255,9.847686940380044,14,10,30,20,0.75,200,800,10800,0,0,1,0.6250491267169311,0.7759708706856806,13,9,0.014067070987126125,0.1596417121485789,0.38977051365223997
large_emergency,59.480671587979295,11.263149366989603,12.679144699987578,18,20,30,20,0.75,200,800,19600,0,0,1,0.29338878915808564,0.23456105674082878,8,6,9.024128399348187e-07,8.577701525184301e-09,0.16765569822528154
large_emergency,94.27673375902768,11.416421191890187,6.076333701699634,12,24,30,20,0.75,200,800,21600,0,1,1,0.6881661378698845,0.6464749029271905,12,17,0.04471094457675675,0.0037022280296133444,0.3005792201219344
large_emergency,95.77224230409408,7.760489091591493,13.254061449506171,17,13,30,20,0.75,200,800,13800,0,0,1,0.7259415283644453,0.5558368346125239,15,9,0.03306765107076387,0.0066361419530843735,0.24401022212498596
large_emergency,55.5099612798513,11.151420863499279,14.461043983213802,10,13,30,20,0.75,200,800,12400,0,0,1,0.4977837529345337,0.2952758477523187,7,5,0.007001011137144469,2.1032203387870867e-05,0.16584801523551934
large_emergency,52.76953355980744,9.953793721616396,14.744159255098705,23,7,30,20,0.75,200,800,10200,0,0,1,0.2304977991553163,0.5112875318171365,7,5,6.487001947419319e-10,0.02457357659115382,0.1928612520442442
large_emergency,95.16628559857489,10.595503079512653,12.044734495746827,31,23,30,20,0.75,200,800,24600,0,1,1,0.2897342540096162,0.34352476534069365,11,10,3.5014894134859304e-10,6.408042768736146e-07,0.17740413411356337
large_emergency,80.72081746882131,5.2838995918577085,12.2915471684132,37,14,30,20,0.75,200,800,18600,0,1,1,0.412885157533156,0.46908437134433767,19,8,8.514389116514437e-08,0.0011332358844678174,0.27174420818872247
large_emergency,82.31479068752678,10.977569978997884,14.33428100709297,18,24,30,20,0.75,200,800,22800,0,1,1,0.41658071283844217,0.23927136238060848,10,7,7.931562223929538e-05,6.15359797032929e-10,0.16093698735153386
large_emergency,99.78082982414006,10.732182372581171,14.924433065323745,25,9,30,20,0.75,200,800,12200,0,0,1,0.37189390325331195,0.7428596329805307,12,8,9.694781233430796e-07,0.1370280845553903,0.2972109677971811
large_emergency,74.5160019264552,8.90896380294344,7.719703788328914,16,21,30,20,0.75,200,800,20000,0,1,1,0.522760022760979,0.45965248685857074,12,11,0.0017517254258356497,9.762790768849483e-05,0.2436345017904648
large_emergency,100.63725705901507,11.371258649448649,11.378420420937374,24,19,30,20,0.75,200,800,20000,0,0,1,0.3687559287316837,0.4655037820716955,13,10,1.2880309539272427e-06,0.00021179322299333077,0.17603975485402562
large_emergency,51.497523826312296,7.055264727482035,9.179534774331552,34,11,30,20,0.75,200,800,15600,0,1,1,0.21468125041647124,0.5100033052012933,10,7,2.4522326660009675e-14,0.005992300979271894,0.25666840950275877
large_emergency,112.19148627191721,9.029455990414654,12.379350023442132,34,15,30,20,0.75,200,800,18800,0,1,1,0.3654427907656624,0.6041861974953775,15,11,1.5974411764682882e-08,0.008553304521470696,0.20008164909278986
large_emergency,67.87379751535197,7.489541869013735,14.350823098863469,12,10,30,20,0.75,200,800,10400,0,0,1,0.7552063786901335,0.47296100751689507,12,6,0.09387291648044434,0.0048926289744789485,0.3019674749820137
large_emergency,71.90406085407818,9.694749351533464,14.513398233305596,26,16,30,20,0.75,200,800,18000,0,0,1,0.28526171247970344,0.30964517965661337,12,6,4.738860339420368e-09,5.824096539523278e-06,0.17205629791925342
large_emergency,98.09870616590499,11.401888347039787,7.665541522509895,16,23,30,20,0.75,200,800,21600,0,1,1,0.5377327815142888,0.5564070229250444,11,15,0.0023074291822420636,0.0006878376413363915,0.2211539650158974
large_emergency,93.97294543927302,10.326289915874991,9.887075049466134,23,13,30,20,0.75,200,800,15000,0,0,1,0.3956677828896619,0.7311250369343187,12,11,5.879430039364391e-06,0.061701614012896644,0.25968984250776594
large_emergency,57.507008121916144,5.584123911690693,13.56195362319543,32,10,30,20,0.75,200,800,14400,0,1,1,0.3218220140222099,0.4240318889128195,13,6,2.2284215923110453e-09,0.0022458862190636647,0.2550606985488333
large_emergency,51.579702429604545,5.083903727794286,14.616009268433528,22,18,30,20,0.75,200,800,18800,0,0,1,0.4611676487500271,0.1960548171008401,13,5,7.513775697938659e-05,2.838014120055192e-09,0.26519250917575987
large_emergency,83.05311491770696,7.464138523710144,6.120621993312923,14,25,30,20,0.75,200,800,22800,0,1,1,0.7947823224904496,0.5427756525950894,13,16,0.11233700397784287,0.00032503348903558955,0.4100180590226486
large_emergency,108.62506823564925,5.770835278292312,9.006785923523495,25,17,30,20,0.75,200,800,18600,0,0,1,0.7529244069346803,0.7094328598980377,22,14,0.0202146696655612,0.026562277335353456,0.3310894845510464
large_emergency,112.83964402559562,7.707332165071574,11.071313351819525,21,14,30,20,0.75,200,800,15400,0,0,1,0.697169431275098,0.7280052796926939,17,12,0.013137626430321448,0.05127135126058455,0.2844790797096783
large_emergency,79.46263757264978,5.225998858854155,13.513917492699072,22,16,30,20,0.75,200,800,17200,0,0,1,0.6911478875209761,0.36750371244857233,17,8,0.010520552618353196,4.261533191064692e-05,0.27591193522923946
large_emergency,54.30089190963672,7.778693757366057,9.085351279603646,23,20,30,20,0.75,200,800,20600,0,0,1,0.30350961453670544,0.298837602633707,9,8,8.27876305475609e-08,3.5879174846254795e-07,0.23862402088598
large_emergency,96.07579665124399,10.868984925317237,7.048717715042604,34,15,30,20,0.75,200,800,18800,0,1,1,0.2599836824186332,0.9086834469784437,13,15,3.97559265631762e-12,0.46182040973338745,0.6956950971206526
large_emergency,99.42267659958767,8.67156063874766,13.232398019164286,24,19,30,20,0.75,200,800,20000,0,0,1,0.47772387204122607,0.3954515610119444,14,9,6.874314290081378e-05,2.8266229084983354e-05,0.1909885970592869
large_emergency,77.79953329808774,10.347667198278018,11.521199247342985,35,18,30,20,0.75,200,800,21400,0,1,1,0.214815935410708,0.3751515967693199,11,8,1.1251154538678904e-14,2.2120100006778197e-05,0.18345877937331112
large_emergency,53.852628300357644,10.75484068566163,14.064545087513016,6,14,30,20,0.75,200,800,12400,1,0,1,0.8345486755583164,0.27349738532130413,7,5,0.5944783533653273,4.911655573166872e-06,0.758565422693221
large_emergency,62.2181468548398,11.517483148638789,6.617935237988987,14,15,30,20,0.75,200,800,14800,0,0,1,0.38586150198096975,0.6267629264758035,8,11,0.00017645798340431591,0.011845973423429178,0.24995148704727965
large_emergency,97.45202192022032,11.65892470699291,6.569927659066664,19,20,30,20,0.75,200,800,19800,0,0,1,0.43992511438026505,0.7416521686181285,11,17,0.00010716718101674647,0.028527777229866862,0.26661482505998463
large_emergency,54.98531753142822,10.274432618450842,12.086037066458506,11,17,30,20,0.75,200,800,15800,0,0,1,0.48651496542526623,0.26761712091728296,7,6,0.004211692982054387,4.99522588243078e-07,0.18428127493946692
large_emergency,97.95690152191128,6.685071684621369,14.281442229972837,18,19,30,20,0.75,200,800,18800,0,0,1,0.8140600940854167,0.36100180310009716,17,9,0.09321495364700677,8.616015929762824e-06,0.31283153620960663
large_emergency,101.02924919263319,10.30465031734126,10.25462505032916,28,14,30,20,0.75,200,800,16800,0,0,1,0.3501513743841851,0.7037190445202388,12,12,8.80518152143319e-08,0.03832928280883463,0.2328899091515136
large_emergency,57.359850284541295,7.591557086857325,12.806306660027452,34,24,30,20,0.75,200,800,26000,0,1,1,0.22222771966692237,0.1866263104034371,10,6,6.261195895692146e-14,4.894438659624001e-12,0.20981180841550431
large_emergency,95.89434089997195,7.336477339468733,12.190201570753027,32,10,30,20,0.75,200,800,14400,0,1,1,0.40846553658695384,0.7866509863958571,15,10,3.7659304509246047e-07,0.1781281983138104,0.3964668713927873
large_emergency,80.46946192119427,5.766404694828767,14.4996655672045,19,19,30,20,0.75,200,800,19000,0,0,1,0.734467152774708,0.2920918981425953,17,7,0.028947585646833772,4.6468962337562404e-07,0.271333441039456
large_emergency,63.19950824496476,7.8507470123516985,7.170172538211242,24,16,30,20,0.75,200,800,17600,0,0,1,0.3354219463953134,0.5508890119812521,10,11,2.6615254975871607e-07,0.0029141517391499637,0.26975748951530165
large_emergency,76.58361793606377,6.942508049141294,6.954971163641716,30,14,30,20,0.75,200,800,17200,0,0,1,0.36770389698737316,0.786524961110012,14,13,9.665160172144572e-08,0.10193863991825092,0.3897609491945373
large_emergency,110.7050687657197,10.128569309723307,10.330004642338572,35,12,30,20,0.75,200,800,16600,0,1,1,0.3122851676295885,0.8930704986648291,15,12,2.3535921517507595e-10,0.481921021995815,0.6774570269720572
large_emergency,77.82860884031241,5.55281851788536,6.181188104198018,34,21,30,20,0.75,200,800,23600,0,1,1,0.41223690693733617,0.5995812080163059,17,15,2.2810421504591263e-07,0.00249154170033001,0.3443616888571165
large_emergency,59.79548002942345,5.327353685780692,12.312283556140457,20,18,30,20,0.75,200,800,18400,0,0,1,0.5612118469722062,0.26980950346038723,13,7,0.0014331793504533748,2.8593513866609715e-07,0.2703636251207207
large_emergency,102.00952269741632,9.305700091468779,9.452919151196134,35,25,30,20,0.75,200,800,27000,0,1,1,0.3132013457028066,0.43165299973821714,13,13,2.53216558007154e-10,1.1026573148733614e-05,0.21325947185221997
large_emergency,88.22712374738813,5.019485696367804,13.09793694188646,37,20,30,20,0.75,200,800,23400,0,1,1,0.47505202769339483,0.3367977878456675,23,8,1.9149348300134073e-06,2.0518668449576527e-06,0.27557546623286566
large_emergency,50.783018315278454,10.839043705416529,13.182049744375881,34,8,30,20,0.75,200,800,13200,0,1,1,0.13779981208093914,0.48155464533261433,7,5,7.890834979944638e-20,0.011802890436220568,0.17992268828691732
large_emergency,88.44718297621608,6.9647876682232415,14.646228251550982,32,9,30,20,0.75,200,800,13600,0,1,1,0.39684978202815174,0.6709894592892492,15,8,2.0867660881915507e-07,0.06818187986558644,0.2800384476479779
large_emergency,114.2292308882901,10.47429495125856,10.343150910683871,29,17,30,20,0.75,200,800,19400,0,0,1,0.3760576739988254,0.6496440572959137,13,13,2.272071402187044e-07,0.011511907765157254,0.20366629156871185
large_emergency,50.95557327868752,8.446941815470431,11.875241987979958,17,19,30,20,0.75,200,800,18600,0,0,1,0.3548487404000515,0.2258372739301003,8,6,1.7687757267511087e-05,1.0313468776842994e-08,0.20261254937408885
large_emergency,80.93152542705691,8.025318808910225,9.332423373342374,25,22,30,20,0.75,200,800,22600,0,1,1,0.4033809863712905,0.3941854708111409,14,10,3.7303673721560837e-06,8.214955895365711e-06,0.23177089115004024
large_emergency,80.08039831383918,8.48812007034972,12.483082278022941,37,8,30,20,0.75,200,800,13800,0,1,1,0.2549840331693197,0.8018892743223415,12,8,3.2799155001520034e-13,0.29133265897706256,0.4892527961841071
large_emergency,90.6939436284959,7.693291431535705,9.360633208969073,27,13,30,20,0.75,200,800,15800,0,0,1,0.43661870593312935,0.7452975719107724,16,11,6.91610951966241e-06,0.07250234041023168,0.30932301315836236
large_emergency,55.34021388614602,6.923517405937082,10.887659564179499,16,20,30,20,0.75,200,800,19200,0,0,1,0.49956736801414753,0.25414191893093274,10,7,0.0011176415561803311,3.0353608856594304e-08,0.23740003058926054
large_emergency,95.21087136502769,10.414720702358828,10.627756410931807,21,15,30,20,0.75,200,800,16200,0,0,1,0.43533102297744763,0.5972466039780695,11,11,4.7572311627765826e-05,0.007715349071898718,0.1978740954825598
large_emergency,74.92400870702056,5.991691581349485,11.96152792194799,30,8,30,20,0.75,200,800,12400,0,0,1,0.4168216809881577,0.7829686265408438,15,8,1.119596716394384e-06,0.24290775661422492,0.4934080121469612
large_emergency,52.82190071571535,10.370741117242249,14.548297867385653,16,6,30,20,0.75,200,800,8000,0,0,1,0.3183348959741556,0.6051326553480803,7,5,8.094074846380334e-06,0.08554944633589184,0.250719228071845
large_emergency,72.34007435647672,6.8192553205803605,14.062787048307456,35,15,30,20,0.75,200,800,19000,0,1,1,0.30309163833331937,0.3429385375173944,13,7,1.1110459775868288e-10,3.219287548566998e-05,0.21778543065680792
large_emergency,90.68710634756472,11.946077536266815,12.075192852975182,13,18,30,20,0.75,200,800,17000,0,0,1,0.5839516139357804,0.4172333010502074,10,9,0.009937232848378587,8.081006421418747e-05,0.1765419403913705
large_emergency,107.54560042008593,10.767311203203963,14.53039865261058,35,11,30,20,0.75,200,800,15800,0,1,1,0.2853759292904574,0.672856471402167,12,9,2.3863312933891698e-11,0.04555074444262049,0.2072456779892321
large_emergency,76.88648754785925,10.315223701896215,10.293101579194406,25,24,30,20,0.75,200,800,24200,0,1,1,0.298147630220469,0.3112379318497117,10,9,1.9548357114845004e-08,7.34819952615179e-08,0.19409663191328017
large_emergency,89.3559186172372,5.3328515685199545,14.170990719276007,29,25,30,20,0.75,200,800,25800,0,1,1,0.5777844242275294,0.2522220792811368,19,8,0.0003661474608422675,8.288584380975741e-10,0.25844978327991985
large_emergency,88.92743294122053,7.118879679708487,7.440271533890981,16,16,30,20,0.75,200,800,16000,0,0,1,0.7807358473368492,0.7470109838746272,15,14,0.07497843467117618,0.049264132139201236,0.39911780486588994
large_emergency,79.21497990047702,11.475760264085887,7.174904423312285,30,23,30,20,0.75,200,800,24400,0,1,1,0.23009362946344475,0.480024451573158,9,13,3.1569413754840324e-12,9.721282480372058e-05,0.22661208782546002
large_emergency,103.3385563665683,8.137210459758343,13.109811396303467,34,13,30,20,0.75,200,800,17200,0,1,1,0.3735148943154323,0.6063489000876582,15,10,2.6179541013112963e-08,0.013486593670901345,0.2126576053135495
large_emergency,80.76825555149762,5.6110538194923425,13.312264320541628,19,23,30,20,0.75,200,800,22200,0,1,1,0.7576047129921272,0.2637915834820838,17,8,0.03974728749766191,7.337762309516938e-09,0.2930856370742512
large_emergency,79.95127710980698,8.556868226566436,14.953094598562968,36,13,30,20,0.75,200,800,17600,0,1,1,0.259542247210333,0.4112926724750984,11,7,1.0344331304522787e-12,0.0004954552723053689,0.18423643068730627
large_emergency,57.44348762080026,11.474703957181806,12.529878136576007,33,19,30,20,0.75,200,800,21800,0,1,1,0.15169992642776434,0.24129057128663395,7,6,3.936026771139492e-18,2.8154887904338303e-08,0.16695748188528275
large_emergency,78.21751752574905,10.455449107245963,12.761575189766551,13,19,30,20,0.75,200,800,17800,0,0,1,0.5754637658936642,0.32258646660051854,9,8,0.008819177393054352,1.8757974052549016e-06,0.18282519257710078
large_emergency,77.15421646082399,10.902086667307021,10.668069095027967,29,19,30,20,0.75,200,800,21000,0,0,1,0.2440349544060463,0.3806451006839457,9,9,2.548019676243875e-11,1.7279955895023216e-05,0.1854805151376291
large_emergency,91.9455263287382,7.065906588471264,11.147156805499602,29,23,30,20,0.75,200,800,24200,0,1,1,0.4487089308283797,0.35862342741407116,15,10,5.936569795870378e-06,1.275770578092529e-06,0.23124084244143317
large_emergency,100.68568923045439,6.656387315890646,13.387139747813682,36,9,30,20,0.75,200,800,14400,0,1,1,0.420171568768115,0.8356750593576848,18,9,1.7684719628521287e-07,0.34810697333958085,0.573037348142071
large_emergency,89.11070995377919,5.180555319508244,9.96466188304112,34,17,30,20,0.75,200,800,20400,0,1,1,0.5059116392532735,0.5260395715774768,20,11,1.4101540172714829e-05,0.0014378387263337315,0.2948360740590535
large_emergency,60.97949873464666,9.810105616942243,6.111704623808054,35,22,30,20,0.75,200,800,24600,0,1,1,0.17759965697102584,0.4535224732936056,8,12,4.839709565866624e-17,5.983441481657623e-05,0.26561600890735293
large_emergency,103.87163899007359,10.601399941161318,11.954705388456945,30,22,30,20,0.75,200,800,23600,0,1,1,0.32659724051090777,0.3949439139229056,13,10,8.346424616779783e-09,8.449142537197287e-06,0.17798469336406744
large_emergency,99.86983820174038,8.317761133879827,13.1030683023428,23,9,30,20,0.75,200,800,11800,0,0,1,0.522035534375959,0.8468740628558127,15,9,0.00030145784966691396,0.3936166651158134,0.5904607849922153
large_emergency,50.32762382986675,6.975053981805902,8.95053556039615,35,19,30,20,0.75,200,800,22200,0,1,1,0.20615354564646268,0.2959400908427714,10,7,3.529303349632623e-15,5.59944921200986e-07,0.25509378403670163
large_emergency,56.30581636121509,8.57280916250045,13.562100721530232,30,18,30,20,0.75,200,800,20400,0,0,1,0.21893180050988192,0.23065017530731374,8,6,9.645342983439297e-13,3.0984912656280804e-08,0.1903827989411267
large_emergency,58.682002159609226,7.644824492358229,9.553656652686449,18,25,30,20,0.75,200,800,23600,0,1,1,0.4264468379029775,0.24569441541782053,10,8,0.0001047183364452447,4.978617840976324e-10,0.23558413260949518
large_emergency,71.73221845432988,10.02193328732093,6.0592566945533735,17,21,30,20,0.75,200,800,20200,0,1,1,0.42103076732287603,0.5637358010376288,9,14,0.00013050693263704587,0.0012225881489941511,0.26617098689649765
large_emergency,57.24366596678862,6.046026267671035,6.190338378501774,25,18,30,20,0.75,200,800,19400,0,0,1,0.3787192673831317,0.5137366441656916,12,11,1.3163799881102274e-06,0.0008640948340686329,0.32780536104918556
large_emergency,70.78066904532761,6.590182829001085,9.113027438344526,37,14,30,20,0.75,200,800,18600,0,1,1,0.29027890498890585,0.5547840285647915,13,10,1.1859350271069317e-11,0.005069684231590605,0.26654356029066006
large_emergency,55.47366242162261,5.271359686669182,12.941034504312785,17,23,30,20,0.75,200,800,21800,0,1,1,0.619035089047114,0.18637600922505115,13,6,0.007246802781629778,1.2077387360264508e-11,0.274224753761018
large_emergency,83.57745160768111,9.662902073407627,7.9954097556986445,16,24,30,20,0.75,200,800,22400,0,1,1,0.5405819789745595,0.4355491367412,11,12,0.0024287018755429443,1.762095581014666e-05,0.23100666509986698
large_emergency,71.25951785140283,6.828779845066954,13.02034322871352,12,23,30,20,0.75,200,800,20800,0,1,1,0.8695979792895705,0.23795378141416743,13,7,0.35031540868527256,1.1588282097316691e-09,0.5735573458500924
large_emergency,96.31024928976312,7.472115803836841,10.218718464356252,14,18,30,20,0.75,200,800,17200,1,0,1,0.9206633972622489,0.5236047380745517,16,11,0.6171153930460165,0.0010614221510540426,0.849867346698843
large_emergency,108.72558004225857,11.268610122351902,13.728565616889782,21,25,30,20,0.75,200,800,24200,0,1,1,0.45945405131829103,0.31678642350952446,12,10,9.707935966371593e-05,5.8952288802856496e-08,0.16168004877878067
large_emergency,78.05683809999634,11.963425496717562,8.993663205985388,30,25,30,20,0.75,200,800,26000,0,1,1,0.21748742482218827,0.34716371432743265,9,10,8.22792901876989e-13,2.9811368942509143e-07,0.19477779580631505
large_emergency,60.809820922383366,11.52044094777751,8.886252866535273,30,20,30,20,0.75,200,800,22000,0,0,1,0.17594760824993888,0.3421567101212424,9,8,4.467406079615416e-15,2.56900953849881e-06,0.19933817411508625
large_emergency,60.62849568573218,10.659714798307208,10.6602089656712,27,25,30,20,0.75,200,800,25400,0,1,1,0.21065290044803964,0.22749458619797264,8,7,4.468424440631617e-12,1.0924385811878038e-10,0.18761793188639989
large_emergency,81.38443252561169,11.833252812155848,8.294238232150928,37,25,30,20,0.75,200,800,27400,0,1,1,0.18588120209765324,0.392486592488465,12,11,2.950913190186109e-17,2.382614800697043e-06,0.20507562293717468
large_emergency,63.21141559289835,5.182242183439202,6.3574959363698955,33,25,30,20,0.75,200,800,26600,0,1,1,0.3696271564324727,0.3977126606170782,15,12,3.114447447366873e-08,2.960952252630915e-06,0.35026429331944464
large_emergency,52.28363621074163,9.79677729114469,13.22171291723723,30,20,30,20,0.75,200,800,22000,0,0,1,0.17789399737265582,0.19771884527374337,9,5,5.889630544566852e-15,5.350438268162591e-10,0.1777075492067634
large_emergency,113.71302574257703,8.76156620044285,14.645582265647459,37,10,30,20,0.75,200,800,15400,0,1,1,0.35077347471440773,0.7764322625075907,17,9,1.6641015148640058e-09,0.16039624463176408,0.34281106688525664
large_emergency,64.66197986813931,9.01779756887801,6.112903367386265,31,22,30,20,0.75,200,800,23800,0,1,1,0.2313059593980881,0.48081586219380507,11,12,1.6982888115500004e-12,0.00013152681107064007,0.2746117352103094
large_emergency,77.39436809146483,10.065955699764288,14.00076216233609,23,17,30,20,0.75,200,800,18200,0,0,1,0.33429240363085033,0.32516871831308947,10,7,4.1180306924156547e-07,6.0652540791516224e-06,0.1707759247669957
large_emergency,114.10591859569135,10.631578860540895,11.633993640771891,14,12,30,20,0.75,200,800,12400,0,0,1,0.766623928933584,0.817331248688052,15,11,0.08074226196395819,0.186814896529023,0.44757157178654733
large_emergency,92.91244646412072,8.976430495668849,9.243991836894988,33,20,30,20,0.75,200,800,22600,0,1,1,0.31365793809570863,0.5025558660344379,13,12,7.387192519939432e-10,0.00039661545646297734,0.2199778462053678
large_emergency,90.3470984115618,7.040293482882538,11.734589201963537,19,21,30,20,0.75,200,800,20600,0,1,1,0.6754136676652964,0.36662917699607694,17,9,0.012370365995152191,4.342770334319595e-06,0.23963239344538254
large_emergency,102.3649311933726,10.658644494635428,11.825049242256064,23,22,30,20,0.75,200,800,22200,0,1,1,0.4175624005998691,0.39348262510853194,13,10,1.3202968015398511e-05,8.003175389622259e-06,0.17840801062129374
large_emergency,85.8455892235487,5.273320897410264,13.487688783238294,36,19,30,20,0.75,200,800,22400,0,1,1,0.4522007567992327,0.33498614767249835,19,8,8.805559226916073e-07,3.148823208598154e-06,0.26377953905130763
large_emergency,99.07484979335125,11.72572235053811,8.140904655933882,27,19,30,20,0.75,200,800,20600,0,0,1,0.312939260502517,0.6405265752371421,11,14,1.6307814924310913e-08,0.0071898360448102725,0.21530891593012447
large_emergency,101.51257465638966,10.147997570846186,10.576783723800428,20,18,30,20,0.75,200,800,18400,0,0,1,0.5001606176376188,0.5332043869082851,13,11,0.00037455286574254347,0.0012896171356137057,0.1947524783557512
large_emergency,63.471237545502774,8.664051095829075,12.901724006550538,33,9,30,20,0.75,200,800,13800,0,1,1,0.22199440116853966,0.5466214998629192,12,6,1.3168021222770056e-13,0.018143687651132532,0.21107215747272157
large_emergency,83.91576199256171,9.052153429747971,13.159110618614687,27,11,30,20,0.75,200,800,14200,0,0,1,0.3433427425893979,0.5797280573731155,11,8,9.60350845870213e-08,0.015368716165244906,0.201832741139031
large_emergency,88.74068066611721,6.262812565271135,12.967042780732278,27,23,30,20,0.75,200,800,23800,0,1,1,0.5247948652891816,0.2975459037952168,16,9,0.00012902226810064006,5.914322272826726e-08,0.23692033647458366
large_emergency,53.50896654118348,11.905753401085795,8.734775296092863,15,13,30,20,0.75,200,800,13400,0,0,1,0.29962525813390084,0.4712284185676717,6,8,7.1599226437149025e-06,0.0016504262564432843,0.2001355049259242
large_emergency,113.1207444469697,10.822942149348389,10.740014788413966,32,17,30,20,0.75,200,800,20000,0,1,1,0.32662313215641037,0.619567250990694,13,12,3.113459927541426e-09,0.0073071367320192765,0.19281319886619552
large_emergency,55.48729575220757,10.544002800056848,10.994524470570735,18,20,30,20,0.75,200,800,19600,0,0,1,0.29235837662834174,0.25234058963046346,7,7,8.603815916365596e-07,2.716298207277157e-08,0.18579589579219163
large_emergency,72.88142838022873,11.416007724478309,6.123063310526742,36,15,30,20,0.75,200,800,19200,0,1,1,0.17733731182855655,0.7935181535134689,9,14,1.7939690878432596e-17,0.09834990164387152,0.34926314435812855
large_emergency,77.87855514388912,9.615084182201024,14.511294229690451,13,24,30,20,0.75,200,800,21800,0,1,1,0.6230479083148419,0.22361477524332893,10,7,0.01679714798822631,1.6953460462980072e-10,0.18971223869908183
large_emergency,102.24009664573327,10.511620131746424,9.316935490322896,25,18,30,20,0.75,200,800,19400,0,0,1,0.38905552279978317,0.6096430929576558,12,13,2.061026174022137e-06,0.005173861055631545,0.20764016480409808
large_emergency,67.0545076445581,5.850697616912061,11.023130136297544,14,12,30,20,0.75,200,800,12400,0,0,1,0.8186387337899909,0.5069227676670945,14,8,0.1492099392336298,0.004179105732831924,0.4150271674631947
large_emergency,65.78323102759792,9.458267196768936,14.390327720338023,35,16,30,20,0.75,200,800,19800,0,1,1,0.19871725416520966,0.2857094028104798,9,6,1.2421992091667811e-15,2.202471090982689e-06,0.17522093467222633
large_emergency,97.62667818045284,8.906886096291656,12.814392609497002,25,23,30,20,0.75,200,800,23400,0,1,1,0.43843236401596875,0.3312399043098643,14,9,1.4075138606621892e-05,3.544687195438792e-07,0.19032436584405982
large_emergency,57.16732075174553,9.997107531025325,10.260675812759352,34,11,30,20,0.75,200,800,15600,0,1,1,0.1681878264886081,0.5064996939857496,8,7,2.643264135044746e-17,0.00569257275705464,0.20318097322772388
large_emergency,92.69061873773104,9.555411867102478,8.854648433085119,20,14,30,20,0.75,200,800,15200,0,0,1,0.4850163448048104,0.7477155678511463,12,12,0.0002582899458913762,0.0646965745875782,0.28254263253703393
large_emergency,58.762625614192146,5.781509168425748,12.814834822098458,20,14,30,20,0.75,200,800,15200,0,0,1,0.5081945206894195,0.32753683206089135,13,6,0.0004530922727837414,3.3580815442485536e-05,0.2514864524289002
large_emergency,57.78600850889569,7.8180377466885815,8.108746825661575,27,11,30,20,0.75,200,800,14200,0,0,1,0.273754438992447,0.6478526970633464,10,9,1.1350854243583387e-09,0.03449993242222038,0.2857328858775545
large_emergency,61.768671271359835,11.895511775356724,12.287550935388197,11,20,30,20,0.75,200,800,18200,0,0,1,0.47205482689486145,0.2513465522794531,7,7,0.003353769268227858,2.553723501700709e-08,0.16880229695206822
large_emergency,103.39275698200646,11.006690396283389,14.321800606543846,15,22,30,20,0.75,200,800,20600,0,1,1,0.6262418781030303,0.3281480381567409,11,9,0.011759138799135874,5.056091110609652e-07,0.1724370989603575
large_emergency,67.63363352922782,8.518774464846395,12.725583143910182,29,13,30,20,0.75,200,800,16200,0,0,1,0.2737711004385181,0.4088289814086579,10,7,3.2709766620424875e-10,0.00046921564546133817,0.1964388538495749
large_emergency,69.54020327085803,5.124557330840041,12.269502338059734,31,13,30,20,0.75,200,800,16600,0,1,1,0.4377416855259076,0.43597908521989276,17,7,2.043332357976252e-06,0.0008352905520528228,0.2774790383130147
large_emergency,71.37092329723899,5.461033137769206,7.653701082210031,17,12,30,20,0.75,200,800,13000,0,0,1,0.7687720436420776,0.7770850830927931,16,11,0.05754828108988336,0.11928404073907703,0.4906035987642997
large_emergency,50.808120730062186,7.026459926616619,6.348241519146853,28,14,30,20,0.75,200,800,16800,0,0,1,0.2582489275268831,0.5716782308569843,10,10,1.7592114643988664e-10,0.006571372600196785,0.3064144880861587
large_emergency,61.80145925381086,7.018484696942499,10.81294297846475,19,16,30,20,0.75,200,800,16600,0,0,1,0.46344881013939004,0.3572192335662903,12,7,0.00020092403815821945,3.08881740522317e-05,0.23519447013381356
large_emergency,95.8384117620267,11.869492275910623,9.252347180201566,19,20,30,20,0.75,200,800,19800,0,0,1,0.42496568661834583,0.5179140487027142,10,12,7.000732640591221e-05,0.0005670391528933505,0.19296733118364442
large_emergency,92.62272805650244,7.102719880743223,12.926875513152131,22,17,30,20,0.75,200,800,18000,0,0,1,0.5927481406077567,0.42147816481145955,15,9,0.0018170063510967787,0.00013208170490620593,0.2200984377797499
large_emergency,59.07709472717919,8.626593750915305,10.382072742136861,32,15,30,20,0.75,200,800,18400,0,1,1,0.2140078997029931,0.3793532447357252,10,7,1.1174718072805575e-13,9.494255902602839e-05,0.21233543135492705
large_emergency,107.88435048599626,8.32418514458474,11.85035039630008,37,24,30,20,0.75,200,800,26600,0,1,1,0.35027972176653627,0.37932897508695873,15,11,1.6062710925159153e-09,2.0372408297122687e-06,0.20451960796675606
large_emergency,94.7462902565963,10.648660833925433,10.592643475772721,27,13,30,20,0.75,200,800,15800,0,0,1,0.3295364474541016,0.6880412986856113,11,11,4.4156005671632025e-08,0.03744328696341404,0.22575699401696536
large_emergency,54.25252502856436,7.525526565800879,14.080518197927063,33,19,30,20,0.75,200,800,21800,0,1,1,0.21845858832358486,0.20279055173944793,10,5,8.632778426874896e-14,1.949334667769148e-09,0.20390118243647676
large_emergency,91.59677295932138,7.098519645024142,8.231541509860161,18,21,30,20,0.75,200,800,20400,0,1,1,0.716869130934677,0.5298826578322287,16,13,0.025710154804220127,0.0005842086893468537,0.2886527348083879
large_emergency,70.19467541369126,8.780750464802606,8.530491749088815,27,17,30,20,0.75,200,800,19000,0,0,1,0.29607979449147465,0.48403992116721695,10,10,5.4909546266118294e-09,0.0006025779131492,0.23171460173745292
large_emergency,64.92637343860186,9.609630409939012,11.566091592165769,23,16,30,20,0.75,200,800,17400,0,0,1,0.29375591789239863,0.3508443891851256,9,7,4.753784283066702e-08,2.514164929710895e-05,0.19054709397495118
large_emergency,73.67257274248591,10.588633889174965,7.6851297035879655,31,19,30,20,0.75,200,800,21400,0,1,1,0.22444204129353387,0.5045463093149353,10,11,8.112204598312924e-13,0.0005421211799822203,0.22510443170185096
large_emergency,112.89848769865598,9.04004674828849,10.512759521950414,22,23,30,20,0.75,200,800,22800,0,1,1,0.5676684627565195,0.46692116277295714,17,12,0.0010823139543962833,6.615267902994203e-05,0.20688986669912404
large_emergency,68.1539086949754,7.061998392514424,14.027081037179897,37,9,30,20,0.75,200,800,14600,0,1,1,0.2608323352564216,0.5398597542562136,14,6,6.210471114944836e-13,0.016753494263854758,0.2296471414613126
large_emergency,84.22128393163202,9.189492040398298,6.739493419529226,27,18,30,20,0.75,200,800,19800,0,0,1,0.3394427895001983,0.6942599283301683,13,14,7.745733226777128e-08,0.018771509274278696,0.2759706344691468
large_emergency,72.9761745380322,8.499847176121625,13.062965252177811,32,23,30,20,0.75,200,800,24800,0,1,1,0.26829958316427904,0.2428910352722952,11,7,3.147588857682967e-11,1.6806679896772597e-09,0.19420147311338606
large_emergency,89.53752960692836,11.044783130074023,14.242366651148476,32,10,30,20,0.75,200,800,14400,0,1,1,0.2533365994844806,0.6286703031880466,10,8,7.777425114822362e-12,0.034884247832893435,0.19563778078458277
large_emergency,103.12972504241085,7.0501502913426926,14.790982356995846,21,22,30,20,0.75,200,800,21800,0,1,1,0.6965722835390177,0.3169305906472021,17,9,0.013016915270561086,2.9126275613338516e-07,0.2224669160101424
large_emergency,70.11939734981941,6.952996986866081,10.424905030673186,24,16,30,20,0.75,200,800,17600,0,0,1,0.42019888139766687,0.4203839096345913,14,8,1.0203477352574786e-05,0.0001870960902372526,0.2399443074294702
large_emergency,104.5924043192276,6.748631814847961,12.940541472657518,32,18,30,20,0.75,200,800,20800,0,1,1,0.4843222633341271,0.4490298293254241,18,10,1.0190316509877998e-05,0.00019130913722894768,0.2256562015234832
large_emergency,108.61076124319105,5.397209479470854,7.522874695443811,28,18,30,20,0.75,200,800,20000,0,0,1,0.7186965363192999,0.8020778524772848,25,16,0.008498078607832615,0.07962868914553663,0.4063356078898082
large_emergency,76.42879219662167,11.465549050800016,9.706671705555905,36,12,30,20,0.75,200,800,16800,0,1,1,0.18516531533337932,0.6561534385405878,12,9,6.532425750556288e-17,0.030928421500645287,0.22116814918185032
large_emergency,75.81217512770948,7.5281804402673895,6.3356787471321,25,19,30,20,0.75,200,800,20200,0,0,1,0.40281805532821024,0.6297848485786819,13,14,3.646548860695736e-06,0.006036865486662738,0.29671102068507516
large_emergency,98.61120289169989,7.615940133907576,14.189717160157981,20,24,30,20,0.75,200,800,23200,0,1,1,0.6474000659003644,0.2895618055040746,15,9,0.006853030625336208,2.0547956661589707e-08,0.20863017250054777
large_emergency,92.27016217622031,8.288694059452336,12.354972149823213,17,24,30,20,0.75,200,800,22600,0,1,1,0.6548265094199677,0.3111775602611017,14,9,0.012417524769592462,7.323388651397164e-08,0.21400293900334044
large_emergency,85.01795410550616,6.867619539677986,6.720947949317621,16,17,30,20,0.75,200,800,16800,0,0,1,0.7737210981031258,0.7440998147234665,15,15,0.06872459309573972,0.0419067993075194,0.40503078936931636
large_emergency,51.26981408132098,6.057190808792496,13.028864779801054,27,25,30,20,0.75,200,800,25400,0,1,1,0.3134921885332569,0.15740377983139633,10,6,1.687763549856663e-08,5.309634406836075e-14,0.24184570733632216
large_emergency,93.16255768690078,8.777927935733388,14.26570442733162,30,10,30,20,0.75,200,800,14000,0,0,1,0.3537758127315845,0.6530526281507061,13,8,4.412121932258111e-08,0.04536859188246927,0.2293889236504834
large_emergency,59.91012821494555,6.331125306481399,12.593625461433124,37,9,30,20,0.75,200,800,14600,0,1,1,0.2557511620880987,0.5285754235868957,13,6,3.5702765985168803e-13,0.014631649681070941,0.2519867052159997
large_emergency,76.94198193501748,6.9383778885041325,13.570273730203215,13,9,30,20,0.75,200,800,9800,0,0,1,0.8530256048474404,0.6299879629445624,14,7,0.25398351726336926,0.04512648238972387,0.5169263868586118
large_emergency,51.356781212553564,8.72663831623761,11.282699336345935,17,12,30,20,0.75,200,800,13000,0,0,1,0.34617994016425263,0.3793180727528675,8,6,1.310626337627951e-05,0.00037675317094527314,0.20361279532337084
large_emergency,81.4270407885466,7.734946335756032,11.7479494623122,24,9,30,20,0.75,200,800,12000,0,0,1,0.4386317912130443,0.7701300559327129,13,9,1.959591542397046e-05,0.17856385817760734,0.3929880710782422
large_emergency,87.38934295506212,5.619399753668089,8.273183665354724,25,20,30,20,0.75,200,800,21000,0,0,1,0.6220546448792388,0.5281482104707704,20,12,0.001976788276726876,0.0007132860253350304,0.30151747645823834
large_emergency,105.17553886532147,11.690623478757168,13.74257365378352,13,13,30,20,0.75,200,800,13000,0,0,1,0.6920440198304363,0.5887125854578036,12,9,0.03925324019382767,0.010615745100791834,0.20817419626261305
large_emergency,56.71756287463574,7.906096179343375,8.897837614829822,36,24,30,20,0.75,200,800,26400,0,1,1,0.1992750684902014,0.2655961918774975,9,8,5.725405299479554e-16,4.298136926985985e-09,0.2388715351615694
large_emergency,75.25136382079779,7.536440148406388,14.656079378436615,22,21,30,20,0.75,200,800,21200,0,1,1,0.4538636902772024,0.24449910406824593,12,7,6.0453161545174995e-05,8.007885992595608e-09,0.20098017350231162
large_emergency,62.29550035231604,9.245827441297426,10.311929506621727,16,24,30,20,0.75,200,800,22400,0,1,1,0.42110549831691424,0.25171291622449454,9,8,0.00019056752965264782,1.592676922424957e-09,0.2053225271319325
large_emergency,60.50661658480832,11.193016598395044,13.199444367956875,23,10,30,20,0.75,200,800,12600,0,0,1,0.23503248092978563,0.4584027546772718,8,6,9.257361142395261e-10,0.003922808729382552,0.16902499470550483
large_emergency,67.81574910377621,5.555540113021051,9.952832851258727,15,11,30,20,0.75,200,800,11800,0,0,1,0.8137912513052206,0.6194284775478371,14,9,0.1259164091946719,0.02487986168703113,0.431270677991738
large_emergency,94.64571000316329,8.137827992744786,13.213852459934444,13,14,30,20,0.75,200,800,13800,0,0,1,0.8946415723585429,0.5116152066830588,14,9,0.44512310151758255,0.002485995989886811,0.6461701662933211
large_emergency,69.07163359468582,10.052264507333,8.59801991685079,15,22,30,20,0.75,200,800,20600,0,1,1,0.4580834069397925,0.3651561335297894,9,10,0.0006467879442929498,2.6328615640383157e-06,0.21643534139394305
large_emergency,51.39960691289994,10.341144552887647,8.638558179030044,25,22,30,20,0.75,200,800,22600,0,1,1,0.19881593048052765,0.27045552282551266,7,8,7.163295753896193e-12,2.1679708769063617e-08,0.21246117499257436
large_emergency,89.58982486449503,10.29828827998653,11.951639964991442,37,16,30,20,0.75,200,800,20200,0,1,1,0.2351212698779192,0.468501734526183,11,9,3.2285076710122954e-14,0.0005833224823605487,0.18135736420418122
large_emergency,79.94870370295044,7.606150851243349,8.38731189314198,24,11,30,20,0.75,200,800,13600,0,0,1,0.43796080997767706,0.8665546322342375,14,11,1.914984589980228e-05,0.37880470213885115,0.6295241068445577
large_emergency,83.06220730071863,10.663369836185385,14.412717812164274,34,18,30,20,0.75,200,800,21200,0,1,1,0.22910263215196688,0.3201732756029866,11,7,1.4214674151358175e-13,2.9009167141109413e-06,0.16316505244691054
large_emergency,68.71955965557574,6.969122899102045,12.179205230253668,19,12,30,20,0.75,200,800,13400,0,0,1,0.5189776362972228,0.4701973456422907,13,7,0.0007469970848533753,0.0022842549544909324,0.22862849560516293
large_emergency,76.97923135934863,10.600522119436057,13.685091654528058,11,7,30,20,0.75,200,800,7800,0,0,1,0.6601667222530415,0.8035775958940599,10,7,0.039598854341551235,0.35890563976668194,0.5659116880809079
large_emergency,70.31105925595047,6.633477690442625,10.392519774460599,19,17,30,20,0.75,200,800,17400,0,0,1,0.5578645529228774,0.397973229964761,15,8,0.0016653743178551503,6.857152156883815e-05,0.24870748881681837
large_emergency,83.50103575403438,9.576913178576996,7.771166273949646,10,17,30,20,0.75,200,800,15600,0,0,1,0.8718992664653303,0.6320577194514014,14,12,0.4593666984972391,0.008854093377377232,0.7013193842401214
large_emergency,81.79332220356474,8.297132754975067,10.34989895282219,18,19,30,20,0.75,200,800,18800,0,0,1,0.5476679221540612,0.4159375578976648,12,10,0.0017131271528952278,5.3570373968412176e-05,0.2189095610313696
large_emergency,71.2459177508307,5.071606857166689,6.054431640916994,37,14,30,20,0.75,200,800,18600,0,1,1,0.37967559372154985,0.8405403557068761,17,14,1.1710867742673608e-08,0.19506525424437418,0.5574097028376289
large_emergency,73.31638965893046,7.971865011765431,13.9751691735061,26,24,30,20,0.75,200,800,24400,0,1,1,0.3537266544988341,0.21859124073527764,11,7,2.624730348449976e-07,1.0944380691223188e-10,0.19699690769560962
large_emergency,56.24414730405639,10.169403659667568,8.997871174108562,34,13,30,20,0.75,200,800,17200,0,1,1,0.16266830209038727,0.4808329421288288,8,8,1.0120038689229304e-17,0.0019638595520925,0.21143544163612285
large_emergency,50.74691725961286,10.641098125593334,11.628203455819486,8,9,30,20,0.75,200,800,8800,0,0,1,0.5961193649925025,0.48490262348800944,7,6,0.0419454162233556,0.008392540618478139,0.23031102761200056
large_emergency,70.61357869496636,9.848273687102886,14.166741708264073,30,17,30,20,0.75,200,800,19600,0,0,1,0.23900492931886658,0.29320361793638544,9,7,7.73290559834752e-12,1.6393803912220728e-06,0.17213013944601713
large_emergency,89.26124496183763,6.477518784425248,10.475340469405026,33,11,30,20,0.75,200,800,15400,0,1,1,0.41758060470136976,0.7746439036129222,17,10,4.198283010639756e-07,0.1345470909173395,0.3843899020815661
large_emergency,103.87703030313361,8.04249560653696,12.711286807770335,32,20,30,20,0.75,200,800,22400,0,1,1,0.4036256102315357,0.4086015518099796,15,10,2.9539449254876024e-07,2.928262890077141e-05,0.20303933390560958
large_emergency,113.05791415329061,11.572648225434794,12.225960140661906,32,19,30,20,0.75,200,800,21600,0,1,1,0.305293978393402,0.48670341354978147,12,11,6.668979717258115e-10,0.00035773987386796116,0.16856155279446317
large_emergency,56.92758502854748,11.807306048354036,7.418286726992719,29,11,30,20,0.75,200,800,14600,0,0,1,0.1662547041093966,0.6976321073927001,8,9,2.9314408705686078e-15,0.0595797254859444,0.2790750649461785
large_emergency,73.01704190277596,10.713347881640342,10.41093009413971,21,18,30,20,0.75,200,800,18600,0,0,1,0.32454859431279043,0.38963880184109523,9,9,7.141428302878576e-07,3.532691716532978e-05,0.189430442056437
large_emergency,111.55264035161255,11.835869386711288,13.94300487664971,26,10,30,20,0.75,200,800,13200,0,0,1,0.3624986071734496,0.8000616892735173,11,10,4.0598262066574684e-07,0.20472206433724752,0.36093195692923613
large_emergency,53.6477719153975,6.320844847268965,10.160377689339953,24,20,30,20,0.75,200,800,20800,0,0,1,0.3536432049544834,0.26400481141406573,11,7,6.467385167934157e-07,5.480441213692698e-08,0.2566289389448532
large_emergency,77.65160960593366,7.70461080113968,6.909230168632053,13,20,30,20,0.75,200,800,18600,0,0,1,0.7752761162230812,0.5619411114603798,13,13,0.10183555501252198,0.0014543917306157653,0.37781628107528153
large_emergency,77.12686561637076,6.049458238392992,10.214328359394063,30,13,30,20,0.75,200,800,16400,0,0,1,0.4249794641492785,0.5808346479470192,16,9,1.6126510790299298e-06,0.009513380047252605,0.2727207405989792
large_emergency,94.86138175198263,6.039652826423853,10.299871150836132,19,16,30,20,0.75,200,800,16600,0,0,1,0.8266541879514232,0.5756223813554812,18,11,0.10072734580631601,0.00442999448804947,0.3678183643337289
large_emergency,89.16678930522053,11.74106651062097,14.515764475909,35,14,30,20,0.75,200,800,18200,0,1,1,0.21698391277088414,0.4387682363898015,9,8,1.4903257437279707e-14,0.000608622487298671,0.15467037982406545
large_emergency,55.9092596946904,5.7271292760570764,6.997032579186631,36,25,30,20,0.75,200,800,27200,0,1,1,0.2711716318351359,0.31961697512169973,12,10,3.403569673275934e-12,6.917613393281129e-08,0.31752534533327126
large_emergency,60.924089225624485,9.700996900097401,6.725908021634058,24,19,30,20,0.75,200,800,20000,0,0,1,0.26167452106998057,0.47674321467987407,8,11,3.2694934767559025e-09,0.0002808474356426537,0.2520418500004017
large_emergency,97.73425028074975,11.916820883389383,11.56769622469092,35,13,30,20,0.75,200,800,17400,0,1,1,0.23432484034150788,0.6499149965849178,11,10,1.2526328794600907e-13,0.023609748667159952,0.1939723832577941
large_emergency,60.41818366704744,7.1413529463536225,10.395275763274679,14,24,30,20,0.75,200,800,22000,0,1,1,0.6043090966186995,0.24217003731195685,13,7,0.01056613085954947,7.722261283506024e-10,0.24679316432115853
large_emergency,88.64642571864309,7.708860186880339,11.163791813616422,14,16,30,20,0.75,200,800,15600,0,0,1,0.821377920708414,0.49628313568671106,14,10,0.1542217893643809,0.0010462463435385438,0.3745641991269124
large_emergency,89.3059010417916,10.953131143849964,11.055376691582552,21,22,30,20,0.75,200,800,21800,0,1,1,0.3882599321162005,0.3671841540554659,10,10,9.85094442639975e-06,2.8625147827246614e-06,0.1817645324802698
large_emergency,80.73595208587597,11.760574982554177,11.151094331689428,24,13,30,20,0.75,200,800,15200,0,0,1,0.28604026661692755,0.5569370743381367,9,9,1.6505952993234163e-08,0.006744986310306527,0.18145215620684435
large_emergency,75.78870659012779,10.543331534274976,9.585813365375136,29,14,30,20,0.75,200,800,17000,0,0,1,0.24787266406503655,0.5647386231935186,9,10,3.6208505325350504e-11,0.0059141820816205485,0.20508169218273292
large_emergency,112.93641392130587,6.168434568034373,12.791839377817475,27,15,30,20,0.75,200,800,17400,0,0,1,0.6781023773697006,0.5885857411934604,21,11,0.0045093796882290284,0.006769313566508802,0.2515692192651819
large_emergency,90.77638620868535,7.969259833460667,10.142039569739172,36,24,30,20,0.75,200,800,26400,0,1,1,0.3164116036206085,0.3729377507702982,14,11,1.961463331772752e-10,1.547562491159064e-06,0.22408321258793024
large_emergency,92.89242532586437,10.347838049342782,8.285191696070948,31,20,30,20,0.75,200,800,22200,0,1,1,0.289580280917882,0.5605930962944187,11,13,3.4592417053212353e-10,0.0014153926273153038,0.2187512044080332
large_emergency,60.052992517589885,11.367525666117924,7.530508426451322,20,22,30,20,0.75,200,800,21600,0,1,1,0.2641427619406393,0.36248302551313966,7,10,5.524812892430585e-08,2.355690466488899e-06,0.22076546110996967
large_emergency,98.01281701988037,5.7402709186473135,14.405172136312101,26,10,30,20,0.75,200,800,13200,0,0,1,0.6567152988002507,0.6804001791329711,19,9,0.00340433691519705,0.060425351699656925,0.3074570047779312
large_emergency,88.01689701916865,11.040382222836921,10.928049103511691,17,11,30,20,0.75,200,800,12200,0,0,1,0.46895700040436994,0.7322016964656967,10,10,0.00042922164737415735,0.08601199786323095,0.26852543527779626
large_emergency,85.98925068704182,11.515378198409014,11.156194682218327,10,13,30,20,0.75,200,800,12400,0,0,1,0.7467340560201684,0.5929044744710217,10,9,0.1186632867855153,0.011245574493388357,0.3063855558317471
large_emergency,94.13984073985799,10.742641813623653,14.949101663451119,10,9,30,20,0.75,200,800,9200,0,0,1,0.8763192739096197,0.6997064131286331,11,8,0.48568640122882323,0.09030529743515057,0.7359723225835699
large_emergency,104.94412999671886,10.562852843528667,13.320046005535431,31,22,30,20,0.75,200,800,23800,0,1,1,0.32049054987045383,0.3581209648330967,15,9,3.364375971060056e-09,1.959738985446117e-06,0.1697481725661409
large_emergency,62.13673086221147,5.657220339714161,8.065837160245996,14,18,30,20,0.75,200,800,17200,0,0,1,0.7845439371650218,0.4279829278565439,13,10,0.0995957457947123,0.00010925733269537666,0.4004499499957471
large_emergency,107.86227718744883,8.87653294609613,14.378979984941925,22,23,30,20,0.75,200,800,22800,0,1,1,0.5523362343181436,0.3261472114470152,15,9,0.0007746445233867476,2.748474860740655e-07,0.18297747925310906
large_emergency,103.70555640934566,11.51225979131512,9.722342314223098,35,24,30,20,0.75,200,800,26200,0,1,1,0.2573791723884813,0.4444468946611755,12,12,1.5862557504059723e-12,2.3871076002252383e-05,0.18974366225062927
large_emergency,50.231390161174936,7.675650618828988,11.062710196483604,21,22,30,20,0.75,200,800,21800,0,1,1,0.3116310367473283,0.20639110731219248,9,6,3.843454266761716e-07,1.9594709046277797e-10,0.22067626265254503
large_emergency,50.018122562141,6.400147262891088,13.660793661106467,31,10,30,20,0.75,200,800,14200,0,1,1,0.25210167177564996,0.3661436063158408,10,5,1.3580448207071464e-11,0.0007629371683199301,0.23021153101797232
large_emergency,51.62725203822862,10.761415528301407,10.952494672502858,12,18,30,20,0.75,200,800,16800,0,0,1,0.3997867187519329,0.26187464632977936,7,6,0.0005920492806108707,1.8860821886166027e-07,0.18482021601008325
large_emergency,60.10521042342189,7.822619578352364,10.032180667420072,29,24,30,20,0.75,200,800,25000,0,1,1,0.26494877350448326,0.24963503456189443,10,8,1.5949882128083736e-10,1.3645134240496345e-09,0.22751364243436303
large_emergency,86.267857400929,8.813047858685335,7.9232752915173705,17,14,30,20,0.75,200,800,14600,0,0,1,0.5758030511671882,0.7777073984730879,12,13,0.0035737924255063963,0.09192612647851844,0.33517847441017756
large_emergency,74.59114558196075,10.2326672631561,6.051846833212908,24,14,30,20,0.75,200,800,16000,0,0,1,0.30372964539157343,0.8803823224507263,10,14,4.79175771837413e-08,0.32919363166538734,0.5921587252418372
large_emergency,83.54808163861384,11.137549773845587,12.295238422295874,34,13,30,20,0.75,200,800,17200,0,1,1,0.2206316980556399,0.5227044234464335,11,8,5.152436520269208e-14,0.003985442829191851,0.17510409640330515
large_emergency,78.80537282662131,8.920705566765601,10.177041361210986,17,23,30,20,0.75,200,800,21800,0,1,1,0.5196461346669672,0.33667157635207673,12,9,0.0012678158919552371,4.6224592060896097e-07,0.21162741928308684
large_emergency,111.37519904560347,10.823054272679617,13.51614899610427,16,13,30,20,0.75,200,800,13600,0,0,1,0.6431594783666178,0.6338582835967034,12,10,0.012441584909114817,0.019297250232051713,0.19811976643840698
large_emergency,55.143620756674025,6.334705507174682,13.185957557214838,27,10,30,20,0.75,200,800,13400,0,0,1,0.322407461879339,0.41819959238759724,11,6,2.903628327752961e-08,0.0020317531043592945,0.23573057118975327
large_emergency,70.65393450293323,10.22687908679838,14.811355688827764,33,6,30,20,0.75,200,800,11400,0,1,1,0.20935304897018908,0.7950423984059253,10,6,2.7952646100861717e-14,0.41291668624247047,0.5782139918860637
large_emergency,61.86948732405734,7.451950984270271,10.694821196397612,28,10,30,20,0.75,200,800,13600,0,0,1,0.296516248154595,0.5784995016550359,12,7,3.208229351643007e-09,0.019726813242485996,0.24742306179201548
large_emergency,57.23599047621617,11.840985005164494,6.752371040265664,19,15,30,20,0.75,200,800,15800,0,0,1,0.25440624661427397,0.5650952347938933,7,10,6.212064496656161e-08,0.004686933375890704,0.23723555623316694
large_emergency,107.30547860972055,9.108144860776193,14.790909534278176,21,9,30,20,0.75,200,800,11400,0,0,1,0.561012673141161,0.8060918044968268,14,9,0.0011549906797878038,0.2554140875111519,0.43397001449980943
large_emergency,87.01578745434037,10.783269979189264,11.783639402544026,33,20,30,20,0.75,200,800,22600,0,1,1,0.24453083797028055,0.3692228881153395,10,9,1.6135778003837147e-12,7.454781378249418e-06,0.1776071279852275
large_emergency,83.61190751554071,11.176458790149365,12.699647904806351,24,11,30,20,0.75,200,800,13600,0,0,1,0.31171138776843627,0.5985270267639515,10,8,7.545480483084294e-08,0.01938553802388496,0.18760173267477126
large_emergency,59.05787172490299,8.569284862418773,9.788283694751243,35,8,30,20,0.75,200,800,13400,0,1,1,0.19690881919082093,0.7541908465088152,9,8,9.566598426183903e-16,0.18554474887536715,0.4044035574683472
large_emergency,104.24511971445096,11.594798405902095,10.68239388185087,23,21,30,20,0.75,200,800,21400,0,1,1,0.39089912136952987,0.4646948403737075,13,11,4.886790424277048e-06,0.00011251965244081582,0.17997495268296915
large_emergency,70.2201224674651,5.949618415816124,14.685009029730704,29,7,30,20,0.75,200,800,11400,0,0,1,0.4069813161334849,0.6831079263534295,15,6,1.0148114020207983e-06,0.12368661371732659,0.35986229000171294
large_emergency,70.4493237697681,11.491499703713817,14.612015957855148,30,10,30,20,0.75,200,800,14000,0,0,1,0.2043519865006547,0.4821328143424033,9,6,1.8210088575807755e-13,0.005599679467424559,0.1610573496396439
large_emergency,81.55351233235754,8.814947826279763,7.276936201459765,31,25,30,20,0.75,200,800,26200,0,1,1,0.2984428852194798,0.44828488294839125,12,13,6.861610507545648e-10,1.9867357425652428e-05,0.2508840053493727
large_emergency,79.71818038794552,5.758784697602389,14.34772260229458,30,20,30,20,0.75,200,800,22000,0,0,1,0.4614294194232531,0.2778077838471608,17,7,7.271762713533378e-06,1.1967959902184302e-07,0.24335261288660692
large_emergency,67.84513410749986,7.792713098578867,14.86296535593347,31,16,30,20,0.75,200,800,19000,0,1,1,0.28084605264683443,0.28529440661220107,11,6,1.7125242852928572e-10,2.1636598955375005e-06,0.19560850041557315
large_emergency,67.10142559485001,5.338200916039998,10.07769903861135,19,13,30,20,0.75,200,800,14200,0,0,1,0.6615813144208479,0.5121851826398675,17,8,0.010018465597188808,0.0033602360840735337,0.2999367319742902
large_emergency,91.6890777867421,8.33614299890435,12.69459210253137,28,15,30,20,0.75,200,800,17600,0,0,1,0.39282074712315623,0.48151253198312066,13,9,7.640802194614383e-07,0.0010503675824207396,0.1997843869100822
large_emergency,59.96682894094497,9.673564704608182,9.159265416374762,26,16,30,20,0.75,200,800,18000,0,0,1,0.2384246726162847,0.4091951306606519,9,8,1.3310994337638767e-10,0.00013988386849044313,0.21269345409526316
large_emergency,59.45680198413013,5.852750028540375,14.39291826575223,29,25,30,20,0.75,200,800,25800,0,1,1,0.35030277069396926,0.16523904572044115,12,6,5.651248817454427e-08,1.4981216724176584e-13,0.24033852101582934
large_emergency,86.06950606800967,7.592290705393218,10.016234651894784,33,13,30,20,0.75,200,800,17000,0,1,1,0.3435283173091653,0.6610000130885803,15,10,6.063750836853887e-09,0.027061714166744102,0.2586121909117874
large_emergency,52.530935460917604,6.813440988075371,9.879067711008888,22,24,30,20,0.75,200,800,23600,0,1,1,0.35044991185174396,0.2215582524147621,10,7,1.4069833522605052e-06,1.4193658709611943e-10,0.2479942518060163
large_emergency,82.89328328384428,11.919239790756425,8.18249979131503,23,12,30,20,0.75,200,800,14200,0,0,1,0.3023729581935887,0.8442131112938115,9,12,7.770058582919523e-08,0.25558386117596776,0.46169394800087704
large_emergency,59.58143453406669,9.889081880137692,10.082774898329438,19,13,30,20,0.75,200,800,14200,0,0,1,0.3171037527533882,0.45455614333021044,11,7,1.4790230795130766e-06,0.0012064888679054401,0.20150863636152222
large_emergency,82.9268594543368,6.346738743926179,9.0759961888906,21,13,30,20,0.75,200,800,14600,0,0,1,0.6221932599688658,0.702841765910313,16,11,0.003781950237845559,0.04454242989329654,0.31606635857186915
large_emergency,74.188554495551,7.406099997222951,9.79318421174317,26,19,30,20,0.75,200,800,20400,0,0,1,0.38527780386526145,0.39871207142632864,13,9,1.1777570456486622e-06,3.139175639611379e-05,0.23716823521308894
large_emergency,108.94023860175693,10.639359944001377,7.913241246961876,25,23,30,20,0.75,200,800,23400,0,1,1,0.4095744073897189,0.5985577799663772,12,16,4.775354694336313e-06,0.0017065096632446553,0.22207236951791814
large_emergency,98.84935468883492,7.30280422578285,7.091643423752199,16,23,30,20,0.75,200,800,21600,0,1,1,0.8459879899614727,0.6060369611301428,16,16,0.17118885388286778,0.001984440715854415,0.4511180321426702
large_emergency,99.50925621741143,7.359731272675489,13.910520433043,34,25,30,20,0.75,200,800,26800,0,1,1,0.3976697954706578,0.2861410015430839,16,9,1.0489186917797447e-07,9.129679335592205e-09,0.20776267672636373
large_emergency,111.4601846586365,8.958128300082873,14.98043249062102,33,23,30,20,0.75,200,800,25000,0,1,1,0.3770409666113812,0.3234949984382735,15,9,4.808597826260092e-08,2.4022150493967037e-07,0.17838449719023114
large_emergency,66.0332539707918,8.213925412305867,6.37038596137808,15,12,30,20,0.75,200,800,12600,0,0,1,0.5359455693121885,0.863804987263638,11,12,0.0028848623355449956,0.325277728369847,0.6068834211976681
large_emergency,61.953198427615305,9.03843272740953,7.526666302782224,23,17,30,20,0.75,200,800,18200,0,0,1,0.29801818569399285,0.48418591222950996,9,10,6.075944914486145e-08,0.0006045148269687617,0.2441041714384246
large_emergency,76.8158076182611,10.399382422887415,10.335315980206147,14,12,30,20,0.75,200,800,12400,0,0,1,0.5276124271792024,0.6193634828176854,10,9,0.003266528164511988,0.01985548372129804,0.21603719736383414
large_emergency,62.51497357921435,10.882269181452312,12.081589365962618,23,11,30,20,0.75,200,800,13400,0,0,1,0.24976797432686898,0.47039998166991154,8,7,2.777131429591884e-09,0.003265652637843063,0.1779288214171353
large_emergency,53.31426123076196,11.4753389921453,7.965966089698343,10,21,30,20,0.75,200,800,18800,0,1,1,0.4645985732295559,0.31870263013109773,7,8,0.004313985298482138,5.418017400825786e-07,0.21699197405894022
large_emergency,93.2387975121465,5.676915736747818,7.294089396719681,20,21,30,20,0.75,200,800,20800,0,1,1,0.8212099829894692,0.6087041846060164,19,15,0.08571358173131462,0.0029565213979732773,0.4019193975843225
large_emergency,56.742860656631294,6.714587172834953,13.711735452960756,11,11,30,20,0.75,200,800,11000,0,0,1,0.7682440848701703,0.37620634496428507,10,6,0.1257391102736075,0.0005689036914502674,0.3481677260504017
large_emergency,78.68937285084667,6.723797177147361,8.806799622167944,15,20,30,20,0.75,200,800,19000,0,0,1,0.7802076790606131,0.4467535099400612,14,11,0.08373360577369757,9.300153714355183e-05,0.3461007192653166
large_emergency,73.87575333034958,8.03646269244669,7.308615681673469,25,13,30,20,0.75,200,800,15400,0,0,1,0.3677028372185883,0.7775412613951463,12,12,8.002277038949815e-07,0.10448709109828094,0.3657455632754707
large_emergency,112.76106270178386,10.06895195325037,14.449426510912817,23,12,30,20,0.75,200,800,14200,0,0,1,0.4869081631177044,0.6503202890475845,15,9,0.00011823797257977235,0.028874689811033385,0.1975150289856409
large_emergency,63.244994093703525,10.825774817540218,7.118287605398833,21,14,30,20,0.75,200,800,15400,0,0,1,0.278194072588215,0.6346329101250986,8,11,6.506167523336871e-08,0.015998018498499342,0.24885344985658892
large_emergency,64.23780988187995,6.478793170616249,13.773628476725186,20,12,30,20,0.75,200,800,13600,0,0,1,0.4957544421484426,0.38865218649797356,13,6,0.00033675766763869214,0.0004647762162157796,0.22775377755081855
large_emergency,76.71866792202161,8.8206259039235,13.922879890467003,11,9,30,20,0.75,200,800,9400,0,0,1,0.7906949498272144,0.6122509497203065,11,7,0.15962462618624182,0.037525142467471455,0.38234462904966426
large_emergency,53.00185473037262,8.904553572625492,13.589434875811179,19,11,30,20,0.75,200,800,12600,0,0,1,0.31327469466569324,0.3545659163951259,9,5,1.248731079402786e-06,0.0003514186063056131,0.18624133725498
large_emergency,53.851273558023664,11.664968417762783,13.062793592628339,18,13,30,20,0.75,200,800,14000,0,0,1,0.2564719691254841,0.3171148368023801,6,6,1.407656437403726e-07,4.2636057221433195e-05,0.1623228445964448
large_emergency,65.78668905425671,11.550313111142227,14.770363571595269,29,23,30,20,0.75,200,800,24200,0,1,1,0.1964021665286236,0.19365067180516393,8,6,1.652626153083799e-13,2.509435699151513e-11,0.1542808800445912
large_emergency,83.40190222014338,7.149896916682647,6.459438766725964,19,20,30,20,0.75,200,800,19800,0,0,1,0.6139352569990363,0.6455816459609891,14,15,0.004629722399586263,0.006650964978091264,0.30595505508371446
large_emergency,107.97371432411084,8.122882377473033,7.377698407859251,17,22,30,20,0.75,200,800,21000,0,1,1,0.7819139395463811,0.6652340383571603,19,16,0.06806035986072115,0.006865163492347577,0.3335781592373348
large_emergency,89.96495000714611,6.652608171550025,7.727316557480688,27,19,30,20,0.75,200,800,20600,0,0,1,0.5008614816215019,0.6127608897054038,16,14,6.328634016252113e-05,0.0045378739988175855,0.28432917559585796
large_emergency,52.999736817947195,9.59105626945443,12.087504161582297,21,12,30,20,0.75,200,800,13800,0,0,1,0.2631406719371046,0.36538930417632043,7,6,2.6627414359675234e-08,0.0002719076942619039,0.1872658017598826
large_emergency,91.5962226218978,11.064533860080441,10.10102541666742,29,18,30,20,0.75,200,800,20200,0,0,1,0.2854607772165914,0.5037784605663094,10,11,8.093803890913941e-10,0.0006979798686889929,0.19007669448245004
large_emergency,112.53212081031342,9.222050961367977,12.700780536672386,31,17,30,20,0.75,200,800,19800,0,1,1,0.3936291860067363,0.5211913156943702,14,11,2.5619932117356113e-07,0.0013072328321971608,0.1884785561130404
large_emergency,56.03853358184415,7.980912789539913,11.356668928868826,14,12,30,20,0.75,200,800,12400,0,0,1,0.5015406763934713,0.4112013679130957,9,7,0.0020808329449146143,0.0007520073549202927,0.21618578014798523
large_emergency,65.7054811391391,8.007654572451909,7.838886011698317,27,18,30,20,0.75,200,800,19800,0,0,1,0.30390126303131665,0.4656662314367678,11,10,9.191358326697657e-09,0.00029018564269520726,0.25273985322072223
large_emergency,61.103240400217715,9.590136173575026,7.307893307163451,28,23,30,20,0.75,200,800,24000,0,1,1,0.22755240866497053,0.3635333076759987,9,10,1.1080900599529538e-11,1.5820905320355358e-06,0.24111372971718606
large_emergency,101.19026178451345,9.886680741345451,11.438138680707691,37,18,30,20,0.75,200,800,21800,0,1,1,0.2766218523356307,0.4914856662590252,12,11,3.181168284165402e-12,0.0005316498149269338,0.18910464283709774
large_emergency,64.56212101264737,5.170638143993809,11.72045239739316,27,23,30,20,0.75,200,800,23800,0,1,1,0.46245542630220277,0.239500033318224,15,7,1.7856557203612196e-05,1.3032759363665585e-09,0.2787385224581241
large_emergency,51.480986522456476,7.612110432814111,6.637706720853006,21,17,30,20,0.75,200,800,17800,0,0,1,0.32204939357167484,0.45622584006863404,9,10,6.351381468228199e-07,0.00031836811344649994,0.2823430577020395
large_emergency,83.50162560452776,10.601950821218288,14.530319048164468,12,25,30,20,0.75,200,800,22400,0,1,1,0.6563385284197822,0.22986866379943954,11,7,0.03099565702094273,1.34280180488988e-10,0.1941395341444237
large_emergency,60.217477384315536,7.414934976786738,8.099528345824698,22,23,30,20,0.75,200,800,22800,0,1,1,0.3691412091262304,0.32324736439401064,11,9,3.1011916460767463e-06,2.372019553944504e-07,0.25833026701202
large_emergency,65.69580592566079,9.997369018567753,8.297762694086446,20,21,30,20,0.75,200,800,20800,0,1,1,0.32856547459459756,0.37701388025657134,9,10,1.4387746372436421e-06,6.488614081076923e-06,0.2205486570918408
large_emergency,55.142045652549214,7.12806405747955,13.782303956139966,15,9,30,20,0.75,200,800,10200,0,0,1,0.5157271802263347,0.44454787682032276,10,6,0.002016525344147178,0.0047588565988140995,0.2196227374569715
large_emergency,61.41440284994408,5.12883174582136,10.655859758413083,17,9,30,20,0.75,200,800,10600,0,0,1,0.7043732591331299,0.6403821647047379,17,7,0.024816569335892897,0.05018589838436076,0.3638237224175465
large_emergency,102.88611748185697,5.933234566170731,11.323940619946834,26,14,30,20,0.75,200,800,16400,0,0,1,0.6669479051526407,0.6489797711068991,20,11,0.004139269315191742,0.019320289553570312,0.28031017172355555
large_emergency,91.93978169115837,6.033915651942785,13.726524888738142,34,8,30,20,0.75,200,800,13200,0,1,1,0.4481519766256391,0.8372456105640939,19,8,1.3063014155005326e-06,0.41620046734661037,0.6547832852233784
large_emergency,76.15431545970068,8.508552736258565,10.693373174444924,36,25,30,20,0.75,200,800,27200,0,1,1,0.2486201493050331,0.28486545533338214,11,9,3.166386988199234e-13,8.399362124958005e-09,0.2110446702983298
large_emergency,99.84764515438138,7.224786991898817,10.793049112919466,19,17,30,20,0.75,200,800,17400,0,0,1,0.7273763537311564,0.5441827263070311,16,11,0.026229767720365376,0.002031323540642348,0.25932570007015315
large_emergency,85.6687495981063,7.849497902458962,7.549576394198952,18,21,30,20,0.75,200,800,20400,0,1,1,0.6063285877408329,0.5403567105713541,14,13,0.0048966000957408155,0.0007397213393913095,0.26549076784373843
large_emergency,58.72761836842986,5.482541096292397,10.352948900201351,23,21,30,20,0.75,200,800,21400,0,1,1,0.46572833049944656,0.27012141976139065,14,7,6.382208743829754e-05,4.061843207698586e-08,0.2790518733159544
large_emergency,79.37966464699106,6.5555890608040635,14.055816588756556,32,12,30,20,0.75,200,800,16000,0,1,1,0.3783968911428709,0.4706216826425673,15,7,7.727362717179918e-08,0.0023010450951020727,0.22598763940361488
large_emergency,51.37076346364468,5.748841531619458,7.0659093386051035,21,9,30,20,0.75,200,800,11400,0,0,1,0.42551648330320585,0.8078029781512074,12,9,3.4989136957008736e-05,0.2599086309454963,0.5754163103841519
large_emergency,65.34891322903658,7.972534550000654,7.822439574096601,17,17,30,20,0.75,200,800,17000,0,0,1,0.4821620646792653,0.49141366742983583,11,10,0.0005781381890014455,0.0007073964507700435,0.2545535176565217
large_emergency,58.34410447691336,7.625308870456966,14.570369318271073,12,8,30,20,0.75,200,800,8800,0,0,1,0.6376146578463882,0.5005372822272127,10,6,0.02481299212794377,0.014855479024124698,0.23944314001490938
large_emergency,104.65636562367452,10.012086813472598,12.064632537251414,30,12,30,20,0.75,200,800,15600,0,0,1,0.3484334071189682,0.7228868160753608,14,10,3.227387672436524e-08,0.06586173725475428,0.24862794808343525
large_emergency,88.36161173748286,9.428797352845919,6.241567086037926,26,24,30,20,0.75,200,800,24400,0,1,1,0.3604408283670388,0.5898733077196228,12,16,3.6699703504944564e-07,0.0011904821343938418,0.26746508813824454
large_emergency,51.0193339024096,6.475946786266358,12.42938523284834,17,7,30,20,0.75,200,800,9000,0,0,1,0.46342834297860414,0.586390729326728,10,6,0.0003775398107931488,0.05191835992094911,0.2871679770278635
large_emergency,61.031018541988026,7.541928070089561,10.852951575420155,27,24,30,20,0.75,200,800,24600,0,1,1,0.29971223182467477,0.23431037061618154,11,7,6.990877214723254e-09,4.138193537665289e-10,0.2247329298057619
large_emergency,83.41197590357949,5.360050972288841,14.68570503910345,34,9,30,20,0.75,200,800,14000,0,1,1,0.4576996415915065,0.6310897092064806,19,7,2.0021662424335837e-06,0.04564040536279846,0.30030122560480355
large_emergency,70.8838219519785,11.528658683621014,10.426860163168437,10,15,30,20,0.75,200,800,14000,0,0,1,0.6148488206410734,0.4532129573219407,9,8,0.029943914703206363,0.0005822431193538209,0.21317266600620188
large_emergency,73.5104022885508,6.751708297635403,14.961473499382436,31,17,30,20,0.75,200,800,19800,0,1,1,0.3512153065708057,0.28901841194115746,16,6,2.4319093174300803e-08,1.3624051131312068e-06,0.2149503873387173
large_emergency,103.22560568973616,11.944304311362803,13.365694312811955,18,19,30,20,0.75,200,800,18800,0,0,1,0.4801247290891983,0.4064829322066292,12,9,0.00040969922219729135,4.011119069895033e-05,0.15899013309911864
large_emergency,68.24727815732165,11.575252977634358,12.146123030565525,16,19,30,20,0.75,200,800,18400,0,0,1,0.3684977678737814,0.29572909802090525,8,7,4.3933362939919235e-05,5.542949734087647e-07,0.16876648594528942
large_emergency,77.4055432084689,9.066185877148703,11.967434651452319,24,8,30,20,0.75,200,800,11200,0,0,1,0.3557428681391503,0.8085018370987646,11,8,7.134625373412603e-07,0.3108279640748571,0.5046887411728362
large_emergency,62.12069161261222,7.641733389930815,11.964489442551,11,10,30,20,0.75,200,800,10200,0,0,1,0.7390123827910324,0.5192088798347186,10,7,0.09241192641890014,0.00938074946983722,0.3162337045257071
large_emergency,72.18436513472736,11.82551336948238,11.034139534820003,31,9,30,20,0.75,200,800,13400,0,1,1,0.1969071307788622,0.7268790638055442,8,8,3.07196439535419e-14,0.11744453984924705,0.29263528378380765
large_emergency,70.86886101746603,8.139512790367867,10.610703591077662,11,17,30,20,0.75,200,800,15800,0,0,1,0.7915244922871326,0.39288219623292525,12,8,0.16104981373727822,5.9069500331190513e-05,0.3782108167274997
large_emergency,59.6079369669778,7.645301715769224,13.453664998982953,19,18,30,20,0.75,200,800,18200,0,0,1,0.4103513447868683,0.24614497640392635,10,6,4.520440932661317e-05,7.869808774181422e-08,0.20517375673660515
large_emergency,56.12695009717902,10.211942095008846,11.081689972775322,9,18,30,20,0.75,200,800,16200,0,0,1,0.6106896935523648,0.28137981679222196,7,7,0.036913197580890705,5.104286043053123e-07,0.22507721815828685
large_emergency,75.22510180009424,11.831061990210365,10.041690034919121,13,17,30,20,0.75,200,800,16200,0,0,1,0.48909779165243406,0.440663471273586,9,9,0.0022725207406415373,0.000217325040177488,0.18659794230339838
large_emergency,100.75484938406989,11.032042957837387,9.754686401381502,14,25,30,20,0.75,200,800,22800,0,1,1,0.6523519699397343,0.41315464275632907,12,12,0.02018373436826726,5.494297520852027e-06,0.21334909905453353
large_emergency,108.86330218452696,10.8858597310993,14.068603484204859,24,15,30,20,0.75,200,800,16800,0,0,1,0.41668467501897793,0.5158687916051287,13,9,8.965860117565733e-06,0.002021723960044596,0.16497323995946536
large_emergency,75.74816134390255,10.663420430287896,13.467916057743397,32,22,30,20,0.75,200,800,24000,0,1,1,0.22198599947100142,0.25565189359233104,9,7,2.850283348762208e-13,8.360173412548809e-09,0.168029085453402
large_emergency,72.98502310470467,8.721873896402128,13.041201828318542,27,17,30,20,0.75,200,800,19000,0,0,1,0.30992754951353174,0.32920559851280723,11,7,1.3505645921529763e-08,7.068865973947763e-06,0.19134139203607642
large_emergency,89.92869063485873,10.302991461437134,11.56506760016622,29,9,30,20,0.75,200,800,13000,0,0,1,0.30097951103261034,0.863987750237008,12,9,2.5032133314331548e-09,0.4789173140446537,0.6624437913087624
large_emergency,96.84671318655322,9.432773639469675,8.01427409909429,36,14,30,20,0.75,200,800,18400,0,1,1,0.28519569961349167,0.8631626875913643,13,14,1.3119098993460548e-11,0.26057136831145356,0.4913620898363089
large_emergency,64.32198935126289,7.768600123838903,13.530694156658903,25,22,30,20,0.75,200,800,22600,0,1,1,0.3311896008336584,0.21608106390128587,11,6,1.3043086087164516e-07,4.452389005501434e-10,0.20262948917367318
large_emergency,80.25093364320026,9.776520307950893,7.378871772569335,17,22,30,20,0.75,200,800,21000,0,1,1,0.48285514751534225,0.4943533135532992,10,13,0.000587056661488956,0.0001896223460141889,0.23858463387545792
large_emergency,68.41524294429841,10.389146209916195,7.645196061572351,24,24,30,20,0.75,200,800,24000,0,1,1,0.2743858893773423,0.37286618939800265,9,11,7.788993629899766e-09,1.5427470970766052e-06,0.22705694378019023
large_emergency,77.74026905406356,8.128727841083334,10.211686066450943,30,20,30,20,0.75,200,800,22000,0,0,1,0.31878817355715094,0.38064364958039726,13,9,4.987922052972963e-09,1.1316305251964062e-05,0.22095882259880062
large_emergency,72.41635106397622,9.755709524233227,13.610192975585349,36,9,30,20,0.75,200,800,14400,0,1,1,0.20619364509940927,0.5911937651262169,9,7,1.5515927278384576e-15,0.029968489783979663,0.20594691071347893
large_emergency,78.42944177157722,8.075763228335042,12.307643279146575,11,14,30,20,0.75,200,800,13400,0,0,1,0.8828824038507042,0.4551726806362674,12,8,0.46783628096430335,0.0008579762490772599,0.6737718863275836
large_emergency,76.52896490359404,5.273613282704903,14.674067352528162,37,9,30,20,0.75,200,800,14600,0,1,1,0.3922074471374503,0.5794724883252331,17,7,2.551289527251663e-08,0.02635973405346697,0.2841304998849252
large_emergency,75.12538446472729,8.970922416393254,13.404323895869087,22,18,30,20,0.75,200,800,18800,0,0,1,0.38065095699657836,0.31136463895421446,11,7,4.908045852638579e-06,2.0050665595316284e-06,0.18608096324474688
large_emergency,90.39964730367538,10.991509747915508,6.1574543520281635,17,25,30,20,0.75,200,800,23400,0,1,1,0.48379398589801276,0.5872533819038332,10,17,0.0005993271423583877,0.0009391945365746267,0.25492261100967495
large_emergency,99.2058871245703,6.334749734685047,11.645405510916785,29,17,30,20,0.75,200,800,19400,0,0,1,0.5400201748677326,0.5011109672069255,19,10,0.00012991529816671357,0.0008689731383225419,0.24472909653714794
large_emergency,105.10509458215252,8.978379783287178,13.773747859436071,19,17,30,20,0.75,200,800,17400,0,0,1,0.6161297713835242,0.4488722086083469,15,9,0.004805687003964811,0.0002664391640073959,0.18905267705853246
large_emergency,59.042513727554706,6.436487646990509,12.501742715324772,12,15,30,20,0.75,200,800,14400,0,0,1,0.7644245972563553,0.314849511101519,12,6,0.103829969861538,1.25224203529304e-05,0.3391955786650332
large_emergency,98.95956409215592,11.726436160339167,13.40305196528455,25,25,30,20,0.75,200,800,25000,0,1,1,0.3375605776181318,0.2953344189024189,11,9,1.825567031493288e-07,1.6415241826378792e-08,0.15988747271012765
large_emergency,62.50399113861531,10.71524218687872,12.381602949028503,24,19,30,20,0.75,200,800,20000,0,0,1,0.24304937944362004,0.265691264505923,8,7,8.267345436651972e-10,1.1789741376379379e-07,0.17409010776385425
large_emergency,55.86846530554398,10.721154459251714,6.0955175490414515,7,11,30,20,0.75,200,800,10200,0,0,1,0.7444356258179007,0.8332272609422275,7,11,0.21068132233072995,0.254838655815405,0.7228484938385676
large_emergency,104.13023642842191,6.180518223399805,8.094863962477117,37,19,30,20,0.75,200,800,22600,0,1,1,0.45535513569500563,0.6770390194072541,19,15,7.694895605816887e-07,0.012676414344505177,0.29801103506253857
large_emergency,80.51084020072705,8.715828418303555,14.756105032951208,32,8,30,20,0.75,200,800,12800,0,1,1,0.2886660493440997,0.682012970402266,11,7,1.8041758479300633e-10,0.09551872502071204,0.27802107278061283
large_emergency,66.06761849716061,9.969095465333393,13.175820803121303,9,7,30,20,0.75,200,800,7400,0,0,1,0.7363603373256508,0.7163296583120047,8,7,0.12869413394886844,0.1649715341815124,0.4698722714396133
large_emergency,113.50110141714293,10.440543286472252,13.062614599232095,12,25,30,20,0.75,200,800,22400,1,1,1,0.905932273692162,0.3475601321769541,14,10,0.5837369399544962,3.0408580011007636e-07,0.7560720526413296
large_emergency,66.58771774785379,11.718876395302345,9.839700130645355,17,21,30,20,0.75,200,800,20200,0,1,1,0.33424062523377335,0.32225003406387204,9,8,8.526768836071069e-06,6.411735926354286e-07,0.18697069426259935
large_emergency,70.48463277704612,6.928147856057785,11.470402436860656,13,24,30,20,0.75,200,800,21800,0,1,1,0.7825893646687678,0.2560380697372794,12,8,0.11065492753932411,2.186041635144438e-09,0.34217454998084595
large_emergency,75.24119864378542,11.909096514827771,13.74025419501184,22,13,30,20,0.75,200,800,14800,0,0,1,0.28718001231665125,0.42122834329815906,8,7,5.884198172174543e-08,0.0006143681436271058,0.15736271045831662
large_emergency,71.32962574940598,6.966235528491044,12.898650902909273,30,20,30,20,0.75,200,800,22000,0,0,1,0.34131119769386975,0.27650033436178073,13,7,2.1043828669933765e-08,1.1138595742642923e-07,0.22107717373450697
large_emergency,83.87266478580094,9.737787115325478,11.555749328359664,32,22,30,20,0.75,200,800,24000,0,1,1,0.26915979405950213,0.32991316664716985,11,9,3.400408453781506e-11,5.501630339576409e-07,0.1892302964638896
large_emergency,94.61728359256698,11.451231044942867,6.505486102053847,27,25,30,20,0.75,200,800,25400,0,1,1,0.30602332823503203,0.581769184397737,12,16,1.053763612496123e-08,0.000829882772481879,0.2418731636971466
large_emergency,101.24239963222823,11.200940548250376,11.578013913124206,30,23,30,20,0.75,200,800,24400,0,1,1,0.30129136386986305,0.38018985771653824,12,10,1.4736328248409998e-09,3.1869980212863743e-06,0.17565200466106634
large_emergency,108.60330674734564,9.51603410863855,10.967406167396994,25,21,30,20,0.75,200,800,21800,0,1,1,0.4565065888057579,0.4715413979069686,14,12,2.6256517838425366e-05,0.0001359412303406142,0.19642725370800823
large_emergency,86.52137484593607,6.998503309120409,6.107561589242595,31,22,30,20,0.75,200,800,23800,0,1,1,0.3988012820065625,0.6439214256392094,15,16,3.327612205906989e-07,0.004750385518465247,0.31136987630283325
large_emergency,93.83144253747811,11.60016734789869,11.595277708419177,14,25,30,20,0.75,200,800,22800,0,1,1,0.5777714833353872,0.32368847007208235,10,10,0.007198812922040022,8.677582836868785e-08,0.17964655776338803
large_emergency,77.02988601805095,10.861022737410757,14.460648547245283,28,22,30,20,0.75,200,800,23200,0,1,1,0.2532972653037077,0.2421301122094522,9,7,1.1596518879573976e-10,3.2852399653573775e-09,0.16122555544475212
large_emergency,68.97608821409281,11.058022020892084,11.229548351490973,14,16,30,20,0.75,200,800,15600,0,0,1,0.44554653938610145,0.3838983882916733,8,8,0.0007028665997313593,6.945794465774306e-05,0.18025518715101013
large_emergency,90.60197437413271,10.574044242836713,14.065763309082204,26,9,30,20,0.75,200,800,12400,0,0,1,0.3295514225262201,0.7157013679499467,11,8,7.257803337024425e-08,0.10543243165095302,0.27109831229681336
large_emergency,106.02846932081601,5.047178201016537,7.581790654341524,34,24,30,20,0.75,200,800,26000,0,1,1,0.6178669085154596,0.5826925445161903,24,16,0.00046877999924603764,0.0010183849395917451,0.3315126400028674
large_emergency,55.0756071150101,5.227784039913656,7.985946001350934,23,21,30,20,0.75,200,800,21400,0,1,1,0.45805098210132666,0.32840792529951573,13,9,5.049365413441033e-05,8.538393575837029e-07,0.3165569646393729
large_emergency,55.18999148096506,8.910851123367914,11.383099223366514,12,20,30,20,0.75,200,800,18400,0,0,1,0.5161309389050598,0.2424207608050824,9,6,0.0048202590466725715,1.4465897804354632e-08,0.20489253637513538
large_emergency,82.9688054989839,11.552371841334288,8.75408998503692,9,24,30,20,0.75,200,800,21000,0,1,1,0.7979968350368654,0.39490496080879417,10,11,0.23532596448968673,3.874412307037782e-06,0.4361244685769609
large_emergency,71.36521503107137,11.810598643698926,9.229535338945649,31,15,30,20,0.75,200,800,18200,0,1,1,0.1949184609628503,0.5154843475159093,9,9,2.373444712775521e-14,0.0020076374063312374,0.1950251669771645
large_emergency,113.88055281447302,7.7537438142777955,14.027662953240474,28,11,30,20,0.75,200,800,14400,0,0,1,0.5245417823874441,0.7380258253351392,17,10,0.00010236434116019315,0.0914566843968886,0.2918167171626846
large_emergency,77.93057750699404,11.977963483052346,9.910936839404055,23,9,30,20,0.75,200,800,11800,0,0,1,0.2828766328565831,0.8736765450775826,11,9,2.4858356644474495e-08,0.5381911585656337,0.7225764647997129
large_emergency,109.59394116994233,9.251312888260774,8.689967969403886,22,21,30,20,0.75,200,800,21200,0,1,1,0.53846873850447,0.6005498664327739,16,14,0.0005652519126355441,0.002537684714448545,0.2262709254875349
large_emergency,88.84666317767636,5.469201333439902,14.788144293654343,32,9,30,20,0.75,200,800,13600,0,1,1,0.5076533217613528,0.6675517406482379,19,8,2.3878395780720863e-05,0.06590239179202076,0.31639005989362234
large_emergency,78.16911773560346,6.661403344589475,7.950462273263524,19,13,30,20,0.75,200,800,14200,0,0,1,0.6176122175050632,0.756309362891505,14,12,0.004927813377492458,0.08214397965028697,0.3629691611307696
large_emergency,92.70011266710469,9.10804987313256,14.005594374868133,13,15,30,20,0.75,200,800,14600,0,0,1,0.7829094039663049,0.44125278411816776,13,8,0.11105842221562069,0.00044672535750426965,0.2926981745293358
large_emergency,54.68707842613518,8.676872191529075,12.814779581932523,14,13,30,20,0.75,200,800,13200,0,0,1,0.45018755622499423,0.3282692701482696,8,6,0.0007743565118385079,5.974209201599382e-05,0.19411789805483992
large_emergency,75.65162382035825,8.034018716924262,13.936154448213534,35,13,30,20,0.75,200,800,17400,0,1,1,0.26904031997618344,0.41757255921019704,12,7,5.133417321315701e-12,0.0005680655031675974,0.1967945801453094
large_emergency,55.45818363668944,11.173554401612984,11.419060415577848,12,12,30,20,0.75,200,800,12000,0,0,1,0.41361192123343526,0.40471940202302426,8,6,0.0007900871631838771,0.0006572198344935863,0.17851722229473954
large_emergency,60.164102984864144,5.3679970355845175,14.147175941935883,16,23,30,20,0.75,200,800,21600,0,1,1,0.7004952520702272,0.18490125345831837,13,6,0.027191465656034298,1.036997050509558e-11,0.28416617476419453
large_emergency,63.94560633666715,9.967850394442316,6.180165250914462,31,20,30,20,0.75,200,800,22200,0,1,1,0.20694145809825895,0.5173454409427425,9,12,1.077486076332845e-13,0.000559744083408979,0.2626902481192459
large_emergency,74.41403103283187,9.572893487563302,10.606395773601317,30,17,30,20,0.75,200,800,19600,0,0,1,0.25911368431257636,0.4127034325838174,10,9,5.036332021270852e-11,0.00010404705261667378,0.1988484059024252
large_emergency,106.49609903186827,6.274729047436314,10.958262291211,19,24,30,20,0.75,200,800,23000,0,1,1,0.8932748810998646,0.4049307583393139,19,12,0.26438558111367333,5.748230981221455e-06,0.5150161051221597
large_emergency,89.03314541598402,9.066766279997436,6.848827112511909,19,19,30,20,0.75,200,800,19000,0,0,1,0.5168275962105445,0.6841981765510288,12,15,0.0007127601001802948,0.014105823791332335,0.27112189178714874
large_emergency,98.64306998303559,5.105539897197738,13.24815103832729,37,11,30,20,0.75,200,800,16200,0,1,1,0.5221835441779069,0.6768908197601468,23,9,1.3382662082790478e-05,0.04760592674165665,0.31896721206479234
large_emergency,65.84502327118389,9.366998694813287,8.728040451690607,12,20,30,20,0.75,200,800,18400,0,0,1,0.5857890506205555,0.3772039304562906,10,9,0.012936362409194059,9.9982472155442e-06,0.234277396664265
large_emergency,68.2488969453537,11.912490543111462,14.470770786466709,29,22,30,20,0.75,200,800,23400,0,1,1,0.19755820422084974,0.21437853133064727,8,6,1.9001170856714804e-13,3.8671973705018896e-10,0.15305032177221384
large_emergency,75.04541641532298,9.8723870122903,12.195936804308314,26,12,30,20,0.75,200,800,14800,0,0,1,0.29236720220011975,0.5127760828563588,10,8,7.619626487394824e-09,0.004577721657135229,0.18786487602741808
large_emergency,67.60604300792703,5.604357193339321,12.190696404372789,29,24,30,20,0.75,200,800,25000,0,1,1,0.41596971462007315,0.2310711681453408,15,7,1.5190652820747217e-06,3.1754730890672486e-10,0.26046388304173496
large_emergency,111.1793509844043,8.919842225513673,12.784154232711163,15,17,30,20,0.75,200,800,16600,0,0,1,0.8309515510367429,0.5115678130570452,16,10,0.15578670759447055,0.0010779683700111087,0.34719611701138314
large_emergency,80.31860361212705,11.305546146477141,7.923207533339322,32,20,30,20,0.75,200,800,22400,0,1,1,0.22201106698954867,0.5068566188261632,9,12,2.85849153406792e-13,0.00043909237404796256,0.21510276610366122
large_emergency,90.96898733080548,8.21749242421173,6.609259207914779,25,25,30,20,0.75,200,800,25000,0,1,1,0.4428065528251789,0.5505548169263356,13,16,1.6426226004693762e-05,0.00039522738142178175,0.27340616495094383
large_emergency,108.11172972329922,7.364409497915769,14.808823156844737,31,9,30,20,0.75,200,800,13400,0,1,1,0.4735580162063904,0.8111660384132345,17,9,8.792684680137727e-06,0.2690119799870547,0.47233629545889927
large_emergency,91.79425507937208,10.633114610746247,9.365008680583646,10,15,30,20,0.75,200,800,14000,0,0,1,0.8632866139390726,0.6534555614432261,14,11,0.41326826238658565,0.017113289542983398,0.6312078405148309
large_emergency,110.65090110805717,6.146938798736032,14.892049128390921,25,17,30,20,0.75,200,800,18600,0,0,1,0.7200390615947556,0.4370705790487377,21,9,0.011882488692362157,0.00019844354339574016,0.2419134607468667
large_emergency,83.95010283000445,8.90571082768907,11.992046456238143,27,24,30,20,0.75,200,800,24600,0,1,1,0.3491313751296325,0.29168674120926225,11,9,1.3130785530160612e-07,2.3411651689816247e-08,0.19567625711555092
large_emergency,62.4646144209715,6.028108233490407,12.071328551900177,14,21,30,20,0.75,200,800,19600,0,1,1,0.7401589354581113,0.2464107770597849,13,7,0.05919377540524124,9.105727132248569e-09,0.3079242306794281
large_emergency,57.92254411229898,7.949684047018205,6.670166137402873,14,19,30,20,0.75,200,800,18000,0,0,1,0.5204388696430985,0.45704333152725535,12,10,0.002894087312917838,0.00017011616448985955,0.27877666947439506
large_emergency,54.486102724262324,9.666388530536388,9.958175150601068,10,22,30,20,0.75,200,800,19600,0,1,1,0.5636655567085808,0.24870430530352003,8,7,0.016511514264035396,5.215315846468715e-09,0.2203827770728377
large_emergency,109.37809166321999,8.120019414791301,7.498751278738196,27,25,30,20,0.75,200,800,25400,0,1,1,0.49889541207152766,0.5834469638876989,18,16,5.9543108442818645e-05,0.0008620715224489553,0.25742956605420303
large_emergency,50.3547326347206,9.862334673701882,13.799534349103482,18,19,30,20,0.75,200,800,18800,0,0,1,0.2836534389603425,0.19205351564707732,7,5,5.699356979323893e-07,8.279042563206443e-10,0.17386265364047637
large_emergency,66.31263560799394,8.325986077971558,8.609129892048122,19,20,30,20,0.75,200,800,19800,0,0,1,0.4191862301384609,0.3851297194925821,12,9,5.904181942846051e-05,1.326849746667966e-05,0.236333961189866
large_emergency,100.78862443515948,8.357143588020246,13.025662415354772,32,24,30,20,0.75,200,800,25600,0,1,1,0.3768805071284965,0.322404027082815,16,9,7.098793167691432e-08,1.3532662876648136e-07,0.19642984298289345
large_emergency,61.380072266286874,5.318613094279965,10.487383404765804,31,13,30,20,0.75,200,800,16600,0,1,1,0.3722779408977854,0.4502118248425994,14,8,8.225356379431108e-08,0.0011090983408760331,0.28448079044408286
large_emergency,64.76220560800718,6.660734293925335,6.107875977778432,29,17,30,20,0.75,200,800,19400,0,0,1,0.335275272241541,0.623709702065525,12,13,2.3406033313495187e-08,0.007791861043744923,0.32164851794907817
large_emergency,95.76558452542491,7.842646144957714,10.608855129396341,28,20,30,20,0.75,200,800,21600,0,0,1,0.43610273677023653,0.45134740439647286,14,11,4.921472497092344e-06,0.00010584883510917233,0.22187963250107645
large_emergency,56.89718971012448,6.705494147425275,7.528671269956499,22,11,30,20,0.75,200,800,13200,0,0,1,0.38568908406366925,0.687036477800602,12,9,5.963420336538269e-06,0.05315416084873344,0.3351171275400536
large_emergency,107.34677412794248,6.4764350178888455,9.097976171885197,34,16,30,20,0.75,200,800,19600,0,1,1,0.4874993810430804,0.7374358050891876,19,14,6.94936164961818e-06,0.04367595408762082,0.30800339251281617
large_emergency,86.81347624901761,7.268818990024436,13.936219196719392,34,15,30,20,0.75,200,800,18800,0,1,1,0.3512726813310326,0.41528946994678745,14,8,6.449518559730964e-09,0.00024251246730438042,0.20957192259523588
large_emergency,58.42343727597688,7.405206365296099,13.533749445664302,24,22,30,20,0.75,200,800,22400,0,1,1,0.3287295135902266,0.1962213646656827,10,6,1.8884980815060306e-07,7.860720915908869e-11,0.20892966856773804
large_emergency,103.14065504016966,7.829907114127803,13.521190178578252,17,18,30,20,0.75,200,800,17800,0,0,1,0.7748619832739779,0.4237819537660736,16,9,0.06220389872631774,9.72359296287875e-05,0.2639745569872842
large_emergency,68.61282883392657,11.522589533979394,9.223724660302091,10,21,30,20,0.75,200,800,18800,0,1,1,0.5954636206695695,0.35422540067596775,8,9,0.024042427040359766,2.6311909380405803e-06,0.21924717784232423
large_emergency,56.50549366848895,9.985842667308281,11.28057927554321,19,6,30,20,0.75,200,800,8600,1,0,1,0.2978189673175321,0.8348491729054396,7,7,6.12611403161985e-07,0.5962164183492946,0.7850067348265133
large_emergency,78.79499235284725,7.31650549944922,13.345349956485427,13,18,30,20,0.75,200,800,17000,0,0,1,0.8284218823272401,0.32801684402669795,13,8,0.18813762836235412,3.985643120611456e-06,0.3997513516911993
large_emergency,114.2036881262036,10.285983633659818,13.582445374047403,28,17,30,20,0.75,200,800,19200,0,0,1,0.3965301999914991,0.4945990079415206,13,10,9.070801747676064e-07,0.0007573343004609183,0.17160236257229705
large_emergency,83.18559496790813,11.436001530125768,12.489737878728821,22,17,30,20,0.75,200,800,18000,0,0,1,0.3306368399542007,0.39178326556905424,10,8,5.694435633741523e-07,5.7177669270373515e-05,0.16756662889749863
large_emergency,80.58289115544937,8.558386611920982,14.384924633696698,25,17,30,20,0.75,200,800,18600,0,0,1,0.3766265526878882,0.32952345519167736,12,7,1.199555093445676e-06,7.153848195907825e-06,0.18637002819708542
large_emergency,95.93637217664974,11.179125474787977,12.234744218959147,15,23,30,20,0.75,200,800,21400,0,1,1,0.5721161426745042,0.34092634400254995,13,9,0.005242032120525467,5.667701494017436e-07,0.1764294770221107
large_emergency,78.515981663297,11.281701623903656,12.814119356448979,30,12,30,20,0.75,200,800,15600,0,0,1,0.23198622654859508,0.5106085162729901,9,8,3.832429515642716e-12,0.00442654097045513,0.17110456899480864
large_emergency,50.785822884255474,9.458509493559788,11.70594202542491,20,22,30,20,0.75,200,800,21600,0,1,1,0.26846631025128787,0.19720296664078957,7,6,7.094205498898888e-08,8.606417896444444e-11,0.1911516743652922
large_emergency,82.85081899497054,7.238515528277306,13.919459402629103,36,23,30,20,0.75,200,800,25600,0,1,1,0.317939725315046,0.25878947000197966,13,8,2.2179850631668623e-10,5.2289842842457364e-09,0.2099917488328649
large_emergency,64.49023511768446,6.2803256350131615,13.675981375959012,29,11,30,20,0.75,200,800,14600,0,0,1,0.3540901125503465,0.4286894289991021,13,6,6.997765103956477e-08,0.0016005952293476906,0.2339489727547443
large_emergency,107.91227665936447,9.695718872609763,7.966122268172224,16,20,30,20,0.75,200,800,19200,0,0,1,0.6956180743094174,0.6773199872321582,15,15,0.025505608517020766,0.011044782987271556,0.26522028613997806
large_emergency,50.669190185317426,8.482060695575182,12.167433237138848,9,22,30,20,0.75,200,800,19400,0,1,1,0.6637431896152037,0.1892876635142401,8,6,0.06345889092870019,4.078702623668473e-11,0.2635413723900772
large_emergency,67.68478924753981,11.127514094456231,11.004554478862008,24,22,30,20,0.75,200,800,22400,0,1,1,0.2534438085668981,0.2795734561851867,8,8,1.8093659543889838e-09,3.7727867768018544e-08,0.18073883739238572
large_emergency,78.13019115072193,11.301016333984524,12.612008621517568,33,12,30,20,0.75,200,800,16200,0,1,1,0.20950164835193297,0.516242056118792,9,8,2.84856143494067e-14,0.004828473431582655,0.17260560127392757
large_emergency,63.930879873309124,8.560821053997032,9.678358724584218,21,25,30,20,0.75,200,800,24200,0,1,1,0.35561163979631716,0.2642219892549213,10,8,2.7861066451158027e-06,2.0271741977846993e-09,0.22013731772241135
large_emergency,90.51328590413345,10.016974196281081,10.214961779827462,30,11,30,20,0.75,200,800,14800,0,0,1,0.30119969074672454,0.8055321903395697,11,11,1.4638779665239196e-09,0.18733903142908725,0.3850651969291745
large_emergency,105.70284124637402,6.505107918248568,14.656558439444892,21,20,30,20,0.75,200,800,20200,0,0,1,0.7737717335418047,0.3605991191011737,19,9,0.040444181002457065,5.373618293475854e-06,0.26240374724001636
large_emergency,62.34139141409521,10.947493693214046,13.730587388406217,33,16,30,20,0.75,200,800,19400,0,1,1,0.17256306567460328,0.28377059576278035,8,6,1.4603077101080087e-16,2.0263467592474385e-06,0.16417723109126417
large_emergency,52.18847849814157,7.545245625220421,10.126147857945785,27,11,30,20,0.75,200,800,14200,0,0,1,0.25617543908463736,0.4685303041937954,9,7,2.898315163498165e-10,0.003168428239412446,0.23445645509715377
large_emergency,63.004587440935246,11.973878384989412,12.376839163142257,15,7,30,20,0.75,200,800,8600,0,0,1,0.3507890838996021,0.727217606213114,7,7,4.116263936719175e-05,0.18131662688575684,0.3456689916529188
large_emergency,69.4508451433509,7.361498244737974,7.41670418578928,14,13,30,20,0.75,200,800,13200,0,0,1,0.6738811160679788,0.720316271150587,12,11,0.02654642219359295,0.05451794879572038,0.35173706202868316
large_emergency,111.95528942394354,9.29585128715038,11.729475288954049,16,18,30,20,0.75,200,800,17600,0,0,1,0.7527234863006771,0.5302656894795188,15,11,0.05291543970333646,0.0012156480331486407,0.24696126398383564
large_emergency,94.26161131559198,7.476461780068058,14.954202832102933,28,13,30,20,0.75,200,800,16000,0,0,1,0.4502779814094568,0.48487326670176,15,8,8.527197807632431e-06,0.002109994969661413,0.20274246316156436
large_emergency,72.07660946849559,10.824295405929977,7.818591383806342,30,23,30,20,0.75,200,800,24400,0,1,1,0.22195935706204387,0.40080949051201187,9,11,1.340243682700687e-12,7.150974749028818e-06,0.22029219366497352
large_emergency,53.02507780221042,6.297411243228838,11.842103377975885,19,23,30,20,0.75,200,800,22200,0,1,1,0.4431652088051473,0.1946814760628744,11,6,0.00011719618789416906,2.776003420566109e-11,0.24335706405430635
large_emergency,72.10581947670728,10.368680598359877,10.580093568629902,25,20,30,20,0.75,200,800,21000,0,0,1,0.2781677718498264,0.34076172866042437,10,8,5.3770500307329065e-09,2.4241389046099754e-06,0.19096383830907093
large_emergency,85.81472174109305,7.843352617388012,10.946794151286856,26,9,30,20,0.75,200,800,12400,0,0,1,0.42081063823322323,0.87102844454445,13,10,5.220083111746979e-06,0.5210547222259938,0.7399073872920885
large_emergency,102.95731901053318,7.195831411118026,12.037865021338163,22,17,30,20,0.75,200,800,18000,0,0,1,0.650359613707973,0.5031052327166984,17,10,0.0053187499081418415,0.0009058836739836941,0.22826519055720068
large_emergency,103.20853571492687,10.375990549574569,9.382694680533302,16,19,30,20,0.75,200,800,18400,0,0,1,0.6216788123855231,0.578941165675202,12,13,0.009097459326417149,0.0024869780430243314,0.21453996813924503
large_emergency,104.49845038553244,11.707816946902257,6.801169247886653,14,22,30,20,0.75,200,800,20400,0,1,1,0.6375377289711519,0.6983989649213195,12,17,0.01662707758105231,0.011812401071099581,0.26088603976621116
large_emergency,75.20296232134662,11.0218063042133,14.712230079894058,37,16,30,20,0.75,200,800,20200,0,1,1,0.1844082938015852,0.3194746900748584,9,7,2.313228663684528e-17,8.443761352576006e-06,0.15870833460951778
large_emergency,72.43631156762243,9.463764731642215,12.886471845189986,16,9,30,20,0.75,200,800,10400,0,0,1,0.47837933437202007,0.6245680865762602,10,7,0.0007219396776368713,0.04267198252065527,0.22666087549623454
large_emergency,84.6624050801873,6.841394273074001,11.804251978763302,16,22,30,20,0.75,200,800,20800,0,1,1,0.7734388790216814,0.3260088946704853,15,9,0.06848415238708318,4.560412928147532e-07,0.29936888024398994
large_emergency,51.70910009450706,5.634237583597877,9.0750171247447,33,15,30,20,0.75,200,800,18600,0,1,1,0.278110818696727,0.3798641140008629,13,7,4.075713802233365e-11,9.629745632034133e-05,0.2877752302152498
large_emergency,93.55617175003333,7.6025092557394025,7.0493859114540145,27,21,30,20,0.75,200,800,22200,0,1,1,0.4557762814341198,0.6319778564515742,15,15,1.4086465746728141e-05,0.00449996376276594,0.27790589713459535
large_emergency,93.49481987561246,5.189848081357316,11.23108706113767,36,16,30,20,0.75,200,800,20000,0,1,1,0.5004150967746444,0.5202903521641707,21,10,7.160364688885074e-06,0.001672120750111814,0.28340172470639957
large_emergency,55.193799642167065,9.823726151847945,13.95094691707818,36,20,30,20,0.75,200,800,23200,0,1,1,0.1560671661111913,0.19781381138581017,9,5,3.686415515274914e-19,5.393096877162083e-10,0.17347409128489766
large_emergency,52.441527807361,8.245374338477834,8.579374725524538,15,23,30,20,0.75,200,800,21400,0,1,1,0.42400765693671055,0.26576137531603133,8,8,0.00029944352909536635,8.366162119774518e-09,0.23813818405684506
large_emergency,66.87651893140493,8.177824579668155,6.850976141840635,22,15,30,20,0.75,200,800,16400,0,0,1,0.3717176542484197,0.6507736274540811,10,12,3.442873006728713e-06,0.01650480807970764,0.28475476096734054
large_emergency,81.10068748104445,10.451792836655759,9.118138946580775,10,12,30,20,0.75,200,800,11600,0,0,1,0.7759500092330005,0.7412028554307906,10,11,0.15960768616762194,0.08053981230363899,0.445496366338651
large_emergency,67.94297710971153,6.50577865748302,11.860827663529523,24,12,30,20,0.75,200,800,14400,0,0,1,0.4351450500571695,0.47736253487201963,14,7,1.7375812897032723e-05,0.0025820061060868944,0.2406200325849489
large_emergency,80.20205182365208,9.767691470544731,14.572968465678324,17,21,30,20,0.75,200,800,20200,0,1,1,0.48299721265350043,0.262070513219768,10,7,0.0005888993570676566,2.4926554998288132e-08,0.17158745961885163
large_emergency,57.02862560845753,11.796059878113223,13.668387175402678,37,25,30,20,0.75,200,800,27400,0,1,1,0.13066347759846403,0.16689204037499014,7,6,4.327503248535774e-22,1.8509524532316678e-13,0.15793559084462194
large_emergency,70.48412102198952,5.654149359721961,14.18469700453996,18,21,30,20,0.75,200,800,20400,0,1,1,0.6925505946334244,0.2366202615578315,15,7,0.018322981200206697,4.651905726608219e-09,0.265682759136038
large_emergency,90.17444565923026,5.704699427612938,14.028172945763886,35,22,30,20,0.75,200,800,24600,0,1,1,0.45162988266306137,0.29218619237893373,19,8,1.1439672350926963e-06,7.81804320279486e-08,0.24658041609769615
large_emergency,78.73011190519743,8.674386579279282,13.815736794777148,28,19,30,20,0.75,200,800,20800,0,0,1,0.3241485360609243,0.29992537942963815,12,7,1.943262792880722e-08,6.769704839558638e-07,0.18766385172365752
large_emergency,93.22317182385957,11.337750264278704,11.620433838754089,36,20,30,20,0.75,200,800,23200,0,1,1,0.2283991524157557,0.4011174329522912,10,10,2.93318094103741e-14,2.291529819399118e-05,0.1742791418156668
large_emergency,52.522988618111704,11.731017089890337,14.301156723260709,29,23,30,20,0.75,200,800,24200,0,1,1,0.1543887903902548,0.15967996470335832,7,5,4.695318303369047e-16,5.975598871487161e-13,0.1551685142820619
large_emergency,92.00181871720741,7.6988718875715545,12.231882498730219,15,11,30,20,0.75,200,800,11800,0,0,1,0.7966692615120043,0.6837706054184669,15,9,0.10217954078124926,0.05130667135702185,0.3651289367471638
large_emergency,59.742279974177976,10.58256147712983,11.865139222254658,20,17,30,20,0.75,200,800,17600,0,0,1,0.2822675781439499,0.2961829353502645,7,7,1.5240354055975674e-07,1.8663559073940997e-06,0.17877761065935274
large_emergency,106.80497245364064,9.367389871896274,12.572398389099101,29,15,30,20,0.75,200,800,17800,0,0,1,0.3931650262211996,0.5663463148831698,14,10,5.313768400682639e-07,0.004781992553120806,0.19107516580390305
large_emergency,66.59767293227287,10.11604089116282,14.992970404264788,31,6,30,20,0.75,200,800,11000,0,1,1,0.2123668788201561,0.7403210875559054,9,6,2.0594381046097756e-13,0.2594516330261671,0.4250024591036228
large_emergency,94.12324655398143,6.9381158217501575,12.040212186726965,30,10,30,20,0.75,200,800,14000,0,0,1,0.45220368647693654,0.7817407624904,16,10,5.057694158105895e-06,0.16935747381495578,0.3965488962181578
large_emergency,70.0468490927238,7.691742937452808,9.136955878877924,11,14,30,20,0.75,200,800,13400,0,0,1,0.827887180298122,0.5475944537865525,13,9,0.2398791264783826,0.004525648728487014,0.4838599620360142
large_emergency,77.2125650684599,7.351689547330158,8.988567890472982,25,14,30,20,0.75,200,800,16200,0,0,1,0.4201078653899385,0.6135775227354371,14,10,7.177535199448417e-06,0.012024271405369593,0.25930703078552036
large_emergency,64.00358566855573,11.28763720584666,13.088722598018173,12,6,30,20,0.75,200,800,7200,0,0,1,0.47251980567586355,0.8149965894844318,9,6,0.0023774251669555057,0.49422237317311457,0.6615939481944754
large_emergency,89.54487423000049,7.020197265630834,10.684462763213004,37,11,30,20,0.75,200,800,16200,0,1,1,0.34473842320561715,0.7618954075862447,15,10,1.0746042139505672e-09,0.11759034098777985,0.353630331216506
large_emergency,89.46641648367343,8.810573246694812,12.038959838065566,16,25,30,20,0.75,200,800,23200,0,1,1,0.6346523516307222,0.2972563001690319,13,9,0.011007604452709966,1.850026855490713e-08,0.2075712702018494
large_emergency,60.108726295168516,10.03812929522527,12.276229560000196,16,24,30,20,0.75,200,800,22400,0,1,1,0.37425254078317033,0.2040146162189108,9,6,5.22918727090212e-05,2.8559812936187615e-11,0.18113068288789438
large_emergency,87.28781899745141,9.4540636707121,9.31970051948281,15,17,30,20,0.75,200,800,16600,0,0,1,0.6155223971244012,0.5509380454180428,12,11,0.010090990728180971,0.0023006569476037744,0.2254658537057897
large_emergency,62.74939944847099,8.092040061116464,9.560025820948548,14,14,30,20,0.75,200,800,14000,0,0,1,0.5538899865489139,0.46883764171259906,10,8,0.00499914329063077,0.0011277678949397376,0.23430737062437507
large_emergency,63.769450610050576,7.768736324908964,10.107767038535815,23,16,30,20,0.75,200,800,17400,0,0,1,0.3568900646354635,0.3943097073698983,10,8,1.1812612088004043e-06,9.334975147497868e-05,0.2277494138077062
large_emergency,78.92137544250127,5.052835335318734,6.805021718776945,20,24,30,20,0.75,200,800,23200,0,1,1,0.7809612841610927,0.48322999974621245,18,14,0.04929530413720687,8.100032966102007e-05,0.3942352925994291
large_emergency,52.166029377071254,8.6004825586097,7.378859136852824,24,13,30,20,0.75,200,800,15200,0,0,1,0.252728209442394,0.5438200426543771,8,9,1.716650169493687e-09,0.005540994761875081,0.2573358472266962
large_emergency,65.59618190598708,10.133405201183026,13.734233181430678,34,21,30,20,0.75,200,800,23600,0,1,1,0.19039004456250433,0.22743371752506708,9,6,8.885671024677653e-16,2.3981975653327314e-09,0.17149427624593908
large_emergency,96.90252642588275,6.267941723550535,10.218139100657691,37,15,30,20,0.75,200,800,19400,0,1,1,0.41783847333155866,0.6322255319441066,19,11,1.1208487771632357e-07,0.012790403914191456,0.2701977004392765
large_emergency,81.97516891668302,8.605419023771537,8.008304598571298,35,19,30,20,0.75,200,800,22200,0,1,1,0.27217125358612654,0.5387510579120552,12,12,6.956883840167528e-12,0.001135050357321939,0.24221127182262336
large_emergency,68.92174304199548,6.150879474393707,11.560495953785708,15,9,30,20,0.75,200,800,10200,0,0,1,0.7470123400392712,0.6624258578286045,13,8,0.056060428726282134,0.06263321549119558,0.3677735000560957
large_emergency,82.7187805496944,8.772505336657275,12.641290910496846,35,20,30,20,0.75,200,800,23000,0,1,1,0.2694092097174864,0.32717695184519435,12,8,5.321880770001282e-12,1.3535505492736536e-06,0.1930997197415284
large_emergency,56.772502204090664,11.662538812923,11.445951105033014,21,25,30,20,0.75,200,800,24200,0,1,1,0.23180651565450258,0.19840204342346582,9,6,3.3008140602719247e-09,6.863284951961691e-12,0.17311176574155257
large_emergency,97.46765820050831,5.945096217394501,12.36750385442219,23,13,30,20,0.75,200,800,15000,0,0,1,0.7128100395058944,0.6062267905895191,19,10,0.013184802587462062,0.01346463179041229,0.2757123505747541
large_emergency,86.95837400529756,10.595328560336611,11.39351052304855,15,14,30,20,0.75,200,800,14200,0,0,1,0.5471491422539073,0.5451623023812218,11,9,0.0034906902236560497,0.004353234540181099,0.18999440248758992
large_emergency,53.84484606303506,11.860401091122633,13.186722374898853,16,20,30,20,0.75,200,800,19200,0,0,1,0.28374275482627476,0.2041631139726185,6,6,2.023912282185776e-06,9.078299748942743e-10,0.160150061023574
large_emergency,70.62121760832743,9.24987493042106,10.125156332193825,35,15,30,20,0.75,200,800,19000,0,1,1,0.21813798453508298,0.464988491972093,10,9,1.7284295908251573e-14,0.0007487749055402593,0.2076222519296435
large_emergency,52.56467826850049,6.8157183729996795,12.676472124527965,33,15,30,20,0.75,200,800,18600,0,1,1,0.23370523124158488,0.2764422033308569,10,6,5.030712907255789e-13,2.838157529585328e-06,0.22560881676518474
large_emergency,60.70129537132686,7.959729875105131,11.912656199742106,31,9,30,20,0.75,200,800,13400,0,1,1,0.2460016021931905,0.566169984385001,10,7,7.554625073143244e-12,0.02271881099814567,0.2322955498484621
large_emergency,68.543537940491,9.137691477803997,13.634543975359799,14,11,30,20,0.75,200,800,11600,0,0,1,0.5357991137741908,0.4570179048983106,9,7,0.003740578943967628,0.0026214223255610737,0.18914195286171437
large_emergency,70.9719843307066,6.95116551382228,13.134672685579908,12,16,30,20,0.75,200,800,15200,0,0,1,0.8508403397672419,0.3377129470107782,13,7,0.2768960359153124,1.618743847925967e-05,0.49690735772435557
large_emergency,51.92091324753539,10.289377928678942,11.567593192635382,6,12,30,20,0.75,200,800,10800,1,0,1,0.8410115364833259,0.374040018400942,7,6,0.6333908565673293,0.00033357454945405956,0.8173604429537641
large_emergency,86.27438002333153,8.933262215358631,11.502390484048348,18,20,30,20,0.75,200,800,19600,0,0,1,0.5365364854248699,0.37502804370525356,12,9,0.001378162114917989,9.237297503482107e-06,0.20026703908195675
large_emergency,68.42713940644302,9.195451981987542,14.028162671846985,27,14,30,20,0.75,200,800,16600,0,0,1,0.27560782237776904,0.34841717544058165,11,6,1.3020729624141568e-09,6.342780938576627e-05,0.1800980143247044
large_emergency,92.1392690785944,9.852505518285831,8.103898880300111,21,23,30,20,0.75,200,800,22600,0,1,1,0.4453267479723466,0.49433676758585554,12,13,6.43786973898869e-05,0.00014536396735115835,0.22510416139752387
large_emergency,73.38576976289582,11.613868475295325,11.857012338675354,10,16,30,20,0.75,200,800,14800,0,0,1,0.6318804963135224,0.38682683960952996,8,8,0.036128876160833254,7.556398914500095e-05,0.20664667216989532
large_emergency,51.64639025413366,11.000724884458776,14.15295916792597,20,20,30,20,0.75,200,800,20000,0,0,1,0.23474085024659083,0.18245792148958107,7,5,8.68297568678079e-09,1.402394388275657e-10,0.16155971113088233
large_emergency,54.02172408929319,10.780613558460747,9.11998117136434,28,19,30,20,0.75,200,800,20800,0,0,1,0.17896451611412734,0.3117603625329899,7,8,4.5880038498705806e-14,1.1669907078872804e-06,0.20240961514114375
large_emergency,83.24961654568975,9.99675473734015,11.733359607351169,30,19,30,20,0.75,200,800,21200,0,0,1,0.2775888066778762,0.37342746768090956,10,9,2.402632054457853e-10,1.3460812232289912e-05,0.18527300609567426
large_emergency,109.29673827658164,11.10528967350552,14.271383072382966,20,17,30,20,0.75,200,800,17600,0,0,1,0.49209314430283013,0.4504973250324875,13,9,0.00030793523464701293,0.00027723179914674364,0.16070263885919572
large_emergency,62.24663233918679,6.357132675589965,13.337602142691939,33,20,30,20,0.75,200,800,22600,0,1,1,0.29671578088637446,0.23335016172038667,13,6,1.9692146549264426e-10,7.898771952006058e-09,0.23227962645113973
large_emergency,85.99073418975786,6.44654316667172,13.866858453417308,32,12,30,20,0.75,200,800,16000,0,1,1,0.41684517949444067,0.5167640918731101,16,8,5.675822460155497e-07,0.004867222861072783,0.2321040738686882
large_emergency,58.60798118040364,10.78641937869388,8.840833842002795,37,16,30,20,0.75,200,800,20200,0,1,1,0.14685127990583155,0.41432730093538495,8,8,1.8587202058895488e-20,0.00016006190971302008,0.2059807356222425
large_emergency,70.72995578341596,7.684884799588117,13.330438998079527,25,23,30,20,0.75,200,800,23400,0,1,1,0.36815102699890484,0.23069123749692025,11,7,8.169381983865493e-07,6.587330487691901e-10,0.20514266982475182
large_emergency,75.46141071635228,8.718669794012795,11.954644144056033,36,12,30,20,0.75,200,800,16800,0,1,1,0.24042088382747345,0.5260257701736807,11,8,1.2445733253805578e-13,0.005599466829019123,0.20394536200639615
large_emergency,62.0310726921085,11.375690434632832,14.7612867513529,25,10,30,20,0.75,200,800,13000,0,0,1,0.21811800540302115,0.42022808537625106,7,6,4.706888287906951e-11,0.002104221584842874,0.1577557454538811
large_emergency,84.64967693753985,8.892086011568392,10.378140181055937,20,23,30,20,0.75,200,800,22400,0,1,1,0.4759832328849082,0.3546320123072675,12,10,0.00020520519569286165,1.067718443859318e-06,0.20902220205002686
large_emergency,93.27111665872629,7.403879350995675,8.607331438861257,30,20,30,20,0.75,200,800,22000,0,0,1,0.4199200276729846,0.5418120431474054,15,13,1.2876841442824108e-06,0.0009590986063383804,0.25220474287817896
large_emergency,62.072689085088854,7.420502846040374,12.924453136042022,28,6,30,20,0.75,200,800,10400,0,0,1,0.29875087969568387,0.8004553904101451,12,6,3.742438942438444e-09,0.43323196690295546,0.6453664402168631
large_emergency,68.05573735801616,10.052013818869572,7.9706412735386785,33,16,30,20,0.75,200,800,19400,0,1,1,0.20516237926212447,0.5336438360357442,9,10,1.6296682497136358e-14,0.002142471129666345,0.22708544414735482
large_emergency,51.93455550831631,9.416324915444633,11.184834956937523,15,11,30,20,0.75,200,800,11800,0,0,1,0.36769161341019135,0.42211827409221625,8,6,6.821277629714322e-05,0.0014190333952735733,0.19709256360883143
large_emergency,64.79218615768697,9.681200701691846,6.106325063148316,11,18,30,20,0.75,200,800,16600,0,0,1,0.6084161379464594,0.5894815392931935,10,12,0.021837959267440137,0.0036768477261815693,0.29257239913254157
large_emergency,64.90271804160254,11.180083134083185,6.955558721474425,35,20,30,20,0.75,200,800,23000,0,1,1,0.16586311124682715,0.4665528726054993,8,11,6.4815560438355716e-18,0.0001602530096006325,0.23337492879631597
large_emergency,60.447028205275124,5.448226735984274,9.16409031953827,32,18,30,20,0.75,200,800,20800,0,1,1,0.34671274213656367,0.3664486180877794,15,8,1.1745976049479604e-08,1.6493811906208957e-05,0.29268404272567655
large_emergency,96.93088124129024,10.419672354257647,14.284107442208597,32,11,30,20,0.75,200,800,15200,0,1,1,0.2907087608712173,0.6169022692047366,13,8,2.1300288544662272e-10,0.024151422948378472,0.19013160515396693
large_emergency,88.01961834114786,9.297791204936377,11.34196103442903,32,17,30,20,0.75,200,800,20000,0,1,1,0.29583510884827324,0.4565017101174924,13,9,3.2090309620283025e-10,0.00032047630811498707,0.1960410771021132
large_emergency,62.46448813225909,8.043919142552724,8.205103130245165,32,23,30,20,0.75,200,800,24800,0,1,1,0.24266967625356162,0.33099490243909624,11,9,2.6848497667544642e-12,3.50199963114158e-07,0.2461932328474547
large_emergency,98.48712751041558,8.52543279930326,9.712117372028883,29,18,30,20,0.75,200,800,20200,0,0,1,0.3983501981816443,0.5633691268672308,14,12,6.800893758104739e-07,0.0023038424701995797,0.22256477970418245
large_emergency,64.75793918081419,10.43275699551112,8.379906150644292,14,10,30,20,0.75,200,800,10800,0,0,1,0.44336957971264,0.7727764251373539,9,9,0.0006713267413912138,0.1545202391789444,0.37037658483271935
large_emergency,77.52366773276506,11.55400051052911,11.624509784059274,24,11,30,20,0.75,200,800,13600,0,0,1,0.2795700778492194,0.6062712568910648,9,8,1.0933723559152246e-08,0.021284512348611822,0.19385976495306118
large_emergency,51.059661624925276,10.154265856673957,14.163965190839676,25,12,30,20,0.75,200,800,14600,0,0,1,0.20113580773095865,0.3004082363058152,7,5,9.086553359807553e-12,4.6549471770756214e-05,0.16912902582710324
large_emergency,52.68023843559466,8.762610525182115,14.534253268537709,22,16,30,20,0.75,200,800,17200,0,0,1,0.273269739154276,0.22653485125045755,8,5,2.578857032562056e-08,1.1812278229869141e-07,0.1829243706720703
large_emergency,112.52515010162571,9.764362961670864,14.633937964659978,32,15,30,20,0.75,200,800,18400,0,1,1,0.36012702052137563,0.5126218719498321,15,9,2.6855608500593884e-08,0.001905361613273013,0.1726529299614204
large_emergency,79.52251162770261,5.61662632434335,6.360622305825559,22,17,30,20,0.75,200,800,18000,0,0,1,0.6435641986319295,0.7354303677716051,20,14,0.004720469470457893,0.03744254603316218,0.3774231585287324
large_emergency,74.84094028538104,7.927455163603364,14.044694393345882,25,15,30,20,0.75,200,800,17000,0,0,1,0.3776290814181668,0.3552513055313818,12,7,1.2542837943306997e-06,4.718109637550864e-05,0.19739358580327157
large_emergency,58.22514972950166,10.651381987686602,8.484395820342371,19,25,30,20,0.75,200,800,23800,0,1,1,0.28770741376595727,0.27450463633438593,10,8,3.742641235360575e-07,4.1878500753676195e-09,0.21174834006633286
large_emergency,69.12195393318859,10.422661958196404,10.33657159849288,13,16,30,20,0.75,200,800,15400,0,0,1,0.5101454312537391,0.41794535834823426,9,8,0.003249155282482211,0.0001757683483702403,0.1961135787105997
large_emergency,102.61537441901207,8.49780592357868,11.200444764451447,28,11,30,20,0.75,200,800,14400,0,0,1,0.43126835722504137,0.8328839254076935,14,11,4.054279306186324e-06,0.25384432048106836,0.46080797805595103
large_emergency,99.90481719931108,7.687379055026979,13.219651590741933,28,13,30,20,0.75,200,800,16000,0,0,1,0.4641411799976812,0.581330444729008,16,9,1.4228300214573724e-05,0.009579748773076616,0.21532228325104283
large_emergency,51.96630685410076,11.69160624517065,12.05320013705704,35,23,30,20,0.75,200,800,25400,0,1,1,0.12699295488301038,0.1874526781384826,6,6,2.0137264591879726e-21,1.3486719088211235e-11,0.1684969656084066
large_emergency,94.467702920167,11.003010970280444,11.144391954239829,26,23,30,20,0.75,200,800,23600,0,1,1,0.3302162652614883,0.3685523129639217,11,10,7.532112689330057e-08,1.9630782356336914e-06,0.18061748227638752
large_emergency,95.68377204236168,11.510583501525549,8.749497613831203,19,17,30,20,0.75,200,800,17400,0,0,1,0.437509358371113,0.6432891838343939,10,13,0.0001001895776760846,0.010480708305610863,0.21174974316787704
large_emergency,82.57436953265827,11.739984277577577,7.042575264084929,13,20,30,20,0.75,200,800,18600,0,0,1,0.5410462594542669,0.5862512393283417,12,13,0.005311253626884447,0.002336594564346076,0.23482035057471218
large_emergency,50.525545351003274,10.302166084229412,8.454427209744093,33,21,30,20,0.75,200,800,23400,0,1,1,0.1486170111538351,0.28458206456314167,7,8,2.1970231323206754e-18,9.329095435809181e-08,0.21534828297034553
large_emergency,54.2544190933349,6.593610156856766,14.280959999216334,26,18,30,20,0.75,200,800,19600,0,0,1,0.31647434061547247,0.21105964824770615,11,5,3.4236279414349336e-08,8.483601816706122e-09,0.22168533076563507
large_emergency,74.44309406137137,7.9359439057519285,11.439941491796455,34,24,30,20,0.75,200,800,26000,0,1,1,0.27589695599082836,0.2711373644799461,12,8,1.8219478616715164e-11,6.270805513317124e-09,0.21342199595147604
large_emergency,64.03352859051508,7.718978339222133,14.311364728903165,18,7,30,20,0.75,200,800,9200,0,0,1,0.46086646427707273,0.6391876047311972,11,6,0.00025789710922079873,0.08409865959109702,0.2837819182443828
large_emergency,79.17041570491315,6.272048028727491,9.851248077046034,16,13,30,20,0.75,200,800,13600,0,0,1,0.7889210922641773,0.6181990271355698,15,10,0.08300177854688376,0.015770475333031192,0.35971978895401924
large_emergency,82.73929758913627,11.872632156277824,11.403127747150982,8,24,30,20,0.75,200,800,20800,1,1,1,0.871113672394317,0.3023267658947355,9,9,0.6064770914958891,4.416871951763442e-08,0.778399694534578
large_emergency,102.25532149241975,6.854163892808501,11.249935255154377,35,18,30,20,0.75,200,800,21400,0,1,1,0.4262490158915671,0.5049674567167421,17,11,3.355340982692702e-07,0.0007162318408571511,0.23550268340986458
large_emergency,89.39003972768825,11.219065683239798,9.74097836711497,33,17,30,20,0.75,200,800,20200,0,1,1,0.2414451576572806,0.5398059037675331,10,11,1.1653946566527645e-12,0.0018716930963272828,0.1936647677953654
large_emergency,61.82525426627857,9.668271462153566,12.39270836476007,9,13,30,20,0.75,200,800,12200,0,0,1,0.7105171511933353,0.383757016604805,8,7,0.10027891213552026,0.00026277733354594955,0.2846654057674947
large_emergency,92.91045977319672,9.963041030320891,10.895549003694455,15,22,30,20,0.75,200,800,20600,0,1,1,0.6217008072832306,0.3876080696375636,12,10,0.011025420918406302,6.416498931513899e-06,0.20318339586248452
large_emergency,75.35352833880928,11.90796035273787,13.240851797601495,33,12,30,20,0.75,200,800,16200,0,1,1,0.1917574618197468,0.47424899779017704,9,7,2.6380810090042413e-15,0.0024488507957923355,0.16195013067605823
large_emergency,102.45252045533272,8.284762682758634,11.123998389682319,32,14,30,20,0.75,200,800,17600,0,1,1,0.38644936334652796,0.6578603231521951,15,11,1.2025118746082219e-07,0.021667368811754243,0.23226674084637172
large_emergency,107.3563381108292,8.669392257174119,12.930390145915094,37,15,30,20,0.75,200,800,19400,0,1,1,0.3346858194405677,0.5535091460213709,15,10,5.058486562711663e-10,0.0038805961301774834,0.19656612292760273
large_emergency,61.348576874482006,10.387622456733844,12.779022444946222,13,18,30,20,0.75,200,800,17000,0,0,1,0.45430235048424156,0.2667069633446363,9,6,0.001200606624922057,2.434592448176996e-07,0.175722516958432
large_emergency,88.58389668103453,6.374006328447616,14.820140857026344,17,20,30,20,0.75,200,800,19400,0,0,1,0.8175105551071284,0.2988632076294883,16,8,0.10737407902053483,3.592493212066289e-07,0.3317373793241989
large_emergency,83.47652265630359,9.281903091136668,11.043348221013154,26,19,30,20,0.75,200,800,20400,0,0,1,0.34590271577460857,0.39784140683684394,12,9,1.755571624228096e-07,3.0528449903669126e-05,0.19831947806382688
large_emergency,60.68521607751842,10.507010573392726,14.372263209793697,20,13,30,20,0.75,200,800,14400,0,0,1,0.28878440567669045,0.3247987791681628,8,6,2.1506414076453753e-07,5.387575779868111e-05,0.16480710463585635
large_emergency,54.158221962244795,8.024010646863768,12.322261585401861,17,19,30,20,0.75,200,800,18600,0,0,1,0.3970306001189278,0.2313238292418566,9,6,6.671704557473727e-05,1.4872358755615212e-08,0.20584662191111514
large_emergency,106.45226742817539,6.437369236413895,12.644753179365875,20,24,30,20,0.75,200,800,23200,0,1,1,0.8268305228323163,0.3507787838894835,19,10,0.09265483754251705,5.649058034404847e-07,0.32708254874496057
large_emergency,62.306684037491436,11.277280433842282,14.354796876123936,13,10,30,20,0.75,200,800,10600,0,0,1,0.42499801943870263,0.4340478278806228,7,6,0.0006654403364800866,0.002657117459443386,0.16165954336833943
large_emergency,76.39186905123776,8.12128972075125,12.58276117536803,27,15,30,20,0.75,200,800,17400,0,0,1,0.348384133637022,0.4047435375354773,11,8,1.2616311337169458e-07,0.0001863622661941512,0.20279345254024747
large_emergency,99.62076167637986,8.048273941594855,9.53991080453916,14,16,30,20,0.75,200,800,15600,0,0,1,0.8841359952218427,0.6526578426510259,15,12,0.347116784048096,0.014233074249605663,0.5904228851598617
large_emergency,85.64641820906051,11.962450557556682,13.270724055526037,26,20,30,20,0.75,200,800,21200,0,0,1,0.2753694146689626,0.3226893191762082,9,8,2.381840844866205e-09,1.1084529330978737e-06,0.1589498614023375
large_emergency,109.10154740153186,8.705986381807069,9.38929588030983,16,24,30,20,0.75,200,800,22400,0,1,1,0.7832365470781243,0.4841574774451729,16,13,0.07734295253690761,8.324636289965685e-05,0.2987939502026182
large_emergency,69.69726908761598,11.772099183248061,7.29235947391442,37,16,30,20,0.75,200,800,20200,0,1,1,0.16001478971749833,0.5973484074061596,9,11,2.822575430452068e-19,0.0062765468820806395,0.22835299177963533
large_emergency,55.65353638721033,11.064883304341187,7.573867276597228,31,22,30,20,0.75,200,800,23800,0,1,1,0.16224982387523318,0.3340045589701953,7,9,2.0460721625250162e-16,6.675446798923138e-07,0.22240962196147548
large_emergency,52.58969785674892,7.027888477402335,10.699053861754681,15,18,30,20,0.75,200,800,17400,0,0,1,0.49886674616277965,0.2730755372093561,9,7,0.001473573132018484,3.3782338531975244e-07,0.23723036835096578
large_emergency,68.63736504648232,7.1651377432443955,13.15179814165196,16,14,30,20,0.75,200,800,14400,0,0,1,0.5987093994738327,0.37277556111242016,12,7,0.006411481144760234,0.00012535099809230071,0.22213672058748646
large_emergency,99.21710559560961,11.594760359372426,8.230606601518792,23,19,30,20,0.75,200,800,19800,0,0,1,0.3720462576289589,0.6344554148804913,11,14,2.2756535500095384e-06,0.006516686750466834,0.21426254335672976
large_emergency,73.890374593736,7.086872547230104,9.499501181376313,34,15,30,20,0.75,200,800,18800,0,1,1,0.3066580211647635,0.5185561724623142,16,9,2.5402456178515126e-10,0.002122570249740207,0.24849722223113552
large_emergency,78.6030204962967,5.074529106040107,11.146261077959803,35,9,30,20,0.75,200,800,14200,0,1,1,0.4425633469981179,0.7835514423130276,18,9,7.477069438391183e-07,0.2037547222442116,0.49053427289567336
large_emergency,77.77310705313269,6.364479442738553,6.257549391887116,32,23,30,20,0.75,200,800,24800,0,1,1,0.38187091611763035,0.5403775863881708,16,14,9.3675937384426e-08,0.0004730073833444353,0.3174021107985071
large_emergency,75.80778726885609,10.836720988319879,14.97234263364688,30,6,30,20,0.75,200,800,10800,1,0,1,0.23318181256293252,0.8438646857494833,9,7,4.3273745091774786e-12,0.6516505497136751,0.8107192011827695
large_emergency,51.335794804828524,11.756080211337022,11.054593601764982,14,11,30,20,0.75,200,800,11600,0,0,1,0.31191029834272876,0.422167526453209,7,6,2.0133804721844366e-05,0.001420327171327113,0.1769629594985806
large_emergency,61.370021337572034,9.674097310774647,6.771894591587536,26,13,30,20,0.75,200,800,15600,0,0,1,0.2439902515174779,0.6971122790341949,8,11,2.1295611096920706e-10,0.04165956904306615,0.2926975488935974
large_emergency,55.628932812356986,11.81446696445797,9.436740353648505,9,10,30,20,0.75,200,800,9800,0,0,1,0.5231715111059101,0.5894930953658093,9,7,0.013697727645244438,0.022439827857581085,0.22674834053043097
large_emergency,76.12069016435267,5.521557431898593,11.94352193812976,28,10,30,20,0.75,200,800,13600,0,0,1,0.4923603731064548,0.6373387226872916,17,8,3.7558293464557324e-05,0.03833506123850739,0.30320833805117076
large_emergency,54.44176173224637,10.905731775935617,14.066820978011972,18,6,30,20,0.75,200,800,8400,0,0,1,0.27733510970185693,0.6450374942254187,8,5,4.1830495991119984e-07,0.11929343939179064,0.282078026650944
large_emergency,76.40945938801278,7.6482896411369845,12.013008488382939,23,8,30,20,0.75,200,800,11000,0,0,1,0.4343651409729564,0.7950699804081529,12,8,2.3568317936819123e-05,0.2727050705203744,0.48671991971640083
large_emergency,92.2549231335739,8.931129788528777,14.955695905206888,35,23,30,20,0.75,200,800,25400,0,1,1,0.2951311882242553,0.2681977247950553,12,8,5.653382431202031e-11,9.822709279678235e-09,0.17883208406836698
large_emergency,53.30005234213359,8.156146219054891,9.595482077531617,33,23,30,20,0.75,200,800,25000,0,1,1,0.19802895361333214,0.2415088227322187,9,7,6.300786570198048e-15,1.5159996099093663e-09,0.2268226379081308
large_emergency,87.16326824774256,11.668008859224352,14.124025426722849,24,22,30,20,0.75,200,800,22400,0,1,1,0.3112615774871266,0.28051257476764785,9,8,7.35793827188688e-08,3.988992766401407e-08,0.1565058845219303
large_emergency,83.86863052702074,7.907642489109966,9.710301810292624,31,12,30,20,0.75,200,800,15800,0,1,1,0.3421297432383708,0.7197564690018402,14,10,1.391001082578413e-08,0.06362527427041893,0.2930686396157659
large_emergency,94.03149920507153,8.93297007913517,8.075966133284572,13,25,30,20,0.75,200,800,22600,0,1,1,0.809718624653026,0.465734985279479,15,13,0.15104406942404378,3.558020278004832e-05,0.3868486944670725
large_emergency,58.06746026911591,7.410379038401187,14.76127103575303,34,15,30,20,0.75,200,800,18800,0,1,1,0.23046951709934219,0.2622514015605281,12,5,1.6669822732696847e-13,1.5321922020987596e-06,0.20269223969426847
large_emergency,104.12311069770013,9.901555539566132,7.417858124531378,21,19,30,20,0.75,200,800,19400,0,0,1,0.500753982214638,0.7387797972043034,13,16,0.0002913811333362127,0.030725409454363313,0.26682082687578823
large_emergency,72.97253737816175,5.850148577541215,6.296000417183357,31,23,30,20,0.75,200,800,24600,0,1,1,0.4023748777402389,0.503926112803721,15,14,3.974687446656422e-07,0.00018844991102792463,0.3299556702014568
large_emergency,65.0518210085668,6.2318601547181895,14.772094882764696,35,20,30,20,0.75,200,800,23000,0,1,1,0.298245373170071,0.2201848198405016,13,6,7.385316641821016e-11,3.1096275041072307e-09,0.22816094053537905
large_emergency,104.3826416994437,8.259885060147592,13.351668230780035,24,13,30,20,0.75,200,800,15200,0,0,1,0.5265541476432004,0.6013805794222604,17,9,0.00026781712250246976,0.012617492434376612,0.20884937736447906
large_emergency,84.09988732142008,7.754624391917579,10.679630617875942,19,12,30,20,0.75,200,800,13400,0,0,1,0.5707961643681317,0.6562328037564235,13,10,0.002135405413686478,0.030957235718087527,0.2556841494476675
large_emergency,89.3300568408134,11.024195190791978,9.415015617302736,30,22,30,20,0.75,200,800,23600,0,1,1,0.27010303335771496,0.43127460369429993,11,11,1.2974461195994146e-10,2.980423658219904e-05,0.19695268681062583
large_emergency,58.29866327055556,7.7134980858812145,6.985718200011808,30,17,30,20,0.75,200,800,19600,0,0,1,0.2519335266631077,0.4909063084675095,10,10,2.6372706445483127e-11,0.0006997111252295059,0.2734917813580061
large_emergency,74.34078782334676,7.358191772067666,13.826306197004854,26,14,30,20,0.75,200,800,16400,0,0,1,0.38858202649497725,0.38405458388058095,12,7,1.3641232174411534e-06,0.0001684762608497774,0.2083986918186504
large_emergency,82.82697076904157,7.026773518806398,8.188915056283715,21,13,30,20,0.75,200,800,14600,0,0,1,0.5613019196700146,0.7780402409820388,14,12,0.001162012783996193,0.10508064727355575,0.3706717855281544
large_emergency,72.91715209114726,10.899824543708505,6.513999583674504,15,14,30,20,0.75,200,800,14200,0,0,1,0.44598364434673904,0.7995652961912706,9,13,0.0004966666000610953,0.11886252835562856,0.36461930590357866
large_emergency,52.44003051837126,9.527767207915957,6.174573524944102,15,23,30,20,0.75,200,800,21400,0,1,1,0.3669277343020618,0.3692564867314213,8,10,6.671843055828754e-05,2.022738547585142e-06,0.26697963101784705
large_emergency,113.81017782700161,9.051961230976262,13.346422515224909,23,12,30,20,0.75,200,800,14200,0,0,1,0.5466515459921283,0.710616007755217,15,10,0.0005487944933242738,0.05749938530806774,0.24344792219486594
large_emergency,80.52104746319132,8.194125626419101,10.244918397620626,33,25,30,20,0.75,200,800,26600,0,1,1,0.2977781709181754,0.3143843389983165,12,10,2.1458695015273165e-10,5.139147244866547e-08,0.21964806504431794
large_emergency,100.17477395379109,10.58460564276741,13.219057006402052,21,19,30,20,0.75,200,800,19400,0,0,1,0.45067596206500743,0.39884513103546754,12,9,7.538207405077638e-05,3.152558479524015e-05,0.17023210006407508
large_emergency,84.42352851275328,9.317189215263234,10.392673715171174,29,11,30,20,0.75,200,800,14600,0,0,1,0.3124500413540152,0.7384881348895217,11,10,5.488694660393297e-09,0.091903101075438,0.2954532422405306
large_emergency,105.07286942078902,11.1249332457426,8.161349400204474,18,20,30,20,0.75,200,800,19600,0,0,1,0.524711609997497,0.6437224058692828,12,15,0.0010858115776358486,0.006449766569738691,0.2199525152727697
large_emergency,87.32211656777996,8.745589574976771,7.576270390304889,14,14,30,20,0.75,200,800,14000,0,0,1,0.7131930885942904,0.823267085152792,13,13,0.042966105745065805,0.15778697192452482,0.44708749188139707
large_emergency,69.09170798874939,8.19796090646703,6.319112544239616,17,15,30,20,0.75,200,800,15400,0,0,1,0.4957596362504201,0.7289178399133709,11,13,0.000776271776466518,0.04494907723338539,0.3259569712779029
large_emergency,58.905898508762185,9.338669403558686,12.92129069886919,26,22,30,20,0.75,200,800,22800,0,1,1,0.24260538447189076,0.20721930213532752,8,6,1.8969893638133676e-10,2.1056962818109025e-10,0.18447328607012348
large_emergency,98.63905231430155,9.347594212822802,14.911812240261623,36,10,30,20,0.75,200,800,15200,0,1,1,0.29312073385028165,0.6614826603568539,13,8,2.70527540643317e-11,0.04959922882196205,0.22363955688742226
large_emergency,59.07381195553948,5.360761040720876,8.72066942275664,26,23,30,20,0.75,200,800,23600,0,1,1,0.42383342091520293,0.29452172559829654,13,9,5.873686310496429e-06,4.9697977893667195e-08,0.30121669755860586
large_emergency,73.28643517134546,10.878829622696088,8.048265431605781,13,21,30,20,0.75,200,800,19400,0,1,1,0.5182007886530704,0.43361271766086107,9,11,0.0037067078990013465,4.511462858210142e-05,0.2199238506297541
large_emergency,63.79446269479043,7.929453463162531,6.832394543067808,22,23,30,20,0.75,200,800,22800,0,1,1,0.3656933378548563,0.4059590343610983,11,11,2.692008851094111e-06,8.668445180149582e-06,0.2724850280554604
large_emergency,54.93067375617253,7.740421889193175,14.13309081904334,20,13,30,20,0.75,200,800,14400,0,0,1,0.35482997272321964,0.29897468974649377,10,5,4.290303798070539e-06,2.3815334082028312e-05,0.19997596118251787
large_emergency,81.87423677145239,10.90727113157985,13.476010266651517,34,20,30,20,0.75,200,800,22800,0,1,1,0.22077619216997177,0.30377773224936955,9,8,5.2445394469921244e-14,4.5760236873062286e-07,0.1658883573171961
large_emergency,109.98057653465614,8.102929026293927,6.824208690613641,29,25,30,20,0.75,200,800,25800,0,1,1,0.46803244373761904,0.64464954998184,16,18,1.2364610089150266e-05,0.0030970531870395585,0.27305871751353405
large_emergency,90.54160512411904,11.453639689275786,11.260600164522327,36,15,30,20,0.75,200,800,19200,0,1,1,0.21958474816838863,0.5360377706413887,10,10,9.549025760904588e-15,0.00288945493966718,0.17900315948272913
large_emergency,113.71247178953686,9.229895598787323,13.111612995812251,21,14,30,20,0.75,200,800,15400,0,0,1,0.5866674818875528,0.6194752252169549,16,10,0.0019424842176417813,0.013039854256414978,0.19959419276150878
large_emergency,70.78742981910565,6.859490913332071,11.229179566246692,33,20,30,20,0.75,200,800,22600,0,1,1,0.31271615605071146,0.3151941306196694,13,8,6.881591922748824e-10,7.872836240444221e-07,0.23483790247851943
large_emergency,67.57111843562795,10.70544923783445,12.892772355124212,29,9,30,20,0.75,200,800,13000,0,0,1,0.21764977022273216,0.5823341824087278,8,7,1.8517917179427793e-12,0.027204592906486802,0.19817780225581566
large_emergency,100.69780328074756,11.548842248917136,6.3957599836581736,12,18,30,20,0.75,200,800,16800,0,0,1,0.7266082110971585,0.8746923616239581,11,18,0.06861807444375519,0.2144895399203508,0.5260499650943565
large_emergency,67.81941463491134,8.902969790273417,11.850889237442805,31,14,30,20,0.75,200,800,17400,0,1,1,0.2457295828555079,0.4087662795116092,10,7,7.356421146111708e-12,0.0003097199376094722,0.19701364393926232
large_emergency,68.72556428622669,9.57480450463483,11.011655104217393,9,8,30,20,0.75,200,800,8200,0,0,1,0.7975279083645349,0.7801457141976917,9,8,0.2342186745735021,0.23649724296102762,0.6659695619131418
large_emergency,68.97565864142584,5.807664844306812,13.512959810110242,37,8,30,20,0.75,200,800,13800,0,1,1,0.3209908009991774,0.6380509859673659,14,7,1.7180343162747322e-10,0.06321505348459071,0.30940433055747607
large_emergency,63.13292519431782,6.269338863144548,11.754116401780788,13,22,30,20,0.75,200,800,20200,0,1,1,0.7746237629059229,0.24414241954323096,12,7,0.10108477481014874,3.7907715213980025e-09,0.34566780877418146
large_emergency,89.65525352377796,9.41416572418193,13.68687461381885,17,22,30,20,0.75,200,800,21000,0,1,1,0.5602024222952012,0.29774794549668976,12,8,0.002719606927383617,1.0640702304885554e-07,0.18200531399006206
large_emergency,79.77879419731514,11.657496045947715,6.133844419199956,19,18,30,20,0.75,200,800,18200,0,0,1,0.36018746123284606,0.722573793901715,9,15,8.361517517780354e-06,0.027794477957136188,0.27661444728813694
large_emergency,81.24246174604328,6.43983963596394,6.980181518106449,25,17,30,20,0.75,200,800,18600,0,0,1,0.5046241294105305,0.6846481464136711,15,14,0.00011623002226621356,0.018955572583790627,0.3176179224923974
large_emergency,63.50345115937451,5.687353860504783,10.457715954227023,17,12,30,20,0.75,200,800,13000,0,0,1,0.656807580228617,0.5060334671972223,13,8,0.012779868155512287,0.0041211780465556505,0.2883529146523456
large_emergency,66.48324952760314,5.775064377371864,13.1316169988002,35,10,30,20,0.75,200,800,15000,0,1,1,0.3289177905128074,0.5062837998829659,14,7,8.490549668680054e-10,0.007876460312896969,0.2571867879668439
large_emergency,95.11432694892017,5.7066938450741995,14.23805318766039,24,16,30,20,0.75,200,800,17600,0,0,1,0.6944646171313011,0.417518136500538,21,8,0.008677629845156002,0.0001738465020871193,0.25431860778894755
large_emergency,56.05314933075177,11.006626244915918,7.627195101458311,35,15,30,20,0.75,200,800,19000,0,1,1,0.1455049455365083,0.4899411346296402,7,9,1.287251316920678e-19,0.0012406568077729014,0.22320481514270166
large_emergency,64.13769890055845,11.93367246048621,10.728957805999602,18,14,30,20,0.75,200,800,14800,0,0,1,0.2985841538950948,0.42699992767432793,7,8,1.1439834278013905e-06,0.00047055567094923833,0.17747389886257864
large_emergency,105.6728987589054,10.340165681686777,13.069850958889269,26,23,30,20,0.75,200,800,23600,0,1,1,0.3930635528554596,0.3515322304389385,12,10,1.6600507465037653e-06,9.280337004202385e-07,0.1732248038968519
large_emergency,62.98513484515666,11.824319476102449,9.089842041592549,10,12,30,20,0.75,200,800,11600,0,0,1,0.5326745016696548,0.5774315123496689,7,9,0.011195116930406219,0.011578729224516218,0.21735822221480816
large_emergency,103.63474613868044,11.73530700041768,6.88170906227481,25,19,30,20,0.75,200,800,20200,0,0,1,0.35324085219071605,0.7926025749896239,11,17,4.0266006523793834e-07,0.06366996138636385,0.2941960431232259
large_emergency,82.35767437671733,8.20744111643652,9.446084882099658,30,23,30,20,0.75,200,800,24400,0,1,1,0.3344837658426199,0.37907434623493413,14,10,1.3799289066141368e-08,3.045169874863227e-06,0.22770767885560958
large_emergency,56.910873418430015,10.682211725242169,8.937867186704686,9,11,30,20,0.75,200,800,10600,0,0,1,0.5919589072442021,0.5788535069091045,7,8,0.030218077794481334,0.015200631912268062,0.2509157973232374
large_emergency,97.50365974975651,10.03784269812051,7.54962045277022,11,23,30,20,0.75,200,800,20600,0,1,1,0.8830551877266791,0.5615235336475353,12,15,0.468920336280647,0.0007724155489584777,0.7017727414111585
large_emergency,67.751525780277,6.23645419320935,9.766280418241804,32,13,30,20,0.75,200,800,16800,0,1,1,0.3394934228714511,0.5336377419101711,13,9,7.383174253991239e-09,0.004736778158800458,0.26747743930154944
large_emergency,89.86731670682728,9.311232228716648,9.821401774996676,13,21,30,20,0.75,200,800,19400,0,1,1,0.7424227369810301,0.43572151223391836,12,11,0.07017331472977925,4.8147162986444685e-05,0.2794370925207725
large_emergency,62.04006103214196,10.905258004791493,7.7819891572449,30,18,30,20,0.75,200,800,20400,0,0,1,0.18963348079395323,0.4429034772083213,8,10,2.898949211742213e-14,0.00016317031646929437,0.22036390491104835
large_emergency,91.8860520259382,9.536856832996317,12.627906411178714,14,21,30,20,0.75,200,800,19600,0,1,1,0.6882025750576445,0.3464965723119433,12,9,0.03171524741060361,1.9015648096650522e-06,0.21576318965832356
large_emergency,84.23574912688704,6.889931364805347,14.042801254871536,36,17,30,20,0.75,200,800,20800,0,1,1,0.33960888669279404,0.35285296547001527,14,8,1.164249440942677e-09,1.652279719795984e-05,0.21636671402717367
large_emergency,107.7328793655806,5.921312662505401,7.376053505084972,24,22,30,20,0.75,200,800,22400,0,1,1,0.7580869698014808,0.6638982565264665,21,17,0.024078632460844004,0.006711764520290403,0.335245723080002
large_emergency,51.57508093838063,10.669791276550823,14.432753980028497,33,18,30,20,0.75,200,800,21000,0,1,1,0.14647720841472867,0.19852637121919692,7,5,1.4536903685915974e-18,3.422160978692097e-09,0.16300939490864508
large_emergency,89.72522575629634,10.13018042654721,14.10205139221254,30,23,30,20,0.75,200,800,24400,0,1,1,0.2952406307300704,0.27663328288302474,11,8,9.449678348297636e-10,1.688012784522369e-08,0.16962661168344162
large_emergency,52.5361568591439,7.318061064670618,14.702824592792108,31,21,30,20,0.75,200,800,23000,0,1,1,0.23157974802551293,0.17015245876113963,9,5,1.7480800761860692e-12,1.562523005750197e-11,0.20466235953489137
large_emergency,86.94879114953869,10.393552798369825,8.34417117867995,25,20,30,20,0.75,200,800,21000,0,0,1,0.33462586984953274,0.5210151451093193,11,12,1.565367400974548e-07,0.0006083029917817393,0.21666608839326051
large_emergency,104.5495920864139,9.510404741325425,12.02975659237104,12,21,30,20,0.75,200,800,19200,1,1,1,0.9160983411508244,0.4138530955208367,14,10,0.6873375476865178,2.3953941619442187e-05,0.8756366991389786
large_emergency,99.9427721507017,10.44584345217524,10.054572163685572,25,14,30,20,0.75,200,800,16200,0,0,1,0.38270829008026014,0.7100023077181905,12,12,1.5682942916732845e-06,0.041349583524394384,0.23654024994221862
large_emergency,73.5504289998441,10.439757221989222,12.750654352539023,18,17,30,20,0.75,200,800,17200,0,0,1,0.39140133793812487,0.33931559149030743,10,7,3.733539345893273e-05,1.0261715502364233e-05,0.1742626127446775
large_emergency,53.669288554428064,7.493012464341774,12.827508312925513,14,19,30,20,0.75,200,800,18000,0,0,1,0.51161273643595,0.22020639774251374,9,6,0.0024858889866832866,7.002055247472196e-09,0.21390103065563734
large_emergency,52.44801628947404,11.43482619997793,13.31986098660223,11,9,30,20,0.75,200,800,9400,0,0,1,0.41697192396946786,0.43750887275466005,8,5,0.0012891678723763763,0.004283677381268224,0.16810084195438635
large_emergency,92.47867880553508,8.95414149096301,6.268942921083541,12,23,30,20,0.75,200,800,20800,0,1,1,0.8606695097353314,0.6413859836651404,13,17,0.31266909765486367,0.0039035786993387844,0.5877693680139141
large_emergency,82.1817190522165,7.324735306726659,10.609329709899438,17,22,30,20,0.75,200,800,21000,0,1,1,0.659985455493244,0.35209884001494257,15,9,0.013380525967176897,1.5121404351872512e-06,0.24416240437937803
large_emergency,67.3103570175669,6.823499452821574,11.456138500478998,32,19,30,20,0.75,200,800,21600,0,1,1,0.3082653807393759,0.3092359933670061,12,8,8.338658464400515e-10,1.041432468261023e-06,0.2338428573309202
large_emergency,74.35446604019333,5.885503915377282,8.344257916128003,22,19,30,20,0.75,200,800,19600,0,0,1,0.5742496318016246,0.4689923284753639,15,11,0.0012441003928189969,0.00023142766198203248,0.2912274056222031
large_emergency,50.58241131117564,6.5324952847438915,13.91405984107165,19,6,30,20,0.75,200,800,8600,0,0,1,0.4075367923326064,0.6058908745175151,10,5,4.144560470753945e-05,0.0861002238269038,0.3110922798607082
large_emergency,70.33403081699561,10.534339194821701,14.331740816507322,15,19,30,20,0.75,200,800,18200,0,0,1,0.4451095888486881,0.2582931929223573,10,6,0.0004870939370266974,7.777160350937419e-08,0.1651900099178671
large_emergency,103.68575432013263,10.154189766623492,10.435373709070854,36,22,30,20,0.75,200,800,24800,0,1,1,0.2836425070263019,0.4516358459339677,12,12,1.134808526597844e-11,5.651390978206052e-05,0.19436593468581276
large_emergency,110.29843364340954,6.630693579864124,12.783287991060455,18,22,30,20,0.75,200,800,21200,0,1,1,0.9241402402571536,0.3921968408374736,20,10,0.48408166690890625,7.628439344101435e-06,0.7131302163166023
large_emergency,63.29013616830422,10.552480703690332,8.568873732800908,28,21,30,20,0.75,200,800,22400,0,1,1,0.2142019558699964,0.35171670186688125,8,9,2.862937489234486e-12,2.3705198499488475e-06,0.21146826890494738
large_emergency,67.94583240026485,7.356763695547704,7.842359153833044,22,13,30,20,0.75,200,800,14800,0,0,1,0.4198105383150864,0.6664579356549237,13,10,2.0373582082081496e-05,0.028920332482129982,0.29238269174773923
large_emergency,81.10797216072321,10.803842405296335,11.808840001155428,36,12,30,20,0.75,200,800,16800,0,1,1,0.20853684662988742,0.5723676228485557,12,8,2.1546730919129204e-15,0.010816703809367794,0.18805868841196505
large_emergency,85.68619906734787,6.501273307764661,12.085559160042052,16,22,30,20,0.75,200,800,20800,0,1,1,0.8237443940886389,0.32227116501247943,15,9,0.1284382751483031,3.799589145409739e-07,0.36499805622805626
large_emergency,88.47430188438207,9.174162867033058,14.022856300062918,31,9,30,20,0.75,200,800,13400,0,1,1,0.3110921159315395,0.7010324984296856,12,8,1.7409753307100853e-09,0.09147528064042879,0.27178920111220595
large_emergency,52.602987727850966,11.207890414271844,10.546912760269759,8,14,30,20,0.75,200,800,12800,0,0,1,0.586673604303666,0.3562517631158416,6,7,0.0381278073955239,7.94973680521192e-05,0.2222446367899752
large_emergency,99.44566417221262,7.419327826212838,9.764266290586418,16,19,30,20,0.75,200,800,18400,0,0,1,0.8377246775380578,0.5360343695152291,16,12,0.1536771763743289,0.0010731033417320528,0.39194762821533696
large_emergency,60.25705634981634,7.784516920530352,10.142620842418697,32,13,30,20,0.75,200,800,16800,0,1,1,0.24189465192959864,0.45699807305916823,10,8,2.4793999638914427e-12,0.0012643456691253103,0.22831831478833614
large_emergency,113.65733291538828,6.8070795687779615,10.836489521251305,31,14,30,20,0.75,200,800,17400,0,1,1,0.5386106539333364,0.7491707445115762,20,12,8.23757987188136e-05,0.0658115685060054,0.30508062938498637
large_emergency,52.49162265059334,11.048024847243553,10.559821253292498,15,11,30,20,0.75,200,800,11800,0,0,1,0.3167481571072548,0.4518983400425089,6,7,1.3393558179604795e-05,0.002404846922927549,0.1876307297537459
large_emergency,63.78856620565919,5.87394967883783,7.783276225715606,13,11,30,20,0.75,200,800,11400,0,0,1,0.8353515187112613,0.7450539330714386,14,10,0.2044168210477032,0.09848075668341609,0.6016213795108447
large_emergency,77.51353447907145,8.104506404164992,12.3497462629444,16,11,30,20,0.75,200,800,12000,0,0,1,0.5977656952004229,0.570593500676734,12,8,0.00631765606229445,0.01368863149495114,0.22436775471402748
large_emergency,91.79694518349196,11.783824295663258,8.705604007415976,24,19,30,20,0.75,200,800,20000,0,0,1,0.32458670631965214,0.5549779387434238,11,12,1.5197143987035413e-07,0.0015736541405969545,0.20130443713845866
large_emergency,94.76647712987366,7.745493314381182,14.009416130787255,24,23,30,20,0.75,200,800,23200,0,1,1,0.5097936378581982,0.29410801819838545,16,8,0.00017186515227371723,4.8520033456229476e-08,0.20065981089699272
large_emergency,66.4616221159238,8.28969796877171,11.744496031587712,9,9,30,20,0.75,200,800,9000,1,0,1,0.8908195096330239,0.6287732278750473,11,7,0.6703407636412345,0.044565791276465976,0.9206844791115771
large_emergency,51.76870406792094,5.396238727478746,13.62026879698743,33,22,30,20,0.75,200,800,24200,0,1,1,0.2907114913449676,0.17276626087575417,13,5,1.2021869940307108e-10,7.55541342269043e-12,0.25873425270008205
large_emergency,50.21758734598917,11.614347237674277,6.122090081407295,24,25,30,20,0.75,200,800,24800,0,1,1,0.18015644184998064,0.3281074709991563,6,10,2.4126995616537443e-12,1.1049338175560716e-07,0.2494434239125414
large_emergency,75.74923946816791,7.037289728075295,10.984074376158556,19,20,30,20,0.75,200,800,19800,0,0,1,0.5665252151501783,0.344813940957033,13,9,0.0019688836309196952,2.8667903710989658e-06,0.23511280940730755
large_emergency,59.56559231840605,11.767198432972432,13.678904883661126,17,14,30,20,0.75,200,800,14600,0,0,1,0.2977648750999993,0.3110398969644473,7,6,1.9980107777014638e-06,1.9549221532859587e-05,0.15810880982287306
large_emergency,67.31710032458278,11.41318555944599,9.749120876122348,26,15,30,20,0.75,200,800,17200,0,0,1,0.22685333816467476,0.46032937177926503,8,9,4.7864712826261475e-11,0.0006785631779756621,0.19086987133682104
large_emergency,57.005163561257056,8.66670072823956,7.926510235454135,10,23,30,20,0.75,200,800,20400,0,1,1,0.6577493021711428,0.3126830469659474,9,9,0.047683676374915676,1.3654743207438714e-07,0.2892268985260229
large_emergency,51.67579654743519,5.046273870799203,10.820778819282722,15,11,30,20,0.75,200,800,11800,0,0,1,0.6826924561303559,0.4341461704918089,15,6,0.02515263011025727,0.0017657560902764084,0.3174991942502263
large_emergency,90.49185188846427,6.285826789780244,12.743997717711363,31,25,30,20,0.75,200,800,26200,0,1,1,0.4643926875535376,0.2840297178104495,17,9,6.157466158143638e-06,7.950704540470972e-09,0.23756253995008506
large_emergency,71.80801412028188,9.18413710126828,13.461329666144312,9,25,30,20,0.75,200,800,21800,0,1,1,0.8687444609777292,0.2133756943814589,10,7,0.5068605396513653,3.0220825720007795e-11,0.6900307981753523
large_emergency,90.76597602412102,9.434145391102403,7.5357907440569,13,17,30,20,0.75,200,800,16200,0,0,1,0.7400774385231044,0.7085089331140402,12,14,0.0683272354012421,0.02623540322959427,0.3332606564649794
large_emergency,77.05008108824796,8.810863104933699,9.591296647209735,34,10,30,20,0.75,200,800,14800,0,1,1,0.25720282207854794,0.8033333127139082,11,10,3.0089426693712397e-12,0.21186072003523007,0.42961816871104525
large_emergency,69.41559412469147,8.272305921765565,11.228705303852962,37,23,30,20,0.75,200,800,25800,0,1,1,0.2267925239042366,0.2687815939682368,10,8,1.1321157351409878e-14,1.0205034083454343e-08,0.2099427504421762
large_emergency,109.03074889743274,10.877541679975105,12.993206970621989,17,13,30,20,0.75,200,800,13800,0,0,1,0.5896160780851677,0.6454896549697935,12,10,0.004513488511702768,0.022344193410018785,0.19575351202721178
large_emergency,52.92393637329012,8.787414939452955,13.417699173549334,37,19,30,20,0.75,200,800,22600,0,1,1,0.16277559084135115,0.2075967197809438,10,5,4.830819297692634e-19,2.81036566889885e-09,0.18832753889285048
large_emergency,51.66405274929086,7.35486121176401,8.059662239877802,37,14,30,20,0.75,200,800,18600,0,1,1,0.18985072726422467,0.4578714804986859,9,8,5.622861038574738e-17,0.0009063765882936387,0.26094555123361457
large_emergency,54.46354511668383,7.425566835173546,10.766279968328492,25,9,30,20,0.75,200,800,12200,0,0,1,0.2933839063097515,0.562079476919305,9,7,1.4523769813422959e-08,0.02168879818804585,0.24924125946249706
large_emergency,68.76295577162732,5.866330628110926,9.350287860196978,26,16,30,20,0.75,200,800,18000,0,0,1,0.4508319144962968,0.4596312755269729,15,9,1.596030728954914e-05,0.00047904557358046746,0.277907894423486
large_emergency,111.02115491469615,7.504293309775574,11.704303402868522,19,25,30,20,0.75,200,800,23800,0,1,1,0.7786500924889355,0.3794199486916472,18,11,0.052801787964354516,1.357759568631837e-06,0.2714988573046263
large_emergency,92.83932492785884,10.859798046343405,13.076995451394676,26,14,30,20,0.75,200,800,16400,0,0,1,0.3288038369791243,0.5071027497591332,11,9,6.960405408514391e-08,0.0022969369245903026,0.17084991522595233
large_emergency,77.7288026268428,5.902087675587339,12.86270701798399,19,22,30,20,0.75,200,800,21400,0,1,1,0.6931428058686007,0.2746799244660846,15,8,0.016091999415901663,2.810729606959914e-08,0.2632677333164886
large_emergency,56.32604994368249,7.406182583653175,9.40930612538645,23,23,30,20,0.75,200,800,23000,0,1,1,0.33066409929035434,0.2602698499304065,10,8,3.445109666787586e-07,5.785536924705574e-09,0.24130043872214185
large_emergency,62.6150686463817,11.813896959617189,9.106354452035557,15,19,30,20,0.75,200,800,18200,0,0,1,0.3533413169276569,0.36189343892937054,10,8,4.451669238978539e-05,8.902608713319454e-06,0.19451292173073922
large_emergency,73.48788497268822,5.76159916594654,6.0548740844886435,14,20,30,20,0.75,200,800,18800,1,0,1,0.9110551584238767,0.6068489942751183,16,14,0.5234956151165735,0.003415514637387103,0.8656302548544811
large_emergency,53.12623959808967,6.113412192097632,8.536066521706264,32,21,30,20,0.75,200,800,23200,0,1,1,0.27156601506214756,0.2963684651249276,11,8,4.2134971913718324e-11,1.7655832728399607e-07,0.2807249250945845
large_emergency,52.19407002260758,8.121079853591617,7.419057926635812,19,12,30,20,0.75,200,800,13400,0,0,1,0.33826244372716485,0.5862612043507243,9,9,3.59513391931065e-06,0.013016946777370532,0.2709448784727762
large_emergency,58.84775428971175,9.921034051849041,7.10441850552179,16,17,30,20,0.75,200,800,16800,0,0,1,0.37072593682122246,0.48725065993601957,8,10,4.701871043349848e-05,0.0006464379030535068,0.24224687491507635
large_emergency,52.62676665941495,6.697354840555014,6.858055964692411,32,15,30,20,0.75,200,800,18400,0,1,1,0.24555761151374642,0.5115809973978567,12,9,3.601771280435248e-12,0.0018692911383594386,0.2969958876498455
large_emergency,113.05105023420799,11.896791452924429,7.735503457232539,22,17,30,20,0.75,200,800,18000,0,0,1,0.431938655215456,0.8596805386034893,13,16,3.0454258464122375e-05,0.18812647329201407,0.4014872727444032
large_emergency,76.89837831727785,9.31338624153864,12.803238527043478,32,15,30,20,0.75,200,800,18400,0,1,1,0.25802369407777587,0.40041107909195645,10,8,1.2188206814401658e-11,0.00016679379091066843,0.18564436444861043
large_emergency,52.59078946066284,6.4132828713694625,12.954819993712361,14,5,30,20,0.75,200,800,6800,1,0,1,0.5857351120821176,0.8119107712216435,10,6,0.008095472313784562,0.6138615471453277,0.8550747488369542
large_emergency,67.85328829905647,10.120483037587151,13.379368856552876,24,10,30,20,0.75,200,800,12800,0,0,1,0.2793562654365225,0.5071486482400376,9,7,1.0783616062513638e-08,0.00797040893537437,0.18152187386481206
large_emergency,55.195958076189925,8.315346828859502,7.764652349175057,10,13,30,20,0.75,200,800,12400,0,0,1,0.6637841958031757,0.5468168744720141,9,9,0.050814504035729305,0.005798614624343572,0.3056614512787941
large_emergency,81.18833062734225,10.867017640676764,6.099506632038491,23,24,30,20,0.75,200,800,23800,0,1,1,0.3248294550813175,0.5546099567633435,10,15,2.571091346342506e-07,0.0005363246289331757,0.2565058357997072
large_emergency,60.24789973409802,11.004252312108175,9.336908943825073,33,15,30,20,0.75,200,800,18600,0,1,1,0.16590803986995645,0.4301773395354982,8,8,4.888893330904377e-17,0.0003463949279764231,0.19832218265473855
large_emergency,96.7679303635331,8.61088721505975,10.417865919845003,32,12,30,20,0.75,200,800,16000,0,1,1,0.35118307188737535,0.7740543273454865,14,11,1.5551337018375734e-08,0.11538117568323825,0.32750219197757807
large_emergency,75.23710682290104,10.183801464781217,11.508014446098061,31,15,30,20,0.75,200,800,18200,0,1,1,0.23831998829645035,0.4358533911319002,10,8,3.5133849184203563e-12,0.0003950668899638553,0.18548618871117165
large_emergency,86.26243081800993,10.29153403221223,6.586988318023627,34,23,30,20,0.75,200,800,25200,0,1,1,0.2465259610701001,0.5693862337793818,11,15,9.945534688016344e-13,0.0009201523335097715,0.24990184517157937
large_emergency,83.88146831818507,5.254928036256796,7.90256668068576,34,23,30,20,0.75,200,800,25200,0,1,1,0.46948350050398724,0.4614982079902859,18,13,3.3260820896547026e-06,5.6135368627206366e-05,0.3168981903592142
large_emergency,96.15363920790867,8.237459149260765,9.02023319864398,30,22,30,20,0.75,200,800,23600,0,1,1,0.38909101081465375,0.48453514091552397,16,12,2.971917589665645e-07,0.00014566028378950948,0.23240449296678015
large_emergency,57.72655119755584,5.481052268605397,8.678129193231344,33,8,30,20,0.75,200,800,13000,0,1,1,0.31915211614540134,0.8314947541138915,15,8,1.1106753789279293e-09,0.3919633473877127,0.6896422762919637
large_emergency,50.49957945893579,10.679569903752904,13.195704547453968,9,23,30,20,0.75,200,800,20200,0,1,1,0.5254017188795606,0.16639004621716708,7,5,0.014076966070837152,1.3411848532258474e-12,0.18349593202352737
large_emergency,77.49540180128511,7.214408189475633,13.129959601152953,26,20,30,20,0.75,200,800,21200,0,0,1,0.4131444047372573,0.29510906413786747,13,8,3.8478242505701255e-06,2.9755524944795766e-07,0.21477735022853958
large_emergency,58.630758183120065,11.374505972763744,12.827319388430311,21,20,30,20,0.75,200,800,20200,0,0,1,0.2454560112367221,0.22853862294877633,7,6,8.541142367735002e-09,5.661712227836569e-09,0.16587453120247686
large_emergency,104.38853297031096,9.949162202015186,11.249556983596694,25,18,30,20,0.75,200,800,19400,0,0,1,0.4196877318943186,0.515519229001753,13,11,7.063897360221561e-06,0.0008971849471307185,0.19030761391537207
large_emergency,83.65045129102552,9.63126993127917,14.287810501175004,35,15,30,20,0.75,200,800,19000,0,1,1,0.24815137682595015,0.3903115003013525,12,7,5.955621446252212e-13,0.00012795360339462676,0.17394615146215847
large_emergency,53.210054306753534,11.77535537407362,6.136088084278129,22,13,30,20,0.75,200,800,14800,0,0,1,0.20539837272770528,0.6670505775506687,8,10,1.7966786868950947e-10,0.02912883919767599,0.27702224749390075
large_emergency,65.72140564791665,5.897108466756038,9.637931679303513,19,14,30,20,0.75,200,800,15000,0,0,1,0.5865622735939154,0.4870740189815885,13,9,0.0028602061212472008,0.00159790354366814,0.2777894434507757
large_emergency,54.319935623298726,6.888550130467036,14.23168613005286,18,8,30,20,0.75,200,800,10000,0,0,1,0.4380855396474805,0.4771038295015519,11,5,0.0001436572608408772,0.011167174873842846,0.22674500405310039
large_emergency,104.93671328551761,7.682813487101118,10.498940352238842,21,19,30,20,0.75,200,800,19400,0,0,1,0.6504109927071619,0.5260516513541615,16,12,0.006180772379483929,0.0008699284615876539,0.2324590587169411
large_emergency,113.38771249332336,8.586312705891235,11.582640733892667,22,25,30,20,0.75,200,800,24400,0,1,1,0.6002561411464141,0.3915781041590376,15,12,0.002108164330908356,2.293290399262776e-06,0.2049109833886043
large_emergency,85.36792939807475,8.344082174046024,10.449525736945056,34,15,30,20,0.75,200,800,18800,0,1,1,0.3009104417373038,0.5446367075860056,12,10,1.5965903420225043e-10,0.0033461579835665075,0.218889697298966
large_emergency,94.11103729603538,11.5510946222722,9.379019662502564,34,17,30,20,0.75,200,800,20400,0,1,1,0.23962851796231127,0.5902475492708253,10,12,4.704781018140647e-13,0.004561098600456341,0.19775393198911592
large_emergency,52.08079395276422,11.149609215347002,12.321864981693306,14,8,30,20,0.75,200,800,9200,0,0,1,0.33364906689206797,0.5283371676095814,6,6,4.0670030061245236e-05,0.02047135289388204,0.1913578108248658
large_emergency,97.1771427680703,10.335242683706184,12.073944453662687,16,23,30,20,0.75,200,800,21600,0,1,1,0.5876563917148805,0.3499347856074857,11,10,0.005384336272752301,8.627568947844449e-07,0.1849644893784077
large_emergency,100.44652213792673,10.004623060750523,8.132073640875653,21,14,30,20,0.75,200,800,15400,0,0,1,0.4780957455177559,0.8822782353097225,13,14,0.00016229375716865746,0.33809211684492696,0.5611780666293481
large_emergency,57.81959781415776,7.036035685316375,14.818633924634891,28,24,30,20,0.75,200,800,24800,0,1,1,0.2934870896873611,0.16257570847459868,12,5,2.5971845210630423e-09,2.9995762923829843e-13,0.20960809350103096
large_emergency,87.44517951399544,8.432145590296326,10.071750071334616,13,10,30,20,0.75,200,800,10600,1,0,1,0.7977272448957982,0.868222293987166,14,10,0.1315332529946304,0.43889887090293805,0.7883135123218177
large_emergency,77.68329462014091,10.482994179319359,10.930398693280061,27,22,30,20,0.75,200,800,23000,0,1,1,0.2744596639842862,0.32304940976589575,9,9,1.1961113629546103e-09,3.947698348675777e-07,0.18688096035773358
large_emergency,75.17593849704619,10.914984270709649,13.072894647932303,20,17,30,20,0.75,200,800,17600,0,0,1,0.34437034737091077,0.33826586600217434,10,7,2.8150085853325577e-06,9.879053549615283e-06,0.16812401960217793
large_emergency,84.7667028463977,9.504504278889918,7.880726303983388,32,22,30,20,0.75,200,800,24000,0,1,1,0.27870569429206615,0.4889183812431071,11,13,7.845641741957129e-11,0.00016402746800864895,0.2322691577925518
large_emergency,101.24984391168701,8.56824270888393,14.370265371034638,18,16,30,20,0.75,200,800,16400,0,0,1,0.6564929962353678,0.44036175262536736,14,9,0.010828965144875143,0.0003064029713098245,0.19743355135778135
large_emergency,114.23001696118055,5.2160564254282935,11.022299731319922,37,22,30,20,0.75,200,800,25000,0,1,1,0.5918835042997225,0.47106988784578296,25,12,0.000143454476714211,0.00010007675624108167,0.2826844171750554
large_emergency,66.74666240563334,5.838533803560269,8.478518993436394,36,13,30,20,0.75,200,800,17600,0,1,1,0.31755814354991746,0.605572582966662,14,10,2.151113098768549e-10,0.013347493375145346,0.3025684980660453
large_emergency,64.515195668811,11.816587940653449,11.638461678419564,11,15,30,20,0.75,200,800,14200,0,0,1,0.49633767526883876,0.36955167817087775,8,7,0.004893122074660776,7.19744500091491e-05,0.17551390268507094
large_emergency,108.2385974808918,10.11832287458811,10.675995935241815,27,15,30,20,0.75,200,800,17400,0,0,1,0.39619579187424603,0.6759000792522011,13,12,1.301596044622148e-06,0.02303356148900253,0.21553354705095834
large_emergency,86.54935616861931,5.99073014823027,10.941228819373908,19,18,30,20,0.75,200,800,18200,0,0,1,0.7603796464406366,0.43946595435506497,17,10,0.041271650026592874,0.00014902702291203282,0.29974265020439694
large_emergency,86.5497746522432,10.911696478835788,12.13250118586889,10,12,30,20,0.75,200,800,11600,0,0,1,0.7931834872800415,0.5944760367648572,10,9,0.1905728672067653,0.014489278137431226,0.37913015851363613
large_emergency,69.2146535127862,10.217057126750325,14.22003061973107,17,19,30,20,0.75,200,800,18600,0,0,1,0.39849539413600826,0.25617923041728674,10,6,6.961817874912443e-05,6.886217009763606e-08,0.16826856527542433
large_emergency,98.91642924344632,9.324428048907317,8.974511502693488,31,13,30,20,0.75,200,800,16600,0,1,1,0.342203568894944,0.8478406978882436,13,13,1.3974485180460031e-08,0.23809086354489092,0.45676273894550556
large_emergency,65.10272934049046,10.373466094723366,11.71880199822023,8,19,30,20,0.75,200,800,16800,0,0,1,0.7844862163959598,0.2923899080719658,9,7,0.24643437529593953,4.7150264480596547e-07,0.42816759601493076
large_emergency,59.12232944632804,8.743436116208336,6.706198064082219,31,21,30,20,0.75,200,800,23000,0,1,1,0.21812613396786,0.41981298410085244,9,11,4.0071366184277997e-13,2.9127287046465946e-05,0.26351642498033395
large_emergency,54.12594646749103,10.614060256562915,8.795898224774085,28,8,30,20,0.75,200,800,12000,0,0,1,0.18212347301315226,0.7691929960467626,7,8,6.907648851073018e-14,0.2133433294616852,0.42124733756073707
large_emergency,55.89262172934714,11.076064331913752,8.724763734333829,12,15,30,20,0.75,200,800,14400,0,0,1,0.4205210748031853,0.4270803078934016,7,8,0.0009083825282926453,0.00032208894693208504,0.20613153286211594
large_emergency,107.65839064167609,11.012338953560882,11.261669822645114,35,13,30,20,0.75,200,800,17400,0,1,1,0.2793188650753418,0.7353629430772279,13,11,1.3688992814822742e-11,0.06475718606113845,0.24436119485104385
large_emergency,86.04895012033188,8.543712621594171,11.98726990414328,18,23,30,20,0.75,200,800,22000,0,1,1,0.5595339450936886,0.3121026497944178,12,9,0.002145385434068762,1.3237001133538458e-07,0.20261248379071256
large_emergency,76.3878067284566,8.68578490947765,7.612861441602068,24,23,30,20,0.75,200,800,23200,0,1,1,0.3664407205017662,0.4362628971603668,11,12,1.1620671356607943e-06,2.5109449936210136e-05,0.24651356750218667
large_emergency,72.06149903710681,11.739294276073718,9.908092868337594,23,18,30,20,0.75,200,800,19000,0,0,1,0.2668907159242916,0.4040552169192884,8,9,9.014454632664798e-09,5.49766672070325e-05,0.18616657855735091
large_emergency,67.93781258405187,11.428342146263919,13.341274005734991,21,14,30,20,0.75,200,800,15400,0,0,1,0.28307989830629177,0.3637359443164742,8,7,8.579249749875927e-08,9.804152944771027e-05,0.1625552431027623
large_emergency,69.90905980500088,5.211817445869122,14.091539913580668,32,19,30,20,0.75,200,800,21600,0,1,1,0.4191739525792167,0.2611087377836664,16,7,6.346942212613384e-07,9.127508120077872e-08,0.2628369384956535
large_emergency,76.47990806099861,9.449799042370318,10.97869317888625,30,15,30,20,0.75,200,800,18000,0,0,1,0.2697761356902357,0.4644141569786678,10,9,1.2623551036588647e-10,0.0007397965043526981,0.19764767488504398
large_emergency,87.81495580307673,8.580602691672873,6.982464635161454,19,16,30,20,0.75,200,800,16600,0,0,1,0.5386381289503837,0.7860311543941515,14,14,0.0011324149081659292,0.08007438762640944,0.3409646389049093
large_emergency,73.13617239933299,10.788362766738455,13.470156354414556,36,21,30,20,0.75,200,800,24000,0,1,1,0.1883103477655951,0.25854747224350827,9,7,1.0779182293360556e-16,2.0008795631486215e-08,0.16693067875333845
large_emergency,84.51779463531503,9.355068483114877,14.163824830759864,31,19,30,20,0.75,200,800,21400,0,1,1,0.291433512969769,0.3140609993386518,11,8,4.001152466522272e-10,1.2931857772878607e-06,0.1774976179306943
large_emergency,96.39022275472944,8.99288554486693,14.597100294975666,21,8,30,20,0.75,200,800,10600,0,0,1,0.5104046509285344,0.825422693607742,13,8,0.00036937345798291184,0.36825111877402245,0.5483262624161629
large_emergency,72.91425992894717,6.072348883750618,13.527973240837081,28,13,30,20,0.75,200,800,16000,0,0,1,0.4288424070488666,0.414606765215376,14,7,3.673841845839929e-06,0.0005327186254634423,0.2391382155142892
large_emergency,73.18276486206454,5.8926975302342495,8.09545389835806,19,22,30,20,0.75,200,800,21400,0,1,1,0.6536436745076468,0.4109083139349001,15,11,0.008854785165794592,1.5000782456935198e-05,0.30209747094566297
large_emergency,73.9767128504785,10.090173855323215,7.004407259369348,14,24,30,20,0.75,200,800,22000,0,1,1,0.5236828417087824,0.44006051066113044,10,12,0.0030577739074458435,2.0577001344330852e-05,0.24495192639402946
large_emergency,59.67439994380386,10.581986212739045,11.918033078594554,27,21,30,20,0.75,200,800,22200,0,1,1,0.20886088078823392,0.2384318011053206,7,7,3.7069671769076585e-12,5.281170917105625e-09,0.17840668577969332
large_emergency,109.2395598035747,9.827220175443326,6.891227982086644,33,24,30,20,0.75,200,800,25800,0,1,1,0.33684904092098267,0.6604988743632771,13,18,3.87503432961512e-09,0.004792040791068279,0.2516622387936021
large_emergency,113.70520995225117,7.24259981566938,7.3251155354437145,30,18,30,20,0.75,200,800,20400,0,0,1,0.5233167317728904,0.8623694845347927,21,17,6.325635915005887e-05,0.17958478380115833,0.4542366248691732
large_emergency,51.30075606499307,6.875138548878333,10.701381562741702,10,19,30,20,0.75,200,800,17200,0,0,1,0.7461777780952894,0.25230759010546105,11,6,0.11799835829949894,5.49237460846961e-08,0.35689590583387976
large_emergency,81.14434975533035,11.802430917428342,8.64977941837109,19,19,30,20,0.75,200,800,19000,0,0,1,0.36185386554341376,0.49374152145544603,9,11,8.889710082530265e-06,0.00042260163008130597,0.20076968373427398
large_emergency,87.51541071596046,11.909733643314242,10.48840302177871,36,16,30,20,0.75,200,800,20000,0,1,1,0.2041173802710173,0.5215010481948403,10,10,1.1554201981077695e-15,0.0017107484707303423,0.1810190820830221
large_emergency,80.93570994268312,7.281234491205387,14.478976062986595,14,7,30,20,0.75,200,800,8400,0,0,1,0.7939755471061656,0.7985540018318948,14,7,0.11127396347793458,0.3424576073543291,0.6601365765354332
large_emergency,92.25722263378643,5.459439140723156,6.141581764314234,27,20,30,20,0.75,200,800,21400,0,0,1,0.6258764102953464,0.751086822370815,20,17,0.001577134230081269,0.03257845702883508,0.38014909305875016
large_emergency,81.01850529012461,11.39994424413227,9.069450619970318,35,22,30,20,0.75,200,800,24600,0,1,1,0.20305489108441688,0.4060509821025248,9,11,2.2971973723339203e-15,1.2640821103418393e-05,0.19799262992077216
large_emergency,68.64535344159007,7.180669221494282,6.201035534954738,37,21,30,20,0.75,200,800,24200,0,1,1,0.25837143663325546,0.5271420129646607,12,13,4.758335915564828e-13,0.0005485735382618588,0.30107474746603835
large_emergency,73.9307397368774,7.264734687057076,10.211442070688893,26,16,30,20,0.75,200,800,18000,0,0,1,0.39141002560573757,0.4524993827089413,13,9,1.5446416052699016e-06,0.0004072884553818855,0.23598947047568547
large_emergency,86.00432595981826,6.019263858962118,8.032912520332498,27,24,30,20,0.75,200,800,24600,0,1,1,0.5291918547774767,0.44610389725876975,17,13,0.0001462209188731346,2.523378803129107e-05,0.29079257561284594
large_emergency,103.46774259969106,11.369463756867432,8.00293765231517,18,15,30,20,0.75,200,800,15600,0,0,1,0.5055830288154973,0.8619146876210627,11,15,0.000725842758975756,0.23244703107725026,0.44608188566442714
large_emergency,56.387723925070404,9.877465474189687,14.798643446331447,31,19,30,20,0.75,200,800,21400,0,1,1,0.18415238616076404,0.20054371565796886,8,5,5.5442333463947415e-15,1.6369947604415458e-09,0.16881430918263352
large_emergency,99.0110619387484,11.0788630407528,10.36729153923457,36,25,30,20,0.75,200,800,27200,0,1,1,0.24824815199533898,0.3820132252056201,12,11,3.037661302522722e-13,1.5214577040191146e-06,0.18672069949701875
large_emergency,87.58376141219672,10.184741150570332,14.989200389621956,15,15,30,20,0.75,200,800,15000,0,0,1,0.5733005229252007,0.3895416216813314,12,7,0.0053410043108139986,0.00012534590746493717,0.1703671484510291
large_emergency,77.69501010360577,9.58267119617198,12.996632861734376,30,11,30,20,0.75,200,800,14800,0,0,1,0.2702621865137939,0.5434625115469227,10,8,1.3148611778507263e-10,0.009583428824163307,0.19088147118058052
large_emergency,93.4204520231987,9.690555148161476,11.261089037211654,21,10,30,20,0.75,200,800,12200,0,0,1,0.45906481986531544,0.8295863012404566,12,10,9.601130015569584e-05,0.28072302849037306,0.472813660252461
large_emergency,105.4791590629648,11.048733234507745,10.289681991197755,30,17,30,20,0.75,200,800,19600,0,0,1,0.31822398949630726,0.6029978789214528,12,12,4.8025587087982115e-09,0.005619537044793398,0.19331238849524654
large_emergency,106.04287119043016,9.245347693356678,12.020463071745578,17,14,30,20,0.75,200,800,14600,0,0,1,0.6746978220040853,0.6301330284954234,16,10,0.016497922964849403,0.015064466552295971,0.22291636876357496
large_emergency,62.09504581489416,6.056934170179206,8.798275559476753,37,18,30,20,0.75,200,800,21800,0,1,1,0.27707821058157084,0.39209101194590007,13,9,3.3288138293832022e-12,3.814841125661998e-05,0.2787968123206268
large_emergency,108.35849754430697,10.55732134745357,12.753014138580319,30,19,30,20,0.75,200,800,21200,0,0,1,0.3421274961015343,0.4471945813083128,13,10,2.2115140155368783e-08,0.0001308143441154779,0.17326466862809808
large_emergency,109.38040592975617,8.275767428343364,13.70527772485428,21,25,30,20,0.75,200,800,24200,0,1,1,0.6293785807369491,0.3192358684753881,15,10,0.004298511317634843,6.771015735386283e-08,0.19809788638247358
large_emergency,80.28148689029257,9.159312149198138,11.338110407552646,23,10,30,20,0.75,200,800,12600,0,0,1,0.3810875066986662,0.7080676056639449,11,9,3.3054489256920103e-06,0.08024427883809793,0.2776242065257529
large_emergency,50.49832794445937,10.22498523456201,13.97917617784561,27,13,30,20,0.75,200,800,15800,0,0,1,0.18291551522885885,0.2778766585054276,7,5,1.9491599764989633e-13,1.1403772888271232e-05,0.1693460296869293
large_emergency,90.62421854254085,11.67553439669619,8.924513976366534,20,19,30,20,0.75,200,800,19200,0,0,1,0.3880945208306039,0.5344487918777634,10,12,1.4718966922402159e-05,0.0010383204411931433,0.19875314375582093
large_emergency,53.10592585067977,7.750782169553225,13.943477552853176,21,8,30,20,0.75,200,800,10600,0,0,1,0.3262707629522894,0.47608214709512153,10,5,7.736828172868198e-07,0.011025260706091578,0.21176339143514883
large_emergency,97.55155238733784,11.27731122991747,11.040397088912222,27,23,30,20,0.75,200,800,23800,0,1,1,0.32037959981146424,0.3841684143034408,13,10,2.5712117266218203e-08,3.7430026775458347e-06,0.17925384004588277
large_emergency,82.34963255366077,6.915581267166397,13.156780699860427,37,17,30,20,0.75,200,800,21000,0,1,1,0.32183350302894825,0.3681824713107568,14,8,1.8395001818507992e-10,2.752355988227042e-05,0.2206349637650854
large_emergency,111.87151038465478,11.943567260452287,8.322861420846138,27,16,30,20,0.75,200,800,18200,0,0,1,0.34691388118400635,0.8400920122889767,12,15,1.1658005909779251e-07,0.15847676859179252,0.3623549494812466
large_emergency,57.83922709147383,10.033064590817139,10.833337661454875,34,25,30,20,0.75,200,800,26800,0,1,1,0.1695547479622051,0.2135601377856665,8,7,3.3335627046433965e-17,3.0753076403353955e-11,0.19197809921585568
large_emergency,88.74026598620532,10.54420876456339,8.832243673446197,26,12,30,20,0.75,200,800,14800,0,0,1,0.3236930555459196,0.8372756050367995,11,12,5.2103164702547304e-08,0.23534768580184795,0.443408041752937
large_emergency,88.76729862366405,9.284714596321532,13.797054107870967,25,14,30,20,0.75,200,800,16200,0,0,1,0.3824233807201025,0.4595561690697847,12,8,1.5489389227930442e-06,0.0009377554606004145,0.1811224476625501
large_emergency,76.70698696857275,10.296501638857077,12.728031305592438,37,12,30,20,0.75,200,800,17000,0,1,1,0.20134623221324993,0.5022181954595841,9,8,3.3289420428465714e-16,0.00388025057742259,0.1795673616215136
large_emergency,57.18209258220021,6.799938956986582,14.757159876162854,23,25,30,20,0.75,200,800,24600,0,1,1,0.3656176848179076,0.1549948447046808,12,5,1.7312860840859922e-06,3.8132212139504684e-14,0.2148255915841749
large_emergency,89.32756229818153,6.468600066053421,11.27063617448694,15,11,30,20,0.75,200,800,11800,1,0,1,0.9206274555650645,0.7205172233343372,16,10,0.5671044195000893,0.07602403816680299,0.886447549008492
large_emergency,66.35940169277977,5.067989489587255,10.21754917629162,33,12,30,20,0.75,200,800,16200,0,1,1,0.39678278033505465,0.541220800179406,16,8,1.440379570065624e-07,0.007001185778474399,0.3021890628809536
large_emergency,101.36225152128519,10.997428205157366,10.682074378211118,33,13,30,20,0.75,200,800,17000,0,1,1,0.2793001529205193,0.7299234207517135,12,11,4.526361669291263e-11,0.060860653044486214,0.24540577945981012
large_emergency,81.37292493805411,7.8004969150752395,12.505810301016187,30,25,30,20,0.75,200,800,26000,0,1,1,0.3477253899077156,0.2602723789323495,13,8,3.094787966119435e-08,1.5191527697220191e-09,0.20815982497092544
large_emergency,104.46071744090395,11.239318072317594,12.048022733331564,34,11,30,20,0.75,200,800,15600,0,1,1,0.2733594709759817,0.7882147194154577,12,10,1.4405599963587773e-11,0.15544408564697446,0.32741862658789084
large_emergency,75.5777914324249,8.404022434301638,14.677334997524593,22,15,30,20,0.75,200,800,16400,0,0,1,0.4087749863681542,0.3432857143124483,11,7,1.3919501466731814e-05,3.2549827951578645e-05,0.187169368090372
large_emergency,93.91260718783866,10.743406338482636,12.227248260619909,21,11,30,20,0.75,200,800,13000,0,0,1,0.4162580072660845,0.6982363948432766,12,9,2.5933344587112944e-05,0.05996709180850938,0.234857923355927
large_emergency,63.517119242227984,6.012300701876679,9.278443423554586,31,18,30,20,0.75,200,800,20600,0,1,1,0.3407912265191419,0.3803147452332669,13,9,1.2788141551335827e-08,2.6211133020104843e-05,0.2741286020516454
large_emergency,111.3750013515283,5.685868455340211,11.737766586163781,25,22,30,20,0.75,200,800,22600,0,1,1,0.7835214776868363,0.4313001135497674,23,11,0.03252170137352939,2.9828976520540655e-05,0.29362124157270036
large_emergency,57.36514385468202,6.267814870212565,9.927422865408733,11,16,30,20,0.75,200,800,15000,0,0,1,0.8320304900009762,0.3611532962306236,13,7,0.2513925259862278,3.4986063291551626e-05,0.5117038249185943
large_emergency,64.07714808107374,10.38947198165381,9.890792564100076,28,11,30,20,0.75,200,800,14400,0,0,1,0.2202681308891485,0.5889513143002231,8,8,5.362503288071555e-12,0.017240039560776153,0.21459545410796985
large_emergency,75.96430756383026,10.66030217389146,9.088899798724348,11,14,30,20,0.75,200,800,13400,0,0,1,0.6478096051610761,0.5969943655453849,9,10,0.034483167747202,0.009525377318987583,0.2478388341976568
large_emergency,101.96534004748904,8.976749975527579,8.298515170026779,19,16,30,20,0.75,200,800,16600,0,0,1,0.597832941681021,0.7679486778533539,14,14,0.003500718813367676,0.06396866820573854,0.29937176410704847
large_emergency,60.247106707290165,8.300195817379766,7.115117304423027,31,18,30,20,0.75,200,800,20600,0,1,1,0.2341456873829987,0.4704155027293341,10,10,2.2870423097483987e-12,0.0003255491604071874,0.2613504550458187
large_emergency,94.15040147924856,8.29330569477601,9.372083839273088,30,16,30,20,0.75,200,800,18800,0,0,1,0.3784192735053539,0.627864644978404,14,12,1.716708475315618e-07,0.00996886912800724,0.23724807719819982
large_emergency,103.85972165369257,11.632458654454366,12.453699894152736,24,18,30,20,0.75,200,800,19200,0,0,1,0.3720183781250823,0.46331488516319386,11,10,1.4867278752109399e-06,0.00027395268903187707,0.1665392107133279
large_emergency,78.76661636787398,10.716529099807547,11.331348952099898,33,12,30,20,0.75,200,800,16200,0,1,1,0.22272763321341726,0.5792677222341148,9,9,1.4357859337021257e-13,0.011866099574757986,0.1934306407767132
large_emergency,55.181844579083794,9.29672793539661,13.428816324886334,15,10,30,20,0.75,200,800,11000,0,0,1,0.3957080022315017,0.4109211358920785,8,6,0.00014759349514929554,0.001788508822999475,0.18396755612353166
large_emergency,100.43043552393674,10.607925645905098,10.763014115988925,15,24,30,20,0.75,200,800,22200,0,1,1,0.6311660348832678,0.38879457325505345,12,11,0.012602278529543215,3.024338096392292e-06,0.1997852168379402
large_emergency,50.05462227844639,6.09987992650726,12.881658225229069,10,18,30,20,0.75,200,800,16400,0,0,1,0.8205837308523423,0.21587378737904117,12,5,0.25452352477497153,1.1818645763698518e-08,0.4960909469734738
large_emergency,110.17846912639416,6.469812343982822,7.732377634428909,31,22,30,20,0.75,200,800,23800,0,1,1,0.5493426975008088,0.647680761311886,20,16,0.00011412002672486063,0.005075415330612512,0.28907985094617067
large_emergency,55.9363558765372,6.601887757146547,11.043799760627623,22,9,30,20,0.75,200,800,11600,0,0,1,0.3851264553838206,0.5627728488075529,11,7,5.836171408999436e-06,0.02186056351318313,0.26388677168723995
large_emergency,103.40936795010177,11.5258884359696,9.722736405939818,32,20,30,20,0.75,200,800,22400,0,1,1,0.2803725514430447,0.5317914814955123,12,12,9.043611128285023e-11,0.0007727500264076847,0.19038566106267826
large_emergency,58.71298815930123,11.479442812201302,9.50325900151554,21,22,30,20,0.75,200,800,21800,0,1,1,0.24355333483979524,0.2808270498187561,7,8,7.511208035313037e-09,4.063905483784467e-08,0.192339349584018
large_emergency,77.13279246777182,10.965767768169933,10.930092824092071,34,11,30,20,0.75,200,800,15600,0,1,1,0.20688123176881448,0.6415381969189435,9,9,8.905730466121746e-15,0.032118868937629885,0.21480228536049972
large_emergency,114.84571135220845,9.308617076830503,14.771212942555866,23,14,30,20,0.75,200,800,15800,0,0,1,0.5364160709060208,0.555354873596921,16,9,0.00043003572891466593,0.005115166225077276,0.18067179244124407
large_emergency,88.9487943471799,6.020869940867876,7.925816114673754,32,25,30,20,0.75,200,800,26400,0,1,1,0.4616691359635482,0.44890667691621683,18,13,4.168244468524909e-06,2.029633750139122e-05,0.29228339248011026
large_emergency,93.22492157774445,7.5213912862818395,14.918342133634116,23,24,30,20,0.75,200,800,23800,0,1,1,0.5388973004628296,0.2603755630224163,15,8,0.00045652835831127566,2.9827965276042642e-09,0.20044223374403547
large_emergency,65.92564310784313,8.332320231376693,12.712919422737102,30,18,30,20,0.75,200,800,20400,0,0,1,0.26373463524037205,0.2880955669130608,10,7,7.544799429295374e-11,7.046553547058327e-07,0.19867543347361605
large_emergency,61.13385459324422,8.064843653075009,7.143411808159588,15,23,30,20,0.75,200,800,21400,0,1,1,0.5053526740921155,0.37209022094050875,11,10,0.0016654005930505059,2.2798594957202686e-06,0.26565177405159196
large_emergency,80.44571758439835,11.857297801362133,9.939900168873308,28,24,30,20,0.75,200,800,24800,0,1,1,0.2423032119485008,0.3372171593680977,9,10,4.423085986758165e-11,2.9134331738545217e-07,0.1849411708542975
large_emergency,65.21892392173798,10.678006787160587,11.231539377449707,24,19,30,20,0.75,200,800,20000,0,0,1,0.254490863095654,0.30561927692130714,9,7,1.953458358269497e-09,8.828000069096101e-07,0.1826863119171802
large_emergency,81.77805297205153,11.0357381036329,13.00814585532602,18,18,30,20,0.75,200,800,18000,0,0,1,0.41168294521400167,0.34926001104560245,9,8,6.885484186335587e-05,8.971888317046807e-06,0.1675674246710112
large_emergency,57.24445351982862,8.353374716228291,8.99853507258721,33,10,30,20,0.75,200,800,14600,0,1,1,0.20766222857473077,0.6361530299994709,9,8,2.2520655915128295e-14,0.037845957101653054,0.2686872531651197
large_emergency,70.25685342543349,7.073583108269739,7.402075687669172,32,18,30,20,0.75,200,800,20800,0,1,1,0.3103839505296831,0.5273059461060784,13,11,9.761170163144464e-10,0.001144883217321042,0.27761319297522186
large_emergency,60.728047153894565,8.926964979042811,11.323356893994776,9,21,30,20,0.75,200,800,18600,0,1,1,0.7558628056363986,0.2553846704917264,9,7,0.1554039321428322,1.637246784549274e-08,0.35573713723489864
large_emergency,103.63529284797741,7.0739903953959145,9.544031913415543,23,12,30,20,0.75,200,800,14200,1,0,1,0.6369647180565566,0.9048874188966785,17,13,0.003597943615957192,0.5743898108383657,0.8241282037265593
large_emergency,52.519458008371366,11.837296803105104,13.06020714136778,6,12,30,20,0.75,200,800,10800,0,0,1,0.7394629996182167,0.33511118570507265,9,5,0.2576220213083743,0.0001261714072351375,0.41879540353834843
large_emergency,97.0976848608154,5.742166553518904,7.556669446485615,30,16,30,20,0.75,200,800,18800,0,0,1,0.5636530158424389,0.8030793654237838,20,15,0.00020879345756811096,0.09901061491614291,0.40570313519697687
large_emergency,114.68195844797695,7.129933422653804,10.847219960670753,24,20,30,20,0.75,200,800,20800,0,0,1,0.6701906809045376,0.5286237343014358,20,12,0.005701133066292788,0.0007208138293341362,0.23886523081312322
large_emergency,64.35775338272069,6.968223062595955,6.901581301496977,37,13,30,20,0.75,200,800,17800,0,1,1,0.24961869395517505,0.7173133515041887,12,11,1.79521857542786e-13,0.05266714398128193,0.34107008333700667
large_emergency,71.21285651664508,10.31853045227431,14.427384168343487,29,20,30,20,0.75,200,800,21800,0,0,1,0.23798114986538957,0.2467975333771872,11,6,1.442596205779195e-11,1.9177058347600387e-08,0.1662256783303394
large_emergency,98.83345450892001,8.517782588514802,10.99622972627104,30,25,30,20,0.75,200,800,26000,0,1,1,0.3867730186108333,0.35951760546725386,14,11,2.643000258547813e-07,5.451189492381863e-07,0.20834251716680996
large_emergency,65.24460945991675,11.153726185576051,6.714732187899546,12,20,30,20,0.75,200,800,18400,0,0,1,0.487464968913937,0.4858318070934568,10,11,0.0030567144995758172,0.0002636273806481953,0.24190274581659119
large_emergency,95.24340474688567,11.811426279406849,12.21597432453606,9,21,30,20,0.75,200,800,18600,1,1,1,0.8959629664609128,0.37126798940078987,11,9,0.7188737767944418,5.206129011464709e-06,0.8854027912408308
large_emergency,59.69600723608924,6.406703879653543,13.045551917303811,26,23,30,20,0.75,200,800,23600,0,1,1,0.358374652776255,0.19895506084640693,12,6,3.313427744548943e-07,4.190366743901222e-11,0.23274131382094643
large_emergency,67.8431976890697,11.446104871743115,8.49027248646546,20,11,30,20,0.75,200,800,12800,0,0,1,0.2963593224475582,0.7264270300053288,8,10,3.169354874998979e-07,0.08092657434545696,0.2860747064354785
large_emergency,75.00732323347752,8.839282395416209,11.314719943317234,22,8,30,20,0.75,200,800,10800,0,0,1,0.3857127344531852,0.8286475892602493,11,8,5.96882375054799e-06,0.3806165428202961,0.5821343136984086
large_emergency,87.59689075779049,8.911191584262529,13.26642563563983,12,20,30,20,0.75,200,800,18400,0,0,1,0.8191655209584019,0.3301450336496977,12,8,0.190763934157184,1.5416134858345217e-06,0.37836216764335834
large_emergency,94.06204650178344,8.18497064690659,10.922005363602338,13,14,30,20,0.75,200,800,13800,0,0,1,0.8840034192832825,0.6151542123995307,15,10,0.3821481737264758,0.012288840399881667,0.6081704397954973
large_emergency,90.31223408604762,7.46196472776403,10.364860635147913,18,15,30,20,0.75,200,800,15600,0,0,1,0.6723894471714019,0.5808872707192544,16,10,0.013708529684060672,0.006013740998840484,0.2502150640517452
large_emergency,97.35906599111124,6.0452934138674745,8.596042985385616,36,15,30,20,0.75,200,800,19200,0,1,1,0.4473593446348436,0.755068862550162,19,13,6.990624538842366e-07,0.06181224328899744,0.3435634816141351
large_emergency,50.02989519277415,6.280123715099085,10.159761153781716,20,14,30,20,0.75,200,800,15200,0,0,1,0.3983193441913333,0.3517370032868185,10,7,2.0872688850684145e-05,6.985367308625601e-05,0.2577507690258668
large_emergency,111.34713633895785,9.8031467824934,14.11905972369865,32,12,30,20,0.75,200,800,16000,0,1,1,0.3549470479016339,0.6571916409328543,13,10,1.9618762849549918e-08,0.03130724050428571,0.2041415678277657
large_emergency,75.44232309239854,9.281546584100683,14.615995405877673,34,13,30,20,0.75,200,800,17200,0,1,1,0.23906488380500604,0.39704826536538695,10,7,4.420242953144238e-13,0.0003594960677484519,0.1765183543107106
large_emergency,60.069097248590545,9.52928810841413,8.556957437702245,11,23,30,20,0.75,200,800,20600,0,1,1,0.5730571854341735,0.3052136111915508,8,9,0.014125607046934103,9.099038020580145e-08,0.23592929934737394
large_emergency,58.81465504054279,11.350523371742291,7.764632492070186,11,24,30,20,0.75,200,800,21400,0,1,1,0.4710608177926514,0.31561192744048433,8,9,0.0033006060847032576,9.366672673454098e-08,0.22019146014945382
large_emergency,58.649093862291686,11.085735208668348,14.320540018358804,14,25,30,20,0.75,200,800,22800,0,1,1,0.37789293279240377,0.1638181068230781,7,6,0.00014355679943542265,1.2466027545134403e-13,0.16017934101318942
large_emergency,113.76075377379593,5.078466145272518,8.505241134551524,32,20,30,20,0.75,200,800,22400,0,1,1,0.7000191502192942,0.6687685391520323,27,15,0.003961897959228002,0.009663223080535676,0.3281095315526873
large_emergency,57.891331585961694,9.803847659519043,9.160229181817279,9,22,30,20,0.75,200,800,19400,0,1,1,0.6561067041849082,0.28726619288320204,8,8,0.058807007617502564,5.9133787603042844e-08,0.26997541002807646
large_emergency,52.46583786077952,9.630121371308102,8.55215048642809,24,13,30,20,0.75,200,800,15200,0,0,1,0.22700405251855466,0.4719086372489734,7,8,2.2621767095653564e-10,0.0016711341492146026,0.22244163985020887
large_emergency,77.64599725888218,9.7221820751294,6.54813487303508,18,17,30,20,0.75,200,800,17200,0,0,1,0.443693245101556,0.697513367092063,10,14,0.0001665810519853322,0.0226156074402747,0.27835499781853906
large_emergency,65.92294647406756,10.5058186446232,10.020388666077622,36,9,30,20,0.75,200,800,14400,0,1,1,0.17430273827829482,0.7309867984710774,9,8,1.0671081037714305e-17,0.12219200155568948,0.31717387739333375
large_emergency,50.015208270930735,5.92679208335741,8.991227861447936,31,22,30,20,0.75,200,800,23800,0,1,1,0.27222041747031533,0.2528485088802399,11,7,8.30677212461563e-11,6.924452353035543e-09,0.27994486020295994
large_emergency,58.963946086481855,7.555333602815601,10.779432559027942,35,9,30,20,0.75,200,800,14200,0,1,1,0.22297945563537527,0.6077824161233447,10,7,3.1851470409302486e-14,0.03579676984303149,0.26092286084244987
large_emergency,69.54241704430059,5.380281810269098,11.170278715180457,22,13,30,20,0.75,200,800,14800,0,0,1,0.5875192170279678,0.47889733390855765,15,8,0.0016355440459307983,0.0018969416311542724,0.2789196368488186
large_emergency,80.25990715072605,7.329623086630285,9.028213695743727,13,16,30,20,0.75,200,800,15400,0,0,1,0.8423133002371979,0.5556186822743511,13,11,0.2224390701219415,0.0031633459058974045,0.47279896189742515
large_emergency,106.23557839393294,9.741682555272119,7.6119579597516625,34,16,30,20,0.75,200,800,19600,0,1,1,0.32074293299823037,0.8722753967807552,13,16,7.547766887559792e-10,0.24462448552826455,0.47864840224688326
large_emergency,112.87932329227446,8.79452129761575,14.331934483719674,30,9,30,20,0.75,200,800,13200,0,0,1,0.42783955856273365,0.8751189203887418,15,10,1.8280896597097156e-06,0.5478476433160714,0.731330878241895
large_emergency,63.217461297878465,7.444439302486629,9.175730435484343,34,18,30,20,0.75,200,800,21200,0,1,1,0.2497618721097451,0.3827576679490895,11,9,1.400049184280749e-12,2.8370852030629208e-05,0.24333997114591407
large_emergency,77.58768772929696,9.499207784796528,11.479334154126349,36,9,30,20,0.75,200,800,14400,0,1,1,0.22688350406288024,0.7509890448694068,11,8,2.427920786144426e-14,0.1482347524304672,0.3406197556048038
large_emergency,107.91016303668502,7.73841065860717,14.795544410979272,15,24,30,20,0.75,200,800,22200,1,1,1,0.9296496640573968,0.3038926225559291,16,9,0.6713667347652242,4.837164312062712e-08,0.8681802000064457
large_emergency,52.75005267825824,8.724046693599053,9.432478746126165,15,11,30,20,0.75,200,800,11800,0,0,1,0.4031007973777555,0.5083986366103995,9,7,0.0001787202167098389,0.005853428299877501,0.22667452463648607
large_emergency,63.10562168293976,5.77113708845741,9.535057491074888,34,22,30,20,0.75,200,800,24400,0,1,1,0.3216086653476399,0.3008306296956764,14,8,8.052760055955316e-10,1.258201627171936e-07,0.27815234202259687
large_emergency,58.51141881396771,6.2966314809935655,8.76063022712258,23,22,30,20,0.75,200,800,22200,0,1,1,0.40402153734438534,0.30358660018036027,13,8,8.066391297289713e-06,1.4587502272563518e-07,0.2729703261003489
large_emergency,76.07840253837168,9.664171452962893,7.9565846214279565,30,12,30,20,0.75,200,800,15600,0,0,1,0.26240705306418916,0.7968075725762637,11,11,6.72403346011393e-11,0.14831480160863453,0.3774718538898419
large_emergency,56.733446898284214,7.5290077600602245,11.760276982475173,14,7,30,20,0.75,200,800,8400,0,0,1,0.5382368026847064,0.6891655817634078,11,6,0.0038925455175893423,0.1303684854969645,0.35211266855190804
large_emergency,74.21509922714392,10.700084380597016,8.629675975121652,17,11,30,20,0.75,200,800,12200,0,0,1,0.4079962285251957,0.781816979214277,10,10,9.127663353202991e-05,0.1451930662353928,0.354620755783174
large_emergency,81.865742367625,6.00706151437268,12.258627063436265,29,18,30,20,0.75,200,800,20200,0,0,1,0.4699396912470576,0.3710119228414225,17,8,1.3258604281457091e-05,1.926072096120347e-05,0.2480784671176951
large_emergency,93.4017729780733,7.3522644052295805,12.08245929378807,25,21,30,20,0.75,200,800,21800,0,1,1,0.5081524158007032,0.3681124319974358,17,9,0.00012848839437879246,4.603608745078176e-06,0.21891021812642342
large_emergency,71.31712785391528,5.893845707529436,12.530174558494267,20,22,30,20,0.75,200,800,21600,0,1,1,0.6050135293057219,0.2587104923870247,16,7,0.003304423481838028,1.023762150900662e-08,0.25278028831463606
large_emergency,66.20945635197005,8.698571465835654,12.360385606424538,36,14,30,20,0.75,200,800,18400,0,1,1,0.21143144854944498,0.38261321554769795,10,7,3.212418577272688e-15,0.00016233488156988993,0.1960273650444726
large_emergency,85.71135311465204,5.987028926531096,12.952161129389559,25,21,30,20,0.75,200,800,21800,0,1,1,0.5726469951386287,0.315120616913757,18,8,0.0006726655420550657,4.5589922159441064e-07,0.2449080690059543
large_emergency,76.84365400744647,8.38742916564603,14.85172875492091,29,20,30,20,0.75,200,800,21800,0,0,1,0.31592292707803427,0.2587027250345702,11,7,6.907872409743157e-09,4.0032917046276376e-08,0.18655831998393752
large_emergency,50.97114283601517,11.24786018045307,14.6488206090266,29,22,30,20,0.75,200,800,23400,0,1,1,0.1562631102126847,0.15816086432802143,6,5,6.33820843241434e-16,1.4410715383014507e-12,0.15717068061886352
large_emergency,57.89089596237929,11.299239180304667,13.942077723132117,7,24,30,20,0.75,200,800,20600,0,1,1,0.7319190135421685,0.17301012897791027,7,6,0.18888221153123602,1.065547862206765e-12,0.34910906648187556
large_emergency,63.95000583947864,8.305126227493314,6.338390913123471,34,15,30,20,0.75,200,800,18800,0,1,1,0.22647247894487976,0.6726208246015231,10,12,1.0425993286240524e-13,0.02206877031694714,0.3002450803834179
large_emergency,60.38253164351112,11.438297572212242,6.89071905823177,18,22,30,20,0.75,200,800,21200,0,1,1,0.29327660607953343,0.39831264430548613,9,10,8.97748471836614e-07,9.563702666808834e-06,0.23255879458584705
large_emergency,96.52688878767228,10.025270585421746,14.806548568964319,12,21,30,20,0.75,200,800,19200,0,1,1,0.8023631213176174,0.3104382153808175,12,8,0.15779413892840408,3.623436129332104e-07,0.325080116519888
large_emergency,90.87365081271149,10.263789840584755,8.882608073490147,34,15,30,20,0.75,200,800,18800,0,1,1,0.26040619275927335,0.6820343008935323,11,12,4.146069065656034e-12,0.024939930032043908,0.2349493760806835
large_emergency,71.10820974467396,11.485659241728266,12.533527764428555,23,20,30,20,0.75,200,800,20600,0,0,1,0.2691757807000277,0.2836719680251812,9,7,1.0470896752022158e-08,1.6428821411442846e-07,0.16685126493851052
large_emergency,103.55794841335504,8.136986655729691,14.128811046821623,21,16,30,20,0.75,200,800,17000,0,0,1,0.6060389534194472,0.4580974120459128,15,9,0.002813466039326832,0.00046275427302565873,0.19694920168976732
large_emergency,91.82130595114533,5.0409497298362,12.94247512525402,33,15,30,20,0.75,200,800,18600,0,1,1,0.5519721413273817,0.4729713858826426,21,9,8.388271083437298e-05,0.0008835941152515361,0.2766077673868579
large_emergency,64.29025473591751,5.026730382900567,12.593823375899783,29,7,30,20,0.75,200,800,11400,0,0,1,0.441023322687555,0.7292719479222399,15,7,4.372358551704939e-06,0.18458303269185153,0.46292787930889884
large_emergency,87.10915563294776,9.59683099984015,10.373184655511796,14,17,30,20,0.75,200,800,16400,0,0,1,0.6483476207212768,0.49397250204025006,11,10,0.019162094069644836,0.0007472787053237281,0.22051284663268889
large_emergency,95.81277265916322,5.839888832948361,7.610913216860785,37,20,30,20,0.75,200,800,23400,0,1,1,0.44342186474228357,0.6294433396435597,19,15,4.289492132401839e-07,0.005073528699582603,0.3077003714723672
large_emergency,100.88991008424253,7.380356827805168,8.982966217699687,24,17,30,20,0.75,200,800,18400,0,0,1,0.5695857736407375,0.6606615731780482,16,13,0.0007597253391089115,0.013511475883813424,0.26108780845958324
large_emergency,93.79370967351637,9.700317751614284,11.36410393589702,29,20,30,20,0.75,200,800,21800,0,0,1,0.3334185470648812,0.41267534247570575,12,10,2.0909725481251134e-08,3.337325195476983e-05,0.19111917994392566
large_emergency,56.4566548397466,11.878839558576086,8.674530800330679,25,24,30,20,0.75,200,800,24200,0,1,1,0.19010831676394507,0.27118015630690956,7,8,2.8445511134757943e-12,6.288878155332634e-09,0.19946332381255585
large_emergency,50.64413644083447,11.177892273958737,12.199808262453057,17,15,30,20,0.75,200,800,15400,0,0,1,0.26651418500437846,0.27674826440619965,6,6,4.730428010638276e-07,2.874872379057893e-06,0.17143415355859795
large_emergency,57.40228386820876,11.89722064711044,13.198203553653018,25,22,30,20,0.75,200,800,22600,0,1,1,0.19299392882034325,0.19769317170138961,7,6,3.884607534229178e-12,9.003062587050772e-11,0.15982113228095812
large_emergency,62.395155899571016,7.898230057076098,13.474763364887714,20,14,30,20,0.75,200,800,15200,0,0,1,0.39499454592152966,0.33075140017544175,10,6,1.8658010487795907e-05,3.716116327971315e-05,0.2008792699726608
large_emergency,51.12059487500778,8.210305564443157,8.487879558539058,30,21,30,20,0.75,200,800,22800,0,1,1,0.2075464568026095,0.28679884356017343,8,8,2.6563174074710925e-13,1.0545931427321836e-07,0.2396133073167123
large_emergency,111.4467598434461,6.008259254084566,10.730255334089044,36,21,30,20,0.75,200,800,24000,0,1,1,0.5152479608598863,0.494581759589057,22,12,1.2761388190782965e-05,0.000249449813164762,0.25989419676085057
large_emergency,75.01629996990229,8.664738422495418,11.335705366771329,19,23,30,20,0.75,200,800,22200,0,1,1,0.45566595570328905,0.28772609679162314,11,8,0.00016406172781398905,3.332084833301919e-08,0.20379121862978447
large_emergency,66.09851650099158,7.94423701292747,7.598111553951398,14,10,30,20,0.75,200,800,10800,0,0,1,0.5943078736863953,0.8699334832300145,13,10,0.009165910850031706,0.44827083242701854,0.714925806040726
large_emergency,62.083973929731755,10.419298462631993,6.086059851516303,25,19,30,20,0.75,200,800,20200,0,0,1,0.23834224214764982,0.5368954060540405,8,12,2.745694974926993e-10,0.0010924117043977593,0.26137808227139786
large_emergency,73.3459420506122,8.123511783750693,6.280934090546018,12,24,30,20,0.75,200,800,21600,0,1,1,0.7524038864296422,0.4865647170817287,11,14,0.09104014857857048,8.933680396219647e-05,0.37344094349740414
large_emergency,54.73215381128291,6.32268260323938,12.386502687732218,25,12,30,20,0.75,200,800,14600,0,0,1,0.34625906277972135,0.36822442400341193,11,6,2.848864755474949e-07,0.00029094591335371777,0.23918498423436996
large_emergency,74.15169953873965,10.153196427285737,8.820288948534724,35,12,30,20,0.75,200,800,16600,0,1,1,0.20866532052187484,0.7005788961053835,10,10,4.9698495861777616e-15,0.051412255612503864,0.2632783769456093
large_emergency,88.47987273506996,11.035992260900283,10.119937660927622,22,10,30,20,0.75,200,800,12400,0,0,1,0.36442689537737566,0.874312428590194,11,10,2.5544560575140973e-06,0.47349287313383664,0.6629228698556536
large_emergency,52.823471198524786,5.660052417293567,7.105304816677224,31,20,30,20,0.75,200,800,22200,0,1,1,0.30105426880528424,0.3717185438303795,13,9,8.352147855644077e-10,8.179247752602482e-06,0.3174249046779171
large_emergency,93.00614646421903,7.791705428287914,11.587489907116845,33,17,30,20,0.75,200,800,20200,0,1,1,0.3617138892906773,0.47214278811606275,14,10,1.9310756636446973e-08,0.00046170294108900255,0.21510329706696282
large_emergency,103.86555902148513,9.797325649431862,11.26942361922832,26,25,30,20,0.75,200,800,25200,0,1,1,0.4077469031934955,0.36866325210906353,13,11,3.0882943198411626e-06,8.364270185044547e-07,0.19080827769899877
large_emergency,90.42469036355584,7.738197099559723,14.755331460673855,17,15,30,20,0.75,200,800,15400,0,0,1,0.6873822629114711,0.4085514925212272,14,8,0.019685639672798995,0.00020517481631985828,0.21689199619836752
large_emergency,81.75620094355568,7.126898499644529,11.254515100754336,33,23,30,20,0.75,200,800,25000,0,1,1,0.34762114751273243,0.3158392343434022,14,9,7.929697999964602e-09,1.6146372234146828e-07,0.22916688753329065
large_emergency,71.74465856803374,11.909066762161018,12.886339446916368,33,20,30,20,0.75,200,800,22600,0,1,1,0.182556753277717,0.27837485914280274,8,7,6.896426140652499e-16,1.2344936868763841e-07,0.16157131595882185
large_emergency,79.60748070801745,8.95611617352548,7.826047698646478,30,13,30,20,0.75,200,800,16400,0,0,1,0.29628721187330176,0.782470615814708,11,12,1.0213523811851747e-09,0.11050559984177152,0.3499395609918308
large_emergency,56.96279197689755,10.577300486225885,8.736730087940886,18,22,30,20,0.75,200,800,21200,0,1,1,0.2991878275929793,0.2963600558869899,8,8,1.1755401501613127e-06,9.859970188647891e-08,0.20900265404089075
large_emergency,72.44324615353369,8.859881191682623,7.864529315306079,34,12,30,20,0.75,200,800,16400,0,1,1,0.24048671356883072,0.767615827651879,11,11,5.171732923521444e-13,0.10752073027644221,0.34754225217717083
large_emergency,78.50817094147345,7.219797705858573,7.993178239345864,12,18,30,20,0.75,200,800,16800,1,0,1,0.9061677134176864,0.5456609275687836,13,12,0.5858730834794956,0.001648009804790707,0.8511358101865409
large_emergency,83.62819464094687,11.414066277570232,10.478308193822116,27,23,30,20,0.75,200,800,23800,0,1,1,0.2713617099231211,0.3470033898023357,9,10,9.490482544982216e-10,7.537604379796142e-07,0.18304720452346812
large_emergency,93.96966761398507,9.288841816616019,9.953539785596242,29,16,30,20,0.75,200,800,18600,0,0,1,0.3488414842206838,0.5900518159753609,13,11,5.199352785013565e-08,0.005594010778260004,0.2137168814918042
large_emergency,60.124248057696974,6.553311942528899,8.303418403813426,36,18,30,20,0.75,200,800,21600,0,1,1,0.2548509847004477,0.4022723944238859,12,9,6.271622936454041e-13,5.211378870495488e-05,0.27307903851849025
large_emergency,63.77744438407674,8.999454436139327,11.35971916278158,30,24,30,20,0.75,200,800,25200,0,1,1,0.23622707663983167,0.23393126871566944,10,7,5.875631967609449e-12,4.012865710314612e-10,0.19914819254673477
large_emergency,94.64695730413186,10.177996706766777,14.120863662748734,22,23,30,20,0.75,200,800,22800,0,1,1,0.42268970474856193,0.29141879692779454,12,8,2.24482391940237e-05,4.146926801871494e-08,0.1690908495331584
large_emergency,80.9934223090776,8.966900313147761,7.381278343514905,14,22,30,20,0.75,200,800,20400,0,1,1,0.6451777368558183,0.49876444492866173,11,13,0.018385851912069113,0.0002129229082706292,0.26559792035675267
large_emergency,74.15161045745108,5.000060647587006,11.267602625191913,23,22,30,20,0.75,200,800,22200,0,1,1,0.6447887916966187,0.29913441751399633,19,8,0.004154049766543174,1.1476971088055413e-07,0.29290176235971666
large_emergency,110.98099053694916,7.84693841864369,11.508709260363052,28,11,30,20,0.75,200,800,14400,0,0,1,0.5051150644273992,0.8766561679207976,18,11,5.658527566226931e-05,0.43091795847840075,0.6453034980732866
large_emergency,54.79198601686061,9.696729072158444,6.388782603605233,32,17,30,20,0.75,200,800,20000,0,1,1,0.1765801179227704,0.5044870362583643,9,10,7.183959849374493e-16,0.000932244854616403,0.26058414696933435
large_emergency,101.51053088249719,10.994936618904582,11.82875641852397,14,15,30,20,0.75,200,800,14800,0,0,1,0.6594628470550514,0.5721115970316233,12,10,0.022116691642637683,0.005241655309990913,0.20284904392145559
large_emergency,103.95490126497944,9.614247455087845,8.596667646676744,16,24,30,20,0.75,200,800,22400,0,1,1,0.6757867799234684,0.503852701697567,13,14,0.019576061025947257,0.0001460418696589715,0.2400585472651937
large_emergency,111.64593159543344,6.220464853794689,14.542848380988781,25,12,30,20,0.75,200,800,14600,0,0,1,0.7179266130075519,0.6397527767060589,22,9,0.011473115894805716,0.02545908511903397,0.26645421117107887
large_emergency,65.50691125976627,7.473363669828339,8.915736591392442,37,13,30,20,0.75,200,800,17800,0,1,1,0.23690230253647362,0.5651796822590062,11,9,4.014855436958382e-14,0.0076097007333897244,0.25357948855203044
large_emergency,96.61843716685345,11.554383632511035,13.781390995261233,15,9,30,20,0.75,200,800,10200,0,0,1,0.5574705972487317,0.7789766585332025,10,9,0.004141777458751981,0.19475861937760416,0.3580092515881872
large_emergency,92.69953566367715,10.600341587030965,6.648478423722622,21,24,30,20,0.75,200,800,23400,0,1,1,0.4164265431250721,0.5809570861915396,11,16,2.6077387854904895e-05,0.0009802217501620205,0.2457532367768143
large_emergency,97.76465911946008,6.1190328966063605,7.51472251564414,29,16,30,20,0.75,200,800,18600,0,0,1,0.5509359402071569,0.813109357297739,19,15,0.00017744497493241075,0.11227647807441178,0.4089505532616161
large_emergency,99.6772680093014,9.16848905901783,11.895983726688964,12,17,30,20,0.75,200,800,16000,1,0,1,0.905976867868449,0.49288640949254714,13,10,0.584140687828165,0.0007301197179252164,0.7780020175025901
large_emergency,70.60538791251702,10.11200828715981,14.112681589215608,9,7,30,20,0.75,200,800,7400,0,0,1,0.7758145443128628,0.714710661027749,9,7,0.18879436386665177,0.16267290826912245,0.5212178518062704
large_emergency,63.052483614119154,6.774620054590926,14.089499714670108,21,10,30,20,0.75,200,800,12200,0,0,1,0.4431981713402909,0.4475139990135233,12,6,6.041326359720922e-05,0.003306445668272521,0.22195145383266618
large_emergency,106.46438757588658,9.250967012991769,13.728776412547859,28,17,30,20,0.75,200,800,19200,0,0,1,0.411016443031505,0.456166729334434,15,9,1.733468236265074e-06,0.0003179179612855374,0.18125616214618623
large_emergency,62.12620683693526,6.695199064312649,13.545285562759192,17,22,30,20,0.75,200,800,21000,0,1,1,0.5458363104680921,0.20847980498483715,12,6,0.002094607410791179,2.3478897281573876e-10,0.22528178892670908
large_emergency,70.68000121819449,11.911731426452805,14.659823124782411,12,13,30,20,0.75,200,800,12800,0,0,1,0.49447052579074063,0.3708723580326992,9,6,0.003427244203762715,0.00019123222567456888,0.15578297527703241
large_emergency,57.199707910468206,11.702108933574653,11.246156845291306,22,11,30,20,0.75,200,800,13200,0,0,1,0.22218103915811696,0.4623778165234638,7,7,7.295961433322318e-10,0.0028653612611190525,0.17723930912430352
large_emergency,72.41268486417181,5.22028387405631,14.598149313515378,21,24,30,20,0.75,200,800,23400,0,1,1,0.660543214116576,0.20668340471626914,16,7,0.007320482006675501,3.6839971800357596e-11,0.2673827797605846
large_emergency,68.91318448242347,6.895375864022509,10.186504320459989,26,18,30,20,0.75,200,800,19600,0,0,1,0.3843890670713369,0.37584142003786475,14,8,1.1317725053090146e-06,2.2631585850624497e-05,0.24321759383372493
large_emergency,91.79267013832091,5.276978261104464,12.138129678174735,20,20,30,20,0.75,200,800,20000,0,0,1,0.8697465253448745,0.37811702697233085,21,9,0.17119080962660202,1.0333980317640487e-05,0.4430885503980762
large_emergency,73.07143608292023,5.405169533328624,7.980304561695936,31,25,30,20,0.75,200,800,26200,0,1,1,0.4360905027889955,0.3662588840714191,16,11,1.9017021846757555e-06,7.484960065348387e-07,0.31031922400293777
large_emergency,64.46844727585224,10.30321490989072,11.120524333988875,15,10,30,20,0.75,200,800,11000,0,0,1,0.41714130226779883,0.579724888320331,9,7,0.0002537504584564575,0.020014641003945864,0.20724929338549644
large_emergency,51.56348806386613,7.959787841472049,10.995429205829161,8,11,30,20,0.75,200,800,10400,0,0,1,0.8097497240317495,0.426321677511482,9,6,0.3146773928944081,0.0015330603570636917,0.5327888241919378
large_emergency,77.40280412040565,5.4676977388732535,12.279188379648794,18,25,30,20,0.75,200,800,23600,0,1,1,0.7864655271439945,0.25214306264310116,17,8,0.0649074790278759,8.238431757551393e-10,0.32923842092256833
large_emergency,52.933958573335794,7.10322068607506,14.458526908296772,21,7,30,20,0.75,200,800,9800,0,0,1,0.3548622245272213,0.5230127612492664,10,5,2.701362401406019e-06,0.027791598920182493,0.23773884898698622
large_emergency,103.26892614986676,5.2746433235262415,12.713871837273688,32,17,30,20,0.75,200,800,20000,0,1,1,0.611824107194019,0.47779644096213153,22,10,0.0005375603925380988,0.0005246102148494424,0.26930269521945244
large_emergency,77.1150623815609,10.477503681941553,9.859231767835913,13,21,30,20,0.75,200,800,19400,0,1,1,0.5661585102306983,0.3724576025966988,11,9,0.007718375583217679,5.45112902045158e-06,0.20459418924156758
large_emergency,57.99906342568331,8.345799671583666,13.063709667707174,19,12,30,20,0.75,200,800,13400,0,0,1,0.36576270767149066,0.36997571198487134,9,6,1.024773256640489e-05,0.0003032642460935294,0.19668219996911773
large_emergency,106.90755523081023,10.368254502987282,9.457073964860907,30,24,30,20,0.75,200,800,25200,0,1,1,0.34370155297920274,0.4710211091191293,13,13,2.4325834688163662e-08,5.607160649148551e-05,0.20224529726209048
large_emergency,86.14510493801706,7.935263244794225,14.554225339643217,12,8,30,20,0.75,200,800,8800,1,0,1,0.9046654815823835,0.7398633637972862,13,8,0.5724318675026107,0.162567498263535,0.9297276988668682
large_emergency,106.23557647565887,6.923417614320149,13.204980610695205,37,20,30,20,0.75,200,800,23400,0,1,1,0.4147130733094413,0.40225570793195536,18,10,9.429142827356505e-08,2.379602305410581e-05,0.22019022862627693
large_emergency,67.34920154744174,8.00575953328314,14.213407742970983,32,24,30,20,0.75,200,800,25600,0,1,1,0.26289355052542257,0.1974344774940532,11,6,1.9223479160939434e-11,1.497858768488534e-11,0.19526617653678513
large_emergency,107.73548488724175,9.709854019649793,14.156339905077532,15,14,30,20,0.75,200,800,14200,0,0,1,0.7396986241620651,0.5436003818260945,14,9,0.05128707553667564,0.004245482237675559,0.2291604458149005
large_emergency,72.78624989633703,11.909288528817259,12.191629950954272,14,7,30,20,0.75,200,800,8400,1,0,1,0.43655150659572495,0.8528831453470122,8,8,0.0005802489861278638,0.5862731324183651,0.752844940620367
large_emergency,59.93498147876963,5.554858044462771,7.541176109716348,29,20,30,20,0.75,200,800,21800,0,0,1,0.37205694236022513,0.39738484161341253,13,10,1.8473597843938367e-07,2.0227654050952563e-05,0.31264832514498686
large_emergency,88.33130240951596,9.884259440688805,14.663589598908363,34,10,30,20,0.75,200,800,14800,0,1,1,0.2628400739804718,0.6023852605373777,11,8,5.271451085439137e-12,0.02602238563641557,0.19538946970608012
large_emergency,63.03965700688196,5.098666253480975,7.997425464228643,37,17,30,20,0.75,200,800,21000,0,1,1,0.33416082343815057,0.46367610859747344,15,10,4.858987055724262e-10,0.00037973457706854194,0.3215496981412616
large_emergency,74.43310311602146,9.43430576955673,10.740907908719603,10,23,30,20,0.75,200,800,20400,0,1,1,0.7889621656763272,0.30129872652407935,10,9,0.1824262944585459,7.315905421175556e-08,0.3815245073756247
large_emergency,52.55083023820862,5.998647051620691,13.41401830988281,29,16,30,20,0.75,200,800,18600,0,0,1,0.3020843831662677,0.24485033597041012,14,5,2.7046146668792462e-09,3.207235950344605e-07,0.24125345739164566
large_emergency,83.05079569772707,8.687289281037279,13.93141491091843,22,19,30,20,0.75,200,800,19600,0,0,1,0.4345470774547244,0.313758117058228,11,8,3.3131984302047785e-05,1.2758952175061764e-06,0.18692533165347514
large_emergency,50.81136388041105,10.740927747797901,14.878562728417865,15,20,30,20,0.75,200,800,19000,0,0,1,0.315375388256248,0.17075360304581705,7,5,1.2758540718066183e-05,4.5743426337345885e-11,0.16032537888792944
large_emergency,68.74984197912357,11.959050861859115,13.258462657849877,17,19,30,20,0.75,200,800,18600,0,0,1,0.33816298621247504,0.2729134462358657,8,7,9.842242916039307e-06,1.7450200095009214e-07,0.15905221857883184
large_emergency,99.73382600356351,11.650877107883884,6.393124510255044,14,25,30,20,0.75,200,800,22800,0,1,1,0.6114427822536816,0.6240067800561875,13,17,0.011673905526854595,0.0020570253863259388,0.2559794179219209
large_emergency,85.3093101877639,11.458418230051013,12.768400500327575,16,23,30,20,0.75,200,800,21600,0,1,1,0.465320062480518,0.29049060944251387,10,8,0.0005438696358143009,3.926405313713831e-08,0.16613433491285715
large_emergency,51.7615852484043,8.15018095293365,9.441325481323522,16,11,30,20,0.75,200,800,12000,0,0,1,0.39693585905731305,0.4984044526644363,9,7,0.00010040679294775978,0.005047617763118325,0.23376201826273307
large_emergency,65.31739358615101,6.066360239615874,14.016064895975983,15,13,30,20,0.75,200,800,13400,0,0,1,0.717809812431965,0.3584754300534736,14,6,0.03919252477345092,0.00013888920628995878,0.27552160667055314
large_emergency,60.723601317903174,10.714157247179676,11.657652888266089,35,11,30,20,0.75,200,800,15800,0,1,1,0.16193154511625968,0.47353677841043723,8,7,3.1820997460101352e-18,0.0034343542160568,0.18254936725098314
large_emergency,85.13515201743553,11.674192606600517,10.431027736586444,23,14,30,20,0.75,200,800,15800,0,0,1,0.31706932319168113,0.5829801665305241,9,10,1.7225758652401184e-07,0.007775057843502806,0.18930208943730084
large_emergency,74.81568293417371,10.581200510140043,8.224135222655002,9,18,30,20,0.75,200,800,16200,0,0,1,0.7856248117958228,0.5053937851394539,9,11,0.20798151856621938,0.0007228762759637285,0.42480496098815645
large_emergency,109.17948742924114,8.501145021192086,14.731680914353426,32,13,30,20,0.75,200,800,16800,0,1,1,0.4013411103631958,0.5700925888069462,15,9,2.629953242415361e-07,0.008168575064364221,0.19368096733433077
large_emergency,78.14009270269797,10.60029335352613,8.9796613911206,18,13,30,20,0.75,200,800,14000,0,0,1,0.4095279363015883,0.6693767281347226,11,10,6.465140313772504e-05,0.029960276734347167,0.23572471378190363
large_emergency,80.18108276468624,7.478271740961626,13.673258490003548,14,19,30,20,0.75,200,800,18000,0,0,1,0.7658480991145594,0.308635793779539,15,7,0.08001257059307179,1.0134402858180873e-06,0.2868697762612823
large_emergency,75.76903630954148,9.762738693482078,13.03606899685703,17,17,30,20,0.75,200,800,17000,0,0,1,0.45653195028471066,0.3418977098794088,11,7,0.000320708139079263,1.1259722093605523e-05,0.17947248335273347
large_emergency,78.41547961740503,6.746312235058202,7.943103307546956,18,12,30,20,0.75,200,800,13200,0,0,1,0.6457476888872007,0.822678876056125,14,12,0.009197319358847727,0.19859485006474398,0.4819166792464197
large_emergency,104.6056949649191,7.246202730589825,14.687084259271503,17,11,30,20,0.75,200,800,12200,0,0,1,0.8491725118910856,0.6474810428878244,17,9,0.16296621470332015,0.034355579756758466,0.4034121433760182
large_emergency,55.958436643312524,11.778534608083763,12.08156437939331,34,13,30,20,0.75,200,800,17200,0,1,1,0.13973184497268223,0.35628623837410794,7,6,1.1916073853185966e-19,0.00013106491826059657,0.16780200768852999
large_emergency,107.85575885785582,8.558487855045986,9.924093146014474,18,18,30,20,0.75,200,800,18000,0,0,1,0.7001221132400633,0.6037817778464323,15,13,0.020385545636501974,0.0046923818163187095,0.24268587243505035
large_emergency,50.32500059574755,9.253328866711133,13.417543856974207,9,22,30,20,0.75,200,800,19400,0,1,1,0.604287042361249,0.1704857499601487,8,5,0.03449340572360835,5.897900056910184e-12,0.21709191087787982
large_emergency,75.17962049698674,6.026257861174548,11.105474950276395,26,10,30,20,0.75,200,800,13200,0,0,1,0.4798207995542276,0.6769599754499077,18,8,4.2313531953766084e-05,0.05830862619928924,0.31433707554421036
large_emergency,56.08740596358631,5.590283101858082,14.914986908840769,31,7,30,20,0.75,200,800,11800,0,1,1,0.3236457129540232,0.5372104323790766,13,5,4.172172020423987e-09,0.03214634358333112,0.2780748212025265
large_emergency,56.43803958111547,9.561626828681858,10.011314689454847,30,14,30,20,0.75,200,800,17200,0,0,1,0.19675187285012766,0.4026732418824571,8,7,7.199055789285279e-14,0.00026779880701742606,0.2047394930315568
large_emergency,104.49980654777929,6.761918480404237,12.76717442045997,24,16,30,20,0.75,200,800,17600,0,0,1,0.6439235579038174,0.5115648689477919,18,10,0.003529308531704669,0.0014151877533560531,0.23115738675627892
large_emergency,100.4668576280915,8.109803670043494,8.416724952498269,30,20,30,20,0.75,200,800,22000,0,0,1,0.41294406011825885,0.5968286845245592,15,14,9.376785861745195e-07,0.002846320888616526,0.24496586432757114
large_emergency,57.893715071058,11.867114925356333,12.126990350888086,17,8,30,20,0.75,200,800,9800,0,0,1,0.2869705629935533,0.5967444662271286,7,6,1.2428783516248208e-06,0.042209290358219735,0.2089377036878049
large_emergency,63.40877590986803,10.645605699787978,7.853814223927972,19,21,30,20,0.75,200,800,20600,0,1,1,0.313491227213373,0.384458485192865,8,10,1.2608329637979704e-06,8.571002845881567e-06,0.2212719726796425
large_emergency,105.21309261838272,7.223794821375394,8.17257335275613,18,24,30,20,0.75,200,800,22800,0,1,1,0.8091552925667767,0.5364135223847033,17,15,0.08738388336841563,0.00034409751100360187,0.3485198568768062
large_emergency,52.45528768478035,5.981861057079709,12.705394199850236,21,23,30,20,0.75,200,800,22600,0,1,1,0.41757419945020186,0.179503653808227,11,6,2.7077411391572753e-05,5.8617748972440345e-12,0.24590585904836904
large_emergency,76.54759070746407,8.554029402654404,13.317552896807046,13,23,30,20,0.75,200,800,21000,0,1,1,0.6883628674971907,0.24990748251608388,12,7,0.03758583557672209,2.805059856966327e-09,0.22957867890759567
large_emergency,83.50299930788954,10.747326220556458,13.05135349029188,32,12,30,20,0.75,200,800,16000,0,1,1,0.2428016675794586,0.5331694740191916,10,8,2.7214100685395775e-12,0.00622568445015432,0.1758924888575216
large_emergency,82.78287371311191,6.517094032484408,14.769755100025693,20,8,30,20,0.75,200,800,10400,0,0,1,0.6351210623974526,0.7006114281557037,16,7,0.005586508779769795,0.11338673051637939,0.3401217915515295
large_emergency,71.03294641862071,5.252297021837748,14.459217186162459,18,12,30,20,0.75,200,800,13200,0,0,1,0.7513426572463157,0.4093867686845891,16,7,0.04090014104829445,0.0007243761990225179,0.3011774428150461
large_emergency,59.847827538948906,6.906645096930697,6.387940207013157,34,14,30,20,0.75,200,800,18000,0,1,1,0.2548603840258181,0.6692055162816635,12,11,2.372313563984066e-12,0.02503050935563692,0.3263635907147972
large_emergency,106.4981851928585,11.498655275881223,14.547613844537834,30,13,30,20,0.75,200,800,16400,0,0,1,0.3087264920337878,0.5631279589425069,11,9,2.5028053404068847e-09,0.007386120692767358,0.16309260962289449
large_emergency,95.53474892199768,7.32867894545643,8.205243292570554,34,17,30,20,0.75,200,800,20400,0,1,1,0.38340410017160964,0.684890247940246,18,13,4.694812925480106e-08,0.019019228517216335,0.27734280590104854
large_emergency,63.48239089163137,6.969559764644877,10.702604521691228,31,8,30,20,0.75,200,800,12600,0,1,1,0.29382330163929804,0.7414362406245376,11,8,4.818307965708007e-10,0.16493779056378113,0.40185407703567233
large_emergency,57.647815622944194,8.072519005880087,7.728395453893641,22,23,30,20,0.75,200,800,22800,0,1,1,0.32460193078265714,0.3243139900342707,10,9,4.259042451637952e-07,2.5046089473868583e-07,0.2532707108015463
large_emergency,112.08788177018695,5.061290843953812,9.634308368205538,36,24,30,20,0.75,200,800,26400,0,1,1,0.6151696014690625,0.4847601123609257,25,14,0.00032751377653296226,8.473530057947328e-05,0.30178602665289084
large_emergency,94.9895988600691,5.611882627887942,9.740089229176977,35,22,30,20,0.75,200,800,24600,0,1,1,0.48361462967384605,0.443292554873123,19,12,4.618710060763009e-06,4.371232550627016e-05,0.28091011554625395
large_emergency,71.21170639535238,9.936540714643172,7.361744537975795,19,18,30,20,0.75,200,800,18200,0,0,1,0.37719208875182497,0.5374005971607266,11,11,1.5346563883889982e-05,0.0014019637506652027,0.23789332370603278
large_emergency,106.9340837557346,11.544925195291652,14.68608680513936,32,13,30,20,0.75,200,800,16800,0,1,1,0.28945099780547234,0.5601014660734922,11,9,1.9233931699713446e-10,0.007066517536319185,0.1617763203255626
large_emergency,72.82401042845812,6.118994575428024,7.670894953525314,13,19,30,20,0.75,200,800,17800,1,0,1,0.9154848704279804,0.4996604278054824,16,11,0.6173901662274618,0.000484857723157845,0.911663450569696
large_emergency,58.44586097064339,10.123650770677873,6.300287489927993,12,14,30,20,0.75,200,800,13600,0,0,1,0.48110000280997023,0.6626212473192504,8,11,0.0027498277754516675,0.023026460655037818,0.2832777991661859
large_emergency,53.757104884656705,7.024305675522547,12.590251160016525,11,15,30,20,0.75,200,800,14200,0,0,1,0.6957284834568707,0.2846493645568976,10,6,0.05837463799868411,3.9816956198066115e-06,0.28016797780726327
large_emergency,82.40162671326442,10.840762099216313,14.756273416091625,34,14,30,20,0.75,200,800,18000,0,1,1,0.22356152031485732,0.39886970873692446,10,7,7.358905522858881e-14,0.0002441873744924485,0.16025641211987704
large_emergency,56.37269423671043,8.47166467803795,8.160842508021812,8,10,30,20,0.75,200,800,9600,0,0,1,0.8317830140109846,0.69077052009395,9,9,0.39313546400372595,0.06724406564562675,0.7009564525134669
large_emergency,97.0194435801747,7.496072503957658,10.363047945138957,25,22,30,20,0.75,200,800,22600,0,1,1,0.517708138649683,0.42554803678760994,16,11,0.0001676543554340003,2.4693076493323034e-05,0.23009224638504122
large_emergency,71.71265976128151,11.287049178472842,9.105224726426712,20,18,30,20,0.75,200,800,18400,0,0,1,0.31767674007328267,0.43755500529727603,8,10,8.828116154690754e-07,0.00014163908349298812,0.19856669057305373
large_emergency,72.19079468767474,9.299288761511594,12.43281484438354,21,9,30,20,0.75,200,800,11400,0,0,1,0.36966879705007505,0.6451635860534972,11,7,4.892428763752703e-06,0.05267850140575425,0.24065080811829231
large_emergency,62.796903026065436,10.09574601180497,11.118733735441165,13,7,30,20,0.75,200,800,8200,0,0,1,0.47847192236776626,0.8068352350219159,9,7,0.0018824957612911405,0.3700777377335506,0.5609501528067586
large_emergency,56.98980896421877,11.180667136906212,13.772944237834476,33,10,30,20,0.75,200,800,14600,0,1,1,0.15445982666867009,0.4137808734291317,7,6,6.557377053224453e-18,0.0018810262458695778,0.16392724437156364
large_emergency,86.10347051575881,9.591970696851229,9.23278670122354,35,15,30,20,0.75,200,800,19000,0,1,1,0.2564748408166728,0.6217225149321983,11,11,1.443976585876753e-12,0.011028831625709506,0.22359235598842497
large_emergency,99.70680661457772,9.817998611774701,9.46798727842255,35,15,30,20,0.75,200,800,19000,0,1,1,0.2901574970541482,0.7020626713473275,13,12,3.659794795714461e-11,0.03219354053299389,0.23966636182912476
large_emergency,60.787974867774054,10.092855058260747,6.037593549996498,34,16,30,20,0.75,200,800,19600,0,1,1,0.17714329626627545,0.6292653517953493,8,12,1.1623359419930247e-16,0.010175948978714001,0.2748848447229849
large_emergency,52.95554890143101,7.565889004195277,12.127645739356383,21,16,30,20,0.75,200,800,17000,0,0,1,0.3332976208654095,0.2729071971156609,9,6,1.0663962058782035e-06,1.2528142027178176e-06,0.21463072790049464
large_emergency,85.44875520569623,10.204724215207179,8.965037945101672,14,19,30,20,0.75,200,800,18000,0,0,1,0.5981036220064742,0.5016490653026406,11,11,0.009677292597502498,0.0005074951348922729,0.2197230414581463
large_emergency,59.211803390837744,8.433600496696293,9.727671554938027,15,14,30,20,0.75,200,800,14200,0,0,1,0.4680626691927754,0.4347817978876988,9,8,0.000798438797791785,0.0005584172239532349,0.22272969822009103
large_emergency,54.635083686173026,11.561401437744934,7.65643002230117,10,19,30,20,0.75,200,800,17200,0,0,1,0.4725645414214565,0.3755706918171041,7,9,0.004863817830225835,1.4507260339948694e-05,0.2219822033764049
large_emergency,80.84612658249958,11.519997908423335,8.40170315758433,29,19,30,20,0.75,200,800,21000,0,0,1,0.24199635195451194,0.5064519912221213,10,11,2.1080725619089124e-11,0.0005660017991920838,0.206395059356138
large_emergency,86.4510367401862,8.671446636107717,14.354090647956907,28,9,30,20,0.75,200,800,12800,0,0,1,0.3560578939134312,0.6691939590249698,12,8,1.214110663464777e-07,0.066982417720081,0.2519701027720916
large_emergency,93.40197574477833,5.735580453988686,9.96320354973662,34,11,30,20,0.75,200,800,15600,0,1,1,0.47896057874308556,0.8522448288527861,19,11,4.9289133388233705e-06,0.31804849709128397,0.5927730193541249
large_emergency,84.58677772327556,6.070059327196097,11.333636495402398,16,18,30,20,0.75,200,800,17600,0,0,1,0.8709426585039262,0.4146299760873015,17,9,0.2400843145212628,7.499247650304126e-05,0.493135276547509
large_emergency,68.27314543727398,8.135970238220832,14.788607476101443,11,7,30,20,0.75,200,800,7800,0,0,1,0.7628653256435697,0.6595148668865946,11,6,0.11879922302559223,0.1006558076183415,0.40998562018937446
large_emergency,72.40530796083854,7.225424502983205,6.084264007145315,30,14,30,20,0.75,200,800,17200,0,0,1,0.33403023785866204,0.8500301277878038,13,14,1.3412078882861865e-08,0.219827597744976,0.5225862008538985
large_emergency,56.62248731212642,11.26574207066448,14.647755069204257,35,18,30,20,0.75,200,800,21400,0,1,1,0.14360220051439715,0.21475603085254685,8,5,8.641130873970578e-20,1.0951825556024311e-08,0.1570345390243053
large_emergency,95.34106466321668,6.1886491774890136,13.02097977742637,29,9,30,20,0.75,200,800,13000,0,0,1,0.5312343332337974,0.8135679350037454,18,9,0.0001003000003926182,0.2757414429674393,0.5142270301376157
large_emergency,90.33405512926477,10.26331886882468,13.277304205563995,10,25,30,20,0.75,200,800,22000,0,1,1,0.8801641679833095,0.27214577215579444,12,8,0.5102567032057964,3.5569710367512763e-09,0.6830075697833343
large_emergency,57.32163214588917,7.759368565680726,9.225353168841774,10,8,30,20,0.75,200,800,8400,0,0,1,0.7387409382693806,0.7766861481722248,10,8,0.10946123612634137,0.22889681085847188,0.5756314472511558
large_emergency,70.05069039951641,5.641935292248658,7.954142325143758,31,18,30,20,0.75,200,800,20600,0,1,1,0.4005185407587955,0.48926771273545444,15,11,3.6253176684240863e-07,0.0005056330456464455,0.303470798232768
large_emergency,57.685523084805396,8.586086425535548,6.8348417500216705,27,24,30,20,0.75,200,800,24600,0,1,1,0.2488329081615936,0.35166336687448113,9,10,1.580194302350706e-10,5.89103669574467e-07,0.26277725340089936
large_emergency,83.06371667769669,6.690742343301764,7.616304537113289,30,20,30,20,0.75,200,800,22000,0,0,1,0.4138241190374211,0.5453019654934863,15,13,9.76400963495624e-07,0.001032593458760217,0.2817910872662881
large_emergency,70.45845723179728,8.680834265618675,14.277003701194221,27,12,30,20,0.75,200,800,15000,0,0,1,0.30061309895087424,0.41125842827642045,13,6,7.417865150297803e-09,0.0007528904695459977,0.18599190713867464
large_emergency,74.55587333298375,7.234164688447052,14.94529342028714,22,7,30,20,0.75,200,800,10000,0,0,1,0.46845813984985935,0.7126550645778138,12,7,9.287331890374455e-05,0.15980108962624606,0.3650376202453882
large_emergency,57.74937326474769,6.8258676235124405,6.843627246767353,30,14,30,20,0.75,200,800,17200,0,0,1,0.28201237044124966,0.6027439959043244,11,10,3.4227459845800145e-10,0.010335590328425574,0.302958455657075
large_emergency,103.57074457832408,10.22817282804074,8.979676332864601,15,14,30,20,0.75,200,800,14200,0,0,1,0.6750684038396562,0.8238504432445557,13,13,0.02278538230664066,0.15890632060194318,0.3908234645001844
large_emergency,53.097509164720385,6.236673348225219,10.749931198251783,19,8,30,20,0.75,200,800,10200,0,0,1,0.44809237063968804,0.6174168488324303,11,7,0.00013403163141776175,0.05179036765178647,0.3052901417529501
large_emergency,114.24873419457063,5.366138289669343,12.575006136681193,23,21,30,20,0.75,200,800,21400,0,1,1,0.9256817475039841,0.43263723730181913,24,11,0.3677668016930806,4.377027366284236e-05,0.633687147231009
large_emergency,82.66388138999298,5.308184507893106,9.361627229186137,24,25,30,20,0.75,200,800,24800,0,1,1,0.6488712640127896,0.35320304629211113,18,11,0.003871362479710345,4.019168187871523e-07,0.29907912803919345
large_emergency,94.51508969039298,7.989367221051974,13.5771678504947,30,11,30,20,0.75,200,800,14800,0,0,1,0.39433698596031413,0.6328478056365596,14,9,3.860718883660465e-07,0.029079278207712996,0.22789908562668437
large_emergency,89.40101226882203,9.312673056779545,9.739939661861243,31,24,30,20,0.75,200,800,25400,0,1,1,0.3096751710268028,0.3824502314376506,12,11,1.5726181039457226e-09,2.324353092692872e-06,0.21005292132465633
large_emergency,69.28113073191747,5.135756491648461,7.360386866590728,22,19,30,20,0.75,200,800,19600,0,0,1,0.6131798326336625,0.49540538666941547,17,11,0.002705218705932144,0.0004393549308292637,0.33372027906629653
large_emergency,50.426911763133084,11.952691544599219,13.77331246826602,30,14,30,20,0.75,200,800,17200,0,0,1,0.1406291672883176,0.26151459767533186,6,5,1.427325771981319e-17,3.0024386586351897e-06,0.15627034284448674
large_emergency,92.40356652030445,6.605819569971299,11.896050626928755,18,11,30,20,0.75,200,800,12400,0,0,1,0.7771225688158708,0.7061439542046843,19,9,0.0574347119909358,0.06525827356872421,0.35813616761645495
large_emergency,110.14025718558102,10.346364951521103,6.22912694894017,30,21,30,20,0.75,200,800,22800,0,1,1,0.3548436502470639,0.8419758008924004,13,20,4.692867767726908e-08,0.10584342238251553,0.36303191293742365
large_emergency,59.82649641753989,8.782082586926617,14.903189556587149,36,7,30,20,0.75,200,800,12800,0,1,1,0.18923155256856022,0.5734773964265428,9,6,1.2458527243153223e-16,0.04593013841401415,0.22689807596283268
large_emergency,66.66357900488441,6.858004295647085,12.509214844808213,37,21,30,20,0.75,200,800,24200,0,1,1,0.2627175886470281,0.25376941578449674,12,7,7.59931426887438e-13,1.4760360791576728e-08,0.225756098308807
large_emergency,98.03977306174804,11.12441395011706,9.137133607111139,33,15,30,20,0.75,200,800,18600,0,1,1,0.2670614584565241,0.7153211446636235,13,12,1.4939839300671855e-11,0.03800052755488072,0.23733641634947988
large_emergency,69.62169837841104,8.664086185601036,9.478268229601296,11,25,30,20,0.75,200,800,22200,0,1,1,0.7305150446964547,0.2938161136270763,10,9,0.08449535919539135,1.492455004812751e-08,0.30541886048389105
large_emergency,82.59263108717433,10.82038802509165,13.227082404856745,35,25,30,20,0.75,200,800,27000,0,1,1,0.21808732313123902,0.24976825140772635,10,8,1.7172553615746615e-14,6.856936908089937e-10,0.1680205905630262
large_emergency,63.240589811982424,6.143796193180039,7.4822538760715105,15,21,30,20,0.75,200,800,19800,0,1,1,0.6862270798433825,0.40247988207726876,14,10,0.02632303389510885,1.6303096194678213e-05,0.322754721114138
large_emergency,88.28211918996936,11.172659733570699,6.504515057223289,16,23,30,20,0.75,200,800,21600,0,1,1,0.49385129243613785,0.5901059455611578,12,15,0.0009959394463112136,0.0014338947299484834,0.24567339950884998
large_emergency,88.33053828134305,8.582502407028706,8.215647666412915,29,24,30,20,0.75,200,800,25000,0,1,1,0.3548942354967116,0.4479791788177912,12,13,7.319527308936756e-08,2.68599341653087e-05,0.23826201615367903
large_emergency,95.56920704731716,10.03612249088729,9.924459147576842,24,12,30,20,0.75,200,800,14400,0,0,1,0.39677179082398417,0.8024720006249354,13,11,4.174344812893218e-06,0.15798637674727378,0.35839178470065297
large_emergency,55.46095809793568,5.178194677419203,12.58674359304561,24,21,30,20,0.75,200,800,21600,0,1,1,0.44627006090709315,0.20982377094920723,13,6,2.5374220783520004e-05,6.108169551715438e-10,0.27259153975449335
large_emergency,63.7009575569505,5.283781626557397,7.459055697857927,21,11,30,20,0.75,200,800,13000,0,0,1,0.5740924106395611,0.7763712158905045,16,10,0.0015121526338762322,0.13703318960506103,0.4618689591533751
large_emergency,83.8874430530137,9.027639074881506,14.876929235617732,12,8,30,20,0.75,200,800,8800,0,0,1,0.7743575254208492,0.7048450802953159,12,7,0.11576559961416599,0.11788386132535121,0.4116385663885515
large_emergency,68.63418573926916,7.506456712622247,13.787720184437436,36,17,30,20,0.75,200,800,20800,0,1,1,0.2539820360541505,0.29281889895353647,11,7,5.708919751673421e-13,1.6119579167306546e-06,0.20574856485167287
large_emergency,93.95170656917026,8.03002139522459,7.642422376348182,21,17,30,20,0.75,200,800,17800,0,0,1,0.5571455627339555,0.7231438806314527,15,14,0.0010645949709134337,0.03187127605944789,0.28831710532952737
large_emergency,112.4002255849625,7.741236315881041,10.565673388366921,37,12,30,20,0.75,200,800,17000,0,1,1,0.3924236143646229,0.8865204441892462,18,12,2.584932294733439e-08,0.43935617648403164,0.6631806558060509
large_emergency,54.39037249929221,7.571855994361835,8.905350256663727,21,16,30,20,0.75,200,800,17000,0,0,1,0.3420585045450041,0.38172538791071686,9,8,1.5708648798752506e-06,6.521093996391856e-05,0.2444268439130691
large_emergency,99.86619678317027,9.427684667347167,11.222567074294776,16,12,30,20,0.75,200,800,12800,0,0,1,0.6620541012117306,0.7415578815586765,13,11,0.01622411839438835,0.08085355270990136,0.2922544258615769
large_emergency,62.793740260661735,10.289512399493695,7.152193001526323,20,20,30,20,0.75,200,800,20000,0,0,1,0.305134674135538,0.43898242292441747,11,10,4.887750950469457e-07,7.438101783971064e-05,0.2370784609060193
large_emergency,57.340285419741086,6.439187657541327,11.703338431277082,12,15,30,20,0.75,200,800,14400,0,0,1,0.7420745243719571,0.3266320731555799,11,7,0.08131225449682299,1.8851014000095787e-05,0.3220759027985712
large_emergency,73.45361223212662,9.79580455332422,9.310359147390558,30,19,30,20,0.75,200,800,21200,0,0,1,0.24994922343974296,0.41523420632469243,9,10,2.196249526096185e-11,5.2446693843236716e-05,0.20954420832901044
large_emergency,51.541243934014936,5.614140305458428,8.226112060544793,30,21,30,20,0.75,200,800,22800,0,1,1,0.3060204004514768,0.2983602619529915,12,8,2.06816478635206e-09,1.9600793272692308e-07,0.2996859707813878
large_emergency,97.17413015907198,8.94489303278278,14.114909762446917,23,19,30,20,0.75,200,800,19800,0,0,1,0.47233233145939807,0.36234223166740465,16,8,7.77050423484491e-05,9.050066454372868e-06,0.18272946048927297
large_emergency,86.70366959281641,9.012970197838625,9.487708798181915,25,23,30,20,0.75,200,800,23400,0,1,1,0.3847951016796154,0.3973271993368342,12,11,1.7169324274755449e-06,6.265458459885058e-06,0.21635872296313813
large_emergency,52.911225954257304,9.061732496597639,12.867836033684844,19,20,30,20,0.75,200,800,19800,0,0,1,0.3073144530650333,0.20559488718906843,8,6,9.54201427438408e-07,1.0181996520496776e-09,0.1880682731196075
large_emergency,55.426675474804036,10.188090273666706,6.518212388370209,36,20,30,20,0.75,200,800,23200,0,1,1,0.15112055674257366,0.4251677620515732,8,10,1.365520739198371e-19,4.9271602311840157e-05,0.2516193894980292
large_emergency,58.10639096379315,10.883398994083892,10.564005271696189,23,15,30,20,0.75,200,800,16600,0,0,1,0.2321301301078875,0.3666941939119487,7,7,7.380271787293271e-10,6.6267311917271e-05,0.18661039377124106
large_emergency,55.94143372278411,6.473364408513335,11.219038660654988,19,9,30,20,0.75,200,800,11000,0,0,1,0.4548308730368342,0.5540327514767864,11,7,0.00016048386444122108,0.01977712161598475,0.26355097832539853
large_emergency,57.51388855878784,10.938720552581382,9.506024042374442,17,9,30,20,0.75,200,800,10600,0,0,1,0.30928387821594316,0.6722507784118036,7,8,3.2370061442821136e-06,0.06903629930370032,0.2656543578554041
large_emergency,64.41107712403324,5.088076930409177,10.791249405359327,23,16,30,20,0.75,200,800,17400,0,0,1,0.5504008002220183,0.37305155029155124,15,8,0.0005989988391969837,5.044056608688616e-05,0.28985502393386015
large_emergency,55.55162976866197,6.430778142570077,13.19779843941596,13,24,30,20,0.75,200,800,21800,0,1,1,0.6644922581933884,0.17538161769830343,11,6,0.02823825219466641,1.4036218940563274e-12,0.25951064212910047
large_emergency,97.53558052414405,10.77891964065376,9.051658194203442,16,25,30,20,0.75,200,800,23200,0,1,1,0.5655458975468596,0.43101751494153634,14,12,0.00374634295597976,1.0773915303851743e-05,0.20700778834681624
large_emergency,58.25117057552825,5.76640194560166,11.292789700404494,21,9,30,20,0.75,200,800,11400,0,0,1,0.48103918035355114,0.5731402477049558,12,7,0.00017552628277827927,0.024569298475537658,0.2867152687167426
large_emergency,84.79937077524974,11.403870587123297,13.449962389935791,21,25,30,20,0.75,200,800,24200,0,1,1,0.35409602767427767,0.2521921424514989,9,8,2.617138616173467e-06,8.269549728622088e-10,0.16204179369089167
large_emergency,57.17945006473184,6.945212062569314,8.294348382081596,18,21,30,20,0.75,200,800,20400,0,1,1,0.4573850425428419,0.3282754509499014,10,9,0.00023648358967796475,8.486592924523782e-07,0.26478543858078013
large_emergency,96.72116943856338,8.422604144246701,7.129782857106354,20,25,30,20,0.75,200,800,24000,0,1,1,0.5741761561038785,0.5426317820726337,16,15,0.0018532163682829258,0.0003238464353719407,0.26116191399287225
large_emergency,55.36701967494155,6.850785261949284,12.926718469394876,36,15,30,20,0.75,200,800,19200,0,1,1,0.2244958366000178,0.28554305206964814,10,6,1.7967170256293486e-14,4.1281233506922145e-06,0.22333194983455984
large_emergency,60.88250620250897,7.108095524416761,14.0666807337634,30,22,30,20,0.75,200,800,23600,0,1,1,0.28550782223533566,0.19673345104977036,11,6,4.503680198607595e-10,8.241863544208256e-11,0.21177463653855083
large_emergency,64.83866608224892,6.2366655972234915,8.76581135987858,23,12,30,20,0.75,200,800,14200,0,0,1,0.4520159682144374,0.6163972679416166,13,9,4.182366324092303e-05,0.019137234702832746,0.29360071999712223
large_emergency,88.68913779571233,8.829237790123237,12.958737007154156,13,8,30,20,0.75,200,800,9000,1,0,1,0.7726874653362036,0.8554955794182483,14,8,0.09888943916389929,0.5069588500915192,0.7962763631376873
large_emergency,60.36404759330965,7.322430160589374,6.425746835894245,32,11,30,20,0.75,200,800,15200,0,1,1,0.2576161801369908,0.8540082313306987,11,11,1.1726267914305792e-11,0.32483627621013467,0.6170268931906318
large_emergency,57.17198541246218,8.044834553548245,12.6263900832149,35,10,30,20,0.75,200,800,15000,0,1,1,0.2030477179643746,0.45279755366076246,9,6,2.2948935787982736e-15,0.003594653437536409,0.20709721822383437
large_emergency,58.25964918297173,8.132456914312414,14.907478005857882,13,12,30,20,0.75,200,800,12200,0,0,1,0.5510648900858166,0.325673515221011,11,5,0.0061811348238111205,9.750592077251899e-05,0.19632313824910824
large_emergency,56.414483094915845,8.623316319200683,13.468228994571433,13,6,30,20,0.75,200,800,7400,0,0,1,0.5032374392927385,0.6981180564231884,8,6,0.002895705436770334,0.18382452496518548,0.3769337085843307
large_emergency,92.95795391849964,11.38653630888958,7.210888857342719,17,17,30,20,0.75,200,800,17000,0,0,1,0.48022636454540796,0.7583135788889948,10,15,0.000553848011546417,0.05033310409182599,0.27738913024774997
large_emergency,61.95139970628356,7.120201693706242,6.277817786102091,14,23,30,20,0.75,200,800,21200,0,1,1,0.6214852007537556,0.4290565940966768,11,12,0.013402515181723251,1.9697585224773008e-05,0.3131586926982115
large_emergency,100.39582520643874,7.874139516430065,6.213601765185032,18,18,30,20,0.75,200,800,18000,0,0,1,0.7083371882304251,0.8976349073500788,16,18,0.022857813894850875,0.30488243868680626,0.6156755094611945
large_emergency,62.90329753500677,10.407529108149154,8.507077332215378,33,17,30,20,0.75,200,800,20200,0,1,1,0.18315207303828793,0.4349547827237005,8,9,7.540233562573832e-16,0.0001880076625065143,0.21382147749908922
large_emergency,91.0890128858585,10.129821388078723,14.695506459472247,28,16,30,20,0.75,200,800,18400,0,0,1,0.3211487060834366,0.3874016401589611,11,8,1.6147398334142653e-08,7.68161880504306e-05,0.16684326806260474
large_emergency,81.30565184336339,10.35072730254151,13.004205174340566,24,19,30,20,0.75,200,800,20000,0,0,1,0.3272944397483694,0.3290662348441629,10,8,1.7523377584097541e-07,2.4670174572689503e-06,0.1735124130501678
large_emergency,96.03836522126952,7.273578646938579,10.255429668538351,15,13,30,20,0.75,200,800,13400,0,0,1,0.8802486358091115,0.7203566105227046,16,11,0.299357715988295,0.05454322297356596,0.5888941671570203
large_emergency,68.17626404831292,11.11592268493294,14.439012938162968,36,24,30,20,0.75,200,800,26400,0,1,1,0.17036688416518628,0.19673627836232938,9,6,5.35215160727013e-18,1.3965866948811018e-11,0.15921785482264728
large_emergency,67.55852825221784,6.942652065707865,9.805684961039958,18,15,30,20,0.75,200,800,15600,0,0,1,0.5406077582522466,0.4593153768835258,12,9,0.0014934349347097632,0.0006640554020668044,0.24817632366220052
large_emergency,104.4003711674155,9.42373301408637,9.433046956268134,32,18,30,20,0.75,200,800,20800,0,1,1,0.3462016160798497,0.6148618412800263,13,13,1.137130615389098e-08,0.005637964695811808,0.2177633220784132
large_emergency,58.97392914006958,8.215334665918391,10.123611725320563,16,23,30,20,0.75,200,800,21600,0,1,1,0.44865738538264477,0.2532775797042935,11,7,0.00037263600954829583,3.564449793055271e-09,0.22087520212897666
large_emergency,98.99497221618464,7.846695932473677,12.27996194145593,19,25,30,20,0.75,200,800,23800,0,1,1,0.6640070853294969,0.32246019226488787,15,10,0.010399896267741474,8.107380254839142e-08,0.21927562996284009
large_emergency,54.794063200582,9.989763046880537,11.453128570747563,26,7,30,20,0.75,200,800,10800,0,0,1,0.21096235810230188,0.6834572113650804,8,6,1.0513177408219792e-11,0.12406270890781491,0.31147757086465544
large_emergency,70.69436440905322,7.8500702326185525,10.186901250553433,19,25,30,20,0.75,200,800,23800,0,1,1,0.47397741819794936,0.2775892792922187,11,9,0.00026224627531225227,5.170423194093536e-09,0.22581492542980944
large_emergency,82.35706224730657,10.702156056563018,6.54091994474691,32,24,30,20,0.75,200,800,25600,0,1,1,0.2404803463550743,0.5246271609027037,11,14,2.1423439145654342e-12,0.00025479223965341733,0.24657760162164
large_emergency,88.99487119223099,7.79330375948521,13.509124884652746,28,16,30,20,0.75,200,800,18400,0,0,1,0.4078357978792992,0.4117349937177232,14,8,1.5081603941074958e-06,0.00014957381431608295,0.202490407813028
large_emergency,70.60724628201737,10.107783470790757,9.75009220307047,33,22,30,20,0.75,200,800,24200,0,1,1,0.21167979407953313,0.32916819848488643,9,9,3.750078181413264e-14,5.309394143519893e-07,0.20149732228104447
large_emergency,74.59609513783255,10.874704028344844,11.089242246285764,30,9,30,20,0.75,200,800,13200,0,0,1,0.22865325788299867,0.7474320455115738,10,8,2.720153280704417e-12,0.1432195718172071,0.3253535846122876
large_emergency,71.50330543080996,7.478989595035937,12.841504119839646,17,16,30,20,0.75,200,800,16200,0,0,1,0.5623856988435125,0.3480088117186561,12,7,0.0028273710528536958,2.2904631342281686e-05,0.21443067433412227
large_emergency,52.08611764805417,8.794823520460053,7.354184713193443,37,24,30,20,0.75,200,800,26600,0,1,1,0.16006380413796314,0.2951047582621646,8,9,2.8499023084275295e-19,2.8802884505633535e-08,0.2496802802524264
large_emergency,61.50151142894284,9.115172552183775,6.410144738524253,12,16,30,20,0.75,200,800,15200,0,0,1,0.5622631851532034,0.5996501828122308,10,11,0.009422731718184366,0.006506207714429734,0.28163885073641554
large_emergency,86.80193558186212,11.696177270486896,6.352903811370207,16,18,30,20,0.75,200,800,17600,0,0,1,0.46383710236297937,0.7590748888590219,12,15,0.000526282059879914,0.045305744312909374,0.2887383797384378
large_emergency,73.80595971118271,9.238867017433261,12.69843377323323,18,7,30,20,0.75,200,800,9200,0,0,1,0.4438131956362825,0.8303156687239514,11,7,0.00016710450063504075,0.4645799023200855,0.6517352562320985
large_emergency,107.32367722543886,6.095105187973127,10.99802271630012,33,18,30,20,0.75,200,800,21000,0,1,1,0.5335810528114311,0.5421362245131114,20,12,4.641621230775411e-05,0.0015388107406749242,0.25657673946450643
large_emergency,97.15402407829224,6.2623236161701366,11.973298793984027,22,23,30,20,0.75,200,800,22800,0,1,1,0.7051842533585796,0.35279233201182614,18,10,0.013147483307528102,9.826708185030865e-07,0.25635277413052093
large_emergency,107.49943854517439,5.114994782297169,13.902062258027904,23,21,30,20,0.75,200,800,21400,0,1,1,0.9137621505646621,0.3682202530885305,23,10,0.2917402720622141,4.623109831257029e-06,0.5591802898765966
large_emergency,112.94272684886838,9.498148696690274,8.508322068103539,22,15,30,20,0.75,200,800,16400,0,0,1,0.5405011518824832,0.8849588747333564,15,15,0.0005924345548065493,0.320349170918986,0.5437572675756069
large_emergency,50.502259440536164,6.00525849190555,8.134335218202809,20,25,30,20,0.75,200,800,24000,0,1,1,0.4204836436983341,0.2483411764370049,11,8,4.265900495237266e-05,6.134247555198577e-10,0.2894990611107498
large_emergency,58.356272536714926,6.989479340465559,9.24464904555823,23,9,30,20,0.75,200,800,11800,0,0,1,0.3630069018213501,0.7013819832319748,11,8,1.546311218503623e-06,0.09178603454419536,0.34303043708401315
large_emergency,93.83149126226789,6.773074475606036,7.967368726055081,17,17,30,20,0.75,200,800,17000,0,0,1,0.8149178790067695,0.6927631537832256,16,14,0.10383820277356555,0.021196350333212,0.3981899427593839
large_emergency,63.178906115409404,9.153782689497255,13.92225007446794,32,20,30,20,0.75,200,800,22400,0,1,1,0.21568578620200768,0.22689904928253446,9,6,1.3655560773296113e-13,5.044362725998406e-09,0.1810719299559172
large_emergency,104.06525597155871,9.034446361507964,9.581291839110062,34,20,30,20,0.75,200,800,22800,0,1,1,0.3387858757713656,0.5430648482429724,14,13,2.772675468232996e-09,0.000984940339980666,0.21604247150813133
large_emergency,89.67711678784707,9.778463786676205,9.694126483962322,21,21,30,20,0.75,200,800,21000,0,1,1,0.43670856566222593,0.4405078582092061,11,11,4.96278790996413e-05,5.571253297976056e-05,0.20552613850576362
large_emergency,94.98243758413403,6.030929040111315,6.111092850776326,30,23,30,20,0.75,200,800,24400,0,1,1,0.5249740515511073,0.6757663972959534,18,18,6.663946589315397e-05,0.0071664798245150195,0.3366819045631834
large_emergency,99.26820329875028,11.47723193150933,9.276179060456261,28,19,30,20,0.75,200,800,20800,0,0,1,0.30889791163165403,0.5632321503100235,12,12,7.3890123945840555e-09,0.0018482765344617525,0.1967803139043207
large_emergency,113.9553702269053,8.059832817281363,8.326626974006874,34,16,30,20,0.75,200,800,19600,0,1,1,0.4158434315038283,0.8553536337600923,16,16,2.746923453653138e-07,0.19388007989993702,0.43804905639096436
large_emergency,66.88428159310914,9.789298636478364,12.622824046112326,17,18,30,20,0.75,200,800,17800,0,0,1,0.40190514679122835,0.29437100669907657,9,7,7.68048814898557e-05,9.441967729226492e-07,0.18145168817255788
large_emergency,62.032779424382156,7.2086177737980375,8.581589900927135,14,20,30,20,0.75,200,800,18800,0,0,1,0.6146688526242614,0.36142940958807807,11,9,0.012206866557869827,5.54830253390572e-06,0.26746378801228354
large_emergency,79.23724789368092,8.136441682314764,10.741895093846603,20,10,30,20,0.75,200,800,12000,0,0,1,0.4869281375537275,0.7376468230365726,12,9,0.0002709554691984989,0.1082586131927417,0.32452686079915466
large_emergency,70.09927904807236,10.043511023422706,14.776363880808503,10,14,30,20,0.75,200,800,13200,0,0,1,0.6979559128734184,0.33885815217908866,10,6,0.07238250469234646,4.771009437394323e-05,0.23967263751123496
large_emergency,106.18477617765814,10.726871788046793,10.451346258786806,36,19,30,20,0.75,200,800,22400,0,1,1,0.2749708558400822,0.5347323007028373,12,12,4.949960004609165e-12,0.0010444670336792533,0.18994974372383225
large_emergency,73.69207210501158,5.954700681376416,8.257913880677373,37,17,30,20,0.75,200,800,21000,0,1,1,0.3344714925283869,0.5249301256369436,15,11,4.976125184820106e-10,0.0014070011565963014,0.29043751404130536
large_emergency,75.32276989549933,9.368997242794734,7.691867548252053,30,19,30,20,0.75,200,800,21200,0,0,1,0.26798588274188617,0.5153958106299326,10,12,1.085503397082475e-10,0.0006907242353545192,0.23743317166713857
large_emergency,96.68652214347713,6.136819536028238,13.572295148050085,26,17,30,20,0.75,200,800,18800,0,0,1,0.60596736930291,0.41904795150621044,18,9,0.0011978533880379683,0.00012372375224611575,0.23795193957622102
large_emergency,50.08738608306715,7.162881309810828,6.751822970356008,34,16,30,20,0.75,200,800,19600,0,1,1,0.20566561841393455,0.4636468763970918,10,9,7.573027337484998e-15,0.0005240619465112909,0.28824083408007417
large_emergency,105.55103633431935,10.23827081548765,11.568465441950412,25,22,30,20,0.75,200,800,22600,0,1,1,0.4123783722331316,0.41472867796576185,12,11,5.330566135612215e-06,1.7127110274539687e-05,0.1841370897632233
large_emergency,55.79952806425643,10.479346878012363,11.43670809172624,37,7,30,20,0.75,200,800,13000,0,1,1,0.14391119700906924,0.6969978675772468,9,6,9.738525158196319e-21,0.13953137631349719,0.3223949186471551
large_emergency,72.412793262238,9.314432134874494,13.084714132268893,23,14,30,20,0.75,200,800,15800,0,0,1,0.3380111927555421,0.3952965516547557,10,7,4.930765489422156e-07,0.00022366263155945224,0.18400948640718184
large_emergency,89.64875209865001,8.647352924720668,11.924420569342677,13,9,30,20,0.75,200,800,9800,0,0,1,0.7974761656862837,0.8353422623330574,13,9,0.13115490270724417,0.34685767589432465,0.6775164210559306
large_emergency,68.12204305084069,10.429063920923719,13.998473705666965,13,23,30,20,0.75,200,800,21000,0,1,1,0.5024570946625138,0.2115822068182458,10,6,0.002857905691371826,1.332228609926043e-10,0.1701801480381107
large_emergency,109.06644628301058,8.681201530358889,13.000694140373518,14,17,30,20,0.75,200,800,16400,0,0,1,0.8973942629418955,0.4934869816559658,15,10,0.4217514357373989,0.0007395654844431871,0.6146013989051835
large_emergency,66.84767873891013,5.429024473856668,12.541237619889923,32,7,30,20,0.75,200,800,12000,0,1,1,0.384781827868049,0.7614614028305682,15,7,1.0985225239582269e-07,0.24475548949344436,0.5086877005709546
large_emergency,50.52163367692494,10.793537864364495,10.636576118685067,15,17,30,20,0.75,200,800,16600,0,0,1,0.3120486493047852,0.27940013509651723,7,6,1.1328703849500156e-05,8.785474441636505e-07,0.18667545128886398
large_emergency,103.32086506918952,10.6726438213695,9.590728489123407,12,12,30,20,0.75,200,800,12000,1,0,1,0.8067421937064413,0.8977495399711902,14,12,0.16573182967049876,0.5158576632891827,0.8795543550466809
large_emergency,101.40037167674058,6.62955519910339,14.789747385121325,34,11,30,20,0.75,200,800,15600,0,1,1,0.4498588190726067,0.6232841824093668,17,9,1.411439106081228e-06,0.026028475398580345,0.2444839761933843
large_emergency,84.34611511595817,9.553915890606552,7.949651242578382,17,15,30,20,0.75,200,800,15400,0,0,1,0.5193196423437073,0.707335978583143,12,12,0.0012596195107661137,0.03439790374626932,0.2661183283796704
large_emergency,59.93456395975322,11.151374303284053,13.079500810427914,15,7,30,20,0.75,200,800,8600,0,0,1,0.3583089840451482,0.6546182984944446,7,6,5.173772161583531e-05,0.09641259609359627,0.2625948967542293
large_emergency,75.73328736291681,8.381770600545472,10.315261408974685,11,20,30,20,0.75,200,800,18200,0,0,1,0.8214069119562466,0.3670933986075518,11,9,0.22308432409245685,6.882771459340679e-06,0.4393414790221666
large_emergency,110.26857199440451,10.996515160373283,11.38474166054903,14,13,30,20,0.75,200,800,13200,0,0,1,0.7162566009467972,0.7450496549356369,13,11,0.04457312914255362,0.07229856436819962,0.2956464574427535
large_emergency,95.6162098499572,5.730068906447987,10.600320011101267,25,21,30,20,0.75,200,800,21800,0,1,1,0.6674698780139365,0.4295297543120997,19,11,0.004759607615301352,3.972221144384634e-05,0.27365407559885047
large_emergency,66.7036306814837,5.239987027311416,11.179897037518472,19,15,30,20,0.75,200,800,15800,0,0,1,0.6699858961463745,0.3977593619311152,15,8,0.011395101911043275,0.00015571806924281713,0.29183724914069625
large_emergency,78.71313498665158,11.463269336685741,13.667662764585863,33,22,30,20,0.75,200,800,24200,0,1,1,0.20807733332353506,0.2617762695602285,10,7,2.3752357466823345e-14,1.2504432110732646e-08,0.16040055978468779
large_emergency,73.9617294933897,8.192705721786531,14.437630253803892,30,14,30,20,0.75,200,800,17200,0,0,1,0.3009251237423157,0.36591743833496176,11,7,1.4350225809521949e-09,0.0001041081098532896,0.1914273512522462
large_emergency,104.58142689260451,11.6206246093349,9.229143187459234,20,24,30,20,0.75,200,800,23200,0,1,1,0.44998195195374346,0.4721521126446137,11,13,0.00010187588612798082,5.8051106860112674e-05,0.19456624125588257
large_emergency,61.106730073958104,7.616632495512823,8.903692672138433,22,14,30,20,0.75,200,800,15600,0,0,1,0.36467279225585847,0.49021979919774655,10,9,2.5806543118871972e-06,0.001693862643537818,0.2453010119006993
large_emergency,51.689021860038245,5.908516427489555,14.901821090158794,25,14,30,20,0.75,200,800,16200,0,0,1,0.34992893728485525,0.24775985214592244,11,5,3.4212442000454914e-07,1.6465148284033997e-06,0.23635510430169399
large_emergency,89.31142960925254,5.728105559334658,12.524780171312841,37,19,30,20,0.75,200,800,22600,0,1,1,0.42139977988674937,0.37530411664614455,18,9,1.3615326616958288e-07,1.4373264665546485e-05,0.2544340184494213
large_emergency,57.827395165716354,6.441521319308125,13.414023796029683,32,20,30,20,0.75,200,800,22400,0,1,1,0.28054026515629615,0.21554828008741214,11,6,9.173271405617491e-11,2.20280232476493e-09,0.22979167886356397
large_emergency,65.96888930731231,6.809370041989079,7.4947980847232225,32,11,30,20,0.75,200,800,15200,0,1,1,0.30274867985457854,0.8001778950435435,12,11,5.494201135255607e-10,0.17677092804864963,0.4570532676668887
large_emergency,59.218921956712585,7.15662217740709,11.005447728861345,16,16,30,20,0.75,200,800,16000,0,0,1,0.5171689283778159,0.33630459327777584,11,7,0.0015759616288980802,1.541987486523276e-05,0.23218619639200666
large_emergency,59.02890503168668,7.300315531279441,12.538026617738575,34,22,30,20,0.75,200,800,24400,0,1,1,0.23781770228958446,0.2139995494266061,11,6,3.847732616001963e-13,3.7470794003145154e-10,0.2167377487436844
large_emergency,52.45955039511298,10.288136777734824,8.68033938656631,22,22,30,20,0.75,200,800,22000,0,1,1,0.23177423370966208,0.2747041229344063,7,8,1.5349116950675176e-09,2.8148711950289556e-08,0.21240222837283543
large_emergency,63.74828753109486,9.663858622729224,9.85952198151717,15,14,30,20,0.75,200,800,14200,0,0,1,0.43977111020753845,0.4618326444121625,9,8,0.00043200163491433703,0.0009816256025379424,0.2063167576707508
large_emergency,66.62238335902998,10.017158346261892,11.920653307750166,15,9,30,20,0.75,200,800,10200,0,0,1,0.4433884411533502,0.6209799789311482,9,7,0.0004687071814351746,0.04111244387973329,0.22529788124358735
large_emergency,67.36603034083845,11.900577573604547,14.905622687202532,22,7,30,20,0.75,200,800,10000,0,0,1,0.2573061911727413,0.6456435146706337,8,6,9.331872428827699e-09,0.08906296261819457,0.24018128420607815
large_emergency,101.4908078697628,10.945926165733436,11.33840453380442,28,10,30,20,0.75,200,800,13600,1,0,1,0.3311434459499219,0.8951066048770548,11,11,2.965698758115537e-08,0.6238157324824484,0.8033697820340552
large_emergency,52.7889394037054,7.969270970132247,9.094379833462849,8,21,30,20,0.75,200,800,18400,0,1,1,0.8280076622057279,0.2764079646172979,10,7,0.3781225430267806,5.8711679126086714e-08,0.6135626142676124
large_emergency,62.0327716995997,10.45510258311333,6.27114763034726,37,14,30,20,0.75,200,800,18600,0,1,1,0.16035819677124874,0.7065552472110695,8,12,3.0194719190298635e-19,0.039666517686727784,0.29477404082184666
large_emergency,86.4607631049265,9.418737747486787,13.729248079755898,25,19,30,20,0.75,200,800,20200,0,0,1,0.36718620020181336,0.3314505246588541,11,8,7.813538133157503e-07,2.7237206035497953e-06,0.179012045107551
large_emergency,66.09256984251523,6.954130831218114,7.3144661246848575,31,22,30,20,0.75,200,800,23800,0,1,1,0.3065830128541265,0.4107213935923129,12,11,1.2567942412543468e-09,1.4903114084200923e-05,0.28052970507670083
large_emergency,98.97928647203304,9.814469215430979,11.915154271353472,20,19,30,20,0.75,200,800,19200,0,0,1,0.5042518566180383,0.43721096776997487,12,10,0.0004129163761870474,9.935612850415492e-05,0.18632938814117367
large_emergency,86.07975885635875,7.608424044107313,6.4229484534173205,20,20,30,20,0.75,200,800,20000,0,0,1,0.565687180139671,0.6700953579236661,15,15,0.0015677059913110937,0.009867035135600407,0.2985597411226682
large_emergency,55.551656695602205,9.794148334405786,13.526242692982514,27,11,30,20,0.75,200,800,14200,0,0,1,0.21007122786532845,0.37335945563886375,7,6,4.206411731993925e-12,0.0005350604851057088,0.17656720329245418
large_emergency,55.83253668326339,8.161533051691379,8.546404935228825,22,16,30,20,0.75,200,800,17200,0,0,1,0.31095169993657445,0.40830425999590575,9,8,2.1472052098913624e-07,0.0001366172079389139,0.23967109551401755
large_emergency,67.89753427881273,6.885846189684045,9.256940458893677,34,25,30,20,0.75,200,800,26800,0,1,1,0.2900132020534796,0.29339082207698397,12,9,6.397417658129862e-11,1.4530103320471618e-08,0.2532525016598506
large_emergency,82.94053878360651,10.84619667696913,9.084180645600842,30,18,30,20,0.75,200,800,20400,0,0,1,0.25489899440886615,0.5072342669046069,10,11,3.4548792739022185e-11,0.0007521774142889809,0.20303186941371537
large_emergency,70.76556514768085,8.314938082293558,13.92866359470343,19,21,30,20,0.75,200,800,20600,0,1,1,0.4479291838331953,0.241931955183241,10,7,0.0001334417190000319,6.725422400521889e-09,0.1921933228100861
large_emergency,106.91935454460965,7.223309224297302,12.652548680760553,26,13,30,20,0.75,200,800,15600,0,0,1,0.5693073270721595,0.6500323327510293,18,10,0.0005137578617174228,0.02364414596072568,0.24163406544608995
large_emergency,87.72724351649487,11.328715541765465,11.034502529843753,23,21,30,20,0.75,200,800,21400,0,1,1,0.33668671129715994,0.3785841523169154,10,10,4.625841601504819e-07,6.885407910925726e-06,0.17890344605012795
large_emergency,73.7991740495359,11.765961430849039,10.331786842687707,9,20,30,20,0.75,200,800,17800,0,0,1,0.6969178231561227,0.3571462283010952,8,9,0.08789146522410876,4.6990340578615575e-06,0.26967577286763955
large_emergency,75.14267381377658,7.54780695732307,13.42834750043637,19,13,30,20,0.75,200,800,14200,0,0,1,0.5239770428030113,0.43044802629623485,13,7,0.0008321789446543694,0.0007456399688904422,0.20853596088289655
large_emergency,77.75328551766825,10.07337440257848,6.281322176497074,10,21,30,20,0.75,200,800,18800,0,1,1,0.7718693102260326,0.5894519181737078,11,14,0.15309792114036214,0.0020510066471872953,0.4136226790908485
large_emergency,79.80440571319868,11.449553978393958,13.147169547039697,8,25,30,20,0.75,200,800,21600,1,1,1,0.8712610755820129,0.24280330584515192,9,8,0.6075376579654883,3.950559439237612e-10,0.7709393043504751
large_emergency,70.17598109612547,11.886280258049457,10.96726464182088,21,12,30,20,0.75,200,800,13800,0,0,1,0.2811403831124339,0.5332230611430004,8,8,7.692891698382e-08,0.0062305957209976386,0.1815417204887081
large_emergency,67.10920291896235,9.685687974480604,7.175879691766134,29,12,30,20,0.75,200,800,15400,0,0,1,0.2389206065256872,0.7793377002957781,9,11,1.5776283908099533e-11,0.12227348101654546,0.3648743358279608
large_emergency,88.29790102666536,8.311822955579263,10.430928929307559,32,14,30,20,0.75,200,800,17600,0,1,1,0.33197403527840086,0.6046434572816878,13,10,4.48372451812156e-09,0.010615951796752851,0.22679524603605106
large_emergency,74.46350348333974,8.11502884459143,14.551332962610381,11,14,30,20,0.75,200,800,13400,0,0,1,0.8341818047988911,0.3655212681235534,11,7,0.257627495423237,0.00010298279718681748,0.4496808557596097
large_emergency,95.039973339938,6.559713137507419,12.290405421533137,20,23,30,20,0.75,200,800,22400,0,1,1,0.7244217189659883,0.33621126498159815,19,9,0.022307955506242476,4.5206624830309093e-07,0.2561183792400503
large_emergency,104.75580384948833,5.710799925588127,11.049674084718989,28,17,30,20,0.75,200,800,19200,0,0,1,0.6551234078691702,0.5576731097721009,22,11,0.002529529138689314,0.0025991956482197334,0.2707359490552605
large_emergency,77.85798223590467,11.495455193411296,6.2444016749304305,26,23,30,20,0.75,200,800,23600,0,1,1,0.2604975381940828,0.5421063279803108,10,14,7.948421774889936e-10,0.0004929117028127126,0.24762725870114566
large_emergency,75.40864342393313,10.097702814746992,6.049086277048865,20,16,30,20,0.75,200,800,16800,0,0,1,0.37339504245363636,0.7791325826972907,11,14,8.700788180072564e-06,0.07350077950367996,0.3378561289931777
large_emergency,111.20912350208047,9.264411001717857,11.475410557256929,25,23,30,20,0.75,200,800,23400,0,1,1,0.4801562602585722,0.42135131101182555,16,11,5.616755245623863e-05,1.5091120871983014e-05,0.19515405383024204
large_emergency,59.29380707044726,10.43405085302472,12.382995822098042,18,14,30,20,0.75,200,800,14800,0,0,1,0.31570676041392887,0.342023206213583,8,6,2.4095828266636037e-06,5.248804951590314e-05,0.17665085413755027
large_emergency,90.49468112410503,8.085704299854081,12.951591342780233,21,25,30,20,0.75,200,800,24200,0,1,1,0.5329493102780242,0.27948590633860787,13,9,0.0006264657464823063,5.876891999705794e-09,0.20151212532685314
large_emergency,89.63805099122644,9.25807506283305,9.670716258404164,23,19,30,20,0.75,200,800,19800,0,0,1,0.4209629473065995,0.4878430957306866,12,11,1.488699600797225e-05,0.0003676123351851691,0.21180127068299026
large_emergency,51.816393458096044,8.132782253621238,13.985477124884149,32,24,30,20,0.75,200,800,25600,0,1,1,0.19910311687547044,0.15437559797268768,9,5,1.7210834763179316e-14,1.0342326775901577e-13,0.1944618955295399
large_emergency,65.75833437718869,5.96502920728292,6.752701580342026,21,22,30,20,0.75,200,800,21800,0,1,1,0.524951202625031,0.442639906917333,13,12,0.0005214690525983903,4.282970060634335e-05,0.3162969492825839
large_emergency,72.66346110613836,6.6849169978613325,6.463891335219008,23,17,30,20,0.75,200,800,18200,0,0,1,0.47259837611580224,0.6612613083775996,14,13,7.83166756591235e-05,0.013628574486416748,0.3180029507839147
large_emergency,68.78367475518577,10.549388584150694,11.196815817899104,12,16,30,20,0.75,200,800,15200,0,0,1,0.5433464556303429,0.3839466275159059,8,8,0.007218999351855013,6.955491259490494e-05,0.1913918833303907
large_emergency,73.35171676901697,11.845263110568055,13.137487383216214,29,16,30,20,0.75,200,800,18600,0,0,1,0.2135342643003484,0.3489618801781277,8,7,1.1869687879336285e-12,2.3636062592502764e-05,0.1605636243048476
large_emergency,85.42920792400847,9.765578225033591,11.43923027357948,11,18,30,20,0.75,200,800,16600,0,0,1,0.7952720720158484,0.41489392147748544,11,9,0.16766256159620846,7.556500171812423e-05,0.35755708632881517
large_emergency,73.78561530032682,11.06329019456955,13.123486925752559,19,25,30,20,0.75,200,800,23800,0,1,1,0.3510215648836104,0.22489637309893729,9,7,5.927380627222124e-06,8.68910281273077e-11,0.16659421178596026
large_emergency,51.5841010378815,6.939260117639021,9.838189248035597,28,23,30,20,0.75,200,800,24000,0,1,1,0.2654878606003738,0.22796745875719374,10,7,3.1767365987183236e-10,5.299162890340691e-10,0.24575230423495453
large_emergency,107.4329669666601,7.753898965467672,8.953398764649013,26,14,30,20,0.75,200,800,16400,0,0,1,0.5328979922781554,0.8570804849059194,16,14,0.0002019575952781255,0.24065806864416658,0.48151683129573986
large_emergency,55.395678901137394,9.916806928172694,13.464853651006251,11,16,30,20,0.75,200,800,15000,0,0,1,0.5078218065219764,0.2571308995298548,7,6,0.005804169673149485,5.95792859150274e-07,0.18091109968985458
large_emergency,70.60299614768518,8.93704427787235,9.505946875559445,15,22,30,20,0.75,200,800,20600,0,1,1,0.5266692503135104,0.3376020442396154,10,9,0.002453485407713806,7.891718200494041e-07,0.2195453976802172
large_emergency,57.501733162978645,11.370868280260225,11.760403497620542,7,14,30,20,0.75,200,800,12600,0,0,1,0.722419177369009,0.349245385613639,8,6,0.1739176594844886,6.498067339780412e-05,0.3469577679159099
large_emergency,103.49220487828549,6.848132784512776,12.921375801907331,24,16,30,20,0.75,200,800,17600,0,0,1,0.6296862720030763,0.5005862304490872,17,10,0.0026881245754036896,0.0011406236630930168,0.22724509387005642
large_emergency,76.61321330151668,9.757704174550376,9.507929253260716,31,12,30,20,0.75,200,800,15800,0,1,1,0.2532761737042678,0.6714852700027751,10,10,1.5172029518473825e-11,0.03696087040429166,0.2446193661185424
large_emergency,57.999307582066464,7.495828533729425,10.685774937738763,28,13,30,20,0.75,200,800,16000,0,0,1,0.276340878516076,0.4175162985010987,10,7,7.415642245500475e-10,0.0005673768437468002,0.22755726811695498
large_emergency,98.11868392629358,8.35420240116667,9.552211058655608,36,18,30,20,0.75,200,800,21600,0,1,1,0.32624526759993017,0.5706571978396366,14,12,4.265068038263999e-10,0.002632936594296856,0.2270209772359556
large_emergency,73.97462085820348,7.070508054891385,10.732827102427702,15,19,30,20,0.75,200,800,18200,0,0,1,0.697494628711325,0.362756341888664,13,9,0.030388988849949755,9.188064857099552e-06,0.2650028254444778
large_emergency,54.458479077563915,10.0048707313765,13.196348402199607,18,9,30,20,0.75,200,800,10800,0,0,1,0.3023998151596716,0.45853155246497845,7,6,1.35704822036132e-06,0.005831225559382913,0.18156243785068854
large_emergency,71.79500435388447,7.419026927118725,10.054524268672864,11,24,30,20,0.75,200,800,21400,0,1,1,0.8797405160733976,0.29752362566429413,12,9,0.448699081647065,3.328860316452201e-08,0.6829453949394176
large_emergency,59.16402260718097,6.711861710360183,6.140703564488036,31,22,30,20,0.75,200,800,23800,0,1,1,0.2843498481725635,0.4379422857055098,11,12,2.2784099189939428e-10,3.693167349936944e-05,0.31187468000995844
large_emergency,65.1243282708738,9.87112436811426,12.07625997851127,17,23,30,20,0.75,200,800,21800,0,1,1,0.38808576374922055,0.2344676695065082,9,7,5.119803921643788e-05,8.860429614030121e-10,0.18416387541253365
large_emergency,62.07793147491539,7.424074665759097,8.292968675395812,21,23,30,20,0.75,200,800,22600,0,1,1,0.39817648772174846,0.3254613160323487,11,9,1.4036063287019106e-05,2.654792689532307e-07,0.25529530292876296
large_emergency,84.70695963437967,9.404415882173788,11.860153373556873,23,24,30,20,0.75,200,800,23800,0,1,1,0.39161510237252517,0.2975894611364539,11,9,5.02542124280557e-06,3.3419266481494425e-08,0.19065402666497272
large_emergency,50.375684891620594,6.199482211606993,9.902277133155692,17,10,30,20,0.75,200,800,11400,0,0,1,0.47798759327223106,0.5087282875869855,10,7,0.0005268607669164346,0.008144409075611555,0.27096193626075515
large_emergency,59.15112984880862,7.591485994323907,9.94544387266011,12,16,30,20,0.75,200,800,15200,0,0,1,0.6493143535296806,0.3717225357546275,10,8,0.028533007914832997,4.845925352487454e-05,0.26085653696919164
large_emergency,92.27431997923887,9.697276513886875,7.107984879086887,22,23,30,20,0.75,200,800,22800,0,1,1,0.43252218968668193,0.5644253644127709,12,15,3.103589416175736e-05,0.0008243211265361473,0.2446639438481324
large_emergency,57.260227018807406,5.961081324297762,10.536732092061227,15,7,30,20,0.75,200,800,8600,0,0,1,0.640378525345851,0.7763348597826975,12,7,0.0143217402095364,0.27951932780186034,0.5565019529171914
large_emergency,85.66518515207346,9.758254941838914,8.999440648889738,37,15,30,20,0.75,200,800,19400,0,1,1,0.2372632492366568,0.6345963672949086,12,11,4.195125290353721e-14,0.01322024491653524,0.2268156010545199
large_emergency,80.92200782867852,6.151051938561784,8.593689506501375,17,21,30,20,0.75,200,800,20200,0,1,1,0.7738705761412117,0.44840216083063694,16,11,0.06142155341613269,7.05161387255214e-05,0.34043034330150196
large_emergency,59.547886514039206,10.256035493214851,7.819507253699434,11,9,30,20,0.75,200,800,9400,0,0,1,0.527830098884742,0.8461443439115668,9,9,0.007729858595032857,0.3904316567398494,0.6235503740943277
large_emergency,85.57091160544795,8.034146353396379,14.580666843670537,17,24,30,20,0.75,200,800,22600,0,1,1,0.6265236920269287,0.24453303051600556,15,7,0.008136824674462367,9.269116730082141e-10,0.20118952525019002
large_emergency,85.43196438452642,7.119119788544123,8.308964356199343,21,18,30,20,0.75,200,800,18600,0,0,1,0.5714454737454977,0.5712168256015724,15,12,0.0014329899023796337,0.002659802574151138,0.2649115383641011
large_emergency,95.92302092235187,11.556196747729263,9.172531711674003,14,22,30,20,0.75,200,800,20400,0,1,1,0.5928978626071658,0.4753472052980916,11,12,0.008981946429243926,0.00011294764043530916,0.204649708885643
large_emergency,91.48652195181657,6.601129539549623,14.59180623998336,37,10,30,20,0.75,200,800,15400,0,1,1,0.37457357662597046,0.6269718802949299,16,8,8.434572158141081e-09,0.03424111120492644,0.25426195668379636
large_emergency,67.98993238752782,10.85915576891697,10.203004706069155,18,19,30,20,0.75,200,800,18800,0,0,1,0.3478372118747575,0.35072192919325285,9,8,8.51527285648032e-06,5.85986632581796e-06,0.19011290906254272
large_emergency,111.15462117672774,7.9174010859643,9.33154833967786,22,17,30,20,0.75,200,800,18000,0,0,1,0.6381491509527315,0.7006883413164131,16,14,0.004286733381317263,0.023611351585468503,0.2613655094302181
large_emergency,62.228768540410556,9.181019012692936,12.291430133476572,22,7,30,20,0.75,200,800,10000,0,0,1,0.30809002620405346,0.7232538427720829,9,7,1.8504569664252254e-07,0.175181985773505,0.3654600399402099
large_emergency,111.1317739503231,6.651647903314501,11.509127462887673,20,17,30,20,0.75,200,800,17600,0,0,1,0.8353702388166577,0.5679981557792414,21,11,0.10436890803368218,0.003121402871940881,0.3447165558170462
large_emergency,84.41545037887022,10.88864952210581,12.580669464700897,16,11,30,20,0.75,200,800,12000,0,0,1,0.4845381089701052,0.6099939175857695,11,8,0.0008220103672417773,0.022252962930940035,0.19440075278588118
large_emergency,89.33741079119045,9.462700968660432,10.859143231577276,22,22,30,20,0.75,200,800,22000,0,1,1,0.4291366083582818,0.37395136181565414,12,10,2.779481781072466e-05,3.7663013571959136e-06,0.1977979300720593
large_emergency,66.49398624091533,8.097367273885512,6.2289325338791866,11,19,30,20,0.75,200,800,17400,0,0,1,0.7465275608256523,0.5618432158847722,10,13,0.10002013349287497,0.0017993572490950115,0.38585757205753013
large_emergency,101.83283890140265,11.200856596271741,14.381117158463441,36,17,30,20,0.75,200,800,20800,0,1,1,0.25254228952676266,0.416530018370296,11,9,4.881004276554852e-13,0.00011555604829978685,0.15893006922284536
large_emergency,91.97625824719984,10.525752064856643,8.943446748919264,10,16,30,20,0.75,200,800,14800,0,0,1,0.8738212498305936,0.6427629416080156,11,12,0.4705710978126915,0.01237129376204338,0.6897611938020294
large_emergency,54.20772863867496,6.925015468294488,9.55567670445971,22,20,30,20,0.75,200,800,20400,0,0,1,0.35580969842962007,0.28364149560112145,11,7,1.7753992139809251e-06,1.6402159846660354e-07,0.2490557849981371
large_emergency,50.2362007190518,6.016453995167906,12.306663238062532,16,24,30,20,0.75,200,800,22400,0,1,1,0.5218626366066169,0.17008469228983514,10,6,0.0017224323978224905,7.537834305157456e-13,0.24919008764956763
large_emergency,60.66933551100238,8.496551541607374,7.6158503765974,14,10,30,20,0.75,200,800,10800,0,0,1,0.5100332698331145,0.7966193203773017,9,10,0.002418267434515863,0.1975000341923171,0.44891820996927767
large_emergency,62.76188542679741,8.05003099119599,13.24691935404445,25,18,30,20,0.75,200,800,19400,0,0,1,0.31185909965036246,0.2632137570563001,11,6,4.441740113814303e-08,2.0255452917076988e-07,0.1997126207005992
large_emergency,63.503222236268265,11.69715577282291,10.618998878624703,26,10,30,20,0.75,200,800,13200,0,0,1,0.20880559957546133,0.5980151515421644,7,8,8.466088765773507e-12,0.02475666423303496,0.2044183680513531
large_emergency,96.86175294377456,8.92563656767453,14.848116535569126,17,10,30,20,0.75,200,800,11400,0,0,1,0.6383578504415502,0.6523504359070675,13,8,0.009737025218489168,0.045031281040757494,0.2341537426002868
large_emergency,73.61755209087926,7.63060904509492,8.938398822454342,21,25,30,20,0.75,200,800,24200,0,1,1,0.4594125708572048,0.3294440248333652,12,10,9.696503792878837e-05,1.1876603533989059e-07,0.24302508264258774
large_emergency,110.16328325232664,10.455827837118326,10.839068079980205,12,13,30,20,0.75,200,800,12800,0,0,1,0.8780054288738823,0.7818106362270315,13,12,0.3912467322421699,0.10967946577399085,0.6888254944634715
large_emergency,66.04086749255302,9.589785835564246,8.897329484609628,12,18,30,20,0.75,200,800,16800,0,0,1,0.5738820155888922,0.4123638547123657,9,9,0.011039984999433455,7.023215298138606e-05,0.22778110769610482
large_emergency,54.60002229751601,5.716485152418604,13.73875521937665,30,7,30,20,0.75,200,800,11600,0,0,1,0.3183775860032636,0.5677372557274029,12,6,4.852374230265296e-09,0.04346443773341637,0.2911839086418523
large_emergency,76.0088473891462,9.197340453041141,7.959002388257731,33,12,30,20,0.75,200,800,16200,0,1,1,0.2504309172300029,0.7958372553207319,11,11,2.963015725996667e-12,0.14672330831666713,0.38109427886249736
large_emergency,54.75802409940908,7.816321315372354,11.299843038845498,16,7,30,20,0.75,200,800,8800,0,0,1,0.4378500279258328,0.6922728788756152,11,6,0.0002884791604530748,0.13393090536814392,0.3506536111805139
large_emergency,99.49828311004023,9.663889133847416,8.444449394925789,19,14,30,20,0.75,200,800,15000,0,0,1,0.5418886402879112,0.8416203223878979,12,14,0.001210429972239313,0.19771232797677307,0.4208217494570675
large_emergency,74.44398280604914,5.777947082773651,12.058301255279572,26,12,30,20,0.75,200,800,14800,0,0,1,0.4955445363044929,0.5144725697677551,15,8,6.913166257207801e-05,0.004699052531113018,0.26077045681230276
large_emergency,79.65797680273697,7.201992420694507,7.5380250422768516,18,13,30,20,0.75,200,800,14000,0,0,1,0.6144748421272085,0.8128835660225928,15,12,0.005602353032803551,0.1567037052601442,0.43381726639383367
large_emergency,101.97957399488718,5.449315097354459,10.379981450240761,21,16,30,20,0.75,200,800,17000,0,0,1,0.8911523931861277,0.6140399580899648,21,12,0.22271466495214515,0.008113016649338192,0.5106762676308674
large_emergency,50.20540243493911,5.935892110239148,12.409758753186903,15,24,30,20,0.75,200,800,22200,0,1,1,0.5638624770862107,0.1685682864370955,10,6,0.004594850874150242,6.282348262951841e-13,0.25364326846264196
large_emergency,85.60997372681362,10.77899277923368,7.67049859937202,18,20,30,20,0.75,200,800,19600,0,0,1,0.4412387825931706,0.5580469940625663,10,13,0.00015618079065034672,0.0013442025929491063,0.22464305165362994
large_emergency,62.3852825670269,10.214872361363803,8.545765496278793,34,12,30,20,0.75,200,800,16400,0,1,1,0.17962644926543206,0.6083449808581828,8,9,1.725200910035336e-16,0.01729954175577892,0.23221303567027565
large_emergency,109.61815556167579,10.110788860287368,10.326986680894926,23,18,30,20,0.75,200,800,19000,0,0,1,0.4713783295654403,0.5897071158686211,14,12,7.55465914568837e-05,0.0036912548586221987,0.19950472055389046
large_emergency,103.95392745867682,6.22453936106819,11.969933938376379,18,22,30,20,0.75,200,800,21200,1,1,1,0.9278145509481733,0.39475393474810416,21,10,0.5199102030777377,8.389924297630174e-06,0.7641157012990394
large_emergency,99.13131783949214,5.8747134436485045,13.738836471968078,26,12,30,20,0.75,200,800,14800,0,0,1,0.649009186643614,0.6012840439688003,19,9,0.002929248938129242,0.015815357272991916,0.2617520422603843
large_emergency,54.225159468871055,8.320786276561318,11.212767446801202,29,12,30,20,0.75,200,800,15400,0,0,1,0.2247183166331992,0.40300160602739593,10,6,3.881306736537355e-12,0.0006338681757875967,0.2099988671191158
large_emergency,60.36709511297465,9.663223864152478,9.682625088840487,36,8,30,20,0.75,200,800,13600,0,1,1,0.17353046733800942,0.7793224275324561,8,8,9.333521081848896e-18,0.2346634107138083,0.4414263205584682
large_emergency,86.77259099309614,11.586784870171185,9.442639226078574,9,17,30,20,0.75,200,800,15400,0,0,1,0.8321030473305457,0.5405554460156123,10,11,0.33498139460489995,0.0018982381303640767,0.5290874464856601
large_emergency,60.02910474762776,11.10776098289701,7.726424632469128,22,10,30,20,0.75,200,800,12400,0,0,1,0.24564767594009504,0.7769325089299978,9,9,4.215065113639402e-09,0.16121862025947292,0.380671738349315
large_emergency,95.44589855393633,8.69483035079724,14.259076720936955,34,25,30,20,0.75,200,800,26800,0,1,1,0.32286222929611197,0.2677477663439197,14,8,8.840648067059822e-10,2.6103881764433842e-09,0.18514164103354472
large_emergency,57.4153850228085,8.417144891961728,10.644412946258889,24,16,30,20,0.75,200,800,17600,0,0,1,0.28421843035734273,0.33712160379748707,9,7,1.4716944097069679e-08,1.5861127250691358e-05,0.21276700490974898
large_emergency,83.8510530593955,5.605671765827717,10.534345024970673,18,18,30,20,0.75,200,800,18000,0,0,1,0.8310140213757662,0.4422099167618683,17,10,0.1167556297077862,0.00016022567110870445,0.39023419844422935
large_emergency,60.289683055377004,6.3201265156398545,14.089305354431218,35,25,30,20,0.75,200,800,27000,0,1,1,0.27255188147707166,0.1711643875655384,12,6,7.21649022691353e-12,3.1616898153535467e-13,0.22920050066605377
large_emergency,50.482908771087565,6.9050441076214994,11.62719825490213,30,16,30,20,0.75,200,800,18800,0,0,1,0.24370063383745147,0.27136217419039194,9,6,1.2190833107854522e-11,1.1676911920871496e-06,0.23082807696506918
large_emergency,52.40092040611716,10.393466165044181,11.215469515149078,22,8,30,20,0.75,200,800,10800,0,0,1,0.2291689779556564,0.5840250416549395,7,6,1.25901079322646e-09,0.037112594388019546,0.22248945111024043
large_emergency,77.47382243179428,11.6338366233779,11.764113045257846,13,22,30,20,0.75,200,800,20200,0,1,1,0.5122579072900336,0.2993457619555025,9,8,0.003364255021765936,1.1609620095133725e-07,0.17432482126810595
large_emergency,104.8435714339528,10.447015639804022,12.796602484694223,30,15,30,20,0.75,200,800,18000,0,0,1,0.33452479013716235,0.5462052476264917,12,10,1.3834824062894739e-08,0.003435778530311316,0.1773026510498919
large_emergency,67.82489380091683,5.249443736241927,12.936558022559392,26,15,30,20,0.75,200,800,17200,0,0,1,0.4969383219718542,0.34952570682578016,15,7,7.21199893720905e-05,3.95859297327175e-05,0.2679083946536088
large_emergency,107.9707516923111,10.528038378228906,8.131801530804376,17,19,30,20,0.75,200,800,18600,0,0,1,0.603267243109295,0.6988206881554905,13,15,0.00564400602823522,0.0174788309179599,0.2410812732723191
large_emergency,90.5135289623214,11.542984236954393,9.386601086134686,15,15,30,20,0.75,200,800,15000,0,0,1,0.522762150608887,0.6428562595536487,11,11,0.0022890146232468337,0.014817725873504765,0.2102742852039778
large_emergency,86.2628341213055,8.473825989094568,9.890437085591305,15,12,30,20,0.75,200,800,12600,0,0,1,0.6786610458473098,0.7268202050019935,14,10,0.023874850738539996,0.06877837085917696,0.3117714356034535
large_emergency,106.58151063323712,8.405948635658115,14.968539840572278,23,18,30,20,0.75,200,800,19000,0,0,1,0.5512737376870042,0.39557599460238735,15,9,0.0006112500259397018,4.25011492153252e-05,0.18642390729329888
large_emergency,84.42108764980463,11.860672325889636,14.651860808434673,21,22,30,20,0.75,200,800,21800,0,1,1,0.33893962183516496,0.2618999877265535,10,7,1.370682480178158e-06,1.2604974372564602e-08,0.15256435241134791
