scenario,lambda,mu_nurse,mu_doctor,s_nurse_max,s_doctor_max,Tmax,nurse_price,doctor_price,optimal_nurses,optimal_doctors,min_cost
small_non_emergency,10.23,5.15,7.79,5,3,2.0,100,300,3,3,1200
small_non_emergency,8.22,5.48,7.83,5,3,2.0,100,300,3,3,1200
small_non_emergency,3.21,5.2,6.64,5,3,2.0,100,300,2,2,800
small_non_emergency,6.87,3.85,7.01,5,3,2.0,100,300,3,2,900
small_non_emergency,11.9,3.46,7.14,5,3,2.0,100,300,5,3,1400
small_non_emergency,6.68,3.08,6.76,5,3,2.0,100,300,4,2,1000
small_non_emergency,7.04,3.24,5.19,5,3,2.0,100,300,4,3,1300
small_non_emergency,2.62,4.0,7.28,5,3,2.0,100,300,2,2,800
small_non_emergency,2.54,4.09,7.04,5,3,2.0,100,300,2,2,800
small_non_emergency,2.38,3.72,5.88,5,3,2.0,100,300,2,2,800
small_non_emergency,3.69,5.0,6.26,5,3,2.0,100,300,2,2,800
small_non_emergency,2.17,5.38,7.85,5,3,2.0,100,300,2,2,800
small_non_emergency,7.08,5.45,6.51,5,3,2.0,100,300,3,3,1200
small_non_emergency,3.52,4.94,5.43,5,3,2.0,100,300,2,2,800
small_non_emergency,4.05,3.82,7.18,5,3,2.0,100,300,3,2,900
small_non_emergency,7.38,5.48,6.27,5,3,2.0,100,300,3,3,1200
small_non_emergency,7.02,5.12,5.01,5,3,2.0,100,300,3,3,1200
small_non_emergency,9.27,3.24,5.35,5,3,2.0,100,300,5,3,1400
small_non_emergency,4.8,4.82,5.28,5,3,2.0,100,300,2,2,800
small_non_emergency,11.53,3.41,7.65,5,3,2.0,100,300,5,3,1400
small_non_emergency,7.08,3.37,5.64,5,3,2.0,100,300,4,3,1300
small_non_emergency,5.14,4.54,5.32,5,3,2.0,100,300,3,2,900
small_non_emergency,10.63,5.92,5.24,5,3,2.0,100,300,4,3,1300
small_non_emergency,7.88,5.74,7.7,5,3,2.0,100,300,3,3,1200
small_non_emergency,10.49,4.32,7.44,5,3,2.0,100,300,4,3,1300
small_non_emergency,7.59,3.28,5.65,5,3,2.0,100,300,4,3,1300
small_non_emergency,4.8,3.73,7.34,5,3,2.0,100,300,3,2,900
small_non_emergency,7.81,5.56,6.99,5,3,2.0,100,300,3,3,1200
small_non_emergency,6.3,3.95,7.28,5,3,2.0,100,300,3,2,900
small_non_emergency,8.99,5.73,6.21,5,3,2.0,100,300,3,3,1200
small_non_emergency,1.37,4.48,7.39,5,3,2.0,100,300,2,2,800
small_non_emergency,9.28,5.54,6.84,5,3,2.0,100,300,3,3,1200
small_non_emergency,10.3,3.26,7.78,5,3,2.0,100,300,5,3,1400
small_non_emergency,9.45,4.27,7.26,5,3,2.0,100,300,4,3,1300
small_non_emergency,8.33,5.06,6.35,5,3,2.0,100,300,3,3,1200
small_non_emergency,4.95,3.28,5.85,5,3,2.0,100,300,3,2,900
small_non_emergency,1.4,4.2,7.76,5,3,2.0,100,300,2,2,800
small_non_emergency,10.42,5.12,5.38,5,3,2.0,100,300,4,3,1300
small_non_emergency,5.83,5.61,5.62,5,3,2.0,100,300,3,3,1200
small_non_emergency,4.67,5.42,6.38,5,3,2.0,100,300,2,2,800
small_non_emergency,9.4,3.29,5.49,5,3,2.0,100,300,5,3,1400
small_non_emergency,9.34,3.74,7.22,5,3,2.0,100,300,4,3,1300
small_non_emergency,6.28,4.75,5.62,5,3,2.0,100,300,3,3,1200
small_non_emergency,1.28,3.64,7.95,5,3,2.0,100,300,2,2,800
small_non_emergency,10.99,3.07,7.4,5,3,2.0,100,300,5,3,1400
small_non_emergency,1.97,3.51,6.97,5,3,2.0,100,300,2,2,800
small_non_emergency,10.02,3.41,7.4,5,3,2.0,100,300,5,3,1400
small_non_emergency,3.58,4.11,7.34,5,3,2.0,100,300,2,2,800
small_non_emergency,10.7,5.66,6.3,5,3,2.0,100,300,3,3,1200
small_non_emergency,4.36,3.58,6.31,5,3,2.0,100,300,3,2,900
small_non_emergency,7.14,4.31,6.96,5,3,2.0,100,300,3,3,1200
small_non_emergency,3.31,3.66,5.29,5,3,2.0,100,300,2,2,800
small_non_emergency,2.88,4.07,5.38,5,3,2.0,100,300,2,2,800
small_non_emergency,7.18,3.75,5.44,5,3,2.0,100,300,3,3,1200
small_non_emergency,8.31,3.12,5.49,5,3,2.0,100,300,4,3,1300
small_non_emergency,9.05,3.12,6.31,5,3,2.0,100,300,5,3,1400
small_non_emergency,10.37,5.16,7.02,5,3,2.0,100,300,4,3,1300
small_non_emergency,9.45,3.29,5.69,5,3,2.0,100,300,5,3,1400
small_non_emergency,3.92,3.73,7.24,5,3,2.0,100,300,3,2,900
small_non_emergency,9.39,4.55,5.51,5,3,2.0,100,300,4,3,1300
small_non_emergency,9.84,3.12,7.16,5,3,2.0,100,300,5,3,1400
small_non_emergency,2.88,5.77,6.17,5,3,2.0,100,300,2,2,800
small_non_emergency,0.83,4.33,5.33,5,3,2.0,100,300,2,2,800
small_non_emergency,4.82,3.86,6.74,5,3,2.0,100,300,3,2,900
small_non_emergency,3.09,4.38,5.68,5,3,2.0,100,300,2,2,800
small_non_emergency,11.98,3.61,6.69,5,3,2.0,100,300,5,3,1400
small_non_emergency,4.13,4.2,5.23,5,3,2.0,100,300,2,2,800
small_non_emergency,11.71,4.35,6.19,5,3,2.0,100,300,5,3,1400
small_non_emergency,3.25,3.99,7.48,5,3,2.0,100,300,2,2,800
small_non_emergency,5.41,5.83,7.12,5,3,2.0,100,300,2,2,800
small_non_emergency,11.81,5.97,5.76,5,3,2.0,100,300,5,3,1400
small_non_emergency,11.99,4.67,6.56,5,3,2.0,100,300,4,3,1300
small_non_emergency,9.86,4.21,5.28,5,3,2.0,100,300,4,3,1300
small_non_emergency,3.5,3.65,6.46,5,3,2.0,100,300,2,2,800
small_non_emergency,9.06,4.72,5.81,5,3,2.0,100,300,3,3,1200
small_non_emergency,4.0,3.5,6.67,5,3,2.0,100,300,3,2,900
small_non_emergency,2.12,5.55,6.01,5,3,2.0,100,300,2,2,800
small_non_emergency,2.11,5.79,5.45,5,3,2.0,100,300,2,2,800
small_non_emergency,5.22,3.95,7.03,5,3,2.0,100,300,3,2,900
small_non_emergency,5.78,5.67,6.94,5,3,2.0,100,300,3,2,900
small_non_emergency,1.88,5.01,6.56,5,3,2.0,100,300,2,2,800
small_non_emergency,7.7,3.3,7.81,5,3,2.0,100,300,4,2,1000
small_non_emergency,4.04,4.23,5.62,5,3,2.0,100,300,2,2,800
small_non_emergency,10.65,3.07,7.77,5,3,2.0,100,300,5,3,1400
small_non_emergency,8.5,4.55,5.58,5,3,2.0,100,300,3,3,1200
small_non_emergency,4.89,5.84,6.8,5,3,2.0,100,300,2,2,800
small_non_emergency,4.58,5.57,6.27,5,3,2.0,100,300,2,2,800
small_non_emergency,2.13,4.92,6.39,5,3,2.0,100,300,2,2,800
small_non_emergency,10.68,4.91,7.71,5,3,2.0,100,300,4,3,1300
small_non_emergency,2.35,4.38,6.78,5,3,2.0,100,300,2,2,800
small_non_emergency,9.71,4.12,5.97,5,3,2.0,100,300,4,3,1300
small_non_emergency,9.14,3.1,7.37,5,3,2.0,100,300,5,3,1400
small_non_emergency,4.67,4.9,5.65,5,3,2.0,100,300,2,2,800
small_non_emergency,1.31,4.26,7.96,5,3,2.0,100,300,2,2,800
small_non_emergency,8.26,3.17,6.02,5,3,2.0,100,300,4,3,1300
small_non_emergency,9.98,4.11,7.62,5,3,2.0,100,300,4,3,1300
small_non_emergency,9.42,4.71,7.52,5,3,2.0,100,300,4,3,1300
small_non_emergency,7.48,4.64,5.78,5,3,2.0,100,300,3,3,1200
small_non_emergency,1.01,3.34,7.11,5,3,2.0,100,300,2,2,800
small_non_emergency,3.27,5.17,7.01,5,3,2.0,100,300,2,2,800
small_non_emergency,7.68,5.29,5.92,5,3,2.0,100,300,3,3,1200
small_non_emergency,10.57,5.03,6.36,5,3,2.0,100,300,4,3,1300
small_non_emergency,4.89,3.18,6.26,5,3,2.0,100,300,3,2,900
small_non_emergency,1.5,5.18,7.51,5,3,2.0,100,300,2,2,800
small_non_emergency,1.56,5.25,5.95,5,3,2.0,100,300,2,2,800
small_non_emergency,4.88,3.48,7.43,5,3,2.0,100,300,3,2,900
small_non_emergency,2.28,4.96,5.87,5,3,2.0,100,300,2,2,800
small_non_emergency,5.44,4.69,7.57,5,3,2.0,100,300,3,2,900
small_non_emergency,3.44,3.42,7.72,5,3,2.0,100,300,3,2,900
small_non_emergency,9.3,3.7,7.87,5,3,2.0,100,300,4,3,1300
small_non_emergency,6.25,5.94,7.82,5,3,2.0,100,300,3,2,900
small_non_emergency,7.89,4.3,7.52,5,3,2.0,100,300,3,3,1200
small_non_emergency,1.72,5.44,5.67,5,3,2.0,100,300,2,2,800
small_non_emergency,8.21,5.19,6.24,5,3,2.0,100,300,3,3,1200
small_non_emergency,1.33,5.9,6.44,5,3,2.0,100,300,2,2,800
small_non_emergency,4.54,5.72,6.55,5,3,2.0,100,300,2,2,800
small_non_emergency,10.54,5.36,5.48,5,3,2.0,100,300,4,3,1300
small_non_emergency,2.2,5.38,5.38,5,3,2.0,100,300,2,2,800
small_non_emergency,8.05,4.26,5.38,5,3,2.0,100,300,3,3,1200
small_non_emergency,10.77,5.56,5.33,5,3,2.0,100,300,4,3,1300
small_non_emergency,5.9,4.89,7.93,5,3,2.0,100,300,3,2,900
small_non_emergency,1.78,4.55,5.08,5,3,2.0,100,300,2,2,800
small_non_emergency,8.69,4.77,6.03,5,3,2.0,100,300,3,3,1200
small_non_emergency,2.03,5.56,5.99,5,3,2.0,100,300,2,2,800
small_non_emergency,10.46,4.12,6.71,5,3,2.0,100,300,4,3,1300
small_non_emergency,5.17,4.65,5.48,5,3,2.0,100,300,3,2,900
small_non_emergency,0.78,5.95,6.33,5,3,2.0,100,300,2,2,800
small_non_emergency,2.43,3.15,6.33,5,3,2.0,100,300,2,2,800
small_non_emergency,0.87,5.17,7.28,5,3,2.0,100,300,2,2,800
small_non_emergency,2.08,3.39,6.55,5,3,2.0,100,300,2,2,800
small_non_emergency,8.31,4.13,7.97,5,3,2.0,100,300,4,3,1300
small_non_emergency,0.71,3.54,7.6,5,3,2.0,100,300,2,2,800
small_non_emergency,2.12,5.37,7.09,5,3,2.0,100,300,2,2,800
small_non_emergency,8.29,3.71,6.41,5,3,2.0,100,300,4,3,1300
small_non_emergency,3.84,3.48,7.25,5,3,2.0,100,300,3,2,900
small_non_emergency,3.48,3.48,6.36,5,3,2.0,100,300,3,2,900
small_non_emergency,6.89,4.89,7.51,5,3,2.0,100,300,3,2,900
small_non_emergency,11.04,4.81,7.31,5,3,2.0,100,300,4,3,1300
small_non_emergency,2.1,4.88,5.03,5,3,2.0,100,300,2,2,800
small_non_emergency,9.12,5.85,6.24,5,3,2.0,100,300,3,3,1200
small_non_emergency,9.74,3.47,7.91,5,3,2.0,100,300,4,3,1300
small_non_emergency,11.33,3.87,7.71,5,3,2.0,100,300,5,3,1400
small_non_emergency,7.45,4.72,7.38,5,3,2.0,100,300,3,3,1200
small_non_emergency,0.98,4.67,5.57,5,3,2.0,100,300,2,2,800
small_non_emergency,11.26,3.47,7.12,5,3,2.0,100,300,5,3,1400
small_non_emergency,9.99,5.42,5.04,5,3,2.0,100,300,4,3,1300
small_non_emergency,3.12,3.52,7.38,5,3,2.0,100,300,2,2,800
small_non_emergency,8.16,3.28,7.38,5,3,2.0,100,300,4,3,1300
small_non_emergency,2.89,4.62,6.07,5,3,2.0,100,300,2,2,800
small_non_emergency,9.43,3.07,5.53,5,3,2.0,100,300,5,3,1400
small_non_emergency,6.23,5.68,6.88,5,3,2.0,100,300,3,2,900
small_non_emergency,9.57,4.45,6.57,5,3,2.0,100,300,4,3,1300
small_non_emergency,1.7,3.81,7.53,5,3,2.0,100,300,2,2,800
small_non_emergency,6.52,3.26,7.96,5,3,2.0,100,300,4,2,1000
small_non_emergency,2.25,4.23,6.95,5,3,2.0,100,300,2,2,800
small_non_emergency,6.1,3.32,6.63,5,3,2.0,100,300,3,2,900
small_non_emergency,9.86,3.57,6.84,5,3,2.0,100,300,4,3,1300
small_non_emergency,6.97,3.01,5.57,5,3,2.0,100,300,4,3,1300
small_non_emergency,1.08,4.49,6.01,5,3,2.0,100,300,2,2,800
small_non_emergency,11.01,4.13,6.96,5,3,2.0,100,300,4,3,1300
small_non_emergency,1.41,3.01,6.8,5,3,2.0,100,300,2,2,800
small_non_emergency,10.24,3.45,6.96,5,3,2.0,100,300,5,3,1400
small_non_emergency,6.46,5.82,7.07,5,3,2.0,100,300,3,2,900
small_non_emergency,10.19,3.71,5.17,5,3,2.0,100,300,5,3,1400
small_non_emergency,9.7,3.81,7.33,5,3,2.0,100,300,4,3,1300
small_non_emergency,5.16,3.67,5.01,5,3,2.0,100,300,3,3,1200
small_non_emergency,4.0,5.07,5.56,5,3,2.0,100,300,2,2,800
small_non_emergency,11.38,4.06,7.59,5,3,2.0,100,300,4,3,1300
small_non_emergency,6.25,5.14,6.35,5,3,2.0,100,300,3,2,900
small_non_emergency,5.7,3.67,6.78,5,3,2.0,100,300,3,2,900
small_non_emergency,2.11,5.76,6.43,5,3,2.0,100,300,2,2,800
small_non_emergency,5.48,4.38,7.87,5,3,2.0,100,300,3,2,900
small_non_emergency,5.68,3.59,7.84,5,3,2.0,100,300,3,2,900
small_non_emergency,7.56,4.4,5.23,5,3,2.0,100,300,3,3,1200
small_non_emergency,10.65,3.82,5.59,5,3,2.0,100,300,5,3,1400
small_non_emergency,11.68,3.66,6.25,5,3,2.0,100,300,5,3,1400
small_non_emergency,6.96,4.27,5.28,5,3,2.0,100,300,3,3,1200
small_non_emergency,9.23,3.13,7.56,5,3,2.0,100,300,5,3,1400
small_non_emergency,11.52,5.2,6.61,5,3,2.0,100,300,4,3,1300
small_non_emergency,7.11,5.48,6.88,5,3,2.0,100,300,3,3,1200
small_non_emergency,3.37,5.03,6.21,5,3,2.0,100,300,2,2,800
small_non_emergency,9.6,5.75,6.76,5,3,2.0,100,300,3,3,1200
small_non_emergency,2.06,4.35,5.95,5,3,2.0,100,300,2,2,800
small_non_emergency,8.6,3.24,7.96,5,3,2.0,100,300,4,3,1300
small_non_emergency,2.06,4.33,7.3,5,3,2.0,100,300,2,2,800
small_non_emergency,6.12,3.77,6.42,5,3,2.0,100,300,3,2,900
small_non_emergency,3.86,3.22,6.7,5,3,2.0,100,300,3,2,900
small_non_emergency,2.23,4.12,5.27,5,3,2.0,100,300,2,2,800
small_non_emergency,6.54,3.68,5.62,5,3,2.0,100,300,3,3,1200
small_non_emergency,8.87,5.24,7.04,5,3,2.0,100,300,3,3,1200
small_non_emergency,5.75,5.42,6.13,5,3,2.0,100,300,3,2,900
small_non_emergency,10.38,4.52,5.59,5,3,2.0,100,300,4,3,1300
small_non_emergency,1.95,5.43,6.14,5,3,2.0,100,300,2,2,800
small_non_emergency,8.97,5.07,7.05,5,3,2.0,100,300,3,3,1200
small_non_emergency,4.07,5.03,7.28,5,3,2.0,100,300,2,2,800
small_non_emergency,3.36,5.38,5.54,5,3,2.0,100,300,2,2,800
small_non_emergency,8.37,4.16,6.55,5,3,2.0,100,300,4,3,1300
small_non_emergency,6.35,5.4,6.08,5,3,2.0,100,300,3,3,1200
small_non_emergency,2.21,4.42,7.17,5,3,2.0,100,300,2,2,800
small_non_emergency,8.14,3.29,6.48,5,3,2.0,100,300,4,3,1300
small_non_emergency,9.94,3.89,5.48,5,3,2.0,100,300,4,3,1300
small_non_emergency,9.21,5.76,7.53,5,3,2.0,100,300,3,3,1200
small_non_emergency,3.13,4.63,7.48,5,3,2.0,100,300,2,2,800
small_non_emergency,2.64,4.53,7.65,5,3,2.0,100,300,2,2,800
small_non_emergency,2.74,5.09,6.85,5,3,2.0,100,300,2,2,800
small_non_emergency,6.69,5.3,5.36,5,3,2.0,100,300,3,3,1200
small_non_emergency,4.45,3.23,7.92,5,3,2.0,100,300,3,2,900
small_non_emergency,10.39,5.25,7.85,5,3,2.0,100,300,3,3,1200
small_non_emergency,4.22,4.76,6.66,5,3,2.0,100,300,2,2,800
small_non_emergency,6.81,3.26,5.62,5,3,2.0,100,300,4,3,1300
small_non_emergency,7.2,5.62,7.28,5,3,2.0,100,300,3,2,900
small_non_emergency,11.2,3.46,7.88,5,3,2.0,100,300,5,3,1400
small_non_emergency,11.9,3.94,7.1,5,3,2.0,100,300,5,3,1400
small_non_emergency,8.25,3.77,6.29,5,3,2.0,100,300,4,3,1300
small_non_emergency,4.3,3.15,7.03,5,3,2.0,100,300,3,2,900
small_non_emergency,9.16,5.97,7.82,5,3,2.0,100,300,3,3,1200
small_non_emergency,6.72,5.61,7.69,5,3,2.0,100,300,3,2,900
small_non_emergency,11.7,4.1,5.85,5,3,2.0,100,300,5,3,1400
small_non_emergency,5.56,4.89,5.5,5,3,2.0,100,300,3,3,1200
small_non_emergency,10.87,3.07,6.3,5,3,2.0,100,300,5,3,1400
small_non_emergency,6.84,5.36,6.13,5,3,2.0,100,300,3,3,1200
small_non_emergency,11.34,3.66,6.61,5,3,2.0,100,300,5,3,1400
small_non_emergency,7.52,5.79,5.21,5,3,2.0,100,300,3,3,1200
small_non_emergency,10.04,3.51,7.54,5,3,2.0,100,300,4,3,1300
small_non_emergency,11.14,5.96,7.82,5,3,2.0,100,300,3,3,1200
small_non_emergency,0.93,5.26,6.36,5,3,2.0,100,300,2,2,800
small_non_emergency,2.73,3.62,7.78,5,3,2.0,100,300,2,2,800
small_non_emergency,1.17,3.91,7.6,5,3,2.0,100,300,2,2,800
small_non_emergency,9.99,5.15,6.34,5,3,2.0,100,300,3,3,1200
small_non_emergency,4.13,5.71,6.43,5,3,2.0,100,300,2,2,800
small_non_emergency,9.44,4.07,5.9,5,3,2.0,100,300,4,3,1300
small_non_emergency,1.5,5.55,5.15,5,3,2.0,100,300,2,2,800
small_non_emergency,7.63,3.77,5.22,5,3,2.0,100,300,4,3,1300
small_non_emergency,5.26,4.79,7.7,5,3,2.0,100,300,3,2,900
small_non_emergency,5.27,5.08,7.8,5,3,2.0,100,300,3,2,900
small_non_emergency,7.45,4.15,5.38,5,3,2.0,100,300,3,3,1200
small_non_emergency,5.83,4.84,5.38,5,3,2.0,100,300,3,3,1200
small_non_emergency,7.32,5.58,5.81,5,3,2.0,100,300,3,3,1200
small_non_emergency,4.85,5.7,5.54,5,3,2.0,100,300,2,2,800
small_non_emergency,1.02,5.03,6.65,5,3,2.0,100,300,2,2,800
small_non_emergency,7.19,3.9,5.66,5,3,2.0,100,300,3,3,1200
small_non_emergency,0.75,5.56,6.13,5,3,2.0,100,300,2,2,800
small_non_emergency,5.4,4.74,7.4,5,3,2.0,100,300,3,2,900
small_non_emergency,10.64,4.46,7.18,5,3,2.0,100,300,4,3,1300
small_non_emergency,1.85,4.49,7.65,5,3,2.0,100,300,2,2,800
small_non_emergency,5.65,4.6,7.24,5,3,2.0,100,300,3,2,900
small_non_emergency,11.42,4.89,7.46,5,3,2.0,100,300,4,3,1300
small_non_emergency,3.16,3.48,7.45,5,3,2.0,100,300,2,2,800
small_non_emergency,2.43,3.12,6.82,5,3,2.0,100,300,2,2,800
small_non_emergency,5.44,3.67,6.67,5,3,2.0,100,300,3,2,900
small_non_emergency,2.94,3.62,5.37,5,3,2.0,100,300,2,2,800
small_non_emergency,9.45,3.21,6.29,5,3,2.0,100,300,5,3,1400
small_non_emergency,1.23,4.14,5.36,5,3,2.0,100,300,2,2,800
small_non_emergency,7.49,3.2,6.0,5,3,2.0,100,300,4,3,1300
small_non_emergency,5.69,5.06,7.84,5,3,2.0,100,300,3,2,900
small_non_emergency,3.64,5.19,6.68,5,3,2.0,100,300,2,2,800
small_non_emergency,9.62,4.91,6.21,5,3,2.0,100,300,3,3,1200
small_non_emergency,9.11,3.42,7.13,5,3,2.0,100,300,4,3,1300
small_non_emergency,3.09,5.14,7.47,5,3,2.0,100,300,2,2,800
small_non_emergency,5.07,3.32,6.45,5,3,2.0,100,300,3,2,900
small_non_emergency,5.66,3.17,7.86,5,3,2.0,100,300,3,2,900
small_non_emergency,11.98,3.81,7.18,5,3,2.0,100,300,5,3,1400
small_non_emergency,6.74,4.69,7.62,5,3,2.0,100,300,3,2,900
small_non_emergency,11.56,4.38,6.2,5,3,2.0,100,300,5,3,1400
small_non_emergency,11.89,3.99,7.92,5,3,2.0,100,300,5,3,1400
small_non_emergency,3.34,3.01,7.42,5,3,2.0,100,300,3,2,900
small_non_emergency,11.15,3.06,7.17,5,3,2.0,100,300,5,3,1400
small_non_emergency,1.69,4.73,6.18,5,3,2.0,100,300,2,2,800
small_non_emergency,10.98,4.39,7.25,5,3,2.0,100,300,4,3,1300
small_non_emergency,4.37,3.78,6.24,5,3,2.0,100,300,3,2,900
small_non_emergency,0.98,3.1,6.77,5,3,2.0,100,300,2,2,800
small_non_emergency,7.66,5.51,5.56,5,3,2.0,100,300,3,3,1200
small_non_emergency,11.27,4.44,5.97,5,3,2.0,100,300,4,3,1300
small_non_emergency,7.91,3.05,6.34,5,3,2.0,100,300,4,3,1300
small_non_emergency,3.76,4.44,7.33,5,3,2.0,100,300,2,2,800
small_non_emergency,3.38,5.61,7.55,5,3,2.0,100,300,2,2,800
small_non_emergency,0.5,4.83,5.5,5,3,2.0,100,300,2,2,800
small_non_emergency,6.4,4.75,7.76,5,3,2.0,100,300,3,2,900
small_non_emergency,3.05,3.76,6.21,5,3,2.0,100,300,2,2,800
small_non_emergency,3.63,4.75,6.16,5,3,2.0,100,300,2,2,800
small_non_emergency,7.38,3.37,6.03,5,3,2.0,100,300,4,3,1300
small_non_emergency,6.46,3.89,7.09,5,3,2.0,100,300,3,2,900
small_non_emergency,7.44,3.06,5.71,5,3,2.0,100,300,4,3,1300
small_non_emergency,6.99,4.43,7.1,5,3,2.0,100,300,3,2,900
small_non_emergency,11.07,3.1,7.4,5,3,2.0,100,300,5,3,1400
small_non_emergency,6.31,4.52,5.62,5,3,2.0,100,300,3,3,1200
small_non_emergency,11.89,4.72,6.87,5,3,2.0,100,300,4,3,1300
small_non_emergency,9.67,4.84,5.8,5,3,2.0,100,300,4,3,1300
small_non_emergency,7.16,4.78,6.47,5,3,2.0,100,300,3,3,1200
small_non_emergency,7.52,4.96,7.38,5,3,2.0,100,300,3,3,1200
small_non_emergency,3.68,4.35,5.45,5,3,2.0,100,300,2,2,800
small_non_emergency,4.71,4.76,5.31,5,3,2.0,100,300,2,2,800
small_non_emergency,3.0,5.19,7.14,5,3,2.0,100,300,2,2,800
small_non_emergency,4.3,3.75,6.92,5,3,2.0,100,300,3,2,900
small_non_emergency,6.15,3.65,6.98,5,3,2.0,100,300,3,2,900
small_non_emergency,4.83,4.06,5.03,5,3,2.0,100,300,3,2,900
small_non_emergency,11.56,5.74,7.35,5,3,2.0,100,300,4,3,1300
small_non_emergency,7.06,4.61,7.83,5,3,2.0,100,300,3,2,900
small_non_emergency,7.95,5.66,7.49,5,3,2.0,100,300,3,3,1200
small_non_emergency,2.36,4.52,7.0,5,3,2.0,100,300,2,2,800
small_non_emergency,7.78,4.99,5.02,5,3,2.0,100,300,3,3,1200
small_non_emergency,6.05,5.53,6.78,5,3,2.0,100,300,3,2,900
small_non_emergency,2.41,4.77,7.29,5,3,2.0,100,300,2,2,800
small_non_emergency,7.68,5.89,5.55,5,3,2.0,100,300,3,3,1200
small_non_emergency,2.62,4.28,5.84,5,3,2.0,100,300,2,2,800
small_non_emergency,4.48,5.63,6.96,5,3,2.0,100,300,2,2,800
small_non_emergency,3.58,3.27,6.87,5,3,2.0,100,300,3,2,900
small_non_emergency,2.1,4.61,5.63,5,3,2.0,100,300,2,2,800
small_non_emergency,4.38,5.35,5.24,5,3,2.0,100,300,2,2,800
small_non_emergency,11.15,5.32,6.26,5,3,2.0,100,300,4,3,1300
small_non_emergency,6.76,3.32,6.78,5,3,2.0,100,300,4,2,1000
small_non_emergency,5.75,3.9,5.98,5,3,2.0,100,300,3,2,900
small_non_emergency,5.85,4.55,6.26,5,3,2.0,100,300,3,2,900
small_non_emergency,7.79,4.23,5.4,5,3,2.0,100,300,3,3,1200
small_non_emergency,5.27,3.27,7.04,5,3,2.0,100,300,3,2,900
small_non_emergency,11.65,4.39,6.08,5,3,2.0,100,300,5,3,1400
small_non_emergency,6.56,5.2,6.54,5,3,2.0,100,300,3,3,1200
small_non_emergency,2.45,3.89,5.83,5,3,2.0,100,300,2,2,800
small_non_emergency,7.82,5.71,7.58,5,3,2.0,100,300,3,3,1200
small_non_emergency,2.23,4.81,6.25,5,3,2.0,100,300,2,2,800
small_non_emergency,8.91,3.03,5.15,5,3,2.0,100,300,5,3,1400
small_non_emergency,6.39,5.83,5.79,5,3,2.0,100,300,3,3,1200
small_non_emergency,1.4,5.46,7.42,5,3,2.0,100,300,2,2,800
small_non_emergency,6.47,4.21,5.56,5,3,2.0,100,300,3,3,1200
small_non_emergency,8.68,4.14,5.2,5,3,2.0,100,300,4,3,1300
small_non_emergency,6.32,4.97,6.96,5,3,2.0,100,300,3,2,900
small_non_emergency,2.98,4.12,5.9,5,3,2.0,100,300,2,2,800
small_non_emergency,8.76,3.3,7.19,5,3,2.0,100,300,4,3,1300
small_non_emergency,4.69,4.92,7.8,5,3,2.0,100,300,2,2,800
small_non_emergency,10.13,4.23,5.49,5,3,2.0,100,300,4,3,1300
small_non_emergency,11.16,4.82,6.77,5,3,2.0,100,300,4,3,1300
small_non_emergency,11.92,5.44,6.45,5,3,2.0,100,300,4,3,1300
small_non_emergency,2.08,5.34,7.42,5,3,2.0,100,300,2,2,800
small_non_emergency,3.89,4.72,5.9,5,3,2.0,100,300,2,2,800
small_non_emergency,7.32,4.33,6.02,5,3,2.0,100,300,3,3,1200
small_non_emergency,5.72,4.95,6.34,5,3,2.0,100,300,3,2,900
small_non_emergency,5.35,5.14,5.79,5,3,2.0,100,300,3,2,900
small_non_emergency,7.58,5.52,5.09,5,3,2.0,100,300,3,3,1200
small_non_emergency,5.17,4.5,6.36,5,3,2.0,100,300,3,2,900
small_non_emergency,3.7,3.39,5.87,5,3,2.0,100,300,3,2,900
small_non_emergency,7.39,3.03,7.34,5,3,2.0,100,300,4,3,1300
small_non_emergency,11.97,4.44,6.68,5,3,2.0,100,300,5,3,1400
small_non_emergency,3.13,5.07,7.84,5,3,2.0,100,300,2,2,800
small_non_emergency,8.9,4.46,5.65,5,3,2.0,100,300,4,3,1300
small_non_emergency,3.25,4.81,6.88,5,3,2.0,100,300,2,2,800
small_non_emergency,7.21,4.0,7.03,5,3,2.0,100,300,3,3,1200
small_non_emergency,2.21,3.33,6.8,5,3,2.0,100,300,2,2,800
small_non_emergency,9.83,3.26,5.31,5,3,2.0,100,300,5,3,1400
small_non_emergency,11.95,5.14,7.5,5,3,2.0,100,300,4,3,1300
small_non_emergency,6.52,5.04,7.05,5,3,2.0,100,300,3,2,900
small_non_emergency,3.92,4.98,6.5,5,3,2.0,100,300,2,2,800
small_non_emergency,8.73,3.14,7.76,5,3,2.0,100,300,4,3,1300
small_non_emergency,8.32,3.98,5.75,5,3,2.0,100,300,4,3,1300
small_non_emergency,6.19,4.86,7.97,5,3,2.0,100,300,3,2,900
small_non_emergency,4.6,4.04,6.74,5,3,2.0,100,300,3,2,900
small_non_emergency,7.93,4.45,5.22,5,3,2.0,100,300,3,3,1200
small_non_emergency,6.01,5.38,7.75,5,3,2.0,100,300,3,2,900
small_non_emergency,8.07,3.11,6.18,5,3,2.0,100,300,4,3,1300
small_non_emergency,1.89,4.93,7.22,5,3,2.0,100,300,2,2,800
small_non_emergency,7.73,3.46,6.73,5,3,2.0,100,300,4,3,1300
small_non_emergency,1.1,5.61,5.47,5,3,2.0,100,300,2,2,800
small_non_emergency,7.08,3.04,6.55,5,3,2.0,100,300,4,3,1300
small_non_emergency,1.35,3.61,5.74,5,3,2.0,100,300,2,2,800
small_non_emergency,0.63,4.38,5.64,5,3,2.0,100,300,2,2,800
small_non_emergency,9.28,3.04,7.07,5,3,2.0,100,300,5,3,1400
small_non_emergency,1.37,4.98,6.18,5,3,2.0,100,300,2,2,800
small_non_emergency,6.87,4.88,6.65,5,3,2.0,100,300,3,3,1200
small_non_emergency,1.22,5.85,6.04,5,3,2.0,100,300,2,2,800
small_non_emergency,8.83,3.81,8.0,5,3,2.0,100,300,4,3,1300
small_non_emergency,2.72,4.9,7.96,5,3,2.0,100,300,2,2,800
small_non_emergency,8.64,4.83,5.65,5,3,2.0,100,300,3,3,1200
small_non_emergency,8.53,3.19,6.23,5,3,2.0,100,300,4,3,1300
small_non_emergency,3.28,4.9,6.37,5,3,2.0,100,300,2,2,800
small_non_emergency,10.76,3.63,6.14,5,3,2.0,100,300,5,3,1400
small_non_emergency,0.74,4.1,6.72,5,3,2.0,100,300,2,2,800
small_non_emergency,2.08,4.97,7.32,5,3,2.0,100,300,2,2,800
small_non_emergency,10.13,5.51,6.96,5,3,2.0,100,300,3,3,1200
small_non_emergency,6.18,3.43,6.99,5,3,2.0,100,300,3,2,900
small_non_emergency,2.14,4.08,7.88,5,3,2.0,100,300,2,2,800
small_non_emergency,1.39,5.72,7.16,5,3,2.0,100,300,2,2,800
small_non_emergency,6.28,3.57,5.91,5,3,2.0,100,300,3,3,1200
small_non_emergency,1.33,4.38,7.39,5,3,2.0,100,300,2,2,800
small_non_emergency,3.47,5.43,5.25,5,3,2.0,100,300,2,2,800
small_non_emergency,3.6,5.97,5.96,5,3,2.0,100,300,2,2,800
small_non_emergency,6.06,4.72,6.62,5,3,2.0,100,300,3,2,900
small_non_emergency,3.44,4.96,5.54,5,3,2.0,100,300,2,2,800
small_non_emergency,7.74,3.37,6.31,5,3,2.0,100,300,4,3,1300
small_non_emergency,5.68,5.83,5.81,5,3,2.0,100,300,2,2,800
small_non_emergency,5.36,5.22,7.96,5,3,2.0,100,300,3,2,900
small_non_emergency,0.52,4.55,5.74,5,3,2.0,100,300,2,2,800
small_non_emergency,9.41,5.73,5.83,5,3,2.0,100,300,3,3,1200
small_non_emergency,8.69,3.99,6.76,5,3,2.0,100,300,4,3,1300
small_non_emergency,9.11,3.58,7.28,5,3,2.0,100,300,4,3,1300
small_non_emergency,0.72,4.41,7.78,5,3,2.0,100,300,2,2,800
small_non_emergency,3.81,5.88,7.66,5,3,2.0,100,300,2,2,800
small_non_emergency,1.13,3.07,6.65,5,3,2.0,100,300,2,2,800
small_non_emergency,9.87,4.75,7.09,5,3,2.0,100,300,4,3,1300
small_non_emergency,11.19,5.39,6.85,5,3,2.0,100,300,4,3,1300
small_non_emergency,5.81,4.92,6.65,5,3,2.0,100,300,3,2,900
small_non_emergency,3.8,5.73,5.56,5,3,2.0,100,300,2,2,800
small_non_emergency,3.37,4.98,7.01,5,3,2.0,100,300,2,2,800
small_non_emergency,5.32,5.27,5.01,5,3,2.0,100,300,3,3,1200
small_non_emergency,2.73,5.4,5.11,5,3,2.0,100,300,2,2,800
small_non_emergency,8.59,4.8,6.28,5,3,2.0,100,300,3,3,1200
small_non_emergency,6.31,5.13,5.66,5,3,2.0,100,300,3,3,1200
small_non_emergency,3.89,4.57,7.9,5,3,2.0,100,300,2,2,800
small_non_emergency,10.25,3.87,6.08,5,3,2.0,100,300,4,3,1300
small_non_emergency,6.57,4.18,7.03,5,3,2.0,100,300,3,2,900
small_non_emergency,9.53,4.04,6.11,5,3,2.0,100,300,4,3,1300
small_non_emergency,4.63,5.94,7.74,5,3,2.0,100,300,2,2,800
small_non_emergency,11.55,5.81,7.86,5,3,2.0,100,300,3,3,1200
small_non_emergency,1.66,4.27,7.61,5,3,2.0,100,300,2,2,800
small_non_emergency,0.86,4.74,7.81,5,3,2.0,100,300,2,2,800
small_non_emergency,8.94,5.93,7.68,5,3,2.0,100,300,3,3,1200
small_non_emergency,6.88,3.12,6.17,5,3,2.0,100,300,4,3,1300
small_non_emergency,4.52,5.64,5.39,5,3,2.0,100,300,2,2,800
small_non_emergency,7.74,3.42,5.45,5,3,2.0,100,300,4,3,1300
small_non_emergency,11.49,5.47,6.19,5,3,2.0,100,300,4,3,1300
small_non_emergency,2.24,5.44,7.72,5,3,2.0,100,300,2,2,800
small_non_emergency,11.14,4.78,7.59,5,3,2.0,100,300,4,3,1300
small_non_emergency,1.69,5.06,6.37,5,3,2.0,100,300,2,2,800
small_non_emergency,8.12,5.1,6.32,5,3,2.0,100,300,3,3,1200
small_non_emergency,7.9,4.54,7.48,5,3,2.0,100,300,3,3,1200
small_non_emergency,0.68,4.63,7.54,5,3,2.0,100,300,2,2,800
small_non_emergency,8.76,4.72,5.18,5,3,2.0,100,300,3,3,1200
small_non_emergency,1.22,4.88,6.91,5,3,2.0,100,300,2,2,800
small_non_emergency,0.73,3.34,5.82,5,3,2.0,100,300,2,2,800
small_non_emergency,0.69,5.0,7.58,5,3,2.0,100,300,2,2,800
small_non_emergency,3.35,5.46,5.74,5,3,2.0,100,300,2,2,800
small_non_emergency,7.88,4.71,6.37,5,3,2.0,100,300,3,3,1200
small_non_emergency,11.15,5.8,6.09,5,3,2.0,100,300,4,3,1300
small_non_emergency,10.44,4.29,5.94,5,3,2.0,100,300,4,3,1300
small_non_emergency,5.45,5.76,6.1,5,3,2.0,100,300,2,2,800
small_non_emergency,2.03,5.37,7.73,5,3,2.0,100,300,2,2,800
small_non_emergency,5.39,3.19,6.0,5,3,2.0,100,300,3,2,900
small_non_emergency,1.54,3.77,7.99,5,3,2.0,100,300,2,2,800
small_non_emergency,0.63,3.57,7.91,5,3,2.0,100,300,2,2,800
small_non_emergency,1.43,4.43,7.81,5,3,2.0,100,300,2,2,800
small_non_emergency,8.32,3.67,6.34,5,3,2.0,100,300,4,3,1300
small_non_emergency,10.87,4.6,5.36,5,3,2.0,100,300,5,3,1400
small_non_emergency,11.32,4.65,6.47,5,3,2.0,100,300,4,3,1300
small_non_emergency,10.25,5.52,7.77,5,3,2.0,100,300,3,3,1200
small_non_emergency,1.76,3.39,7.44,5,3,2.0,100,300,2,2,800
small_non_emergency,9.43,4.25,6.89,5,3,2.0,100,300,4,3,1300
small_non_emergency,9.97,5.49,5.26,5,3,2.0,100,300,4,3,1300
small_non_emergency,4.46,4.55,7.45,5,3,2.0,100,300,2,2,800
small_non_emergency,6.45,4.25,6.1,5,3,2.0,100,300,3,3,1200
small_non_emergency,9.67,5.44,6.71,5,3,2.0,100,300,3,3,1200
small_non_emergency,9.64,4.5,6.6,5,3,2.0,100,300,4,3,1300
small_non_emergency,7.49,3.17,7.4,5,3,2.0,100,300,4,3,1300
small_non_emergency,8.14,5.22,6.27,5,3,2.0,100,300,3,3,1200
small_non_emergency,3.24,4.75,6.36,5,3,2.0,100,300,2,2,800
small_non_emergency,4.62,5.67,5.87,5,3,2.0,100,300,2,2,800
small_non_emergency,6.41,4.86,7.42,5,3,2.0,100,300,3,2,900
small_non_emergency,8.03,5.75,6.88,5,3,2.0,100,300,3,3,1200
small_non_emergency,9.31,3.41,5.7,5,3,2.0,100,300,4,3,1300
small_non_emergency,0.7,3.01,7.91,5,3,2.0,100,300,2,2,800
small_non_emergency,8.31,4.18,5.39,5,3,2.0,100,300,4,3,1300
small_non_emergency,11.89,5.54,7.24,5,3,2.0,100,300,4,3,1300
small_non_emergency,2.24,3.78,6.32,5,3,2.0,100,300,2,2,800
small_non_emergency,4.41,3.35,7.99,5,3,2.0,100,300,3,2,900
small_non_emergency,7.29,4.28,5.31,5,3,2.0,100,300,3,3,1200
small_non_emergency,5.45,3.97,7.64,5,3,2.0,100,300,3,2,900
small_non_emergency,3.33,3.39,5.12,5,3,2.0,100,300,2,2,800
small_non_emergency,2.25,3.46,7.74,5,3,2.0,100,300,2,2,800
small_non_emergency,10.17,5.34,6.71,5,3,2.0,100,300,3,3,1200
small_non_emergency,7.72,4.34,6.39,5,3,2.0,100,300,3,3,1200
small_non_emergency,7.43,5.23,7.23,5,3,2.0,100,300,3,3,1200
small_non_emergency,6.24,3.59,5.2,5,3,2.0,100,300,3,3,1200
small_non_emergency,11.04,5.41,7.62,5,3,2.0,100,300,4,3,1300
small_non_emergency,2.93,5.52,6.15,5,3,2.0,100,300,2,2,800
small_non_emergency,10.68,3.86,6.63,5,3,2.0,100,300,4,3,1300
small_non_emergency,2.18,5.85,5.59,5,3,2.0,100,300,2,2,800
small_non_emergency,1.73,5.83,7.53,5,3,2.0,100,300,2,2,800
small_non_emergency,11.13,5.61,5.83,5,3,2.0,100,300,4,3,1300
small_non_emergency,7.33,3.03,7.79,5,3,2.0,100,300,4,2,1000
small_non_emergency,0.61,5.35,5.56,5,3,2.0,100,300,2,2,800
small_non_emergency,5.15,3.54,6.32,5,3,2.0,100,300,3,2,900
small_non_emergency,2.37,3.63,7.02,5,3,2.0,100,300,2,2,800
small_non_emergency,7.46,4.91,7.75,5,3,2.0,100,300,3,2,900
small_non_emergency,4.64,4.06,7.8,5,3,2.0,100,300,3,2,900
small_non_emergency,3.47,5.88,7.02,5,3,2.0,100,300,2,2,800
small_non_emergency,1.03,3.64,6.05,5,3,2.0,100,300,2,2,800
small_non_emergency,3.23,4.68,6.98,5,3,2.0,100,300,2,2,800
small_non_emergency,8.41,3.82,6.58,5,3,2.0,100,300,4,3,1300
small_non_emergency,10.54,3.98,7.93,5,3,2.0,100,300,4,3,1300
small_non_emergency,4.95,3.56,7.83,5,3,2.0,100,300,3,2,900
small_non_emergency,6.89,3.45,5.93,5,3,2.0,100,300,4,3,1300
small_non_emergency,2.18,3.76,7.21,5,3,2.0,100,300,2,2,800
small_non_emergency,2.36,4.36,5.81,5,3,2.0,100,300,2,2,800
small_non_emergency,10.02,4.62,7.77,5,3,2.0,100,300,4,3,1300
small_non_emergency,11.47,4.77,6.35,5,3,2.0,100,300,4,3,1300
small_non_emergency,5.51,3.28,6.5,5,3,2.0,100,300,3,2,900
small_non_emergency,9.52,3.57,6.88,5,3,2.0,100,300,4,3,1300
small_non_emergency,9.58,5.64,7.41,5,3,2.0,100,300,3,3,1200
small_non_emergency,10.12,3.44,5.61,5,3,2.0,100,300,5,3,1400
small_non_emergency,10.38,3.05,7.73,5,3,2.0,100,300,5,3,1400
small_non_emergency,7.25,4.27,6.09,5,3,2.0,100,300,3,3,1200
small_non_emergency,5.9,5.77,7.62,5,3,2.0,100,300,3,2,900
small_non_emergency,8.95,5.62,6.27,5,3,2.0,100,300,3,3,1200
small_non_emergency,5.55,4.91,6.57,5,3,2.0,100,300,3,2,900
small_non_emergency,10.54,3.59,6.51,5,3,2.0,100,300,5,3,1400
small_non_emergency,10.95,3.6,7.66,5,3,2.0,100,300,5,3,1400
small_non_emergency,2.0,3.92,6.11,5,3,2.0,100,300,2,2,800
small_non_emergency,5.32,4.64,6.91,5,3,2.0,100,300,3,2,900
small_non_emergency,3.8,4.79,7.09,5,3,2.0,100,300,2,2,800
small_non_emergency,4.88,4.99,5.07,5,3,2.0,100,300,2,2,800
small_non_emergency,0.99,5.69,5.25,5,3,2.0,100,300,2,2,800
small_non_emergency,11.35,3.83,6.1,5,3,2.0,100,300,5,3,1400
small_non_emergency,1.46,4.58,6.29,5,3,2.0,100,300,2,2,800
small_non_emergency,8.48,5.54,6.94,5,3,2.0,100,300,3,3,1200
small_non_emergency,6.07,3.49,7.1,5,3,2.0,100,300,3,2,900
small_non_emergency,7.9,5.49,6.46,5,3,2.0,100,300,3,3,1200
small_non_emergency,6.7,3.69,5.14,5,3,2.0,100,300,3,3,1200
small_non_emergency,3.49,3.93,7.76,5,3,2.0,100,300,2,2,800
small_non_emergency,8.99,3.58,7.63,5,3,2.0,100,300,4,3,1300
small_non_emergency,5.04,5.65,6.15,5,3,2.0,100,300,2,2,800
small_non_emergency,3.8,5.87,7.16,5,3,2.0,100,300,2,2,800
small_non_emergency,11.17,4.89,5.6,5,3,2.0,100,300,5,3,1400
small_non_emergency,9.59,4.64,7.4,5,3,2.0,100,300,4,3,1300
small_non_emergency,4.67,3.86,5.4,5,3,2.0,100,300,3,2,900
small_non_emergency,3.74,3.7,7.48,5,3,2.0,100,300,3,2,900
small_non_emergency,3.99,5.78,7.28,5,3,2.0,100,300,2,2,800
small_non_emergency,1.67,5.74,7.06,5,3,2.0,100,300,2,2,800
small_non_emergency,6.95,4.34,6.23,5,3,2.0,100,300,3,3,1200
small_non_emergency,9.74,3.44,7.93,5,3,2.0,100,300,4,3,1300
small_non_emergency,2.69,5.87,5.83,5,3,2.0,100,300,2,2,800
small_non_emergency,7.97,5.51,6.03,5,3,2.0,100,300,3,3,1200
small_non_emergency,3.88,5.94,7.19,5,3,2.0,100,300,2,2,800
small_non_emergency,6.41,5.43,7.17,5,3,2.0,100,300,3,2,900
small_non_emergency,6.57,3.21,6.46,5,3,2.0,100,300,4,3,1300
small_non_emergency,7.22,5.25,5.28,5,3,2.0,100,300,3,3,1200
small_non_emergency,7.56,3.55,5.54,5,3,2.0,100,300,4,3,1300
small_non_emergency,0.76,3.04,7.28,5,3,2.0,100,300,2,2,800
small_non_emergency,3.83,5.95,7.47,5,3,2.0,100,300,2,2,800
small_non_emergency,9.04,3.41,7.53,5,3,2.0,100,300,4,3,1300
small_non_emergency,3.61,5.85,7.53,5,3,2.0,100,300,2,2,800
small_non_emergency,8.22,3.18,7.96,5,3,2.0,100,300,4,3,1300
small_non_emergency,2.72,3.48,5.04,5,3,2.0,100,300,2,2,800
small_non_emergency,1.69,5.04,5.98,5,3,2.0,100,300,2,2,800
small_non_emergency,9.66,5.14,6.16,5,3,2.0,100,300,3,3,1200
small_non_emergency,10.52,5.87,6.54,5,3,2.0,100,300,3,3,1200
small_non_emergency,9.47,5.87,7.0,5,3,2.0,100,300,3,3,1200
small_non_emergency,1.97,3.86,6.49,5,3,2.0,100,300,2,2,800
small_non_emergency,10.58,4.48,7.52,5,3,2.0,100,300,4,3,1300
small_non_emergency,1.66,5.11,5.22,5,3,2.0,100,300,2,2,800
small_non_emergency,6.49,4.08,6.18,5,3,2.0,100,300,3,3,1200
small_non_emergency,9.93,5.59,6.25,5,3,2.0,100,300,3,3,1200
small_non_emergency,1.88,4.97,6.14,5,3,2.0,100,300,2,2,800
small_non_emergency,9.98,3.15,6.12,5,3,2.0,100,300,5,3,1400
small_non_emergency,3.69,3.11,6.8,5,3,2.0,100,300,3,2,900
small_non_emergency,11.83,4.47,7.5,5,3,2.0,100,300,4,3,1300
small_non_emergency,7.41,5.67,7.83,5,3,2.0,100,300,3,2,900
small_non_emergency,7.88,3.34,7.12,5,3,2.0,100,300,4,3,1300
small_non_emergency,5.44,4.49,6.05,5,3,2.0,100,300,3,2,900
small_non_emergency,2.02,5.99,6.68,5,3,2.0,100,300,2,2,800
small_non_emergency,7.86,5.36,7.95,5,3,2.0,100,300,3,2,900
small_non_emergency,7.43,5.99,5.38,5,3,2.0,100,300,3,3,1200
small_non_emergency,9.6,3.56,5.11,5,3,2.0,100,300,5,3,1400
small_non_emergency,4.58,3.37,6.94,5,3,2.0,100,300,3,2,900
small_non_emergency,4.86,3.97,5.28,5,3,2.0,100,300,3,2,900
small_non_emergency,8.97,5.13,6.04,5,3,2.0,100,300,3,3,1200
small_non_emergency,4.88,5.19,5.97,5,3,2.0,100,300,2,2,800
small_non_emergency,3.29,5.21,7.82,5,3,2.0,100,300,2,2,800
small_non_emergency,2.67,5.72,5.98,5,3,2.0,100,300,2,2,800
small_non_emergency,9.46,5.94,5.18,5,3,2.0,100,300,3,3,1200
small_non_emergency,8.73,3.57,5.04,5,3,2.0,100,300,4,3,1300
small_non_emergency,7.81,5.52,6.2,5,3,2.0,100,300,3,3,1200
small_non_emergency,6.34,5.92,7.02,5,3,2.0,100,300,3,2,900
small_non_emergency,1.89,4.89,7.27,5,3,2.0,100,300,2,2,800
small_non_emergency,10.67,3.95,7.08,5,3,2.0,100,300,4,3,1300
small_non_emergency,8.41,4.97,6.49,5,3,2.0,100,300,3,3,1200
small_non_emergency,3.65,5.53,5.71,5,3,2.0,100,300,2,2,800
small_non_emergency,9.86,5.31,5.36,5,3,2.0,100,300,4,3,1300
small_non_emergency,9.13,3.31,7.98,5,3,2.0,100,300,4,3,1300
small_non_emergency,9.75,4.35,7.57,5,3,2.0,100,300,4,3,1300
small_non_emergency,10.73,4.67,5.64,5,3,2.0,100,300,4,3,1300
small_non_emergency,9.05,3.47,7.19,5,3,2.0,100,300,4,3,1300
small_non_emergency,11.79,4.03,7.59,5,3,2.0,100,300,5,3,1400
small_non_emergency,1.41,4.8,6.62,5,3,2.0,100,300,2,2,800
small_non_emergency,9.06,4.56,6.58,5,3,2.0,100,300,3,3,1200
small_non_emergency,4.66,3.28,7.16,5,3,2.0,100,300,3,2,900
small_non_emergency,4.77,3.41,7.13,5,3,2.0,100,300,3,2,900
small_non_emergency,8.75,5.43,7.03,5,3,2.0,100,300,3,3,1200
small_non_emergency,2.58,4.28,6.81,5,3,2.0,100,300,2,2,800
small_non_emergency,6.74,5.58,5.27,5,3,2.0,100,300,3,3,1200
small_non_emergency,10.63,3.69,6.97,5,3,2.0,100,300,5,3,1400
small_non_emergency,4.77,5.44,6.0,5,3,2.0,100,300,2,2,800
small_non_emergency,4.61,4.74,5.95,5,3,2.0,100,300,2,2,800
small_non_emergency,5.46,4.99,7.2,5,3,2.0,100,300,3,2,900
small_non_emergency,6.38,4.03,5.4,5,3,2.0,100,300,3,3,1200
small_non_emergency,5.58,3.06,6.95,5,3,2.0,100,300,3,2,900
small_non_emergency,3.93,3.5,6.55,5,3,2.0,100,300,3,2,900
small_non_emergency,0.93,3.35,6.18,5,3,2.0,100,300,2,2,800
small_non_emergency,7.55,5.68,7.77,5,3,2.0,100,300,3,2,900
small_non_emergency,2.46,3.94,5.7,5,3,2.0,100,300,2,2,800
small_non_emergency,5.21,4.68,7.02,5,3,2.0,100,300,3,2,900
small_non_emergency,3.67,3.5,6.08,5,3,2.0,100,300,3,2,900
small_non_emergency,2.32,3.83,5.75,5,3,2.0,100,300,2,2,800
small_non_emergency,4.78,3.91,5.45,5,3,2.0,100,300,3,2,900
small_non_emergency,5.0,5.84,5.42,5,3,2.0,100,300,2,2,800
small_non_emergency,9.09,4.72,5.93,5,3,2.0,100,300,3,3,1200
small_non_emergency,3.57,3.75,7.36,5,3,2.0,100,300,2,2,800
small_non_emergency,0.61,4.84,7.84,5,3,2.0,100,300,2,2,800
small_non_emergency,2.52,3.86,6.57,5,3,2.0,100,300,2,2,800
small_non_emergency,4.05,3.79,5.56,5,3,2.0,100,300,3,2,900
small_non_emergency,4.62,4.68,7.66,5,3,2.0,100,300,2,2,800
small_non_emergency,7.84,5.56,5.77,5,3,2.0,100,300,3,3,1200
small_non_emergency,3.14,4.04,6.48,5,3,2.0,100,300,2,2,800
small_non_emergency,0.88,4.77,5.54,5,3,2.0,100,300,2,2,800
small_non_emergency,1.31,3.4,7.16,5,3,2.0,100,300,2,2,800
small_non_emergency,1.64,4.2,7.36,5,3,2.0,100,300,2,2,800
small_non_emergency,4.28,5.85,5.26,5,3,2.0,100,300,2,2,800
small_non_emergency,4.71,3.89,7.68,5,3,2.0,100,300,3,2,900
small_non_emergency,10.93,4.74,5.63,5,3,2.0,100,300,4,3,1300
small_non_emergency,9.67,5.23,7.1,5,3,2.0,100,300,3,3,1200
small_non_emergency,5.52,4.37,7.92,5,3,2.0,100,300,3,2,900
small_non_emergency,0.61,4.38,7.1,5,3,2.0,100,300,2,2,800
small_non_emergency,5.0,3.43,7.85,5,3,2.0,100,300,3,2,900
small_non_emergency,1.77,3.98,5.0,5,3,2.0,100,300,2,2,800
small_non_emergency,10.84,5.62,7.07,5,3,2.0,100,300,3,3,1200
small_non_emergency,4.22,4.64,5.6,5,3,2.0,100,300,2,2,800
small_non_emergency,1.95,3.41,6.17,5,3,2.0,100,300,2,2,800
small_non_emergency,5.78,3.94,5.77,5,3,2.0,100,300,3,3,1200
small_non_emergency,11.76,4.56,5.99,5,3,2.0,100,300,5,3,1400
small_non_emergency,3.85,3.31,7.5,5,3,2.0,100,300,3,2,900
small_non_emergency,2.07,3.2,6.19,5,3,2.0,100,300,2,2,800
small_non_emergency,2.41,3.8,6.76,5,3,2.0,100,300,2,2,800
small_non_emergency,2.7,3.79,5.98,5,3,2.0,100,300,2,2,800
small_non_emergency,6.71,3.75,5.24,5,3,2.0,100,300,3,3,1200
small_non_emergency,6.86,4.17,6.17,5,3,2.0,100,300,3,3,1200
small_non_emergency,8.94,5.1,7.93,5,3,2.0,100,300,3,3,1200
small_non_emergency,10.46,3.37,7.0,5,3,2.0,100,300,5,3,1400
small_non_emergency,0.89,5.01,7.07,5,3,2.0,100,300,2,2,800
small_non_emergency,7.17,4.72,7.51,5,3,2.0,100,300,3,2,900
small_non_emergency,7.69,5.55,6.57,5,3,2.0,100,300,3,3,1200
small_non_emergency,9.2,5.98,6.9,5,3,2.0,100,300,3,3,1200
small_non_emergency,7.82,3.99,5.15,5,3,2.0,100,300,3,3,1200
small_non_emergency,0.79,5.33,6.25,5,3,2.0,100,300,2,2,800
small_non_emergency,4.28,5.78,5.41,5,3,2.0,100,300,2,2,800
small_non_emergency,1.86,3.51,7.63,5,3,2.0,100,300,2,2,800
small_non_emergency,5.5,3.58,6.55,5,3,2.0,100,300,3,2,900
small_non_emergency,9.37,5.86,6.24,5,3,2.0,100,300,3,3,1200
small_non_emergency,5.89,5.43,5.95,5,3,2.0,100,300,3,2,900
small_non_emergency,3.36,5.35,7.76,5,3,2.0,100,300,2,2,800
small_non_emergency,9.57,3.3,6.44,5,3,2.0,100,300,5,3,1400
small_non_emergency,9.76,5.72,5.19,5,3,2.0,100,300,3,3,1200
small_non_emergency,8.66,3.66,7.79,5,3,2.0,100,300,4,3,1300
small_non_emergency,7.08,3.74,5.97,5,3,2.0,100,300,3,3,1200
small_non_emergency,6.05,3.7,5.11,5,3,2.0,100,300,3,3,1200
small_non_emergency,4.32,5.86,7.16,5,3,2.0,100,300,2,2,800
small_non_emergency,3.13,5.48,6.66,5,3,2.0,100,300,2,2,800
small_non_emergency,4.9,4.49,5.36,5,3,2.0,100,300,3,2,900
small_non_emergency,5.29,3.82,5.23,5,3,2.0,100,300,3,3,1200
small_non_emergency,6.4,3.34,7.67,5,3,2.0,100,300,3,2,900
small_non_emergency,4.75,3.49,5.42,5,3,2.0,100,300,3,2,900
small_non_emergency,9.84,3.23,7.79,5,3,2.0,100,300,5,3,1400
small_non_emergency,8.29,5.27,6.49,5,3,2.0,100,300,3,3,1200
small_non_emergency,8.42,5.39,7.14,5,3,2.0,100,300,3,3,1200
small_non_emergency,9.99,3.7,5.38,5,3,2.0,100,300,5,3,1400
small_non_emergency,5.18,3.72,7.76,5,3,2.0,100,300,3,2,900
small_non_emergency,3.96,5.7,7.33,5,3,2.0,100,300,2,2,800
small_non_emergency,3.43,5.95,7.75,5,3,2.0,100,300,2,2,800
small_non_emergency,7.21,4.56,5.94,5,3,2.0,100,300,3,3,1200
small_non_emergency,7.22,4.35,6.73,5,3,2.0,100,300,3,3,1200
small_non_emergency,5.12,3.99,7.45,5,3,2.0,100,300,3,2,900
small_non_emergency,10.41,3.23,7.47,5,3,2.0,100,300,5,3,1400
small_non_emergency,8.65,4.09,5.27,5,3,2.0,100,300,4,3,1300
small_non_emergency,2.17,4.95,7.8,5,3,2.0,100,300,2,2,800
small_non_emergency,7.38,5.18,6.69,5,3,2.0,100,300,3,3,1200
small_non_emergency,10.84,5.32,6.71,5,3,2.0,100,300,4,3,1300
small_non_emergency,7.36,3.84,5.3,5,3,2.0,100,300,3,3,1200
small_non_emergency,5.13,3.53,7.56,5,3,2.0,100,300,3,2,900
small_non_emergency,9.89,4.43,5.08,5,3,2.0,100,300,4,3,1300
small_non_emergency,8.1,5.18,6.08,5,3,2.0,100,300,3,3,1200
small_non_emergency,0.83,5.05,7.32,5,3,2.0,100,300,2,2,800
small_non_emergency,5.37,4.1,7.89,5,3,2.0,100,300,3,2,900
small_non_emergency,5.9,5.7,7.04,5,3,2.0,100,300,3,2,900
small_non_emergency,1.66,3.51,7.58,5,3,2.0,100,300,2,2,800
small_non_emergency,5.16,5.2,7.15,5,3,2.0,100,300,2,2,800
small_non_emergency,10.16,4.56,6.84,5,3,2.0,100,300,4,3,1300
small_non_emergency,0.99,4.64,5.96,5,3,2.0,100,300,2,2,800
small_non_emergency,9.65,4.73,7.87,5,3,2.0,100,300,4,3,1300
small_non_emergency,5.65,5.26,5.79,5,3,2.0,100,300,3,2,900
small_non_emergency,9.64,3.47,5.5,5,3,2.0,100,300,5,3,1400
small_non_emergency,0.86,5.83,5.29,5,3,2.0,100,300,2,2,800
small_non_emergency,3.83,3.33,6.19,5,3,2.0,100,300,3,2,900
small_non_emergency,11.98,3.89,7.12,5,3,2.0,100,300,5,3,1400
small_non_emergency,2.9,5.1,7.55,5,3,2.0,100,300,2,2,800
small_non_emergency,8.68,4.16,7.44,5,3,2.0,100,300,4,3,1300
small_non_emergency,3.37,5.52,5.27,5,3,2.0,100,300,2,2,800
small_non_emergency,3.92,3.98,5.04,5,3,2.0,100,300,2,2,800
small_non_emergency,4.7,3.58,7.84,5,3,2.0,100,300,3,2,900
small_non_emergency,9.15,4.33,7.52,5,3,2.0,100,300,4,3,1300
small_non_emergency,7.2,3.58,5.03,5,3,2.0,100,300,4,3,1300
small_non_emergency,11.19,4.73,6.85,5,3,2.0,100,300,4,3,1300
small_non_emergency,4.85,4.88,5.95,5,3,2.0,100,300,2,2,800
small_non_emergency,5.35,3.3,6.37,5,3,2.0,100,300,3,2,900
small_non_emergency,5.23,5.23,7.92,5,3,2.0,100,300,2,2,800
small_non_emergency,5.23,5.56,5.6,5,3,2.0,100,300,2,2,800
small_non_emergency,10.11,5.94,5.4,5,3,2.0,100,300,3,3,1200
small_non_emergency,5.12,5.27,7.74,5,3,2.0,100,300,2,2,800
small_non_emergency,1.75,3.22,5.81,5,3,2.0,100,300,2,2,800
small_non_emergency,5.3,3.96,7.18,5,3,2.0,100,300,3,2,900
small_non_emergency,8.95,3.43,7.61,5,3,2.0,100,300,4,3,1300
small_non_emergency,8.77,3.74,5.98,5,3,2.0,100,300,4,3,1300
small_non_emergency,10.13,3.12,6.02,5,3,2.0,100,300,5,3,1400
small_non_emergency,1.58,4.28,6.51,5,3,2.0,100,300,2,2,800
small_non_emergency,2.46,3.11,6.12,5,3,2.0,100,300,2,2,800
small_non_emergency,10.43,5.82,5.29,5,3,2.0,100,300,4,3,1300
small_non_emergency,2.4,3.89,5.09,5,3,2.0,100,300,2,2,800
small_non_emergency,6.9,5.32,6.43,5,3,2.0,100,300,3,3,1200
small_non_emergency,9.68,3.96,6.25,5,3,2.0,100,300,4,3,1300
small_non_emergency,3.59,5.4,6.09,5,3,2.0,100,300,2,2,800
small_non_emergency,2.0,5.95,7.36,5,3,2.0,100,300,2,2,800
small_non_emergency,4.19,5.83,7.53,5,3,2.0,100,300,2,2,800
small_non_emergency,2.58,3.0,6.59,5,3,2.0,100,300,2,2,800
small_non_emergency,8.51,4.87,5.32,5,3,2.0,100,300,3,3,1200
small_non_emergency,2.11,4.9,7.17,5,3,2.0,100,300,2,2,800
small_non_emergency,2.46,3.95,7.78,5,3,2.0,100,300,2,2,800
small_non_emergency,7.75,5.33,6.16,5,3,2.0,100,300,3,3,1200
small_non_emergency,11.63,4.73,7.31,5,3,2.0,100,300,4,3,1300
small_non_emergency,2.2,4.16,6.04,5,3,2.0,100,300,2,2,800
small_non_emergency,11.22,5.49,5.71,5,3,2.0,100,300,4,3,1300
small_non_emergency,5.06,5.32,6.16,5,3,2.0,100,300,2,2,800
small_non_emergency,3.34,4.88,7.65,5,3,2.0,100,300,2,2,800
small_non_emergency,8.28,6.0,5.91,5,3,2.0,100,300,3,3,1200
small_non_emergency,4.25,4.22,5.78,5,3,2.0,100,300,3,2,900
small_non_emergency,10.41,3.92,5.95,5,3,2.0,100,300,4,3,1300
small_non_emergency,1.27,5.05,5.76,5,3,2.0,100,300,2,2,800
small_non_emergency,8.21,5.98,7.41,5,3,2.0,100,300,3,3,1200
small_non_emergency,9.58,5.65,7.08,5,3,2.0,100,300,3,3,1200
small_non_emergency,11.67,5.92,7.29,5,3,2.0,100,300,3,3,1200
small_non_emergency,2.67,4.87,7.97,5,3,2.0,100,300,2,2,800
small_non_emergency,7.59,5.15,6.56,5,3,2.0,100,300,3,3,1200
small_non_emergency,9.63,3.13,7.56,5,3,2.0,100,300,5,3,1400
small_non_emergency,4.45,5.48,5.13,5,3,2.0,100,300,2,2,800
small_non_emergency,2.35,3.94,5.74,5,3,2.0,100,300,2,2,800
small_non_emergency,10.03,3.84,6.12,5,3,2.0,100,300,4,3,1300
small_non_emergency,10.85,4.6,5.84,5,3,2.0,100,300,4,3,1300
small_non_emergency,9.72,5.31,7.6,5,3,2.0,100,300,3,3,1200
small_non_emergency,4.69,5.8,5.84,5,3,2.0,100,300,2,2,800
small_non_emergency,5.84,5.23,7.73,5,3,2.0,100,300,3,2,900
small_non_emergency,7.56,5.75,7.66,5,3,2.0,100,300,3,2,900
small_non_emergency,6.75,3.86,5.54,5,3,2.0,100,300,3,3,1200
small_non_emergency,7.36,4.7,5.51,5,3,2.0,100,300,3,3,1200
small_non_emergency,2.57,5.55,5.85,5,3,2.0,100,300,2,2,800
small_non_emergency,3.29,3.39,5.74,5,3,2.0,100,300,2,2,800
small_non_emergency,2.83,5.55,6.03,5,3,2.0,100,300,2,2,800
small_non_emergency,1.92,4.64,6.26,5,3,2.0,100,300,2,2,800
small_non_emergency,6.64,3.11,5.97,5,3,2.0,100,300,4,3,1300
small_non_emergency,2.49,3.66,6.93,5,3,2.0,100,300,2,2,800
small_non_emergency,6.19,3.57,5.43,5,3,2.0,100,300,3,3,1200
small_non_emergency,1.76,3.32,6.03,5,3,2.0,100,300,2,2,800
small_non_emergency,0.77,4.7,7.48,5,3,2.0,100,300,2,2,800
small_non_emergency,9.38,5.45,6.94,5,3,2.0,100,300,3,3,1200
small_non_emergency,0.51,5.09,7.79,5,3,2.0,100,300,2,2,800
small_non_emergency,4.31,3.15,5.51,5,3,2.0,100,300,3,2,900
small_non_emergency,2.04,3.88,6.79,5,3,2.0,100,300,2,2,800
small_non_emergency,0.84,3.39,5.83,5,3,2.0,100,300,2,2,800
small_non_emergency,7.69,5.11,5.35,5,3,2.0,100,300,3,3,1200
small_non_emergency,3.33,3.99,7.07,5,3,2.0,100,300,2,2,800
small_non_emergency,2.98,3.04,7.16,5,3,2.0,100,300,2,2,800
small_non_emergency,3.81,5.03,5.88,5,3,2.0,100,300,2,2,800
small_non_emergency,4.68,4.11,5.59,5,3,2.0,100,300,3,2,900
small_non_emergency,6.39,4.33,5.83,5,3,2.0,100,300,3,3,1200
small_non_emergency,7.61,5.73,5.7,5,3,2.0,100,300,3,3,1200
small_non_emergency,8.86,5.98,7.62,5,3,2.0,100,300,3,3,1200
small_non_emergency,8.06,3.1,7.86,5,3,2.0,100,300,4,3,1300
small_non_emergency,2.2,3.73,7.34,5,3,2.0,100,300,2,2,800
small_non_emergency,3.76,4.3,6.9,5,3,2.0,100,300,2,2,800
small_non_emergency,0.77,3.5,6.1,5,3,2.0,100,300,2,2,800
small_non_emergency,6.39,4.05,5.87,5,3,2.0,100,300,3,3,1200
small_non_emergency,8.1,4.78,6.09,5,3,2.0,100,300,3,3,1200
small_non_emergency,4.36,5.02,6.92,5,3,2.0,100,300,2,2,800
small_non_emergency,3.17,4.0,5.48,5,3,2.0,100,300,2,2,800
small_non_emergency,2.47,3.69,5.06,5,3,2.0,100,300,2,2,800
small_non_emergency,1.09,3.71,5.83,5,3,2.0,100,300,2,2,800
small_non_emergency,4.37,3.09,6.66,5,3,2.0,100,300,3,2,900
small_non_emergency,3.57,4.71,7.76,5,3,2.0,100,300,2,2,800
small_non_emergency,1.86,5.08,5.75,5,3,2.0,100,300,2,2,800
small_non_emergency,6.51,5.19,6.51,5,3,2.0,100,300,3,2,900
small_non_emergency,8.87,3.07,6.5,5,3,2.0,100,300,5,3,1400
small_non_emergency,6.39,4.61,7.3,5,3,2.0,100,300,3,2,900
small_non_emergency,5.6,3.86,7.87,5,3,2.0,100,300,3,2,900
small_non_emergency,2.83,4.14,7.21,5,3,2.0,100,300,2,2,800
small_non_emergency,10.85,5.03,6.65,5,3,2.0,100,300,4,3,1300
small_non_emergency,0.83,3.73,7.68,5,3,2.0,100,300,2,2,800
small_non_emergency,9.58,4.6,5.92,5,3,2.0,100,300,4,3,1300
small_non_emergency,11.19,4.9,5.54,5,3,2.0,100,300,5,3,1400
small_non_emergency,10.78,4.01,7.58,5,3,2.0,100,300,4,3,1300
small_non_emergency,7.67,5.42,5.41,5,3,2.0,100,300,3,3,1200
small_non_emergency,1.2,3.26,7.11,5,3,2.0,100,300,2,2,800
small_non_emergency,5.53,3.79,6.33,5,3,2.0,100,300,3,2,900
small_non_emergency,9.29,3.62,7.92,5,3,2.0,100,300,4,3,1300
small_non_emergency,2.37,3.45,6.78,5,3,2.0,100,300,2,2,800
small_non_emergency,1.73,5.2,7.81,5,3,2.0,100,300,2,2,800
small_non_emergency,7.18,3.73,5.17,5,3,2.0,100,300,3,3,1200
small_non_emergency,4.61,4.89,6.91,5,3,2.0,100,300,2,2,800
small_non_emergency,4.01,4.27,5.15,5,3,2.0,100,300,2,2,800
small_non_emergency,4.44,4.7,6.18,5,3,2.0,100,300,2,2,800
small_non_emergency,9.18,3.87,6.67,5,3,2.0,100,300,4,3,1300
small_non_emergency,2.96,5.14,7.82,5,3,2.0,100,300,2,2,800
small_non_emergency,5.06,3.51,5.55,5,3,2.0,100,300,3,2,900
small_non_emergency,7.93,3.61,7.69,5,3,2.0,100,300,4,3,1300
small_non_emergency,4.22,3.56,7.05,5,3,2.0,100,300,3,2,900
small_non_emergency,7.0,3.33,7.7,5,3,2.0,100,300,4,2,1000
small_non_emergency,6.3,4.57,6.74,5,3,2.0,100,300,3,2,900
small_non_emergency,5.83,4.76,5.41,5,3,2.0,100,300,3,3,1200
small_non_emergency,5.04,5.25,6.73,5,3,2.0,100,300,2,2,800
small_non_emergency,7.1,5.37,7.33,5,3,2.0,100,300,3,2,900
small_non_emergency,7.26,5.11,5.67,5,3,2.0,100,300,3,3,1200
small_non_emergency,3.91,4.55,6.44,5,3,2.0,100,300,2,2,800
small_non_emergency,1.11,5.48,6.69,5,3,2.0,100,300,2,2,800
small_non_emergency,1.2,4.77,5.53,5,3,2.0,100,300,2,2,800
small_non_emergency,10.98,5.26,6.65,5,3,2.0,100,300,4,3,1300
small_non_emergency,10.05,4.14,7.35,5,3,2.0,100,300,4,3,1300
small_non_emergency,8.33,3.69,7.94,5,3,2.0,100,300,4,3,1300
small_non_emergency,11.2,5.27,6.66,5,3,2.0,100,300,4,3,1300
small_non_emergency,10.33,4.34,7.9,5,3,2.0,100,300,4,3,1300
small_non_emergency,9.88,3.1,7.89,5,3,2.0,100,300,5,3,1400
small_non_emergency,9.59,5.7,7.52,5,3,2.0,100,300,3,3,1200
small_non_emergency,3.07,4.06,7.02,5,3,2.0,100,300,2,2,800
small_non_emergency,6.49,4.18,5.31,5,3,2.0,100,300,3,3,1200
small_non_emergency,1.49,4.26,7.78,5,3,2.0,100,300,2,2,800
small_non_emergency,5.25,3.1,5.08,5,3,2.0,100,300,3,3,1200
small_non_emergency,7.23,5.64,7.31,5,3,2.0,100,300,3,2,900
small_non_emergency,0.92,3.32,7.15,5,3,2.0,100,300,2,2,800
small_non_emergency,1.6,3.61,5.33,5,3,2.0,100,300,2,2,800
small_non_emergency,6.98,3.34,6.57,5,3,2.0,100,300,4,3,1300
small_non_emergency,0.84,4.7,5.8,5,3,2.0,100,300,2,2,800
small_non_emergency,10.39,3.77,6.24,5,3,2.0,100,300,4,3,1300
small_non_emergency,2.0,4.84,6.08,5,3,2.0,100,300,2,2,800
small_non_emergency,9.61,4.89,5.74,5,3,2.0,100,300,4,3,1300
small_non_emergency,10.43,4.27,5.8,5,3,2.0,100,300,4,3,1300
small_non_emergency,10.72,5.48,7.02,5,3,2.0,100,300,3,3,1200
small_non_emergency,10.48,4.32,7.02,5,3,2.0,100,300,4,3,1300
small_non_emergency,9.35,5.84,6.81,5,3,2.0,100,300,3,3,1200
small_non_emergency,7.24,3.94,5.86,5,3,2.0,100,300,3,3,1200
small_non_emergency,3.49,3.95,6.42,5,3,2.0,100,300,2,2,800
small_non_emergency,5.05,5.0,5.8,5,3,2.0,100,300,3,2,900
small_non_emergency,8.73,5.8,5.12,5,3,2.0,100,300,3,3,1200
small_non_emergency,5.64,4.72,5.81,5,3,2.0,100,300,3,2,900
small_non_emergency,6.19,3.69,5.91,5,3,2.0,100,300,3,3,1200
small_non_emergency,5.68,5.56,5.34,5,3,2.0,100,300,3,3,1200
small_non_emergency,7.66,4.82,5.53,5,3,2.0,100,300,3,3,1200
small_non_emergency,4.57,5.78,5.67,5,3,2.0,100,300,2,2,800
small_non_emergency,4.98,4.88,5.79,5,3,2.0,100,300,3,2,900
small_non_emergency,3.52,3.43,5.27,5,3,2.0,100,300,3,2,900
small_non_emergency,11.47,3.58,7.27,5,3,2.0,100,300,5,3,1400
small_non_emergency,4.69,5.88,5.81,5,3,2.0,100,300,2,2,800
small_non_emergency,6.89,4.17,7.62,5,3,2.0,100,300,3,2,900
small_non_emergency,7.8,4.93,5.94,5,3,2.0,100,300,3,3,1200
small_non_emergency,8.94,4.1,7.77,5,3,2.0,100,300,4,3,1300
small_non_emergency,4.22,3.67,5.71,5,3,2.0,100,300,3,2,900
small_non_emergency,9.85,3.71,5.34,5,3,2.0,100,300,5,3,1400
small_non_emergency,9.84,5.78,5.56,5,3,2.0,100,300,3,3,1200
small_non_emergency,11.29,3.92,6.36,5,3,2.0,100,300,5,3,1400
small_non_emergency,6.09,3.26,5.63,5,3,2.0,100,300,3,3,1200
small_non_emergency,2.96,3.86,6.5,5,3,2.0,100,300,2,2,800
small_non_emergency,2.91,4.21,7.62,5,3,2.0,100,300,2,2,800
small_non_emergency,4.79,5.29,7.24,5,3,2.0,100,300,2,2,800
small_non_emergency,5.31,3.01,6.65,5,3,2.0,100,300,3,2,900
small_non_emergency,2.74,5.54,5.42,5,3,2.0,100,300,2,2,800
small_non_emergency,9.01,4.79,5.16,5,3,2.0,100,300,3,3,1200
small_non_emergency,7.62,4.01,6.65,5,3,2.0,100,300,3,3,1200
small_non_emergency,1.07,4.07,5.43,5,3,2.0,100,300,2,2,800
small_non_emergency,8.97,3.99,5.4,5,3,2.0,100,300,4,3,1300
small_non_emergency,6.21,3.89,6.86,5,3,2.0,100,300,3,2,900
small_non_emergency,4.22,5.07,6.1,5,3,2.0,100,300,2,2,800
small_non_emergency,10.49,4.3,7.15,5,3,2.0,100,300,4,3,1300
small_non_emergency,11.64,4.31,6.73,5,3,2.0,100,300,4,3,1300
small_non_emergency,11.0,4.61,6.43,5,3,2.0,100,300,4,3,1300
small_non_emergency,9.83,4.74,7.4,5,3,2.0,100,300,4,3,1300
small_non_emergency,10.52,5.9,7.14,5,3,2.0,100,300,3,3,1200
small_non_emergency,0.8,4.68,7.47,5,3,2.0,100,300,2,2,800
small_non_emergency,0.81,4.09,7.6,5,3,2.0,100,300,2,2,800
small_non_emergency,3.58,3.26,6.81,5,3,2.0,100,300,3,2,900
small_non_emergency,3.49,4.31,5.39,5,3,2.0,100,300,2,2,800
small_non_emergency,7.98,5.53,5.19,5,3,2.0,100,300,3,3,1200
small_non_emergency,10.8,4.94,5.56,5,3,2.0,100,300,4,3,1300
small_non_emergency,4.28,5.19,5.26,5,3,2.0,100,300,2,2,800
small_non_emergency,10.26,3.77,5.84,5,3,2.0,100,300,5,3,1400
small_non_emergency,5.77,5.64,5.33,5,3,2.0,100,300,3,3,1200
small_non_emergency,1.13,4.13,5.09,5,3,2.0,100,300,2,2,800
small_non_emergency,9.77,5.82,5.7,5,3,2.0,100,300,3,3,1200
small_non_emergency,3.54,3.16,7.13,5,3,2.0,100,300,3,2,900
small_non_emergency,6.87,3.15,5.39,5,3,2.0,100,300,4,3,1300
small_non_emergency,4.84,5.41,8.0,5,3,2.0,100,300,2,2,800
small_non_emergency,2.21,4.77,5.22,5,3,2.0,100,300,2,2,800
small_non_emergency,9.27,4.07,7.14,5,3,2.0,100,300,4,3,1300
small_non_emergency,5.92,5.64,5.9,5,3,2.0,100,300,3,3,1200
small_non_emergency,9.88,3.0,6.61,5,3,2.0,100,300,5,3,1400
small_non_emergency,1.01,5.68,5.91,5,3,2.0,100,300,2,2,800
small_non_emergency,3.03,4.57,7.39,5,3,2.0,100,300,2,2,800
small_non_emergency,5.51,5.47,5.01,5,3,2.0,100,300,3,3,1200
small_non_emergency,7.01,4.06,5.95,5,3,2.0,100,300,3,3,1200
small_non_emergency,5.91,4.08,6.38,5,3,2.0,100,300,3,2,900
small_non_emergency,11.95,3.46,7.88,5,3,2.0,100,300,5,3,1400
small_non_emergency,11.82,4.34,6.46,5,3,2.0,100,300,5,3,1400
small_non_emergency,7.77,4.15,6.32,5,3,2.0,100,300,3,3,1200
small_non_emergency,9.09,4.68,7.46,5,3,2.0,100,300,3,3,1200
small_non_emergency,8.35,4.02,7.92,5,3,2.0,100,300,4,3,1300
small_non_emergency,3.31,3.05,5.72,5,3,2.0,100,300,3,2,900
small_non_emergency,10.72,5.51,7.01,5,3,2.0,100,300,3,3,1200
small_non_emergency,10.14,3.61,6.64,5,3,2.0,100,300,4,3,1300
small_non_emergency,4.75,4.4,6.94,5,3,2.0,100,300,3,2,900
small_non_emergency,1.51,5.04,5.11,5,3,2.0,100,300,2,2,800
small_non_emergency,8.37,3.7,8.0,5,3,2.0,100,300,4,3,1300
small_non_emergency,1.91,4.41,6.96,5,3,2.0,100,300,2,2,800
small_non_emergency,5.25,4.85,5.51,5,3,2.0,100,300,3,2,900
small_non_emergency,2.75,5.11,6.12,5,3,2.0,100,300,2,2,800
small_non_emergency,7.01,5.92,7.87,5,3,2.0,100,300,3,2,900
small_non_emergency,10.01,4.82,6.3,5,3,2.0,100,300,4,3,1300
small_non_emergency,11.15,4.81,6.97,5,3,2.0,100,300,4,3,1300
small_non_emergency,11.94,4.87,7.11,5,3,2.0,100,300,4,3,1300
small_non_emergency,2.45,5.7,5.74,5,3,2.0,100,300,2,2,800
small_non_emergency,3.13,3.48,6.92,5,3,2.0,100,300,2,2,800
small_non_emergency,5.4,4.59,7.57,5,3,2.0,100,300,3,2,900
small_non_emergency,10.1,5.28,5.51,5,3,2.0,100,300,4,3,1300
small_non_emergency,9.87,4.95,5.46,5,3,2.0,100,300,4,3,1300
small_non_emergency,6.14,4.42,5.46,5,3,2.0,100,300,3,3,1200
small_non_emergency,3.05,5.95,7.9,5,3,2.0,100,300,2,2,800
small_non_emergency,2.49,4.15,6.43,5,3,2.0,100,300,2,2,800
small_non_emergency,2.59,3.45,5.34,5,3,2.0,100,300,2,2,800
small_non_emergency,4.0,3.46,5.2,5,3,2.0,100,300,3,2,900
small_non_emergency,5.53,5.41,5.88,5,3,2.0,100,300,3,2,900
small_non_emergency,0.67,4.85,7.31,5,3,2.0,100,300,2,2,800
small_non_emergency,2.11,4.83,5.78,5,3,2.0,100,300,2,2,800
small_non_emergency,4.61,3.15,6.41,5,3,2.0,100,300,3,2,900
small_non_emergency,6.5,5.76,7.14,5,3,2.0,100,300,3,2,900
small_non_emergency,6.21,4.61,5.1,5,3,2.0,100,300,3,3,1200
small_non_emergency,2.67,5.36,7.94,5,3,2.0,100,300,2,2,800
small_non_emergency,10.04,5.34,6.7,5,3,2.0,100,300,3,3,1200
small_non_emergency,4.67,4.9,6.32,5,3,2.0,100,300,2,2,800
small_non_emergency,1.89,4.33,7.39,5,3,2.0,100,300,2,2,800
small_non_emergency,4.41,4.99,7.82,5,3,2.0,100,300,2,2,800
small_non_emergency,2.01,3.91,6.48,5,3,2.0,100,300,2,2,800
small_non_emergency,7.05,5.76,5.19,5,3,2.0,100,300,3,3,1200
small_non_emergency,10.67,4.67,6.95,5,3,2.0,100,300,4,3,1300
small_non_emergency,4.03,4.0,6.81,5,3,2.0,100,300,3,2,900
small_non_emergency,1.43,4.29,7.92,5,3,2.0,100,300,2,2,800
small_non_emergency,2.01,4.27,7.13,5,3,2.0,100,300,2,2,800
small_non_emergency,9.06,3.92,5.76,5,3,2.0,100,300,4,3,1300
small_non_emergency,6.31,4.5,7.04,5,3,2.0,100,300,3,2,900
small_non_emergency,8.95,5.94,6.81,5,3,2.0,100,300,3,3,1200
small_non_emergency,10.87,3.56,5.76,5,3,2.0,100,300,5,3,1400
small_non_emergency,9.23,3.57,7.67,5,3,2.0,100,300,4,3,1300
small_non_emergency,7.85,4.82,7.7,5,3,2.0,100,300,3,3,1200
small_non_emergency,4.88,5.28,7.57,5,3,2.0,100,300,2,2,800
small_non_emergency,6.76,5.65,6.3,5,3,2.0,100,300,3,3,1200
small_non_emergency,2.31,3.33,7.61,5,3,2.0,100,300,2,2,800
small_non_emergency,1.23,3.67,5.79,5,3,2.0,100,300,2,2,800
small_non_emergency,0.52,5.12,7.01,5,3,2.0,100,300,2,2,800
small_non_emergency,10.47,5.45,7.08,5,3,2.0,100,300,3,3,1200
small_non_emergency,0.74,4.56,6.5,5,3,2.0,100,300,2,2,800
small_non_emergency,5.7,4.08,5.86,5,3,2.0,100,300,3,2,900
small_non_emergency,2.73,4.61,5.9,5,3,2.0,100,300,2,2,800
small_non_emergency,1.55,5.09,6.46,5,3,2.0,100,300,2,2,800
small_non_emergency,8.52,4.65,6.64,5,3,2.0,100,300,3,3,1200
small_non_emergency,4.52,3.17,7.02,5,3,2.0,100,300,3,2,900
small_non_emergency,7.82,5.49,7.53,5,3,2.0,100,300,3,3,1200
small_non_emergency,5.17,4.24,5.13,5,3,2.0,100,300,3,3,1200
small_non_emergency,4.12,5.32,7.76,5,3,2.0,100,300,2,2,800
small_non_emergency,4.35,4.94,6.47,5,3,2.0,100,300,2,2,800
small_non_emergency,5.27,3.69,5.65,5,3,2.0,100,300,3,2,900
small_non_emergency,7.46,5.84,5.49,5,3,2.0,100,300,3,3,1200
small_non_emergency,5.14,5.65,6.19,5,3,2.0,100,300,2,2,800
small_non_emergency,1.38,4.91,7.05,5,3,2.0,100,300,2,2,800
small_non_emergency,8.86,4.81,5.03,5,3,2.0,100,300,3,3,1200
small_non_emergency,1.06,5.56,5.84,5,3,2.0,100,300,2,2,800
small_non_emergency,11.47,4.57,6.91,5,3,2.0,100,300,4,3,1300
small_non_emergency,1.88,3.46,6.22,5,3,2.0,100,300,2,2,800
small_non_emergency,6.93,4.79,7.96,5,3,2.0,100,300,3,2,900
small_non_emergency,1.53,4.31,7.59,5,3,2.0,100,300,2,2,800
small_non_emergency,6.46,4.35,5.28,5,3,2.0,100,300,3,3,1200
small_non_emergency,11.06,3.67,6.86,5,3,2.0,100,300,5,3,1400
small_non_emergency,2.62,5.71,7.97,5,3,2.0,100,300,2,2,800
small_non_emergency,11.47,4.55,6.23,5,3,2.0,100,300,4,3,1300
small_non_emergency,2.61,5.07,5.21,5,3,2.0,100,300,2,2,800
small_non_emergency,2.66,3.11,5.79,5,3,2.0,100,300,2,2,800
small_non_emergency,0.67,4.89,7.84,5,3,2.0,100,300,2,2,800
small_non_emergency,4.85,3.03,6.76,5,3,2.0,100,300,3,2,900
small_non_emergency,8.6,3.32,7.38,5,3,2.0,100,300,4,3,1300
small_non_emergency,9.38,5.6,7.39,5,3,2.0,100,300,3,3,1200
small_non_emergency,9.45,4.89,7.97,5,3,2.0,100,300,3,3,1200
small_non_emergency,7.89,3.9,6.23,5,3,2.0,100,300,4,3,1300
small_non_emergency,8.56,3.61,7.48,5,3,2.0,100,300,4,3,1300
small_non_emergency,5.76,4.79,6.81,5,3,2.0,100,300,3,2,900
small_non_emergency,2.47,3.05,7.06,5,3,2.0,100,300,2,2,800
small_non_emergency,8.34,4.25,6.13,5,3,2.0,100,300,3,3,1200
small_non_emergency,1.12,4.13,5.4,5,3,2.0,100,300,2,2,800
small_non_emergency,9.91,5.96,7.99,5,3,2.0,100,300,3,3,1200
small_non_emergency,6.72,4.03,7.78,5,3,2.0,100,300,3,2,900
small_non_emergency,7.83,5.75,7.65,5,3,2.0,100,300,3,3,1200
small_non_emergency,10.96,5.91,5.82,5,3,2.0,100,300,4,3,1300
small_non_emergency,1.74,5.07,7.21,5,3,2.0,100,300,2,2,800
small_non_emergency,4.77,3.04,7.05,5,3,2.0,100,300,3,2,900
small_non_emergency,3.67,3.1,6.74,5,3,2.0,100,300,3,2,900
small_non_emergency,7.0,4.25,5.5,5,3,2.0,100,300,3,3,1200
small_non_emergency,9.15,5.54,5.98,5,3,2.0,100,300,3,3,1200
small_non_emergency,4.15,5.24,5.99,5,3,2.0,100,300,2,2,800
small_non_emergency,4.7,3.08,7.58,5,3,2.0,100,300,3,2,900
small_non_emergency,0.52,5.69,5.86,5,3,2.0,100,300,2,2,800
small_non_emergency,8.74,4.84,5.84,5,3,2.0,100,300,3,3,1200
small_non_emergency,7.92,3.57,7.26,5,3,2.0,100,300,4,3,1300
small_non_emergency,10.5,5.24,5.78,5,3,2.0,100,300,4,3,1300
small_non_emergency,7.38,5.92,6.79,5,3,2.0,100,300,3,3,1200
small_non_emergency,10.54,3.25,6.58,5,3,2.0,100,300,5,3,1400
small_non_emergency,3.22,5.11,5.56,5,3,2.0,100,300,2,2,800
small_non_emergency,2.92,5.74,5.93,5,3,2.0,100,300,2,2,800
small_non_emergency,4.46,4.16,5.4,5,3,2.0,100,300,3,2,900
small_non_emergency,9.92,4.19,5.79,5,3,2.0,100,300,4,3,1300
small_non_emergency,5.94,5.68,7.26,5,3,2.0,100,300,3,2,900
small_non_emergency,11.43,5.33,5.84,5,3,2.0,100,300,4,3,1300
small_non_emergency,5.56,5.56,6.95,5,3,2.0,100,300,2,2,800
small_non_emergency,1.14,4.96,5.91,5,3,2.0,100,300,2,2,800
small_non_emergency,3.05,5.21,6.57,5,3,2.0,100,300,2,2,800
small_non_emergency,6.22,5.61,5.21,5,3,2.0,100,300,3,3,1200
small_non_emergency,6.29,3.12,6.15,5,3,2.0,100,300,4,3,1300
small_non_emergency,4.5,3.36,5.04,5,3,2.0,100,300,3,2,900
small_non_emergency,10.43,5.05,6.33,5,3,2.0,100,300,4,3,1300
small_non_emergency,7.36,3.79,7.52,5,3,2.0,100,300,4,2,1000
small_non_emergency,2.42,5.05,6.67,5,3,2.0,100,300,2,2,800
small_non_emergency,1.21,3.38,7.11,5,3,2.0,100,300,2,2,800
small_non_emergency,9.71,5.81,5.97,5,3,2.0,100,300,3,3,1200
small_non_emergency,8.53,3.71,5.08,5,3,2.0,100,300,4,3,1300
small_non_emergency,8.8,3.25,7.7,5,3,2.0,100,300,4,3,1300
small_non_emergency,1.77,3.08,5.09,5,3,2.0,100,300,2,2,800
small_non_emergency,10.67,5.37,6.86,5,3,2.0,100,300,3,3,1200
small_non_emergency,7.53,4.81,5.98,5,3,2.0,100,300,3,3,1200
small_non_emergency,3.53,3.46,5.51,5,3,2.0,100,300,3,2,900
small_non_emergency,10.29,3.44,5.61,5,3,2.0,100,300,5,3,1400
small_non_emergency,7.92,4.09,6.21,5,3,2.0,100,300,3,3,1200
small_non_emergency,3.28,3.33,5.26,5,3,2.0,100,300,2,2,800
small_non_emergency,3.72,4.13,6.3,5,3,2.0,100,300,2,2,800
small_non_emergency,3.85,5.03,5.32,5,3,2.0,100,300,2,2,800
small_non_emergency,7.05,5.62,5.01,5,3,2.0,100,300,3,3,1200
small_non_emergency,11.62,5.85,6.5,5,3,2.0,100,300,4,3,1300
small_non_emergency,7.77,5.63,7.17,5,3,2.0,100,300,3,3,1200
small_non_emergency,9.45,3.32,5.57,5,3,2.0,100,300,5,3,1400
small_non_emergency,5.54,3.8,5.55,5,3,2.0,100,300,3,2,900
small_non_emergency,8.49,4.52,5.69,5,3,2.0,100,300,3,3,1200
small_non_emergency,11.56,5.23,6.77,5,3,2.0,100,300,4,3,1300
small_non_emergency,1.32,5.57,5.05,5,3,2.0,100,300,2,2,800
small_non_emergency,10.12,5.79,5.42,5,3,2.0,100,300,3,3,1200
small_non_emergency,5.73,5.8,5.21,5,3,2.0,100,300,2,3,1100
small_non_emergency,9.18,3.54,5.17,5,3,2.0,100,300,4,3,1300
small_non_emergency,3.67,5.27,7.65,5,3,2.0,100,300,2,2,800
small_non_emergency,2.37,3.32,5.04,5,3,2.0,100,300,2,2,800
small_non_emergency,1.57,4.41,6.92,5,3,2.0,100,300,2,2,800
small_non_emergency,6.92,4.55,5.1,5,3,2.0,100,300,3,3,1200
small_non_emergency,6.18,4.3,6.47,5,3,2.0,100,300,3,2,900
small_non_emergency,10.43,3.54,5.9,5,3,2.0,100,300,5,3,1400
small_non_emergency,1.55,4.29,6.59,5,3,2.0,100,300,2,2,800
small_non_emergency,7.49,5.89,5.93,5,3,2.0,100,300,3,3,1200
small_non_emergency,6.99,4.34,7.54,5,3,2.0,100,300,3,2,900
small_non_emergency,8.4,5.86,5.45,5,3,2.0,100,300,3,3,1200
small_non_emergency,2.57,5.56,7.96,5,3,2.0,100,300,2,2,800
small_non_emergency,9.76,3.41,8.0,5,3,2.0,100,300,4,3,1300
small_non_emergency,3.49,5.97,7.64,5,3,2.0,100,300,2,2,800
small_non_emergency,5.03,4.73,7.58,5,3,2.0,100,300,3,2,900
small_non_emergency,9.53,3.37,7.61,5,3,2.0,100,300,4,3,1300
small_non_emergency,4.81,5.52,6.81,5,3,2.0,100,300,2,2,800
small_non_emergency,1.24,3.58,8.0,5,3,2.0,100,300,2,2,800
small_non_emergency,6.0,4.61,5.35,5,3,2.0,100,300,3,3,1200
small_non_emergency,10.26,4.29,6.78,5,3,2.0,100,300,4,3,1300
small_non_emergency,7.53,4.03,7.93,5,3,2.0,100,300,3,2,900
small_non_emergency,9.4,4.34,7.0,5,3,2.0,100,300,4,3,1300
small_non_emergency,8.83,3.61,7.31,5,3,2.0,100,300,4,3,1300
small_non_emergency,11.22,5.93,5.62,5,3,2.0,100,300,4,3,1300
small_non_emergency,4.96,5.28,6.0,5,3,2.0,100,300,2,2,800
small_non_emergency,11.2,3.97,7.04,5,3,2.0,100,300,5,3,1400
small_non_emergency,11.76,5.64,6.09,5,3,2.0,100,300,4,3,1300
small_non_emergency,1.86,4.92,6.08,5,3,2.0,100,300,2,2,800
small_non_emergency,11.93,3.46,7.51,5,3,2.0,100,300,5,3,1400
small_non_emergency,6.44,4.61,5.82,5,3,2.0,100,300,3,3,1200
small_non_emergency,9.91,3.04,7.01,5,3,2.0,100,300,5,3,1400
small_non_emergency,3.49,3.96,7.39,5,3,2.0,100,300,2,2,800
small_non_emergency,1.89,5.32,5.7,5,3,2.0,100,300,2,2,800
small_non_emergency,3.21,5.94,6.35,5,3,2.0,100,300,2,2,800
small_non_emergency,5.05,4.51,7.51,5,3,2.0,100,300,3,2,900
small_non_emergency,5.21,4.55,5.71,5,3,2.0,100,300,3,2,900
small_non_emergency,2.78,3.53,5.48,5,3,2.0,100,300,2,2,800
small_non_emergency,5.7,4.69,6.96,5,3,2.0,100,300,3,2,900
small_non_emergency,7.74,3.16,6.86,5,3,2.0,100,300,4,3,1300
small_non_emergency,9.52,3.05,7.36,5,3,2.0,100,300,5,3,1400
small_non_emergency,6.58,3.5,7.36,5,3,2.0,100,300,3,2,900
small_non_emergency,10.52,4.08,7.56,5,3,2.0,100,300,4,3,1300
small_non_emergency,3.75,3.94,5.99,5,3,2.0,100,300,2,2,800
small_non_emergency,10.61,3.48,6.34,5,3,2.0,100,300,5,3,1400
small_non_emergency,11.8,3.95,7.42,5,3,2.0,100,300,5,3,1400
small_non_emergency,4.18,4.63,7.69,5,3,2.0,100,300,2,2,800
small_non_emergency,9.23,4.71,5.64,5,3,2.0,100,300,4,3,1300
small_non_emergency,1.97,4.59,5.31,5,3,2.0,100,300,2,2,800
small_non_emergency,4.39,5.33,7.8,5,3,2.0,100,300,2,2,800
small_non_emergency,1.05,4.09,5.14,5,3,2.0,100,300,2,2,800
small_non_emergency,2.01,3.08,6.18,5,3,2.0,100,300,2,2,800
small_non_emergency,2.27,4.43,6.44,5,3,2.0,100,300,2,2,800
small_non_emergency,8.02,4.81,6.96,5,3,2.0,100,300,3,3,1200
small_non_emergency,9.98,4.76,5.49,5,3,2.0,100,300,4,3,1300
small_non_emergency,6.71,3.08,7.48,5,3,2.0,100,300,4,2,1000
small_non_emergency,0.71,3.44,6.51,5,3,2.0,100,300,2,2,800
small_non_emergency,1.77,5.76,5.58,5,3,2.0,100,300,2,2,800
small_non_emergency,3.08,3.75,5.12,5,3,2.0,100,300,2,2,800
small_non_emergency,9.17,5.31,6.12,5,3,2.0,100,300,3,3,1200
small_non_emergency,1.39,4.95,6.48,5,3,2.0,100,300,2,2,800
small_non_emergency,7.25,3.02,7.87,5,3,2.0,100,300,4,2,1000
small_non_emergency,1.1,4.45,5.17,5,3,2.0,100,300,2,2,800
small_non_emergency,4.46,3.13,5.06,5,3,2.0,100,300,3,2,900
small_non_emergency,7.93,3.15,6.19,5,3,2.0,100,300,4,3,1300
small_non_emergency,0.9,3.35,7.76,5,3,2.0,100,300,2,2,800
small_non_emergency,6.06,3.35,5.88,5,3,2.0,100,300,3,3,1200
small_non_emergency,11.0,4.16,5.9,5,3,2.0,100,300,5,3,1400
small_non_emergency,8.74,4.6,6.85,5,3,2.0,100,300,3,3,1200
small_non_emergency,4.31,3.96,6.04,5,3,2.0,100,300,3,2,900
small_non_emergency,9.12,5.61,6.07,5,3,2.0,100,300,3,3,1200
small_non_emergency,4.8,3.08,6.72,5,3,2.0,100,300,3,2,900
small_non_emergency,1.5,5.73,7.24,5,3,2.0,100,300,2,2,800
small_non_emergency,7.98,5.39,6.35,5,3,2.0,100,300,3,3,1200
small_non_emergency,7.99,3.93,5.23,5,3,2.0,100,300,4,3,1300
small_non_emergency,10.88,5.34,5.3,5,3,2.0,100,300,5,3,1400
small_non_emergency,9.05,3.47,6.82,5,3,2.0,100,300,4,3,1300
small_non_emergency,5.49,5.43,6.85,5,3,2.0,100,300,3,2,900
small_non_emergency,3.79,3.02,6.59,5,3,2.0,100,300,3,2,900
small_non_emergency,1.08,3.79,6.5,5,3,2.0,100,300,2,2,800
small_non_emergency,2.66,5.02,7.21,5,3,2.0,100,300,2,2,800
small_non_emergency,9.17,5.27,6.47,5,3,2.0,100,300,3,3,1200
small_non_emergency,7.63,3.92,7.43,5,3,2.0,100,300,3,3,1200
small_non_emergency,8.99,5.3,6.25,5,3,2.0,100,300,3,3,1200
small_non_emergency,5.12,4.18,5.29,5,3,2.0,100,300,3,2,900
small_non_emergency,7.32,5.25,7.91,5,3,2.0,100,300,3,2,900
small_non_emergency,5.59,4.72,5.53,5,3,2.0,100,300,3,3,1200
small_non_emergency,2.97,5.7,6.12,5,3,2.0,100,300,2,2,800
small_non_emergency,3.15,5.99,7.25,5,3,2.0,100,300,2,2,800
small_non_emergency,0.62,5.79,6.69,5,3,2.0,100,300,2,2,800
small_non_emergency,9.8,4.02,7.03,5,3,2.0,100,300,4,3,1300
small_non_emergency,5.49,5.27,7.77,5,3,2.0,100,300,3,2,900
small_non_emergency,6.24,3.78,5.69,5,3,2.0,100,300,3,3,1200
small_non_emergency,8.16,4.5,6.5,5,3,2.0,100,300,3,3,1200
small_non_emergency,11.13,3.73,7.48,5,3,2.0,100,300,5,3,1400
small_non_emergency,6.17,3.38,5.51,5,3,2.0,100,300,3,3,1200
small_non_emergency,9.54,5.75,6.1,5,3,2.0,100,300,3,3,1200
small_non_emergency,6.1,5.64,7.79,5,3,2.0,100,300,3,2,900
small_non_emergency,6.82,4.37,5.44,5,3,2.0,100,300,3,3,1200
small_non_emergency,6.21,5.47,5.68,5,3,2.0,100,300,3,3,1200
small_non_emergency,10.07,4.1,7.39,5,3,2.0,100,300,4,3,1300
small_non_emergency,0.96,5.57,5.69,5,3,2.0,100,300,2,2,800
small_non_emergency,3.24,4.62,5.42,5,3,2.0,100,300,2,2,800
small_non_emergency,4.2,3.27,6.41,5,3,2.0,100,300,3,2,900
small_non_emergency,7.58,3.23,7.64,5,3,2.0,100,300,4,2,1000
small_non_emergency,5.64,3.35,5.16,5,3,2.0,100,300,3,3,1200
small_non_emergency,7.75,4.47,7.99,5,3,2.0,100,300,3,2,900
small_non_emergency,2.38,4.67,5.86,5,3,2.0,100,300,2,2,800
small_non_emergency,6.75,5.7,7.66,5,3,2.0,100,300,3,2,900
small_non_emergency,3.66,4.67,6.04,5,3,2.0,100,300,2,2,800
small_non_emergency,0.95,4.79,5.12,5,3,2.0,100,300,2,2,800
small_non_emergency,8.96,3.95,5.56,5,3,2.0,100,300,4,3,1300
small_non_emergency,2.66,3.77,5.9,5,3,2.0,100,300,2,2,800
small_non_emergency,5.55,3.69,6.87,5,3,2.0,100,300,3,2,900
small_non_emergency,1.72,5.83,7.31,5,3,2.0,100,300,2,2,800
small_non_emergency,2.2,4.41,5.09,5,3,2.0,100,300,2,2,800
small_non_emergency,6.25,3.31,6.45,5,3,2.0,100,300,4,2,1000
small_non_emergency,10.61,5.8,6.9,5,3,2.0,100,300,3,3,1200
small_non_emergency,7.04,3.06,5.07,5,3,2.0,100,300,4,3,1300
small_non_emergency,2.99,4.16,7.13,5,3,2.0,100,300,2,2,800
small_non_emergency,11.01,5.58,6.26,5,3,2.0,100,300,4,3,1300
small_non_emergency,9.65,4.66,7.54,5,3,2.0,100,300,4,3,1300
small_non_emergency,9.37,3.53,5.3,5,3,2.0,100,300,4,3,1300
small_non_emergency,2.94,5.09,6.72,5,3,2.0,100,300,2,2,800
small_non_emergency,9.78,5.61,7.96,5,3,2.0,100,300,3,3,1200
small_non_emergency,9.9,5.64,6.87,5,3,2.0,100,300,3,3,1200
small_non_emergency,7.28,4.27,7.93,5,3,2.0,100,300,3,2,900
small_non_emergency,2.93,5.8,7.07,5,3,2.0,100,300,2,2,800
small_non_emergency,5.12,5.94,6.39,5,3,2.0,100,300,2,2,800
small_non_emergency,3.02,4.39,6.6,5,3,2.0,100,300,2,2,800
small_non_emergency,6.12,3.82,5.13,5,3,2.0,100,300,3,3,1200
small_non_emergency,8.68,3.9,6.59,5,3,2.0,100,300,4,3,1300
small_non_emergency,1.74,4.35,6.01,5,3,2.0,100,300,2,2,800
small_non_emergency,10.11,3.62,6.51,5,3,2.0,100,300,4,3,1300
small_non_emergency,7.69,4.51,7.04,5,3,2.0,100,300,3,3,1200
small_non_emergency,9.03,5.6,5.03,5,3,2.0,100,300,3,3,1200
small_non_emergency,7.23,5.53,6.98,5,3,2.0,100,300,3,3,1200
small_non_emergency,8.5,3.15,6.52,5,3,2.0,100,300,4,3,1300
small_non_emergency,10.4,4.49,6.61,5,3,2.0,100,300,4,3,1300
small_non_emergency,9.05,3.67,5.41,5,3,2.0,100,300,4,3,1300
small_non_emergency,6.69,3.94,6.16,5,3,2.0,100,300,3,3,1200
small_non_emergency,6.65,5.12,5.99,5,3,2.0,100,300,3,3,1200
small_non_emergency,6.53,3.67,6.87,5,3,2.0,100,300,3,2,900
small_non_emergency,10.7,4.56,7.3,5,3,2.0,100,300,4,3,1300
small_non_emergency,2.77,5.06,6.66,5,3,2.0,100,300,2,2,800
small_non_emergency,0.6,4.11,5.57,5,3,2.0,100,300,2,2,800
small_non_emergency,2.0,3.21,5.49,5,3,2.0,100,300,2,2,800
small_non_emergency,5.53,3.16,7.68,5,3,2.0,100,300,3,2,900
small_non_emergency,1.09,3.05,5.75,5,3,2.0,100,300,2,2,800
small_non_emergency,0.56,3.28,7.4,5,3,2.0,100,300,2,2,800
small_non_emergency,9.86,4.77,5.9,5,3,2.0,100,300,4,3,1300
small_non_emergency,7.09,6.0,6.32,5,3,2.0,100,300,3,3,1200
small_non_emergency,10.19,5.96,7.41,5,3,2.0,100,300,3,3,1200
small_non_emergency,7.69,5.1,6.03,5,3,2.0,100,300,3,3,1200
small_non_emergency,6.7,3.81,6.55,5,3,2.0,100,300,3,3,1200
small_non_emergency,5.52,5.92,5.18,5,3,2.0,100,300,2,3,1100
small_non_emergency,4.61,3.22,6.57,5,3,2.0,100,300,3,2,900
small_non_emergency,3.27,4.41,7.35,5,3,2.0,100,300,2,2,800
small_non_emergency,9.8,4.93,5.29,5,3,2.0,100,300,4,3,1300
small_non_emergency,10.12,3.04,7.52,5,3,2.0,100,300,5,3,1400
small_non_emergency,1.7,3.16,5.35,5,3,2.0,100,300,2,2,800
small_non_emergency,1.71,4.39,6.58,5,3,2.0,100,300,2,2,800
small_non_emergency,1.31,4.08,6.71,5,3,2.0,100,300,2,2,800
small_non_emergency,7.44,4.39,6.77,5,3,2.0,100,300,3,3,1200
small_non_emergency,8.1,5.63,7.27,5,3,2.0,100,300,3,3,1200
small_non_emergency,4.79,5.65,5.6,5,3,2.0,100,300,2,2,800
small_non_emergency,8.54,4.63,7.28,5,3,2.0,100,300,3,3,1200
small_non_emergency,9.78,3.61,6.88,5,3,2.0,100,300,4,3,1300
small_non_emergency,3.42,3.75,6.08,5,3,2.0,100,300,2,2,800
small_non_emergency,5.4,3.3,6.18,5,3,2.0,100,300,3,2,900
small_non_emergency,7.91,4.65,6.62,5,3,2.0,100,300,3,3,1200
small_non_emergency,6.8,3.91,6.85,5,3,2.0,100,300,3,2,900
small_non_emergency,5.49,3.34,7.59,5,3,2.0,100,300,3,2,900
small_non_emergency,6.25,3.15,7.31,5,3,2.0,100,300,4,2,1000
small_non_emergency,2.19,3.56,7.18,5,3,2.0,100,300,2,2,800
small_non_emergency,3.25,3.48,7.86,5,3,2.0,100,300,2,2,800
small_non_emergency,3.21,3.37,6.39,5,3,2.0,100,300,2,2,800
small_non_emergency,10.35,5.37,5.37,5,3,2.0,100,300,4,3,1300
small_non_emergency,11.33,3.98,7.33,5,3,2.0,100,300,5,3,1400
small_non_emergency,3.02,5.78,6.2,5,3,2.0,100,300,2,2,800
small_non_emergency,9.08,4.1,6.5,5,3,2.0,100,300,4,3,1300
small_non_emergency,10.19,4.49,5.58,5,3,2.0,100,300,4,3,1300
small_non_emergency,9.48,3.99,7.4,5,3,2.0,100,300,4,3,1300
small_non_emergency,7.81,3.16,7.15,5,3,2.0,100,300,4,3,1300
small_non_emergency,10.2,3.03,7.93,5,3,2.0,100,300,5,3,1400
small_non_emergency,9.3,4.52,7.22,5,3,2.0,100,300,4,3,1300
small_non_emergency,2.96,4.24,6.51,5,3,2.0,100,300,2,2,800
small_non_emergency,7.37,3.04,7.7,5,3,2.0,100,300,4,2,1000
small_non_emergency,6.9,5.48,6.77,5,3,2.0,100,300,3,3,1200
small_non_emergency,11.78,4.88,5.87,5,3,2.0,100,300,5,3,1400
small_non_emergency,5.56,5.55,7.8,5,3,2.0,100,300,3,2,900
small_non_emergency,3.12,5.57,7.75,5,3,2.0,100,300,2,2,800
small_non_emergency,8.09,3.87,6.8,5,3,2.0,100,300,4,3,1300
small_non_emergency,9.24,3.47,7.82,5,3,2.0,100,300,4,3,1300
small_non_emergency,4.98,4.96,6.56,5,3,2.0,100,300,3,2,900
small_non_emergency,11.45,3.91,7.04,5,3,2.0,100,300,5,3,1400
small_non_emergency,7.05,3.05,7.83,5,3,2.0,100,300,4,2,1000
small_non_emergency,3.05,4.57,6.39,5,3,2.0,100,300,2,2,800
small_non_emergency,1.18,3.68,5.75,5,3,2.0,100,300,2,2,800
small_non_emergency,1.07,3.71,7.78,5,3,2.0,100,300,2,2,800
small_non_emergency,3.22,5.22,5.25,5,3,2.0,100,300,2,2,800
small_non_emergency,6.75,3.3,6.88,5,3,2.0,100,300,4,2,1000
small_non_emergency,7.95,3.17,5.42,5,3,2.0,100,300,4,3,1300
small_non_emergency,4.85,5.7,5.06,5,3,2.0,100,300,2,2,800
small_non_emergency,10.75,3.48,7.07,5,3,2.0,100,300,5,3,1400
small_non_emergency,9.42,3.02,8.0,5,3,2.0,100,300,5,3,1400
small_non_emergency,5.53,4.82,7.19,5,3,2.0,100,300,3,2,900
small_non_emergency,3.14,4.18,5.47,5,3,2.0,100,300,2,2,800
small_non_emergency,11.86,5.7,6.45,5,3,2.0,100,300,4,3,1300
small_non_emergency,8.96,4.07,5.68,5,3,2.0,100,300,4,3,1300
small_non_emergency,3.23,3.6,6.92,5,3,2.0,100,300,2,2,800
small_non_emergency,1.13,4.65,7.95,5,3,2.0,100,300,2,2,800
small_non_emergency,8.97,4.71,7.0,5,3,2.0,100,300,3,3,1200
small_non_emergency,6.69,3.37,5.95,5,3,2.0,100,300,3,3,1200
small_non_emergency,5.36,5.97,6.31,5,3,2.0,100,300,2,2,800
small_non_emergency,4.39,4.93,5.7,5,3,2.0,100,300,2,2,800
small_non_emergency,6.02,4.05,5.16,5,3,2.0,100,300,3,3,1200
small_non_emergency,8.0,3.75,5.8,5,3,2.0,100,300,4,3,1300
small_non_emergency,11.48,5.03,5.93,5,3,2.0,100,300,4,3,1300
small_non_emergency,5.18,3.83,6.81,5,3,2.0,100,300,3,2,900
small_non_emergency,9.89,5.72,5.19,5,3,2.0,100,300,3,3,1200
small_non_emergency,7.29,4.45,7.25,5,3,2.0,100,300,3,3,1200
small_non_emergency,1.91,4.13,6.07,5,3,2.0,100,300,2,2,800
small_non_emergency,1.55,3.83,6.94,5,3,2.0,100,300,2,2,800
small_non_emergency,5.89,4.66,7.99,5,3,2.0,100,300,3,2,900
small_non_emergency,2.33,5.4,7.32,5,3,2.0,100,300,2,2,800
small_non_emergency,10.83,4.0,5.82,5,3,2.0,100,300,5,3,1400
small_non_emergency,0.96,4.06,5.6,5,3,2.0,100,300,2,2,800
small_non_emergency,6.37,3.7,5.6,5,3,2.0,100,300,3,3,1200
small_non_emergency,9.88,4.84,5.95,5,3,2.0,100,300,4,3,1300
small_non_emergency,7.57,5.94,7.49,5,3,2.0,100,300,3,3,1200
small_non_emergency,2.96,3.68,5.57,5,3,2.0,100,300,2,2,800
small_non_emergency,6.11,5.48,7.5,5,3,2.0,100,300,3,2,900
small_non_emergency,11.02,5.21,6.33,5,3,2.0,100,300,4,3,1300
small_non_emergency,1.04,4.42,6.89,5,3,2.0,100,300,2,2,800
small_non_emergency,5.65,5.4,7.1,5,3,2.0,100,300,3,2,900
small_non_emergency,4.26,4.88,5.12,5,3,2.0,100,300,2,2,800
small_non_emergency,4.79,3.97,7.31,5,3,2.0,100,300,3,2,900
small_non_emergency,11.17,5.17,7.97,5,3,2.0,100,300,4,3,1300
small_non_emergency,5.78,4.99,7.97,5,3,2.0,100,300,3,2,900
small_non_emergency,7.71,4.97,5.22,5,3,2.0,100,300,3,3,1200
small_non_emergency,2.56,3.04,5.37,5,3,2.0,100,300,2,2,800
small_non_emergency,11.94,3.5,7.21,5,3,2.0,100,300,5,3,1400
small_non_emergency,6.97,3.18,7.59,5,3,2.0,100,300,4,2,1000
small_non_emergency,2.23,4.14,7.69,5,3,2.0,100,300,2,2,800
small_non_emergency,1.37,4.18,5.79,5,3,2.0,100,300,2,2,800
small_non_emergency,5.46,4.38,7.61,5,3,2.0,100,300,3,2,900
small_non_emergency,4.93,4.51,5.69,5,3,2.0,100,300,3,2,900
small_non_emergency,5.94,4.16,5.83,5,3,2.0,100,300,3,3,1200
small_non_emergency,11.5,5.44,7.53,5,3,2.0,100,300,4,3,1300
small_non_emergency,11.97,4.17,6.63,5,3,2.0,100,300,5,3,1400
small_non_emergency,8.04,4.83,6.33,5,3,2.0,100,300,3,3,1200
small_non_emergency,7.08,4.42,6.45,5,3,2.0,100,300,3,3,1200
small_non_emergency,4.36,3.63,5.73,5,3,2.0,100,300,3,2,900
small_non_emergency,3.67,4.7,6.17,5,3,2.0,100,300,2,2,800
small_non_emergency,10.13,3.4,6.24,5,3,2.0,100,300,5,3,1400
small_non_emergency,0.53,5.2,6.69,5,3,2.0,100,300,2,2,800
small_non_emergency,8.81,5.18,6.98,5,3,2.0,100,300,3,3,1200
small_non_emergency,8.58,5.33,7.49,5,3,2.0,100,300,3,3,1200
small_non_emergency,9.95,5.58,6.28,5,3,2.0,100,300,3,3,1200
small_non_emergency,5.93,3.09,7.79,5,3,2.0,100,300,3,2,900
small_non_emergency,11.73,5.52,6.21,5,3,2.0,100,300,4,3,1300
small_non_emergency,5.68,4.06,7.28,5,3,2.0,100,300,3,2,900
small_non_emergency,10.95,5.13,6.04,5,3,2.0,100,300,4,3,1300
small_non_emergency,6.17,3.76,5.63,5,3,2.0,100,300,3,3,1200
small_non_emergency,2.25,3.4,5.54,5,3,2.0,100,300,2,2,800
small_non_emergency,5.33,5.1,7.31,5,3,2.0,100,300,3,2,900
small_non_emergency,9.34,5.34,5.44,5,3,2.0,100,300,3,3,1200
small_non_emergency,3.48,4.67,7.77,5,3,2.0,100,300,2,2,800
small_non_emergency,8.17,3.15,6.36,5,3,2.0,100,300,4,3,1300
small_non_emergency,5.64,3.62,6.85,5,3,2.0,100,300,3,2,900
small_non_emergency,2.81,5.43,5.46,5,3,2.0,100,300,2,2,800
small_non_emergency,3.16,5.64,6.45,5,3,2.0,100,300,2,2,800
small_non_emergency,11.64,5.25,6.56,5,3,2.0,100,300,4,3,1300
small_non_emergency,9.11,4.21,6.46,5,3,2.0,100,300,4,3,1300
small_non_emergency,8.77,3.23,6.38,5,3,2.0,100,300,4,3,1300
small_non_emergency,3.96,3.93,7.12,5,3,2.0,100,300,3,2,900
small_non_emergency,4.36,3.28,7.44,5,3,2.0,100,300,3,2,900
small_non_emergency,4.47,4.96,6.81,5,3,2.0,100,300,2,2,800
small_non_emergency,5.88,4.57,5.74,5,3,2.0,100,300,3,3,1200
small_non_emergency,10.74,3.25,7.82,5,3,2.0,100,300,5,3,1400
small_non_emergency,0.85,4.52,6.81,5,3,2.0,100,300,2,2,800
small_non_emergency,0.96,4.64,5.13,5,3,2.0,100,300,2,2,800
small_non_emergency,6.08,3.38,6.84,5,3,2.0,100,300,3,2,900
small_non_emergency,5.24,4.01,5.55,5,3,2.0,100,300,3,2,900
small_non_emergency,8.37,4.33,7.16,5,3,2.0,100,300,3,3,1200
small_non_emergency,1.9,4.43,7.7,5,3,2.0,100,300,2,2,800
small_non_emergency,8.11,3.86,7.88,5,3,2.0,100,300,4,3,1300
small_non_emergency,7.49,3.42,7.69,5,3,2.0,100,300,4,2,1000
small_non_emergency,8.34,5.27,5.11,5,3,2.0,100,300,3,3,1200
small_non_emergency,5.98,3.46,7.56,5,3,2.0,100,300,3,2,900
small_non_emergency,6.04,5.63,7.3,5,3,2.0,100,300,3,2,900
small_non_emergency,2.43,5.18,7.99,5,3,2.0,100,300,2,2,800
small_non_emergency,3.86,4.27,6.15,5,3,2.0,100,300,2,2,800
small_non_emergency,7.42,4.99,5.96,5,3,2.0,100,300,3,3,1200
small_non_emergency,3.3,3.89,7.25,5,3,2.0,100,300,2,2,800
small_non_emergency,8.83,5.33,5.06,5,3,2.0,100,300,3,3,1200
small_non_emergency,10.57,3.64,6.23,5,3,2.0,100,300,5,3,1400
small_non_emergency,7.38,3.23,7.55,5,3,2.0,100,300,4,2,1000
small_non_emergency,1.23,3.26,6.74,5,3,2.0,100,300,2,2,800
small_non_emergency,8.02,4.01,7.97,5,3,2.0,100,300,4,3,1300
small_non_emergency,0.63,3.51,6.64,5,3,2.0,100,300,2,2,800
small_non_emergency,8.96,4.42,7.83,5,3,2.0,100,300,4,3,1300
small_non_emergency,4.78,5.92,7.71,5,3,2.0,100,300,2,2,800
small_non_emergency,7.6,5.15,7.84,5,3,2.0,100,300,3,2,900
small_non_emergency,9.79,5.94,7.66,5,3,2.0,100,300,3,3,1200
small_non_emergency,3.95,5.62,5.51,5,3,2.0,100,300,2,2,800
small_non_emergency,2.52,4.18,6.4,5,3,2.0,100,300,2,2,800
small_non_emergency,0.95,3.23,7.32,5,3,2.0,100,300,2,2,800
small_non_emergency,5.09,3.37,6.48,5,3,2.0,100,300,3,2,900
small_non_emergency,9.58,4.25,7.55,5,3,2.0,100,300,4,3,1300
small_non_emergency,8.74,5.27,7.19,5,3,2.0,100,300,3,3,1200
small_non_emergency,10.17,4.87,6.78,5,3,2.0,100,300,4,3,1300
small_non_emergency,6.6,5.05,5.81,5,3,2.0,100,300,3,3,1200
small_non_emergency,4.87,4.13,6.83,5,3,2.0,100,300,3,2,900
small_non_emergency,2.69,5.98,5.5,5,3,2.0,100,300,2,2,800
small_non_emergency,8.6,4.36,7.51,5,3,2.0,100,300,3,3,1200
small_non_emergency,1.13,3.79,6.05,5,3,2.0,100,300,2,2,800
small_non_emergency,6.46,5.63,5.99,5,3,2.0,100,300,3,3,1200
small_non_emergency,3.5,4.77,6.6,5,3,2.0,100,300,2,2,800
small_non_emergency,10.74,5.47,6.24,5,3,2.0,100,300,4,3,1300
small_non_emergency,1.61,5.61,6.6,5,3,2.0,100,300,2,2,800
small_non_emergency,8.08,4.23,5.58,5,3,2.0,100,300,3,3,1200
small_non_emergency,11.14,5.76,5.58,5,3,2.0,100,300,4,3,1300
small_non_emergency,8.86,4.86,7.28,5,3,2.0,100,300,3,3,1200
small_non_emergency,11.96,5.46,5.98,5,3,2.0,100,300,4,3,1300
small_non_emergency,8.79,4.02,6.14,5,3,2.0,100,300,4,3,1300
small_non_emergency,8.81,4.41,6.44,5,3,2.0,100,300,3,3,1200
small_non_emergency,11.13,5.6,7.36,5,3,2.0,100,300,3,3,1200
small_non_emergency,8.84,4.76,5.38,5,3,2.0,100,300,3,3,1200
small_non_emergency,9.22,3.34,5.41,5,3,2.0,100,300,5,3,1400
small_non_emergency,8.11,5.09,5.76,5,3,2.0,100,300,3,3,1200
small_non_emergency,2.5,5.0,5.01,5,3,2.0,100,300,2,2,800
small_non_emergency,7.46,4.15,5.43,5,3,2.0,100,300,3,3,1200
small_non_emergency,5.57,3.8,7.5,5,3,2.0,100,300,3,2,900
small_non_emergency,5.49,3.15,6.53,5,3,2.0,100,300,3,2,900
small_non_emergency,2.96,5.26,6.81,5,3,2.0,100,300,2,2,800
small_non_emergency,4.44,3.61,5.1,5,3,2.0,100,300,3,2,900
small_non_emergency,10.23,3.9,6.42,5,3,2.0,100,300,4,3,1300
small_non_emergency,5.36,5.68,5.48,5,3,2.0,100,300,2,2,800
small_non_emergency,9.42,4.11,6.87,5,3,2.0,100,300,4,3,1300
small_non_emergency,6.62,5.79,5.78,5,3,2.0,100,300,3,3,1200
small_non_emergency,2.84,5.72,7.84,5,3,2.0,100,300,2,2,800
small_non_emergency,5.88,3.89,5.92,5,3,2.0,100,300,3,2,900
small_non_emergency,0.92,4.81,6.13,5,3,2.0,100,300,2,2,800
small_non_emergency,1.25,4.47,7.52,5,3,2.0,100,300,2,2,800
small_non_emergency,4.47,5.91,7.38,5,3,2.0,100,300,2,2,800
small_non_emergency,0.81,4.41,6.64,5,3,2.0,100,300,2,2,800
small_non_emergency,1.41,4.39,7.05,5,3,2.0,100,300,2,2,800
small_non_emergency,4.6,4.4,7.61,5,3,2.0,100,300,3,2,900
small_non_emergency,7.25,4.44,7.91,5,3,2.0,100,300,3,2,900
small_non_emergency,2.31,3.8,7.38,5,3,2.0,100,300,2,2,800
small_non_emergency,8.51,5.01,7.81,5,3,2.0,100,300,3,3,1200
small_non_emergency,11.69,4.96,7.84,5,3,2.0,100,300,4,3,1300
small_non_emergency,4.4,3.51,6.18,5,3,2.0,100,300,3,2,900
small_non_emergency,5.28,4.68,6.81,5,3,2.0,100,300,3,2,900
small_non_emergency,1.51,5.88,5.73,5,3,2.0,100,300,2,2,800
small_non_emergency,9.04,5.86,7.54,5,3,2.0,100,300,3,3,1200
small_non_emergency,1.62,3.7,7.45,5,3,2.0,100,300,2,2,800
small_non_emergency,1.19,4.94,5.46,5,3,2.0,100,300,2,2,800
small_non_emergency,7.7,4.81,7.72,5,3,2.0,100,300,3,2,900
small_non_emergency,8.03,4.87,5.5,5,3,2.0,100,300,3,3,1200
small_non_emergency,10.08,4.69,7.14,5,3,2.0,100,300,4,3,1300
small_non_emergency,1.1,5.36,7.58,5,3,2.0,100,300,2,2,800
small_non_emergency,9.01,5.5,7.57,5,3,2.0,100,300,3,3,1200
small_non_emergency,1.19,3.62,7.89,5,3,2.0,100,300,2,2,800
small_non_emergency,5.85,5.46,7.22,5,3,2.0,100,300,3,2,900
small_non_emergency,6.79,5.56,6.69,5,3,2.0,100,300,3,3,1200
small_non_emergency,4.78,3.73,6.54,5,3,2.0,100,300,3,2,900
small_non_emergency,7.01,5.31,6.96,5,3,2.0,100,300,3,3,1200
small_non_emergency,8.96,5.02,7.59,5,3,2.0,100,300,3,3,1200
small_non_emergency,1.16,5.65,6.29,5,3,2.0,100,300,2,2,800
small_non_emergency,2.16,5.22,7.4,5,3,2.0,100,300,2,2,800
small_non_emergency,5.86,3.76,6.73,5,3,2.0,100,300,3,2,900
small_non_emergency,5.58,5.74,5.4,5,3,2.0,100,300,2,3,1100
small_non_emergency,1.74,5.79,5.41,5,3,2.0,100,300,2,2,800
small_non_emergency,10.32,5.6,6.93,5,3,2.0,100,300,3,3,1200
small_non_emergency,6.67,5.8,6.24,5,3,2.0,100,300,3,3,1200
small_non_emergency,1.74,3.63,7.56,5,3,2.0,100,300,2,2,800
small_non_emergency,11.19,4.31,7.24,5,3,2.0,100,300,4,3,1300
small_non_emergency,6.97,4.9,6.5,5,3,2.0,100,300,3,3,1200
small_non_emergency,11.51,3.88,8.0,5,3,2.0,100,300,5,3,1400
small_non_emergency,8.79,4.63,5.85,5,3,2.0,100,300,3,3,1200
small_non_emergency,8.77,4.37,5.73,5,3,2.0,100,300,4,3,1300
small_non_emergency,11.57,5.91,6.1,5,3,2.0,100,300,4,3,1300
small_non_emergency,8.24,3.27,5.96,5,3,2.0,100,300,4,3,1300
small_non_emergency,11.19,4.32,7.22,5,3,2.0,100,300,4,3,1300
small_non_emergency,4.24,4.38,7.78,5,3,2.0,100,300,2,2,800
small_non_emergency,4.43,3.98,7.34,5,3,2.0,100,300,3,2,900
small_non_emergency,1.79,3.97,6.57,5,3,2.0,100,300,2,2,800
small_non_emergency,4.77,4.63,6.77,5,3,2.0,100,300,3,2,900
small_non_emergency,11.83,4.18,7.67,5,3,2.0,100,300,5,3,1400
small_non_emergency,7.42,3.54,6.36,5,3,2.0,100,300,4,3,1300
small_non_emergency,4.28,3.32,7.21,5,3,2.0,100,300,3,2,900
small_non_emergency,5.58,4.69,7.88,5,3,2.0,100,300,3,2,900
small_non_emergency,5.58,5.03,7.3,5,3,2.0,100,300,3,2,900
small_non_emergency,3.36,4.08,5.92,5,3,2.0,100,300,2,2,800
small_non_emergency,6.99,4.86,5.69,5,3,2.0,100,300,3,3,1200
small_non_emergency,10.33,3.01,6.75,5,3,2.0,100,300,5,3,1400
small_non_emergency,2.29,3.19,5.98,5,3,2.0,100,300,2,2,800
small_non_emergency,7.96,5.43,6.6,5,3,2.0,100,300,3,3,1200
small_non_emergency,1.67,4.99,5.56,5,3,2.0,100,300,2,2,800
small_non_emergency,7.37,4.9,6.85,5,3,2.0,100,300,3,3,1200
small_non_emergency,4.42,5.41,5.5,5,3,2.0,100,300,2,2,800
small_non_emergency,5.66,5.69,7.37,5,3,2.0,100,300,2,2,800
small_non_emergency,5.16,3.68,7.78,5,3,2.0,100,300,3,2,900
small_non_emergency,5.34,3.83,6.84,5,3,2.0,100,300,3,2,900
small_non_emergency,5.53,4.09,7.74,5,3,2.0,100,300,3,2,900
small_non_emergency,7.19,5.4,5.29,5,3,2.0,100,300,3,3,1200
small_non_emergency,4.63,3.46,6.25,5,3,2.0,100,300,3,2,900
small_non_emergency,7.71,4.06,6.23,5,3,2.0,100,300,3,3,1200
small_non_emergency,5.34,3.2,5.54,5,3,2.0,100,300,3,2,900
small_non_emergency,11.68,4.52,6.17,5,3,2.0,100,300,5,3,1400
small_non_emergency,7.96,3.47,5.64,5,3,2.0,100,300,4,3,1300
small_non_emergency,0.62,3.78,7.17,5,3,2.0,100,300,2,2,800
small_non_emergency,1.02,4.15,6.87,5,3,2.0,100,300,2,2,800
small_non_emergency,8.28,4.38,5.62,5,3,2.0,100,300,3,3,1200
small_non_emergency,11.78,4.33,5.92,5,3,2.0,100,300,5,3,1400
small_non_emergency,5.91,4.47,7.8,5,3,2.0,100,300,3,2,900
small_non_emergency,5.64,4.09,7.36,5,3,2.0,100,300,3,2,900
small_non_emergency,2.8,3.53,7.54,5,3,2.0,100,300,2,2,800
small_non_emergency,6.6,5.81,7.13,5,3,2.0,100,300,3,2,900
small_non_emergency,7.09,3.12,6.55,5,3,2.0,100,300,4,3,1300
small_non_emergency,5.02,4.36,7.61,5,3,2.0,100,300,3,2,900
small_non_emergency,3.17,3.44,5.69,5,3,2.0,100,300,2,2,800
small_non_emergency,1.41,3.91,7.0,5,3,2.0,100,300,2,2,800
small_non_emergency,1.61,3.98,7.9,5,3,2.0,100,300,2,2,800
small_non_emergency,1.09,5.69,7.0,5,3,2.0,100,300,2,2,800
small_non_emergency,8.6,3.66,6.81,5,3,2.0,100,300,4,3,1300
small_non_emergency,1.71,5.75,6.61,5,3,2.0,100,300,2,2,800
small_non_emergency,5.89,4.08,6.31,5,3,2.0,100,300,3,2,900
small_non_emergency,5.13,4.73,5.9,5,3,2.0,100,300,3,2,900
small_non_emergency,1.37,4.42,6.29,5,3,2.0,100,300,2,2,800
small_non_emergency,2.85,4.37,5.69,5,3,2.0,100,300,2,2,800
small_non_emergency,0.86,3.95,7.25,5,3,2.0,100,300,2,2,800
small_non_emergency,8.34,3.37,6.8,5,3,2.0,100,300,4,3,1300
small_non_emergency,0.68,3.94,5.4,5,3,2.0,100,300,2,2,800
small_non_emergency,4.03,5.72,6.37,5,3,2.0,100,300,2,2,800
small_non_emergency,4.67,3.82,6.41,5,3,2.0,100,300,3,2,900
small_non_emergency,9.59,4.03,5.19,5,3,2.0,100,300,4,3,1300
small_non_emergency,4.87,5.53,6.93,5,3,2.0,100,300,2,2,800
small_non_emergency,11.52,5.16,6.44,5,3,2.0,100,300,4,3,1300
small_non_emergency,4.27,5.26,5.07,5,3,2.0,100,300,2,2,800
small_non_emergency,1.79,5.25,7.69,5,3,2.0,100,300,2,2,800
small_non_emergency,9.41,3.17,7.73,5,3,2.0,100,300,5,3,1400
small_non_emergency,0.88,3.77,5.65,5,3,2.0,100,300,2,2,800
small_non_emergency,2.49,6.0,7.76,5,3,2.0,100,300,2,2,800
small_non_emergency,5.19,4.03,6.51,5,3,2.0,100,300,3,2,900
small_non_emergency,4.9,4.16,7.68,5,3,2.0,100,300,3,2,900
small_non_emergency,9.63,5.13,7.98,5,3,2.0,100,300,3,3,1200
small_non_emergency,9.64,5.17,5.31,5,3,2.0,100,300,4,3,1300
small_non_emergency,2.09,5.09,5.19,5,3,2.0,100,300,2,2,800
small_non_emergency,2.48,5.31,7.15,5,3,2.0,100,300,2,2,800
small_non_emergency,6.18,5.25,6.66,5,3,2.0,100,300,3,2,900
small_non_emergency,4.74,4.14,5.35,5,3,2.0,100,300,3,2,900
small_non_emergency,5.93,3.23,6.05,5,3,2.0,100,300,3,2,900
small_non_emergency,2.89,4.19,7.45,5,3,2.0,100,300,2,2,800
small_non_emergency,5.58,5.79,5.57,5,3,2.0,100,300,2,3,1100
small_non_emergency,4.67,3.11,5.6,5,3,2.0,100,300,3,2,900
small_non_emergency,0.97,5.19,5.21,5,3,2.0,100,300,2,2,800
small_non_emergency,1.81,3.6,5.61,5,3,2.0,100,300,2,2,800
small_non_emergency,3.76,5.1,5.33,5,3,2.0,100,300,2,2,800
small_non_emergency,1.87,3.58,7.92,5,3,2.0,100,300,2,2,800
small_non_emergency,8.87,4.1,6.86,5,3,2.0,100,300,4,3,1300
small_non_emergency,8.25,5.97,5.23,5,3,2.0,100,300,3,3,1200
small_non_emergency,9.81,4.96,5.34,5,3,2.0,100,300,4,3,1300
small_non_emergency,3.23,5.2,6.25,5,3,2.0,100,300,2,2,800
small_non_emergency,11.41,3.29,7.87,5,3,2.0,100,300,5,3,1400
small_non_emergency,2.59,4.47,6.12,5,3,2.0,100,300,2,2,800
small_non_emergency,5.16,3.36,7.07,5,3,2.0,100,300,3,2,900
small_non_emergency,3.46,3.81,7.76,5,3,2.0,100,300,2,2,800
small_non_emergency,3.51,4.71,7.87,5,3,2.0,100,300,2,2,800
small_non_emergency,4.33,4.83,5.87,5,3,2.0,100,300,2,2,800
small_non_emergency,1.04,5.76,5.29,5,3,2.0,100,300,2,2,800
small_non_emergency,4.01,3.91,7.14,5,3,2.0,100,300,3,2,900
small_non_emergency,6.48,5.81,7.02,5,3,2.0,100,300,3,2,900
small_non_emergency,1.25,5.34,6.99,5,3,2.0,100,300,2,2,800
small_non_emergency,6.39,3.31,5.8,5,3,2.0,100,300,3,3,1200
small_non_emergency,0.63,5.67,5.51,5,3,2.0,100,300,2,2,800
small_non_emergency,7.03,4.8,7.52,5,3,2.0,100,300,3,2,900
small_non_emergency,4.61,5.23,7.03,5,3,2.0,100,300,2,2,800
small_non_emergency,6.91,3.18,6.69,5,3,2.0,100,300,4,3,1300
small_non_emergency,7.76,3.04,7.92,5,3,2.0,100,300,4,2,1000
small_non_emergency,5.12,4.71,6.19,5,3,2.0,100,300,3,2,900
small_non_emergency,4.85,4.62,6.52,5,3,2.0,100,300,3,2,900
small_non_emergency,8.01,4.45,6.11,5,3,2.0,100,300,3,3,1200
small_non_emergency,11.39,3.74,7.4,5,3,2.0,100,300,5,3,1400
small_non_emergency,1.85,3.26,6.02,5,3,2.0,100,300,2,2,800
small_non_emergency,7.2,4.7,5.17,5,3,2.0,100,300,3,3,1200
small_non_emergency,7.82,3.08,6.08,5,3,2.0,100,300,4,3,1300
small_non_emergency,4.47,4.73,5.4,5,3,2.0,100,300,2,2,800
small_non_emergency,1.16,5.19,5.25,5,3,2.0,100,300,2,2,800
small_non_emergency,4.29,4.56,6.5,5,3,2.0,100,300,2,2,800
small_non_emergency,9.93,4.81,6.44,5,3,2.0,100,300,4,3,1300
small_non_emergency,2.49,5.96,5.75,5,3,2.0,100,300,2,2,800
small_non_emergency,3.06,4.42,7.07,5,3,2.0,100,300,2,2,800
small_non_emergency,4.74,3.31,5.95,5,3,2.0,100,300,3,2,900
small_non_emergency,10.32,3.64,5.66,5,3,2.0,100,300,5,3,1400
small_non_emergency,10.47,5.92,6.49,5,3,2.0,100,300,3,3,1200
small_non_emergency,5.83,5.89,7.67,5,3,2.0,100,300,2,2,800
small_non_emergency,9.22,3.66,5.96,5,3,2.0,100,300,4,3,1300
small_non_emergency,11.4,3.71,7.01,5,3,2.0,100,300,5,3,1400
small_non_emergency,5.93,5.5,5.81,5,3,2.0,100,300,3,3,1200
small_non_emergency,8.98,3.69,5.74,5,3,2.0,100,300,4,3,1300
small_non_emergency,1.64,3.93,5.27,5,3,2.0,100,300,2,2,800
small_non_emergency,5.84,5.16,7.69,5,3,2.0,100,300,3,2,900
small_non_emergency,6.03,5.13,6.05,5,3,2.0,100,300,3,2,900
small_non_emergency,1.53,5.26,7.05,5,3,2.0,100,300,2,2,800
small_non_emergency,7.93,5.33,5.52,5,3,2.0,100,300,3,3,1200
small_non_emergency,3.6,5.4,7.82,5,3,2.0,100,300,2,2,800
small_non_emergency,1.64,4.29,7.47,5,3,2.0,100,300,2,2,800
small_non_emergency,5.61,4.47,7.36,5,3,2.0,100,300,3,2,900
small_non_emergency,1.32,5.98,6.17,5,3,2.0,100,300,2,2,800
small_non_emergency,8.96,3.4,5.12,5,3,2.0,100,300,4,3,1300
small_non_emergency,10.49,4.98,5.5,5,3,2.0,100,300,4,3,1300
small_non_emergency,1.91,4.79,5.53,5,3,2.0,100,300,2,2,800
small_non_emergency,3.12,3.5,6.51,5,3,2.0,100,300,2,2,800
small_non_emergency,11.42,5.78,6.87,5,3,2.0,100,300,4,3,1300
small_non_emergency,8.06,3.42,5.15,5,3,2.0,100,300,4,3,1300
small_non_emergency,6.2,4.43,5.33,5,3,2.0,100,300,3,3,1200
small_non_emergency,10.89,5.79,5.3,5,3,2.0,100,300,5,3,1400
small_non_emergency,7.74,5.31,7.73,5,3,2.0,100,300,3,3,1200
small_non_emergency,2.64,5.72,5.85,5,3,2.0,100,300,2,2,800
small_non_emergency,2.49,5.65,6.05,5,3,2.0,100,300,2,2,800
small_non_emergency,3.75,5.8,5.16,5,3,2.0,100,300,2,2,800
small_non_emergency,9.13,3.39,7.94,5,3,2.0,100,300,4,3,1300
small_non_emergency,7.94,3.97,5.32,5,3,2.0,100,300,4,3,1300
small_non_emergency,4.54,4.04,6.38,5,3,2.0,100,300,3,2,900
small_non_emergency,1.87,4.4,5.86,5,3,2.0,100,300,2,2,800
small_non_emergency,0.66,5.35,7.44,5,3,2.0,100,300,2,2,800
small_non_emergency,8.36,3.97,5.66,5,3,2.0,100,300,4,3,1300
small_non_emergency,1.85,4.15,5.29,5,3,2.0,100,300,2,2,800
small_non_emergency,9.67,4.02,7.79,5,3,2.0,100,300,4,3,1300
small_non_emergency,2.42,3.43,5.6,5,3,2.0,100,300,2,2,800
small_non_emergency,9.71,3.55,6.98,5,3,2.0,100,300,4,3,1300
small_non_emergency,9.38,3.34,6.08,5,3,2.0,100,300,5,3,1400
small_non_emergency,3.46,4.87,6.11,5,3,2.0,100,300,2,2,800
small_non_emergency,7.15,3.77,5.24,5,3,2.0,100,300,3,3,1200
small_non_emergency,10.75,5.51,7.68,5,3,2.0,100,300,3,3,1200
small_non_emergency,6.77,5.92,7.7,5,3,2.0,100,300,3,2,900
small_non_emergency,0.97,4.75,7.08,5,3,2.0,100,300,2,2,800
small_non_emergency,2.38,4.52,5.95,5,3,2.0,100,300,2,2,800
small_non_emergency,10.3,5.72,7.06,5,3,2.0,100,300,3,3,1200
small_non_emergency,1.07,3.13,5.93,5,3,2.0,100,300,2,2,800
small_non_emergency,3.53,3.81,7.85,5,3,2.0,100,300,2,2,800
small_non_emergency,8.05,4.54,5.17,5,3,2.0,100,300,3,3,1200
small_non_emergency,7.19,5.86,6.01,5,3,2.0,100,300,3,3,1200
small_non_emergency,3.34,4.61,7.77,5,3,2.0,100,300,2,2,800
small_non_emergency,5.93,4.14,7.22,5,3,2.0,100,300,3,2,900
small_non_emergency,6.87,3.65,5.78,5,3,2.0,100,300,3,3,1200
small_non_emergency,7.29,3.27,7.01,5,3,2.0,100,300,4,3,1300
small_non_emergency,11.28,4.34,5.97,5,3,2.0,100,300,5,3,1400
small_non_emergency,8.88,4.48,5.49,5,3,2.0,100,300,4,3,1300
small_non_emergency,5.85,5.23,5.09,5,3,2.0,100,300,3,3,1200
small_non_emergency,7.47,3.55,7.41,5,3,2.0,100,300,4,3,1300
small_non_emergency,3.58,5.14,7.89,5,3,2.0,100,300,2,2,800
small_non_emergency,4.64,4.88,6.86,5,3,2.0,100,300,2,2,800
small_non_emergency,9.55,4.89,7.33,5,3,2.0,100,300,3,3,1200
small_non_emergency,7.42,4.18,6.25,5,3,2.0,100,300,3,3,1200
small_non_emergency,5.25,3.99,6.97,5,3,2.0,100,300,3,2,900
small_non_emergency,8.45,3.93,7.33,5,3,2.0,100,300,4,3,1300
small_non_emergency,7.37,5.32,5.15,5,3,2.0,100,300,3,3,1200
small_non_emergency,1.43,3.41,6.15,5,3,2.0,100,300,2,2,800
small_non_emergency,8.43,5.83,6.84,5,3,2.0,100,300,3,3,1200
small_non_emergency,1.31,5.62,7.7,5,3,2.0,100,300,2,2,800
small_non_emergency,7.75,4.98,7.87,5,3,2.0,100,300,3,2,900
small_non_emergency,8.62,4.77,6.29,5,3,2.0,100,300,3,3,1200
small_non_emergency,9.49,5.16,6.54,5,3,2.0,100,300,3,3,1200
small_non_emergency,8.41,5.51,6.95,5,3,2.0,100,300,3,3,1200
small_non_emergency,5.0,4.92,7.52,5,3,2.0,100,300,3,2,900
small_non_emergency,3.45,3.4,5.32,5,3,2.0,100,300,3,2,900
small_non_emergency,4.7,3.92,6.15,5,3,2.0,100,300,3,2,900
small_non_emergency,8.31,5.42,6.31,5,3,2.0,100,300,3,3,1200
small_non_emergency,0.98,3.53,5.41,5,3,2.0,100,300,2,2,800
small_non_emergency,11.22,5.62,6.39,5,3,2.0,100,300,4,3,1300
small_non_emergency,2.2,3.6,6.92,5,3,2.0,100,300,2,2,800
small_non_emergency,8.77,3.51,5.15,5,3,2.0,100,300,4,3,1300
small_non_emergency,1.83,3.76,7.92,5,3,2.0,100,300,2,2,800
small_non_emergency,1.75,3.61,5.6,5,3,2.0,100,300,2,2,800
small_non_emergency,1.67,3.32,5.36,5,3,2.0,100,300,2,2,800
small_non_emergency,4.54,5.06,5.19,5,3,2.0,100,300,2,2,800
small_non_emergency,5.01,5.22,5.42,5,3,2.0,100,300,2,2,800
small_non_emergency,5.26,3.54,6.49,5,3,2.0,100,300,3,2,900
small_non_emergency,6.01,3.38,5.89,5,3,2.0,100,300,3,3,1200
small_non_emergency,7.63,3.76,5.0,5,3,2.0,100,300,4,3,1300
small_non_emergency,4.17,4.0,6.52,5,3,2.0,100,300,3,2,900
small_non_emergency,1.28,5.09,5.11,5,3,2.0,100,300,2,2,800
small_non_emergency,11.19,4.46,6.08,5,3,2.0,100,300,4,3,1300
small_non_emergency,3.44,5.65,7.65,5,3,2.0,100,300,2,2,800
small_non_emergency,4.07,4.92,6.52,5,3,2.0,100,300,2,2,800
small_non_emergency,5.55,4.44,7.72,5,3,2.0,100,300,3,2,900
small_non_emergency,6.53,4.39,6.14,5,3,2.0,100,300,3,3,1200
small_non_emergency,0.92,5.68,6.04,5,3,2.0,100,300,2,2,800
small_non_emergency,5.04,4.27,6.6,5,3,2.0,100,300,3,2,900
small_non_emergency,10.02,4.88,5.95,5,3,2.0,100,300,4,3,1300
small_non_emergency,2.17,5.2,6.75,5,3,2.0,100,300,2,2,800
small_non_emergency,11.18,3.42,7.2,5,3,2.0,100,300,5,3,1400
small_non_emergency,6.22,3.47,5.66,5,3,2.0,100,300,3,3,1200
small_non_emergency,2.85,4.43,5.53,5,3,2.0,100,300,2,2,800
small_non_emergency,10.71,3.43,6.1,5,3,2.0,100,300,5,3,1400
small_non_emergency,10.76,5.75,7.9,5,3,2.0,100,300,3,3,1200
small_non_emergency,5.13,3.27,5.45,5,3,2.0,100,300,3,2,900
small_non_emergency,8.04,4.53,5.07,5,3,2.0,100,300,3,3,1200
small_non_emergency,3.8,5.06,5.02,5,3,2.0,100,300,2,2,800
small_non_emergency,3.89,5.35,5.55,5,3,2.0,100,300,2,2,800
small_non_emergency,2.88,4.89,7.52,5,3,2.0,100,300,2,2,800
small_non_emergency,2.82,4.48,7.12,5,3,2.0,100,300,2,2,800
small_non_emergency,1.43,4.23,7.45,5,3,2.0,100,300,2,2,800
small_non_emergency,8.32,4.37,7.67,5,3,2.0,100,300,3,3,1200
small_non_emergency,2.24,5.35,7.09,5,3,2.0,100,300,2,2,800
small_non_emergency,9.23,5.22,5.32,5,3,2.0,100,300,3,3,1200
small_non_emergency,3.08,4.42,6.03,5,3,2.0,100,300,2,2,800
small_non_emergency,7.21,3.77,5.55,5,3,2.0,100,300,3,3,1200
small_non_emergency,5.93,5.09,6.57,5,3,2.0,100,300,3,2,900
small_non_emergency,10.57,3.12,7.01,5,3,2.0,100,300,5,3,1400
small_non_emergency,0.71,5.69,7.79,5,3,2.0,100,300,2,2,800
small_non_emergency,2.53,4.38,6.83,5,3,2.0,100,300,2,2,800
small_non_emergency,7.7,4.56,7.96,5,3,2.0,100,300,3,2,900
small_non_emergency,11.39,3.77,6.29,5,3,2.0,100,300,5,3,1400
small_non_emergency,5.35,5.67,6.11,5,3,2.0,100,300,2,2,800
small_non_emergency,4.27,3.37,7.22,5,3,2.0,100,300,3,2,900
small_non_emergency,4.47,3.25,5.87,5,3,2.0,100,300,3,2,900
small_non_emergency,2.29,5.78,7.24,5,3,2.0,100,300,2,2,800
small_non_emergency,4.03,3.32,7.98,5,3,2.0,100,300,3,2,900
small_non_emergency,1.1,5.53,6.4,5,3,2.0,100,300,2,2,800
small_non_emergency,4.73,4.05,6.34,5,3,2.0,100,300,3,2,900
small_non_emergency,8.34,5.87,7.12,5,3,2.0,100,300,3,3,1200
small_non_emergency,7.78,4.29,6.26,5,3,2.0,100,300,3,3,1200
small_non_emergency,3.27,4.42,6.21,5,3,2.0,100,300,2,2,800
small_non_emergency,1.07,4.98,6.14,5,3,2.0,100,300,2,2,800
small_non_emergency,9.28,3.74,7.12,5,3,2.0,100,300,4,3,1300
small_non_emergency,6.88,3.72,7.28,5,3,2.0,100,300,3,2,900
small_non_emergency,6.72,3.63,5.12,5,3,2.0,100,300,3,3,1200
small_non_emergency,1.9,5.26,6.08,5,3,2.0,100,300,2,2,800
small_non_emergency,6.53,5.07,6.13,5,3,2.0,100,300,3,3,1200
small_non_emergency,7.42,5.59,7.92,5,3,2.0,100,300,3,2,900
small_non_emergency,8.57,3.36,6.99,5,3,2.0,100,300,4,3,1300
small_non_emergency,2.84,4.0,7.84,5,3,2.0,100,300,2,2,800
small_non_emergency,11.63,5.32,5.82,5,3,2.0,100,300,4,3,1300
small_non_emergency,7.13,5.25,5.64,5,3,2.0,100,300,3,3,1200
small_non_emergency,3.4,4.01,7.03,5,3,2.0,100,300,2,2,800
small_non_emergency,5.81,5.65,5.51,5,3,2.0,100,300,3,3,1200
small_non_emergency,11.36,5.23,7.7,5,3,2.0,100,300,4,3,1300
small_non_emergency,8.35,5.09,7.4,5,3,2.0,100,300,3,3,1200
small_non_emergency,10.43,3.4,7.93,5,3,2.0,100,300,5,3,1400
small_non_emergency,0.81,3.31,6.66,5,3,2.0,100,300,2,2,800
small_non_emergency,2.2,3.86,7.24,5,3,2.0,100,300,2,2,800
small_non_emergency,11.74,4.94,6.15,5,3,2.0,100,300,4,3,1300
small_non_emergency,3.29,4.33,5.64,5,3,2.0,100,300,2,2,800
small_non_emergency,7.26,3.75,5.36,5,3,2.0,100,300,3,3,1200
small_non_emergency,2.6,4.48,5.21,5,3,2.0,100,300,2,2,800
small_non_emergency,4.12,5.1,5.76,5,3,2.0,100,300,2,2,800
small_non_emergency,2.07,5.77,5.35,5,3,2.0,100,300,2,2,800
small_non_emergency,9.57,3.97,7.85,5,3,2.0,100,300,4,3,1300
small_non_emergency,11.15,5.92,7.1,5,3,2.0,100,300,3,3,1200
small_non_emergency,0.67,3.9,7.1,5,3,2.0,100,300,2,2,800
small_non_emergency,2.85,3.82,6.98,5,3,2.0,100,300,2,2,800
small_non_emergency,1.5,3.19,7.33,5,3,2.0,100,300,2,2,800
small_non_emergency,10.56,4.46,7.5,5,3,2.0,100,300,4,3,1300
small_non_emergency,10.06,5.93,5.95,5,3,2.0,100,300,3,3,1200
small_non_emergency,6.42,5.15,5.93,5,3,2.0,100,300,3,3,1200
small_non_emergency,7.87,4.02,7.06,5,3,2.0,100,300,3,3,1200
small_non_emergency,8.93,3.82,7.57,5,3,2.0,100,300,4,3,1300
small_non_emergency,8.35,3.82,7.73,5,3,2.0,100,300,4,3,1300
small_non_emergency,10.21,3.56,6.62,5,3,2.0,100,300,5,3,1400
small_non_emergency,5.87,4.09,7.59,5,3,2.0,100,300,3,2,900
small_non_emergency,4.43,4.26,5.51,5,3,2.0,100,300,3,2,900
small_non_emergency,9.82,4.17,6.55,5,3,2.0,100,300,4,3,1300
small_non_emergency,10.37,3.66,5.66,5,3,2.0,100,300,5,3,1400
small_non_emergency,6.03,5.26,5.85,5,3,2.0,100,300,3,3,1200
small_non_emergency,4.73,3.91,5.47,5,3,2.0,100,300,3,2,900
small_non_emergency,5.36,3.44,5.63,5,3,2.0,100,300,3,2,900
small_non_emergency,9.58,5.38,6.78,5,3,2.0,100,300,3,3,1200
small_non_emergency,6.06,5.46,5.75,5,3,2.0,100,300,3,3,1200
small_non_emergency,5.7,4.55,6.52,5,3,2.0,100,300,3,2,900
small_non_emergency,6.5,3.25,7.09,5,3,2.0,100,300,4,2,1000
small_non_emergency,5.74,3.57,6.1,5,3,2.0,100,300,3,2,900
small_non_emergency,3.53,3.02,6.89,5,3,2.0,100,300,3,2,900
small_non_emergency,2.34,4.9,5.35,5,3,2.0,100,300,2,2,800
small_non_emergency,9.05,3.63,5.35,5,3,2.0,100,300,4,3,1300
small_non_emergency,6.69,3.95,5.68,5,3,2.0,100,300,3,3,1200
small_non_emergency,0.77,4.48,6.96,5,3,2.0,100,300,2,2,800
small_non_emergency,8.2,4.09,5.89,5,3,2.0,100,300,4,3,1300
small_non_emergency,1.66,3.21,7.21,5,3,2.0,100,300,2,2,800
small_non_emergency,7.21,4.83,6.13,5,3,2.0,100,300,3,3,1200
small_non_emergency,8.54,3.58,6.77,5,3,2.0,100,300,4,3,1300
small_non_emergency,10.47,3.49,7.57,5,3,2.0,100,300,5,3,1400
small_non_emergency,6.81,4.82,7.37,5,3,2.0,100,300,3,2,900
small_non_emergency,10.76,5.12,5.68,5,3,2.0,100,300,4,3,1300
small_non_emergency,3.08,5.95,5.2,5,3,2.0,100,300,2,2,800
small_non_emergency,4.41,3.74,5.66,5,3,2.0,100,300,3,2,900
small_non_emergency,11.07,5.21,7.48,5,3,2.0,100,300,4,3,1300
small_non_emergency,6.23,3.09,5.82,5,3,2.0,100,300,4,3,1300
small_non_emergency,9.37,5.66,5.1,5,3,2.0,100,300,3,3,1200
small_non_emergency,6.58,5.18,6.54,5,3,2.0,100,300,3,3,1200
small_non_emergency,3.91,3.76,6.03,5,3,2.0,100,300,3,2,900
small_non_emergency,9.42,3.63,7.76,5,3,2.0,100,300,4,3,1300
small_non_emergency,8.2,5.11,5.61,5,3,2.0,100,300,3,3,1200
small_non_emergency,7.19,3.74,6.12,5,3,2.0,100,300,3,3,1200
small_non_emergency,11.01,5.38,5.93,5,3,2.0,100,300,4,3,1300
small_non_emergency,1.54,4.25,7.01,5,3,2.0,100,300,2,2,800
small_non_emergency,0.56,4.67,7.27,5,3,2.0,100,300,2,2,800
small_non_emergency,8.94,5.04,5.19,5,3,2.0,100,300,3,3,1200
small_non_emergency,2.28,4.76,7.53,5,3,2.0,100,300,2,2,800
small_non_emergency,7.09,5.59,7.65,5,3,2.0,100,300,3,2,900
small_non_emergency,1.64,3.67,6.99,5,3,2.0,100,300,2,2,800
small_non_emergency,1.06,3.03,6.45,5,3,2.0,100,300,2,2,800
small_non_emergency,6.37,3.6,7.06,5,3,2.0,100,300,3,2,900
small_non_emergency,9.73,4.84,6.83,5,3,2.0,100,300,4,3,1300
small_non_emergency,6.81,4.57,7.7,5,3,2.0,100,300,3,2,900
small_non_emergency,1.18,4.49,6.54,5,3,2.0,100,300,2,2,800
small_non_emergency,10.5,5.17,7.84,5,3,2.0,100,300,4,3,1300
small_non_emergency,1.3,4.57,5.52,5,3,2.0,100,300,2,2,800
small_non_emergency,6.08,5.89,7.68,5,3,2.0,100,300,3,2,900
small_non_emergency,9.79,5.91,5.81,5,3,2.0,100,300,3,3,1200
small_non_emergency,11.95,4.78,6.88,5,3,2.0,100,300,4,3,1300
small_non_emergency,9.31,3.97,6.66,5,3,2.0,100,300,4,3,1300
small_non_emergency,4.0,4.12,5.74,5,3,2.0,100,300,2,2,800
small_non_emergency,2.75,3.93,6.69,5,3,2.0,100,300,2,2,800
small_non_emergency,5.72,4.19,6.71,5,3,2.0,100,300,3,2,900
small_non_emergency,2.09,5.93,5.44,5,3,2.0,100,300,2,2,800
small_non_emergency,8.16,4.27,7.16,5,3,2.0,100,300,3,3,1200
small_non_emergency,0.77,4.11,6.84,5,3,2.0,100,300,2,2,800
small_non_emergency,7.29,3.18,6.98,5,3,2.0,100,300,4,3,1300
small_non_emergency,8.65,3.6,6.3,5,3,2.0,100,300,4,3,1300
small_non_emergency,5.01,5.73,7.49,5,3,2.0,100,300,2,2,800
small_non_emergency,9.7,3.86,6.89,5,3,2.0,100,300,4,3,1300
small_non_emergency,7.31,4.83,6.44,5,3,2.0,100,300,3,3,1200
small_non_emergency,7.82,3.52,5.92,5,3,2.0,100,300,4,3,1300
small_non_emergency,0.9,5.1,7.5,5,3,2.0,100,300,2,2,800
small_non_emergency,1.92,5.18,7.8,5,3,2.0,100,300,2,2,800
small_non_emergency,9.5,5.31,6.71,5,3,2.0,100,300,3,3,1200
small_non_emergency,9.83,3.18,6.98,5,3,2.0,100,300,5,3,1400
small_non_emergency,5.87,3.62,6.8,5,3,2.0,100,300,3,2,900
small_non_emergency,2.79,5.15,5.23,5,3,2.0,100,300,2,2,800
small_non_emergency,8.17,5.21,5.65,5,3,2.0,100,300,3,3,1200
small_non_emergency,5.1,4.8,6.87,5,3,2.0,100,300,3,2,900
small_non_emergency,5.2,5.08,7.39,5,3,2.0,100,300,3,2,900
small_non_emergency,2.63,4.66,7.16,5,3,2.0,100,300,2,2,800
small_non_emergency,9.65,3.68,5.26,5,3,2.0,100,300,5,3,1400
small_non_emergency,8.37,3.37,6.23,5,3,2.0,100,300,4,3,1300
small_non_emergency,6.74,5.98,7.56,5,3,2.0,100,300,3,2,900
small_non_emergency,8.21,3.66,7.38,5,3,2.0,100,300,4,3,1300
small_non_emergency,1.81,3.33,6.53,5,3,2.0,100,300,2,2,800
small_non_emergency,8.33,5.88,5.39,5,3,2.0,100,300,3,3,1200
small_non_emergency,6.36,3.85,7.69,5,3,2.0,100,300,3,2,900
small_non_emergency,10.81,3.84,5.39,5,3,2.0,100,300,5,3,1400
small_non_emergency,11.4,3.85,7.74,5,3,2.0,100,300,5,3,1400
small_non_emergency,0.82,4.23,6.45,5,3,2.0,100,300,2,2,800
small_non_emergency,8.9,5.88,7.91,5,3,2.0,100,300,3,3,1200
small_non_emergency,6.02,3.13,5.49,5,3,2.0,100,300,3,3,1200
small_non_emergency,12.0,3.7,6.44,5,3,2.0,100,300,5,3,1400
small_non_emergency,8.71,4.3,7.8,5,3,2.0,100,300,4,3,1300
small_non_emergency,5.25,3.54,5.43,5,3,2.0,100,300,3,2,900
small_non_emergency,4.18,4.11,6.5,5,3,2.0,100,300,3,2,900
small_non_emergency,4.38,3.53,6.66,5,3,2.0,100,300,3,2,900
small_non_emergency,1.15,4.51,6.54,5,3,2.0,100,300,2,2,800
small_non_emergency,0.96,4.01,7.31,5,3,2.0,100,300,2,2,800
small_non_emergency,2.88,3.78,6.85,5,3,2.0,100,300,2,2,800
small_non_emergency,5.91,3.38,5.78,5,3,2.0,100,300,3,3,1200
small_non_emergency,4.51,5.44,6.42,5,3,2.0,100,300,2,2,800
small_non_emergency,11.12,4.39,6.69,5,3,2.0,100,300,4,3,1300
small_non_emergency,4.69,4.98,7.29,5,3,2.0,100,300,2,2,800
small_non_emergency,6.88,4.49,6.34,5,3,2.0,100,300,3,3,1200
small_non_emergency,2.7,3.39,7.44,5,3,2.0,100,300,2,2,800
small_non_emergency,11.52,5.99,7.77,5,3,2.0,100,300,3,3,1200
small_non_emergency,8.2,5.12,5.62,5,3,2.0,100,300,3,3,1200
small_non_emergency,6.25,5.82,6.36,5,3,2.0,100,300,3,2,900
small_non_emergency,6.78,5.92,5.54,5,3,2.0,100,300,3,3,1200
small_non_emergency,1.58,3.79,6.4,5,3,2.0,100,300,2,2,800
small_non_emergency,9.45,4.6,7.62,5,3,2.0,100,300,4,3,1300
small_non_emergency,11.16,4.34,7.51,5,3,2.0,100,300,4,3,1300
small_non_emergency,2.28,5.26,5.3,5,3,2.0,100,300,2,2,800
small_non_emergency,5.97,5.31,6.43,5,3,2.0,100,300,3,2,900
small_non_emergency,3.16,3.94,6.91,5,3,2.0,100,300,2,2,800
small_non_emergency,4.65,5.25,7.7,5,3,2.0,100,300,2,2,800
small_non_emergency,9.76,3.45,6.33,5,3,2.0,100,300,5,3,1400
small_non_emergency,7.46,3.42,6.51,5,3,2.0,100,300,4,3,1300
small_non_emergency,7.12,3.25,6.33,5,3,2.0,100,300,4,3,1300
small_non_emergency,9.41,3.68,5.26,5,3,2.0,100,300,4,3,1300
small_non_emergency,3.92,3.05,7.66,5,3,2.0,100,300,3,2,900
small_non_emergency,10.61,3.59,6.26,5,3,2.0,100,300,5,3,1400
small_non_emergency,9.55,3.61,7.1,5,3,2.0,100,300,4,3,1300
small_non_emergency,1.19,5.35,7.44,5,3,2.0,100,300,2,2,800
small_non_emergency,1.47,3.67,5.58,5,3,2.0,100,300,2,2,800
small_non_emergency,1.19,5.34,7.82,5,3,2.0,100,300,2,2,800
small_non_emergency,2.07,3.97,5.96,5,3,2.0,100,300,2,2,800
small_non_emergency,3.98,4.76,5.27,5,3,2.0,100,300,2,2,800
small_non_emergency,4.78,3.28,5.28,5,3,2.0,100,300,3,2,900
small_non_emergency,10.82,5.5,6.99,5,3,2.0,100,300,3,3,1200
small_non_emergency,7.41,3.04,7.84,5,3,2.0,100,300,4,2,1000
small_non_emergency,7.75,5.23,5.51,5,3,2.0,100,300,3,3,1200
small_non_emergency,8.86,4.83,5.4,5,3,2.0,100,300,3,3,1200
small_non_emergency,8.29,5.32,5.96,5,3,2.0,100,300,3,3,1200
small_non_emergency,7.78,3.28,7.42,5,3,2.0,100,300,4,3,1300
small_non_emergency,9.72,3.75,5.23,5,3,2.0,100,300,5,3,1400
small_non_emergency,3.81,4.6,5.03,5,3,2.0,100,300,2,2,800
small_non_emergency,1.46,5.36,6.7,5,3,2.0,100,300,2,2,800
small_non_emergency,0.9,5.65,6.39,5,3,2.0,100,300,2,2,800
small_non_emergency,7.26,4.0,7.5,5,3,2.0,100,300,3,2,900
small_non_emergency,3.44,4.45,6.77,5,3,2.0,100,300,2,2,800
small_non_emergency,8.08,5.71,7.46,5,3,2.0,100,300,3,3,1200
small_non_emergency,2.2,3.91,7.64,5,3,2.0,100,300,2,2,800
small_non_emergency,1.16,3.51,5.77,5,3,2.0,100,300,2,2,800
small_non_emergency,5.39,4.86,5.64,5,3,2.0,100,300,3,2,900
small_non_emergency,0.85,3.55,5.89,5,3,2.0,100,300,2,2,800
small_non_emergency,3.29,3.77,6.73,5,3,2.0,100,300,2,2,800
small_non_emergency,5.0,3.15,6.99,5,3,2.0,100,300,3,2,900
small_non_emergency,1.68,5.63,7.82,5,3,2.0,100,300,2,2,800
small_non_emergency,3.84,4.18,7.08,5,3,2.0,100,300,2,2,800
small_non_emergency,10.45,4.35,7.29,5,3,2.0,100,300,4,3,1300
small_non_emergency,6.85,3.65,5.99,5,3,2.0,100,300,3,3,1200
small_non_emergency,11.91,4.38,7.21,5,3,2.0,100,300,4,3,1300
small_non_emergency,5.42,4.59,7.8,5,3,2.0,100,300,3,2,900
small_non_emergency,8.9,3.87,7.25,5,3,2.0,100,300,4,3,1300
small_non_emergency,2.86,3.48,6.86,5,3,2.0,100,300,2,2,800
small_non_emergency,5.4,3.06,5.91,5,3,2.0,100,300,3,2,900
small_non_emergency,2.25,3.65,5.83,5,3,2.0,100,300,2,2,800
small_non_emergency,1.85,5.44,5.43,5,3,2.0,100,300,2,2,800
small_non_emergency,2.38,5.67,6.64,5,3,2.0,100,300,2,2,800
small_non_emergency,1.55,4.72,5.69,5,3,2.0,100,300,2,2,800
small_non_emergency,2.05,5.71,5.43,5,3,2.0,100,300,2,2,800
small_non_emergency,5.48,3.24,6.28,5,3,2.0,100,300,3,2,900
small_non_emergency,2.78,4.81,6.64,5,3,2.0,100,300,2,2,800
small_non_emergency,0.65,5.84,6.72,5,3,2.0,100,300,2,2,800
small_non_emergency,2.89,4.43,5.86,5,3,2.0,100,300,2,2,800
small_non_emergency,2.89,4.95,5.54,5,3,2.0,100,300,2,2,800
small_non_emergency,5.7,5.76,5.79,5,3,2.0,100,300,2,2,800
small_non_emergency,8.26,5.63,6.45,5,3,2.0,100,300,3,3,1200
small_non_emergency,1.14,5.72,7.9,5,3,2.0,100,300,2,2,800
small_non_emergency,3.41,5.63,7.51,5,3,2.0,100,300,2,2,800
small_non_emergency,8.26,5.89,6.29,5,3,2.0,100,300,3,3,1200
small_non_emergency,9.28,4.47,7.56,5,3,2.0,100,300,4,3,1300
small_non_emergency,4.15,4.3,6.49,5,3,2.0,100,300,2,2,800
small_non_emergency,4.91,3.53,5.23,5,3,2.0,100,300,3,2,900
small_non_emergency,0.88,5.47,5.37,5,3,2.0,100,300,2,2,800
small_non_emergency,6.35,3.66,7.05,5,3,2.0,100,300,3,2,900
small_non_emergency,5.79,5.69,5.5,5,3,2.0,100,300,3,3,1200
small_non_emergency,3.65,3.06,5.22,5,3,2.0,100,300,3,2,900
small_non_emergency,6.09,3.38,7.9,5,3,2.0,100,300,3,2,900
small_non_emergency,10.48,5.15,6.69,5,3,2.0,100,300,4,3,1300
small_non_emergency,6.16,5.62,6.39,5,3,2.0,100,300,3,2,900
small_non_emergency,4.14,5.32,7.68,5,3,2.0,100,300,2,2,800
small_non_emergency,3.71,3.34,5.98,5,3,2.0,100,300,3,2,900
small_non_emergency,11.29,3.86,6.97,5,3,2.0,100,300,5,3,1400
small_non_emergency,2.82,4.83,6.87,5,3,2.0,100,300,2,2,800
small_non_emergency,10.81,4.1,6.35,5,3,2.0,100,300,4,3,1300
small_non_emergency,4.47,3.82,5.61,5,3,2.0,100,300,3,2,900
small_non_emergency,8.95,4.61,7.95,5,3,2.0,100,300,3,3,1200
small_non_emergency,5.51,3.06,6.59,5,3,2.0,100,300,3,2,900
small_non_emergency,2.71,3.43,6.39,5,3,2.0,100,300,2,2,800
small_non_emergency,4.97,4.41,5.33,5,3,2.0,100,300,3,2,900
small_non_emergency,11.04,3.8,5.87,5,3,2.0,100,300,5,3,1400
small_non_emergency,1.89,3.07,6.55,5,3,2.0,100,300,2,2,800
small_non_emergency,8.17,3.67,5.58,5,3,2.0,100,300,4,3,1300
small_non_emergency,10.35,4.17,6.46,5,3,2.0,100,300,4,3,1300
small_non_emergency,3.79,3.91,7.54,5,3,2.0,100,300,2,2,800
small_non_emergency,6.85,5.73,7.36,5,3,2.0,100,300,3,2,900
small_non_emergency,11.06,5.26,6.7,5,3,2.0,100,300,4,3,1300
small_non_emergency,1.47,5.44,7.12,5,3,2.0,100,300,2,2,800
small_non_emergency,5.53,3.77,5.0,5,3,2.0,100,300,3,3,1200
small_non_emergency,0.81,5.26,7.99,5,3,2.0,100,300,2,2,800
small_non_emergency,5.71,3.06,5.62,5,3,2.0,100,300,3,3,1200
small_non_emergency,4.89,5.79,6.46,5,3,2.0,100,300,2,2,800
small_non_emergency,10.47,3.85,5.97,5,3,2.0,100,300,5,3,1400
small_non_emergency,5.58,5.54,5.81,5,3,2.0,100,300,3,2,900
small_non_emergency,5.03,5.62,6.23,5,3,2.0,100,300,2,2,800
small_non_emergency,8.03,5.18,6.17,5,3,2.0,100,300,3,3,1200
small_non_emergency,9.83,5.26,6.59,5,3,2.0,100,300,3,3,1200
small_non_emergency,8.72,5.86,7.46,5,3,2.0,100,300,3,3,1200
small_non_emergency,4.25,5.47,6.78,5,3,2.0,100,300,2,2,800
small_non_emergency,6.08,4.24,6.47,5,3,2.0,100,300,3,2,900
small_non_emergency,3.71,4.77,7.7,5,3,2.0,100,300,2,2,800
small_non_emergency,6.57,4.75,6.54,5,3,2.0,100,300,3,3,1200
small_non_emergency,10.35,5.73,7.75,5,3,2.0,100,300,3,3,1200
small_non_emergency,6.01,5.68,6.82,5,3,2.0,100,300,3,2,900
small_non_emergency,6.62,4.86,7.94,5,3,2.0,100,300,3,2,900
small_non_emergency,8.75,4.55,7.96,5,3,2.0,100,300,3,3,1200
small_non_emergency,3.51,5.17,5.3,5,3,2.0,100,300,2,2,800
small_non_emergency,10.11,5.71,6.22,5,3,2.0,100,300,3,3,1200
small_non_emergency,7.41,4.58,7.57,5,3,2.0,100,300,3,2,900
small_non_emergency,8.68,4.33,7.35,5,3,2.0,100,300,4,3,1300
small_non_emergency,3.63,5.68,5.69,5,3,2.0,100,300,2,2,800
small_non_emergency,9.75,5.91,5.5,5,3,2.0,100,300,3,3,1200
small_non_emergency,2.83,3.12,7.36,5,3,2.0,100,300,2,2,800
small_non_emergency,8.0,4.98,7.63,5,3,2.0,100,300,3,3,1200
small_non_emergency,10.12,5.81,6.73,5,3,2.0,100,300,3,3,1200
small_non_emergency,7.6,4.75,7.12,5,3,2.0,100,300,3,3,1200
small_non_emergency,9.29,4.9,7.52,5,3,2.0,100,300,3,3,1200
small_non_emergency,5.74,3.04,7.42,5,3,2.0,100,300,3,2,900
small_non_emergency,4.34,5.38,6.05,5,3,2.0,100,300,2,2,800
small_non_emergency,5.92,3.17,5.94,5,3,2.0,100,300,4,2,1000
small_non_emergency,0.84,3.82,5.48,5,3,2.0,100,300,2,2,800
small_non_emergency,0.5,3.08,6.48,5,3,2.0,100,300,2,2,800
small_non_emergency,2.53,4.62,7.83,5,3,2.0,100,300,2,2,800
small_non_emergency,3.97,5.15,6.81,5,3,2.0,100,300,2,2,800
small_non_emergency,3.6,3.93,5.03,5,3,2.0,100,300,2,2,800
small_non_emergency,7.9,4.62,5.65,5,3,2.0,100,300,3,3,1200
small_non_emergency,3.77,3.39,5.94,5,3,2.0,100,300,3,2,900
small_non_emergency,9.81,3.86,5.41,5,3,2.0,100,300,4,3,1300
small_non_emergency,5.54,5.37,6.35,5,3,2.0,100,300,3,2,900
small_non_emergency,6.13,5.63,5.03,5,3,2.0,100,300,3,3,1200
small_non_emergency,8.78,4.31,5.29,5,3,2.0,100,300,4,3,1300
small_non_emergency,4.07,5.37,6.99,5,3,2.0,100,300,2,2,800
small_non_emergency,2.42,5.31,5.61,5,3,2.0,100,300,2,2,800
small_non_emergency,3.93,3.66,8.0,5,3,2.0,100,300,3,2,900
small_non_emergency,4.23,5.0,6.63,5,3,2.0,100,300,2,2,800
small_non_emergency,7.8,5.96,7.37,5,3,2.0,100,300,3,3,1200
small_non_emergency,11.19,5.09,5.51,5,3,2.0,100,300,5,3,1400
small_non_emergency,8.79,5.84,6.33,5,3,2.0,100,300,3,3,1200
small_non_emergency,11.51,5.68,6.56,5,3,2.0,100,300,4,3,1300
small_non_emergency,6.74,3.52,6.64,5,3,2.0,100,300,3,3,1200
small_non_emergency,11.0,4.71,5.86,5,3,2.0,100,300,4,3,1300
small_non_emergency,9.56,3.89,5.04,5,3,2.0,100,300,4,3,1300
small_non_emergency,8.14,3.43,6.81,5,3,2.0,100,300,4,3,1300
small_non_emergency,9.01,5.37,7.9,5,3,2.0,100,300,3,3,1200
small_non_emergency,4.36,3.82,5.4,5,3,2.0,100,300,3,2,900
small_non_emergency,11.77,5.78,5.83,5,3,2.0,100,300,4,3,1300
small_non_emergency,6.15,4.3,6.84,5,3,2.0,100,300,3,2,900
small_non_emergency,5.72,5.73,5.24,5,3,2.0,100,300,2,3,1100
small_non_emergency,10.07,5.34,5.67,5,3,2.0,100,300,4,3,1300
small_non_emergency,3.67,5.72,7.4,5,3,2.0,100,300,2,2,800
small_non_emergency,3.33,3.05,5.56,5,3,2.0,100,300,3,2,900
small_non_emergency,9.64,4.35,5.16,5,3,2.0,100,300,4,3,1300
small_non_emergency,1.41,3.47,5.62,5,3,2.0,100,300,2,2,800
small_non_emergency,2.17,3.32,7.24,5,3,2.0,100,300,2,2,800
small_non_emergency,3.96,3.93,7.96,5,3,2.0,100,300,3,2,900
small_non_emergency,2.12,4.22,6.6,5,3,2.0,100,300,2,2,800
small_non_emergency,3.75,4.17,5.5,5,3,2.0,100,300,2,2,800
small_non_emergency,10.22,5.28,6.94,5,3,2.0,100,300,3,3,1200
small_non_emergency,4.02,5.18,5.04,5,3,2.0,100,300,2,2,800
small_non_emergency,5.99,3.07,7.68,5,3,2.0,100,300,3,2,900
small_non_emergency,4.77,3.99,7.02,5,3,2.0,100,300,3,2,900
small_non_emergency,10.66,3.75,6.46,5,3,2.0,100,300,5,3,1400
small_non_emergency,5.24,3.17,5.26,5,3,2.0,100,300,3,2,900
small_non_emergency,0.5,3.48,7.89,5,3,2.0,100,300,2,2,800
small_non_emergency,1.51,3.14,5.57,5,3,2.0,100,300,2,2,800
small_non_emergency,4.51,3.74,6.84,5,3,2.0,100,300,3,2,900
small_non_emergency,4.97,3.12,5.82,5,3,2.0,100,300,3,2,900
small_non_emergency,5.59,5.54,6.48,5,3,2.0,100,300,3,2,900
small_non_emergency,6.21,3.22,7.97,5,3,2.0,100,300,3,2,900
small_non_emergency,7.47,3.79,7.19,5,3,2.0,100,300,3,3,1200
small_non_emergency,6.17,5.86,5.63,5,3,2.0,100,300,3,3,1200
small_non_emergency,5.92,4.19,6.92,5,3,2.0,100,300,3,2,900
small_non_emergency,9.66,4.74,5.56,5,3,2.0,100,300,4,3,1300
small_non_emergency,2.47,5.61,6.85,5,3,2.0,100,300,2,2,800
small_non_emergency,3.84,3.98,7.45,5,3,2.0,100,300,2,2,800
small_non_emergency,7.91,4.02,7.45,5,3,2.0,100,300,3,3,1200
small_non_emergency,11.12,5.41,7.83,5,3,2.0,100,300,4,3,1300
small_non_emergency,9.85,4.07,5.36,5,3,2.0,100,300,4,3,1300
small_non_emergency,4.28,4.64,6.62,5,3,2.0,100,300,2,2,800
small_non_emergency,1.49,3.41,6.53,5,3,2.0,100,300,2,2,800
small_non_emergency,11.35,3.5,7.13,5,3,2.0,100,300,5,3,1400
small_non_emergency,4.76,4.16,5.64,5,3,2.0,100,300,3,2,900
small_non_emergency,4.98,5.0,6.16,5,3,2.0,100,300,2,2,800
small_non_emergency,9.45,3.99,5.21,5,3,2.0,100,300,4,3,1300
small_non_emergency,5.96,5.69,7.92,5,3,2.0,100,300,3,2,900
small_non_emergency,3.52,5.01,6.63,5,3,2.0,100,300,2,2,800
small_non_emergency,6.68,5.26,7.37,5,3,2.0,100,300,3,2,900
small_non_emergency,5.52,3.31,7.38,5,3,2.0,100,300,3,2,900
small_non_emergency,5.01,5.59,6.72,5,3,2.0,100,300,2,2,800
small_non_emergency,10.8,5.3,5.95,5,3,2.0,100,300,4,3,1300
small_non_emergency,2.99,4.34,6.1,5,3,2.0,100,300,2,2,800
small_non_emergency,2.35,5.02,6.97,5,3,2.0,100,300,2,2,800
small_non_emergency,11.03,5.54,5.95,5,3,2.0,100,300,4,3,1300
small_non_emergency,3.73,4.97,7.45,5,3,2.0,100,300,2,2,800
small_non_emergency,6.46,3.14,5.51,5,3,2.0,100,300,4,3,1300
small_non_emergency,5.48,3.85,7.01,5,3,2.0,100,300,3,2,900
small_non_emergency,0.58,4.53,6.08,5,3,2.0,100,300,2,2,800
small_non_emergency,4.02,4.58,6.05,5,3,2.0,100,300,2,2,800
small_non_emergency,4.35,5.62,7.94,5,3,2.0,100,300,2,2,800
small_non_emergency,3.69,5.73,5.24,5,3,2.0,100,300,2,2,800
small_non_emergency,10.67,3.3,6.21,5,3,2.0,100,300,5,3,1400
small_non_emergency,7.58,3.58,6.84,5,3,2.0,100,300,4,3,1300
small_non_emergency,5.59,3.22,5.43,5,3,2.0,100,300,3,3,1200
small_non_emergency,8.44,3.98,6.64,5,3,2.0,100,300,4,3,1300
small_non_emergency,5.58,4.27,6.8,5,3,2.0,100,300,3,2,900
small_non_emergency,1.44,3.21,6.91,5,3,2.0,100,300,2,2,800
small_non_emergency,8.27,4.1,5.75,5,3,2.0,100,300,4,3,1300
small_non_emergency,9.65,4.34,5.19,5,3,2.0,100,300,4,3,1300
small_non_emergency,8.18,3.66,7.37,5,3,2.0,100,300,4,3,1300
small_non_emergency,6.18,5.17,5.99,5,3,2.0,100,300,3,3,1200
small_non_emergency,10.09,5.26,7.34,5,3,2.0,100,300,3,3,1200
small_non_emergency,7.03,5.55,7.14,5,3,2.0,100,300,3,2,900
small_non_emergency,6.74,5.7,5.55,5,3,2.0,100,300,3,3,1200
small_non_emergency,6.46,5.49,5.71,5,3,2.0,100,300,3,3,1200
small_non_emergency,9.62,3.73,6.04,5,3,2.0,100,300,4,3,1300
small_non_emergency,1.27,5.55,6.84,5,3,2.0,100,300,2,2,800
small_non_emergency,1.34,4.23,7.09,5,3,2.0,100,300,2,2,800
small_non_emergency,8.83,5.68,6.73,5,3,2.0,100,300,3,3,1200
small_non_emergency,8.62,5.06,7.6,5,3,2.0,100,300,3,3,1200
small_non_emergency,7.37,4.36,5.7,5,3,2.0,100,300,3,3,1200
small_non_emergency,3.75,3.46,6.9,5,3,2.0,100,300,3,2,900
small_non_emergency,1.46,5.73,6.57,5,3,2.0,100,300,2,2,800
small_non_emergency,2.75,4.1,7.95,5,3,2.0,100,300,2,2,800
small_non_emergency,11.98,5.82,6.48,5,3,2.0,100,300,4,3,1300
small_non_emergency,5.23,3.08,5.15,5,3,2.0,100,300,3,3,1200
small_non_emergency,3.85,5.59,6.62,5,3,2.0,100,300,2,2,800
small_non_emergency,6.54,3.83,7.82,5,3,2.0,100,300,3,2,900
small_non_emergency,9.7,3.44,7.94,5,3,2.0,100,300,4,3,1300
small_non_emergency,6.89,4.91,5.61,5,3,2.0,100,300,3,3,1200
small_non_emergency,11.12,5.67,5.75,5,3,2.0,100,300,4,3,1300
small_non_emergency,6.24,5.31,6.37,5,3,2.0,100,300,3,2,900
small_non_emergency,9.83,3.72,7.85,5,3,2.0,100,300,4,3,1300
small_non_emergency,1.07,3.57,5.9,5,3,2.0,100,300,2,2,800
small_non_emergency,6.59,4.94,7.07,5,3,2.0,100,300,3,2,900
small_non_emergency,1.53,4.46,6.21,5,3,2.0,100,300,2,2,800
small_non_emergency,1.41,5.96,5.88,5,3,2.0,100,300,2,2,800
small_non_emergency,6.54,5.41,6.85,5,3,2.0,100,300,3,2,900
small_non_emergency,4.95,4.03,6.36,5,3,2.0,100,300,3,2,900
small_non_emergency,3.45,3.92,6.79,5,3,2.0,100,300,2,2,800
small_non_emergency,6.43,3.07,7.56,5,3,2.0,100,300,4,2,1000
small_non_emergency,5.24,4.0,6.53,5,3,2.0,100,300,3,2,900
small_non_emergency,10.14,4.84,6.94,5,3,2.0,100,300,4,3,1300
small_non_emergency,11.5,5.8,5.99,5,3,2.0,100,300,4,3,1300
small_non_emergency,3.21,5.55,5.61,5,3,2.0,100,300,2,2,800
small_non_emergency,8.05,5.13,6.2,5,3,2.0,100,300,3,3,1200
small_non_emergency,5.4,5.0,5.87,5,3,2.0,100,300,3,2,900
small_non_emergency,2.54,3.39,7.09,5,3,2.0,100,300,2,2,800
small_non_emergency,11.68,4.63,5.95,5,3,2.0,100,300,5,3,1400
small_non_emergency,3.43,3.47,5.74,5,3,2.0,100,300,2,2,800
small_non_emergency,2.76,4.37,5.36,5,3,2.0,100,300,2,2,800
small_non_emergency,5.88,5.8,7.85,5,3,2.0,100,300,3,2,900
small_non_emergency,5.81,3.93,5.58,5,3,2.0,100,300,3,3,1200
small_non_emergency,2.89,4.24,7.76,5,3,2.0,100,300,2,2,800
small_non_emergency,6.6,5.08,5.04,5,3,2.0,100,300,3,3,1200
small_non_emergency,0.8,5.71,6.28,5,3,2.0,100,300,2,2,800
small_non_emergency,6.62,3.76,7.09,5,3,2.0,100,300,3,2,900
small_non_emergency,4.32,4.52,7.57,5,3,2.0,100,300,2,2,800
small_non_emergency,8.15,5.61,7.01,5,3,2.0,100,300,3,3,1200
small_non_emergency,4.0,5.59,5.79,5,3,2.0,100,300,2,2,800
small_non_emergency,3.49,5.4,7.87,5,3,2.0,100,300,2,2,800
small_non_emergency,1.58,5.85,6.56,5,3,2.0,100,300,2,2,800
small_non_emergency,6.57,5.35,7.73,5,3,2.0,100,300,3,2,900
small_non_emergency,2.09,5.17,6.07,5,3,2.0,100,300,2,2,800
small_non_emergency,11.43,3.59,7.11,5,3,2.0,100,300,5,3,1400
small_non_emergency,3.59,3.99,6.81,5,3,2.0,100,300,2,2,800
small_non_emergency,10.03,3.99,5.86,5,3,2.0,100,300,4,3,1300
small_non_emergency,3.14,4.47,6.72,5,3,2.0,100,300,2,2,800
small_non_emergency,2.06,3.51,5.86,5,3,2.0,100,300,2,2,800
small_non_emergency,8.55,5.79,7.65,5,3,2.0,100,300,3,3,1200
small_non_emergency,8.9,5.12,6.82,5,3,2.0,100,300,3,3,1200
small_non_emergency,7.09,4.96,6.57,5,3,2.0,100,300,3,3,1200
small_non_emergency,2.64,4.16,7.11,5,3,2.0,100,300,2,2,800
small_non_emergency,5.95,5.77,6.98,5,3,2.0,100,300,3,2,900
small_non_emergency,1.54,5.64,7.83,5,3,2.0,100,300,2,2,800
small_non_emergency,8.1,4.85,7.08,5,3,2.0,100,300,3,3,1200
small_non_emergency,1.09,3.92,7.6,5,3,2.0,100,300,2,2,800
small_non_emergency,9.02,4.41,5.89,5,3,2.0,100,300,4,3,1300
small_non_emergency,7.02,3.62,5.97,5,3,2.0,100,300,3,3,1200
small_non_emergency,8.33,5.46,7.44,5,3,2.0,100,300,3,3,1200
small_non_emergency,7.57,4.67,5.34,5,3,2.0,100,300,3,3,1200
small_non_emergency,8.18,4.1,7.11,5,3,2.0,100,300,3,3,1200
small_non_emergency,2.13,5.97,5.62,5,3,2.0,100,300,2,2,800
small_non_emergency,3.42,5.14,7.88,5,3,2.0,100,300,2,2,800
small_non_emergency,2.93,5.28,6.92,5,3,2.0,100,300,2,2,800
small_non_emergency,6.16,3.64,7.8,5,3,2.0,100,300,3,2,900
small_non_emergency,5.18,4.06,6.18,5,3,2.0,100,300,3,2,900
small_non_emergency,4.12,4.5,6.26,5,3,2.0,100,300,2,2,800
small_non_emergency,5.48,4.43,6.98,5,3,2.0,100,300,3,2,900
small_non_emergency,1.31,4.44,5.28,5,3,2.0,100,300,2,2,800
small_non_emergency,11.08,5.16,5.69,5,3,2.0,100,300,4,3,1300
small_non_emergency,7.48,3.81,6.2,5,3,2.0,100,300,3,3,1200
small_non_emergency,4.44,3.54,6.45,5,3,2.0,100,300,3,2,900
small_non_emergency,2.4,5.82,6.29,5,3,2.0,100,300,2,2,800
small_non_emergency,3.25,4.27,7.83,5,3,2.0,100,300,2,2,800
small_non_emergency,7.76,3.56,5.61,5,3,2.0,100,300,4,3,1300
small_non_emergency,10.4,5.87,7.68,5,3,2.0,100,300,3,3,1200
small_non_emergency,10.37,3.83,7.14,5,3,2.0,100,300,4,3,1300
small_non_emergency,11.8,4.35,7.28,5,3,2.0,100,300,4,3,1300
small_non_emergency,9.69,5.09,5.68,5,3,2.0,100,300,3,3,1200
small_non_emergency,0.61,4.54,6.1,5,3,2.0,100,300,2,2,800
small_non_emergency,5.9,3.71,6.37,5,3,2.0,100,300,3,2,900
small_non_emergency,8.47,5.27,7.99,5,3,2.0,100,300,3,3,1200
small_non_emergency,3.38,3.18,5.17,5,3,2.0,100,300,3,2,900
small_non_emergency,9.22,5.46,5.39,5,3,2.0,100,300,3,3,1200
small_non_emergency,11.46,3.91,6.1,5,3,2.0,100,300,5,3,1400
small_non_emergency,0.84,5.62,6.9,5,3,2.0,100,300,2,2,800
small_non_emergency,9.29,4.11,5.66,5,3,2.0,100,300,4,3,1300
small_non_emergency,4.44,5.92,7.64,5,3,2.0,100,300,2,2,800
small_non_emergency,2.32,4.06,5.99,5,3,2.0,100,300,2,2,800
small_non_emergency,9.91,4.66,5.46,5,3,2.0,100,300,4,3,1300
small_non_emergency,6.12,5.55,6.94,5,3,2.0,100,300,3,2,900
small_non_emergency,3.27,5.85,5.65,5,3,2.0,100,300,2,2,800
small_non_emergency,4.63,3.74,6.73,5,3,2.0,100,300,3,2,900
small_non_emergency,8.55,3.53,7.37,5,3,2.0,100,300,4,3,1300
small_non_emergency,1.86,3.32,7.28,5,3,2.0,100,300,2,2,800
small_non_emergency,9.13,5.47,6.64,5,3,2.0,100,300,3,3,1200
small_non_emergency,2.83,3.06,7.83,5,3,2.0,100,300,2,2,800
small_non_emergency,2.4,3.92,6.9,5,3,2.0,100,300,2,2,800
small_non_emergency,2.41,4.01,6.51,5,3,2.0,100,300,2,2,800
small_non_emergency,1.48,4.98,7.4,5,3,2.0,100,300,2,2,800
small_non_emergency,9.44,4.1,7.31,5,3,2.0,100,300,4,3,1300
small_non_emergency,5.85,4.77,6.21,5,3,2.0,100,300,3,2,900
small_non_emergency,5.37,3.3,7.49,5,3,2.0,100,300,3,2,900
small_non_emergency,11.28,3.23,7.29,5,3,2.0,100,300,5,3,1400
small_non_emergency,2.61,3.89,6.89,5,3,2.0,100,300,2,2,800
small_non_emergency,10.9,3.65,6.06,5,3,2.0,100,300,5,3,1400
small_non_emergency,8.39,5.81,6.99,5,3,2.0,100,300,3,3,1200
small_non_emergency,6.83,4.48,6.0,5,3,2.0,100,300,3,3,1200
small_non_emergency,11.22,3.71,7.21,5,3,2.0,100,300,5,3,1400
small_non_emergency,9.1,3.12,5.29,5,3,2.0,100,300,5,3,1400
small_non_emergency,7.39,5.84,7.56,5,3,2.0,100,300,3,2,900
small_non_emergency,3.04,5.03,6.86,5,3,2.0,100,300,2,2,800
small_non_emergency,9.27,5.87,6.23,5,3,2.0,100,300,3,3,1200
small_non_emergency,7.58,4.82,6.49,5,3,2.0,100,300,3,3,1200
small_non_emergency,6.18,5.58,5.21,5,3,2.0,100,300,3,3,1200
small_non_emergency,10.54,4.48,5.6,5,3,2.0,100,300,4,3,1300
small_non_emergency,6.9,5.57,5.23,5,3,2.0,100,300,3,3,1200
small_non_emergency,0.63,3.21,5.87,5,3,2.0,100,300,2,2,800
small_non_emergency,9.27,5.02,5.22,5,3,2.0,100,300,3,3,1200
small_non_emergency,4.65,5.43,5.72,5,3,2.0,100,300,2,2,800
small_non_emergency,4.62,3.34,7.36,5,3,2.0,100,300,3,2,900
small_non_emergency,3.54,3.75,7.75,5,3,2.0,100,300,2,2,800
small_non_emergency,2.1,3.23,6.99,5,3,2.0,100,300,2,2,800
small_non_emergency,10.99,4.73,7.12,5,3,2.0,100,300,4,3,1300
small_non_emergency,6.08,5.27,6.86,5,3,2.0,100,300,3,2,900
small_non_emergency,9.94,5.26,7.17,5,3,2.0,100,300,3,3,1200
small_non_emergency,5.29,5.32,7.15,5,3,2.0,100,300,2,2,800
small_non_emergency,6.47,3.35,5.71,5,3,2.0,100,300,3,3,1200
small_non_emergency,2.01,4.39,5.37,5,3,2.0,100,300,2,2,800
small_non_emergency,4.68,4.88,6.6,5,3,2.0,100,300,2,2,800
small_non_emergency,3.16,4.58,6.75,5,3,2.0,100,300,2,2,800
small_non_emergency,9.95,4.7,6.4,5,3,2.0,100,300,4,3,1300
small_non_emergency,7.03,5.59,7.91,5,3,2.0,100,300,3,2,900
small_non_emergency,9.07,4.54,6.57,5,3,2.0,100,300,3,3,1200
small_non_emergency,10.64,3.99,6.59,5,3,2.0,100,300,4,3,1300
small_non_emergency,8.22,5.27,7.15,5,3,2.0,100,300,3,3,1200
small_non_emergency,4.29,4.23,7.67,5,3,2.0,100,300,3,2,900
small_non_emergency,3.0,5.07,7.8,5,3,2.0,100,300,2,2,800
small_non_emergency,0.9,5.45,6.42,5,3,2.0,100,300,2,2,800
small_non_emergency,2.69,5.17,5.13,5,3,2.0,100,300,2,2,800
small_non_emergency,0.83,5.51,6.53,5,3,2.0,100,300,2,2,800
small_non_emergency,5.24,5.24,5.29,5,3,2.0,100,300,3,2,900
small_non_emergency,6.16,4.16,7.73,5,3,2.0,100,300,3,2,900
small_non_emergency,8.24,5.44,7.1,5,3,2.0,100,300,3,3,1200
small_non_emergency,10.83,5.46,6.27,5,3,2.0,100,300,4,3,1300
small_non_emergency,7.81,3.98,7.4,5,3,2.0,100,300,3,3,1200
small_non_emergency,6.82,4.81,7.48,5,3,2.0,100,300,3,2,900
small_non_emergency,3.36,5.86,5.88,5,3,2.0,100,300,2,2,800
small_non_emergency,10.74,5.22,7.4,5,3,2.0,100,300,4,3,1300
small_non_emergency,9.68,5.73,6.8,5,3,2.0,100,300,3,3,1200
small_non_emergency,7.73,5.43,7.82,5,3,2.0,100,300,3,2,900
small_non_emergency,4.44,4.07,7.96,5,3,2.0,100,300,3,2,900
small_non_emergency,2.49,5.02,5.52,5,3,2.0,100,300,2,2,800
small_non_emergency,8.9,4.54,7.28,5,3,2.0,100,300,3,3,1200
small_non_emergency,4.1,5.17,5.76,5,3,2.0,100,300,2,2,800
small_non_emergency,4.38,5.55,6.06,5,3,2.0,100,300,2,2,800
small_non_emergency,7.78,4.33,7.91,5,3,2.0,100,300,3,2,900
small_non_emergency,4.46,5.39,7.93,5,3,2.0,100,300,2,2,800
small_non_emergency,8.85,4.47,7.57,5,3,2.0,100,300,3,3,1200
small_non_emergency,7.66,3.42,7.96,5,3,2.0,100,300,4,2,1000
small_non_emergency,6.04,3.91,6.22,5,3,2.0,100,300,3,2,900
small_non_emergency,3.59,5.24,7.5,5,3,2.0,100,300,2,2,800
small_non_emergency,2.05,3.29,6.66,5,3,2.0,100,300,2,2,800
small_non_emergency,7.43,5.44,7.58,5,3,2.0,100,300,3,2,900
small_non_emergency,1.9,3.1,7.77,5,3,2.0,100,300,2,2,800
small_non_emergency,11.38,4.13,7.64,5,3,2.0,100,300,4,3,1300
small_non_emergency,1.3,3.99,7.89,5,3,2.0,100,300,2,2,800
small_non_emergency,9.25,5.14,6.15,5,3,2.0,100,300,3,3,1200
small_non_emergency,1.81,4.51,6.91,5,3,2.0,100,300,2,2,800
small_non_emergency,6.78,3.84,7.88,5,3,2.0,100,300,3,2,900
small_non_emergency,5.43,3.07,6.27,5,3,2.0,100,300,3,2,900
small_non_emergency,8.9,4.28,6.14,5,3,2.0,100,300,4,3,1300
small_non_emergency,4.35,3.49,7.65,5,3,2.0,100,300,3,2,900
small_non_emergency,1.19,5.75,7.62,5,3,2.0,100,300,2,2,800
small_non_emergency,1.57,5.8,5.15,5,3,2.0,100,300,2,2,800
small_non_emergency,4.99,3.2,6.45,5,3,2.0,100,300,3,2,900
small_non_emergency,11.42,4.11,7.55,5,3,2.0,100,300,4,3,1300
small_non_emergency,6.48,4.11,7.1,5,3,2.0,100,300,3,2,900
small_non_emergency,11.32,4.16,5.79,5,3,2.0,100,300,5,3,1400
small_non_emergency,9.64,5.41,6.21,5,3,2.0,100,300,3,3,1200
small_non_emergency,11.12,5.15,7.12,5,3,2.0,100,300,4,3,1300
small_non_emergency,5.21,4.08,6.17,5,3,2.0,100,300,3,2,900
small_non_emergency,10.25,4.61,6.01,5,3,2.0,100,300,4,3,1300
small_non_emergency,8.13,5.32,5.27,5,3,2.0,100,300,3,3,1200
small_non_emergency,3.69,5.09,7.25,5,3,2.0,100,300,2,2,800
small_non_emergency,8.41,4.97,7.4,5,3,2.0,100,300,3,3,1200
small_non_emergency,9.86,5.74,7.64,5,3,2.0,100,300,3,3,1200
small_non_emergency,6.22,3.78,7.45,5,3,2.0,100,300,3,2,900
small_non_emergency,1.52,4.25,5.99,5,3,2.0,100,300,2,2,800
small_non_emergency,5.27,4.12,7.06,5,3,2.0,100,300,3,2,900
small_non_emergency,6.4,4.73,7.08,5,3,2.0,100,300,3,2,900
small_non_emergency,4.28,5.13,6.26,5,3,2.0,100,300,2,2,800
small_non_emergency,9.7,3.02,5.37,5,3,2.0,100,300,5,3,1400
small_non_emergency,11.81,3.41,6.93,5,3,2.0,100,300,5,3,1400
small_non_emergency,10.13,4.47,5.68,5,3,2.0,100,300,4,3,1300
small_non_emergency,2.97,5.73,6.76,5,3,2.0,100,300,2,2,800
small_non_emergency,10.07,3.17,6.29,5,3,2.0,100,300,5,3,1400
small_non_emergency,7.04,4.49,7.4,5,3,2.0,100,300,3,2,900
small_non_emergency,1.19,4.81,6.45,5,3,2.0,100,300,2,2,800
small_non_emergency,8.8,4.78,5.63,5,3,2.0,100,300,3,3,1200
small_non_emergency,10.78,3.9,6.86,5,3,2.0,100,300,4,3,1300
small_non_emergency,4.78,3.3,7.79,5,3,2.0,100,300,3,2,900
small_non_emergency,3.0,4.25,5.15,5,3,2.0,100,300,2,2,800
small_non_emergency,8.89,4.82,7.39,5,3,2.0,100,300,3,3,1200
small_non_emergency,9.71,5.47,5.61,5,3,2.0,100,300,3,3,1200
small_non_emergency,9.1,5.53,7.74,5,3,2.0,100,300,3,3,1200
small_non_emergency,11.41,4.68,6.84,5,3,2.0,100,300,4,3,1300
small_non_emergency,0.53,3.06,6.46,5,3,2.0,100,300,2,2,800
small_non_emergency,3.28,3.79,7.51,5,3,2.0,100,300,2,2,800
small_non_emergency,0.72,3.62,7.53,5,3,2.0,100,300,2,2,800
small_non_emergency,10.04,3.16,7.52,5,3,2.0,100,300,5,3,1400
small_non_emergency,2.72,5.44,7.17,5,3,2.0,100,300,2,2,800
small_non_emergency,2.26,5.56,7.28,5,3,2.0,100,300,2,2,800
small_non_emergency,10.4,4.27,5.3,5,3,2.0,100,300,5,3,1400
small_non_emergency,4.61,3.57,6.45,5,3,2.0,100,300,3,2,900
small_non_emergency,7.91,5.83,7.32,5,3,2.0,100,300,3,3,1200
small_non_emergency,2.98,5.0,6.74,5,3,2.0,100,300,2,2,800
small_non_emergency,0.83,3.08,5.69,5,3,2.0,100,300,2,2,800
small_non_emergency,6.35,3.61,6.28,5,3,2.0,100,300,3,3,1200
small_non_emergency,9.61,4.61,7.05,5,3,2.0,100,300,4,3,1300
small_non_emergency,9.48,3.44,7.45,5,3,2.0,100,300,4,3,1300
small_non_emergency,0.93,4.33,6.25,5,3,2.0,100,300,2,2,800
small_non_emergency,3.21,3.41,5.79,5,3,2.0,100,300,2,2,800
small_non_emergency,3.67,5.88,6.13,5,3,2.0,100,300,2,2,800
small_non_emergency,1.51,3.17,5.29,5,3,2.0,100,300,2,2,800
small_non_emergency,2.76,5.85,5.78,5,3,2.0,100,300,2,2,800
small_non_emergency,4.41,3.74,7.22,5,3,2.0,100,300,3,2,900
small_non_emergency,6.26,3.77,5.59,5,3,2.0,100,300,3,3,1200
small_non_emergency,0.74,4.93,5.42,5,3,2.0,100,300,2,2,800
small_non_emergency,3.48,5.54,7.41,5,3,2.0,100,300,2,2,800
small_non_emergency,9.87,3.94,7.65,5,3,2.0,100,300,4,3,1300
small_non_emergency,7.59,3.08,5.32,5,3,2.0,100,300,4,3,1300
small_non_emergency,1.53,5.52,5.83,5,3,2.0,100,300,2,2,800
small_non_emergency,3.44,5.11,6.59,5,3,2.0,100,300,2,2,800
small_non_emergency,0.69,5.91,6.63,5,3,2.0,100,300,2,2,800
small_non_emergency,9.76,3.43,7.59,5,3,2.0,100,300,4,3,1300
small_non_emergency,8.31,5.38,7.95,5,3,2.0,100,300,3,3,1200
small_non_emergency,3.83,3.25,5.59,5,3,2.0,100,300,3,2,900
small_non_emergency,6.85,5.97,5.11,5,3,2.0,100,300,3,3,1200
small_non_emergency,8.61,4.86,5.59,5,3,2.0,100,300,3,3,1200
small_non_emergency,5.16,3.96,6.95,5,3,2.0,100,300,3,2,900
small_non_emergency,9.02,4.46,6.17,5,3,2.0,100,300,4,3,1300
small_non_emergency,5.05,3.92,5.5,5,3,2.0,100,300,3,2,900
small_non_emergency,6.5,4.3,6.81,5,3,2.0,100,300,3,2,900
small_non_emergency,2.07,5.8,6.61,5,3,2.0,100,300,2,2,800
small_non_emergency,0.59,3.79,5.78,5,3,2.0,100,300,2,2,800
small_non_emergency,6.12,4.08,5.19,5,3,2.0,100,300,3,3,1200
small_non_emergency,1.82,5.36,6.62,5,3,2.0,100,300,2,2,800
small_non_emergency,10.17,3.26,6.49,5,3,2.0,100,300,5,3,1400
small_non_emergency,2.96,3.1,7.1,5,3,2.0,100,300,2,2,800
small_non_emergency,2.81,5.24,7.28,5,3,2.0,100,300,2,2,800
small_non_emergency,4.31,4.62,7.45,5,3,2.0,100,300,2,2,800
small_non_emergency,9.98,4.51,5.83,5,3,2.0,100,300,4,3,1300
small_non_emergency,5.06,4.0,5.23,5,3,2.0,100,300,3,2,900
small_non_emergency,10.34,5.29,6.24,5,3,2.0,100,300,4,3,1300
small_non_emergency,11.1,4.7,7.15,5,3,2.0,100,300,4,3,1300
small_non_emergency,4.61,4.19,5.47,5,3,2.0,100,300,3,2,900
small_non_emergency,11.52,5.23,6.91,5,3,2.0,100,300,4,3,1300
small_non_emergency,5.52,3.51,6.8,5,3,2.0,100,300,3,2,900
small_non_emergency,3.1,4.22,5.22,5,3,2.0,100,300,2,2,800
small_non_emergency,11.62,4.11,6.66,5,3,2.0,100,300,5,3,1400
small_non_emergency,7.8,5.26,7.17,5,3,2.0,100,300,3,3,1200
small_non_emergency,10.98,5.62,7.0,5,3,2.0,100,300,3,3,1200
small_non_emergency,3.51,4.66,5.98,5,3,2.0,100,300,2,2,800
small_non_emergency,7.96,4.97,5.15,5,3,2.0,100,300,3,3,1200
small_non_emergency,11.72,5.11,6.07,5,3,2.0,100,300,4,3,1300
small_non_emergency,4.15,4.67,5.95,5,3,2.0,100,300,2,2,800
small_non_emergency,11.64,5.34,7.72,5,3,2.0,100,300,4,3,1300
small_non_emergency,7.55,3.48,7.68,5,3,2.0,100,300,4,2,1000
small_non_emergency,7.9,3.78,5.03,5,3,2.0,100,300,4,3,1300
small_non_emergency,2.07,3.21,7.88,5,3,2.0,100,300,2,2,800
small_non_emergency,11.47,5.19,7.75,5,3,2.0,100,300,4,3,1300
small_non_emergency,10.1,4.01,7.55,5,3,2.0,100,300,4,3,1300
small_non_emergency,5.9,5.4,7.81,5,3,2.0,100,300,3,2,900
small_non_emergency,4.46,4.36,7.52,5,3,2.0,100,300,3,2,900
small_non_emergency,5.25,5.77,6.98,5,3,2.0,100,300,2,2,800
small_non_emergency,4.91,4.94,5.28,5,3,2.0,100,300,2,2,800
small_non_emergency,2.11,3.78,6.93,5,3,2.0,100,300,2,2,800
small_non_emergency,10.87,4.25,6.8,5,3,2.0,100,300,4,3,1300
small_non_emergency,9.6,4.57,5.14,5,3,2.0,100,300,4,3,1300
small_non_emergency,6.52,5.22,6.59,5,3,2.0,100,300,3,2,900
small_non_emergency,10.32,3.09,6.82,5,3,2.0,100,300,5,3,1400
small_non_emergency,7.99,4.02,5.72,5,3,2.0,100,300,3,3,1200
small_non_emergency,0.71,5.69,5.95,5,3,2.0,100,300,2,2,800
small_non_emergency,6.9,3.9,5.58,5,3,2.0,100,300,3,3,1200
small_non_emergency,7.1,5.71,5.35,5,3,2.0,100,300,3,3,1200
small_non_emergency,1.76,5.52,7.18,5,3,2.0,100,300,2,2,800
small_non_emergency,1.85,3.87,5.01,5,3,2.0,100,300,2,2,800
small_non_emergency,3.05,3.96,7.78,5,3,2.0,100,300,2,2,800
small_non_emergency,1.22,3.77,7.9,5,3,2.0,100,300,2,2,800
small_non_emergency,1.55,4.01,5.35,5,3,2.0,100,300,2,2,800
small_non_emergency,4.57,5.96,7.28,5,3,2.0,100,300,2,2,800
small_non_emergency,1.79,4.72,6.01,5,3,2.0,100,300,2,2,800
small_non_emergency,4.69,4.53,7.95,5,3,2.0,100,300,3,2,900
small_non_emergency,7.68,5.89,5.39,5,3,2.0,100,300,3,3,1200
small_non_emergency,4.6,3.21,7.89,5,3,2.0,100,300,3,2,900
small_non_emergency,9.11,5.76,6.91,5,3,2.0,100,300,3,3,1200
small_non_emergency,3.18,3.78,6.39,5,3,2.0,100,300,2,2,800
small_non_emergency,4.39,4.68,5.33,5,3,2.0,100,300,2,2,800
small_non_emergency,8.42,5.06,6.77,5,3,2.0,100,300,3,3,1200
small_non_emergency,3.72,4.72,6.28,5,3,2.0,100,300,2,2,800
small_non_emergency,3.86,4.24,5.77,5,3,2.0,100,300,2,2,800
small_non_emergency,10.27,4.73,6.67,5,3,2.0,100,300,4,3,1300
small_non_emergency,4.12,4.21,6.47,5,3,2.0,100,300,2,2,800
small_non_emergency,10.37,5.88,6.44,5,3,2.0,100,300,3,3,1200
small_non_emergency,1.6,4.78,7.46,5,3,2.0,100,300,2,2,800
small_non_emergency,6.74,3.5,5.75,5,3,2.0,100,300,3,3,1200
small_non_emergency,1.01,3.76,7.34,5,3,2.0,100,300,2,2,800
small_non_emergency,7.41,5.07,5.3,5,3,2.0,100,300,3,3,1200
small_non_emergency,8.59,3.22,6.32,5,3,2.0,100,300,4,3,1300
small_non_emergency,4.24,3.07,7.16,5,3,2.0,100,300,3,2,900
small_non_emergency,6.89,4.84,7.11,5,3,2.0,100,300,3,2,900
small_non_emergency,4.35,3.79,5.52,5,3,2.0,100,300,3,2,900
small_non_emergency,9.87,3.6,6.95,5,3,2.0,100,300,4,3,1300
small_non_emergency,7.86,4.97,5.84,5,3,2.0,100,300,3,3,1200
small_non_emergency,7.9,4.44,7.65,5,3,2.0,100,300,3,3,1200
small_non_emergency,10.58,3.35,7.18,5,3,2.0,100,300,5,3,1400
small_non_emergency,1.46,4.85,5.87,5,3,2.0,100,300,2,2,800
small_non_emergency,1.14,3.57,7.62,5,3,2.0,100,300,2,2,800
small_non_emergency,11.7,3.85,7.08,5,3,2.0,100,300,5,3,1400
small_non_emergency,3.43,3.87,5.56,5,3,2.0,100,300,2,2,800
small_non_emergency,6.93,3.65,5.92,5,3,2.0,100,300,3,3,1200
small_non_emergency,4.6,3.28,7.38,5,3,2.0,100,300,3,2,900
small_non_emergency,2.96,3.94,5.6,5,3,2.0,100,300,2,2,800
small_non_emergency,9.97,4.81,7.66,5,3,2.0,100,300,4,3,1300
small_non_emergency,4.42,5.99,6.32,5,3,2.0,100,300,2,2,800
small_non_emergency,9.5,4.59,7.16,5,3,2.0,100,300,4,3,1300
small_non_emergency,2.64,4.74,5.72,5,3,2.0,100,300,2,2,800
small_non_emergency,8.98,3.1,5.06,5,3,2.0,100,300,5,3,1400
small_non_emergency,0.57,3.88,6.45,5,3,2.0,100,300,2,2,800
small_non_emergency,6.76,5.74,5.64,5,3,2.0,100,300,3,3,1200
small_non_emergency,9.52,3.69,5.69,5,3,2.0,100,300,4,3,1300
small_non_emergency,5.6,4.82,5.57,5,3,2.0,100,300,3,3,1200
small_non_emergency,1.95,5.76,6.07,5,3,2.0,100,300,2,2,800
small_non_emergency,3.95,5.31,7.98,5,3,2.0,100,300,2,2,800
small_non_emergency,3.92,5.65,7.8,5,3,2.0,100,300,2,2,800
small_non_emergency,7.79,5.44,5.97,5,3,2.0,100,300,3,3,1200
small_non_emergency,10.14,5.3,5.03,5,3,2.0,100,300,4,3,1300
small_non_emergency,5.07,4.8,6.08,5,3,2.0,100,300,3,2,900
small_non_emergency,6.98,4.71,5.97,5,3,2.0,100,300,3,3,1200
small_non_emergency,7.68,5.23,7.54,5,3,2.0,100,300,3,3,1200
small_non_emergency,7.98,4.11,5.22,5,3,2.0,100,300,3,3,1200
small_non_emergency,5.7,3.49,6.68,5,3,2.0,100,300,3,2,900
small_non_emergency,0.58,4.42,6.36,5,3,2.0,100,300,2,2,800
small_non_emergency,1.23,3.32,6.97,5,3,2.0,100,300,2,2,800
small_non_emergency,10.94,5.27,7.18,5,3,2.0,100,300,4,3,1300
small_non_emergency,1.14,5.45,7.86,5,3,2.0,100,300,2,2,800
small_non_emergency,7.86,4.44,5.12,5,3,2.0,100,300,3,3,1200
small_non_emergency,11.45,5.46,7.02,5,3,2.0,100,300,4,3,1300
small_non_emergency,1.11,5.57,7.1,5,3,2.0,100,300,2,2,800
small_non_emergency,6.89,3.4,7.83,5,3,2.0,100,300,4,2,1000
small_non_emergency,2.75,3.61,6.93,5,3,2.0,100,300,2,2,800
small_non_emergency,5.78,3.82,5.68,5,3,2.0,100,300,3,3,1200
small_non_emergency,5.02,3.44,6.64,5,3,2.0,100,300,3,2,900
small_non_emergency,7.8,5.27,6.11,5,3,2.0,100,300,3,3,1200
small_non_emergency,5.91,3.06,7.23,5,3,2.0,100,300,3,2,900
small_non_emergency,9.31,3.77,5.68,5,3,2.0,100,300,4,3,1300
small_non_emergency,2.19,5.82,7.77,5,3,2.0,100,300,2,2,800
small_non_emergency,5.92,5.08,7.82,5,3,2.0,100,300,3,2,900
small_non_emergency,7.2,5.89,5.82,5,3,2.0,100,300,3,3,1200
small_non_emergency,4.14,5.2,6.69,5,3,2.0,100,300,2,2,800
small_non_emergency,6.56,4.73,7.25,5,3,2.0,100,300,3,2,900
small_non_emergency,9.84,3.7,7.26,5,3,2.0,100,300,4,3,1300
small_non_emergency,11.62,4.15,6.99,5,3,2.0,100,300,5,3,1400
small_non_emergency,11.13,5.3,6.34,5,3,2.0,100,300,4,3,1300
small_non_emergency,2.41,5.72,6.39,5,3,2.0,100,300,2,2,800
small_non_emergency,8.83,4.83,7.77,5,3,2.0,100,300,3,3,1200
small_non_emergency,3.29,3.94,5.55,5,3,2.0,100,300,2,2,800
small_non_emergency,8.21,4.92,5.99,5,3,2.0,100,300,3,3,1200
small_non_emergency,1.56,3.64,7.46,5,3,2.0,100,300,2,2,800
small_non_emergency,9.6,5.65,5.87,5,3,2.0,100,300,3,3,1200
small_non_emergency,10.74,4.95,5.96,5,3,2.0,100,300,4,3,1300
small_non_emergency,11.83,5.45,7.08,5,3,2.0,100,300,4,3,1300
small_non_emergency,6.27,3.8,6.85,5,3,2.0,100,300,3,2,900
small_non_emergency,8.32,4.12,7.95,5,3,2.0,100,300,4,3,1300
small_non_emergency,3.97,4.7,7.83,5,3,2.0,100,300,2,2,800
small_non_emergency,11.8,5.64,6.38,5,3,2.0,100,300,4,3,1300
small_non_emergency,3.27,3.26,7.14,5,3,2.0,100,300,3,2,900
small_non_emergency,6.91,3.88,5.5,5,3,2.0,100,300,3,3,1200
small_non_emergency,6.37,5.52,6.24,5,3,2.0,100,300,3,3,1200
small_non_emergency,1.83,4.54,7.15,5,3,2.0,100,300,2,2,800
small_non_emergency,4.06,5.18,5.07,5,3,2.0,100,300,2,2,800
small_non_emergency,6.55,3.67,7.95,5,3,2.0,100,300,3,2,900
small_non_emergency,7.11,5.25,7.43,5,3,2.0,100,300,3,2,900
small_non_emergency,1.95,5.07,6.89,5,3,2.0,100,300,2,2,800
small_non_emergency,5.85,4.25,5.23,5,3,2.0,100,300,3,3,1200
small_non_emergency,9.49,5.08,6.95,5,3,2.0,100,300,3,3,1200
small_non_emergency,3.59,3.14,6.19,5,3,2.0,100,300,3,2,900
small_non_emergency,4.32,3.81,5.9,5,3,2.0,100,300,3,2,900
small_non_emergency,2.45,5.53,6.86,5,3,2.0,100,300,2,2,800
small_non_emergency,10.53,4.0,7.72,5,3,2.0,100,300,4,3,1300
small_non_emergency,9.31,3.98,6.01,5,3,2.0,100,300,4,3,1300
small_non_emergency,2.81,4.83,5.78,5,3,2.0,100,300,2,2,800
small_non_emergency,7.96,4.75,6.75,5,3,2.0,100,300,3,3,1200
small_non_emergency,8.52,5.63,5.52,5,3,2.0,100,300,3,3,1200
small_non_emergency,5.55,5.22,6.32,5,3,2.0,100,300,3,2,900
small_non_emergency,6.79,5.01,7.94,5,3,2.0,100,300,3,2,900
small_non_emergency,5.06,5.08,6.79,5,3,2.0,100,300,2,2,800
small_non_emergency,4.24,5.4,6.32,5,3,2.0,100,300,2,2,800
small_non_emergency,1.0,3.17,7.1,5,3,2.0,100,300,2,2,800
small_non_emergency,6.04,5.12,6.46,5,3,2.0,100,300,3,2,900
small_non_emergency,6.44,5.83,6.58,5,3,2.0,100,300,3,2,900
small_non_emergency,10.41,3.59,7.38,5,3,2.0,100,300,5,3,1400
small_non_emergency,4.55,5.49,5.58,5,3,2.0,100,300,2,2,800
small_non_emergency,3.6,3.26,6.23,5,3,2.0,100,300,3,2,900
small_non_emergency,1.7,4.56,6.17,5,3,2.0,100,300,2,2,800
small_non_emergency,1.67,4.0,5.13,5,3,2.0,100,300,2,2,800
small_non_emergency,6.01,3.63,5.29,5,3,2.0,100,300,3,3,1200
small_non_emergency,4.97,4.14,6.6,5,3,2.0,100,300,3,2,900
small_non_emergency,8.92,4.64,6.42,5,3,2.0,100,300,3,3,1200
small_non_emergency,11.25,4.82,6.07,5,3,2.0,100,300,4,3,1300
small_non_emergency,6.12,4.79,5.68,5,3,2.0,100,300,3,3,1200
small_non_emergency,2.53,5.03,7.53,5,3,2.0,100,300,2,2,800
small_non_emergency,1.25,4.51,7.74,5,3,2.0,100,300,2,2,800
small_non_emergency,9.72,4.52,7.38,5,3,2.0,100,300,4,3,1300
small_non_emergency,5.17,4.34,6.65,5,3,2.0,100,300,3,2,900
small_non_emergency,8.18,4.63,5.75,5,3,2.0,100,300,3,3,1200
small_non_emergency,4.27,3.53,5.44,5,3,2.0,100,300,3,2,900
small_non_emergency,9.68,5.17,5.63,5,3,2.0,100,300,3,3,1200
small_non_emergency,7.6,3.33,6.38,5,3,2.0,100,300,4,3,1300
small_non_emergency,4.28,4.97,5.14,5,3,2.0,100,300,2,2,800
small_non_emergency,9.98,5.74,6.57,5,3,2.0,100,300,3,3,1200
small_non_emergency,11.27,4.62,7.75,5,3,2.0,100,300,4,3,1300
small_non_emergency,11.05,4.5,7.41,5,3,2.0,100,300,4,3,1300
small_non_emergency,4.84,5.33,6.46,5,3,2.0,100,300,2,2,800
small_non_emergency,5.53,4.49,6.39,5,3,2.0,100,300,3,2,900
small_non_emergency,3.76,4.77,6.53,5,3,2.0,100,300,2,2,800
small_non_emergency,9.81,5.99,5.34,5,3,2.0,100,300,3,3,1200
small_non_emergency,3.57,3.28,6.63,5,3,2.0,100,300,3,2,900
small_non_emergency,1.43,3.43,5.03,5,3,2.0,100,300,2,2,800
small_non_emergency,1.76,4.11,5.69,5,3,2.0,100,300,2,2,800
small_non_emergency,4.06,3.92,6.29,5,3,2.0,100,300,3,2,900
small_non_emergency,2.06,3.62,6.39,5,3,2.0,100,300,2,2,800
small_non_emergency,1.6,5.37,7.06,5,3,2.0,100,300,2,2,800
small_non_emergency,8.98,3.57,7.15,5,3,2.0,100,300,4,3,1300
small_non_emergency,9.77,5.53,5.44,5,3,2.0,100,300,3,3,1200
small_non_emergency,7.03,4.21,7.47,5,3,2.0,100,300,3,2,900
small_non_emergency,6.31,3.92,5.61,5,3,2.0,100,300,3,3,1200
small_non_emergency,9.66,3.37,5.35,5,3,2.0,100,300,5,3,1400
small_non_emergency,3.52,5.77,5.53,5,3,2.0,100,300,2,2,800
small_non_emergency,5.0,5.01,7.07,5,3,2.0,100,300,2,2,800
small_non_emergency,10.35,3.97,5.54,5,3,2.0,100,300,5,3,1400
small_non_emergency,7.35,4.28,6.96,5,3,2.0,100,300,3,3,1200
small_non_emergency,9.64,4.2,6.99,5,3,2.0,100,300,4,3,1300
small_non_emergency,8.16,4.68,7.19,5,3,2.0,100,300,3,3,1200
small_non_emergency,11.21,5.35,7.41,5,3,2.0,100,300,4,3,1300
small_non_emergency,1.04,5.73,6.16,5,3,2.0,100,300,2,2,800
small_non_emergency,1.53,4.91,5.79,5,3,2.0,100,300,2,2,800
small_non_emergency,5.44,5.7,5.62,5,3,2.0,100,300,2,2,800
small_non_emergency,5.72,4.88,7.87,5,3,2.0,100,300,3,2,900
small_non_emergency,5.86,4.69,7.65,5,3,2.0,100,300,3,2,900
small_non_emergency,7.05,4.37,6.54,5,3,2.0,100,300,3,3,1200
small_non_emergency,9.68,3.97,7.2,5,3,2.0,100,300,4,3,1300
small_non_emergency,4.61,3.81,7.7,5,3,2.0,100,300,3,2,900
small_non_emergency,3.36,5.63,5.91,5,3,2.0,100,300,2,2,800
small_non_emergency,4.38,3.2,6.01,5,3,2.0,100,300,3,2,900
small_non_emergency,8.01,4.62,7.89,5,3,2.0,100,300,3,3,1200
small_non_emergency,0.99,5.4,5.25,5,3,2.0,100,300,2,2,800
small_non_emergency,2.48,3.24,7.65,5,3,2.0,100,300,2,2,800
small_non_emergency,2.44,3.84,7.18,5,3,2.0,100,300,2,2,800
small_non_emergency,10.83,5.99,7.34,5,3,2.0,100,300,3,3,1200
small_non_emergency,6.63,3.59,6.36,5,3,2.0,100,300,3,3,1200
small_non_emergency,10.25,4.54,6.76,5,3,2.0,100,300,4,3,1300
small_non_emergency,11.47,5.58,7.95,5,3,2.0,100,300,4,3,1300
small_non_emergency,10.56,3.51,5.45,5,3,2.0,100,300,5,3,1400
small_non_emergency,7.78,4.89,6.64,5,3,2.0,100,300,3,3,1200
small_non_emergency,11.67,5.11,7.69,5,3,2.0,100,300,4,3,1300
small_non_emergency,2.15,5.73,6.33,5,3,2.0,100,300,2,2,800
small_non_emergency,11.21,3.51,7.95,5,3,2.0,100,300,5,3,1400
small_non_emergency,9.08,5.28,5.06,5,3,2.0,100,300,3,3,1200
small_non_emergency,9.33,5.41,5.14,5,3,2.0,100,300,3,3,1200
small_non_emergency,7.17,5.23,5.34,5,3,2.0,100,300,3,3,1200
small_non_emergency,3.62,5.03,7.68,5,3,2.0,100,300,2,2,800
small_non_emergency,1.14,4.68,7.38,5,3,2.0,100,300,2,2,800
small_non_emergency,8.55,3.32,5.54,5,3,2.0,100,300,4,3,1300
small_non_emergency,9.26,4.38,6.58,5,3,2.0,100,300,4,3,1300
small_non_emergency,2.59,3.0,7.33,5,3,2.0,100,300,2,2,800
small_non_emergency,4.27,5.62,6.15,5,3,2.0,100,300,2,2,800
small_non_emergency,0.92,3.54,6.22,5,3,2.0,100,300,2,2,800
small_non_emergency,4.48,3.7,6.2,5,3,2.0,100,300,3,2,900
small_non_emergency,10.71,5.55,7.11,5,3,2.0,100,300,3,3,1200
small_non_emergency,11.53,4.07,7.95,5,3,2.0,100,300,4,3,1300
small_non_emergency,8.83,4.97,7.76,5,3,2.0,100,300,3,3,1200
small_non_emergency,9.43,3.49,7.65,5,3,2.0,100,300,4,3,1300
small_non_emergency,1.17,3.98,7.27,5,3,2.0,100,300,2,2,800
small_non_emergency,9.23,3.01,7.19,5,3,2.0,100,300,5,3,1400
small_non_emergency,7.01,4.41,6.25,5,3,2.0,100,300,3,3,1200
small_non_emergency,10.77,5.72,6.52,5,3,2.0,100,300,3,3,1200
small_non_emergency,9.96,5.15,6.0,5,3,2.0,100,300,3,3,1200
small_non_emergency,6.02,4.68,6.35,5,3,2.0,100,300,3,2,900
small_non_emergency,2.14,5.71,7.27,5,3,2.0,100,300,2,2,800
small_non_emergency,5.18,3.78,6.23,5,3,2.0,100,300,3,2,900
small_non_emergency,5.09,4.99,6.41,5,3,2.0,100,300,3,2,900
small_non_emergency,8.65,3.2,7.55,5,3,2.0,100,300,4,3,1300
small_non_emergency,3.35,3.83,7.86,5,3,2.0,100,300,2,2,800
small_non_emergency,0.89,4.29,6.48,5,3,2.0,100,300,2,2,800
small_non_emergency,11.21,5.96,6.9,5,3,2.0,100,300,3,3,1200
small_non_emergency,0.58,5.19,7.89,5,3,2.0,100,300,2,2,800
small_non_emergency,4.79,4.83,6.43,5,3,2.0,100,300,2,2,800
small_non_emergency,8.98,3.83,6.72,5,3,2.0,100,300,4,3,1300
small_non_emergency,7.83,5.55,7.95,5,3,2.0,100,300,3,2,900
small_non_emergency,8.62,5.91,6.72,5,3,2.0,100,300,3,3,1200
small_non_emergency,2.1,3.08,5.17,5,3,2.0,100,300,2,2,800
small_non_emergency,6.58,3.19,6.44,5,3,2.0,100,300,4,3,1300
small_non_emergency,9.25,4.97,6.32,5,3,2.0,100,300,3,3,1200
small_non_emergency,2.24,5.42,7.62,5,3,2.0,100,300,2,2,800
small_non_emergency,9.76,5.19,7.46,5,3,2.0,100,300,3,3,1200
small_non_emergency,0.77,5.7,6.41,5,3,2.0,100,300,2,2,800
small_non_emergency,4.36,4.41,6.52,5,3,2.0,100,300,2,2,800
small_non_emergency,2.57,5.43,6.03,5,3,2.0,100,300,2,2,800
small_non_emergency,2.53,4.83,6.36,5,3,2.0,100,300,2,2,800
small_non_emergency,8.24,4.21,7.21,5,3,2.0,100,300,3,3,1200
small_non_emergency,10.65,4.24,6.08,5,3,2.0,100,300,4,3,1300
small_non_emergency,7.63,4.49,5.84,5,3,2.0,100,300,3,3,1200
small_non_emergency,1.28,5.74,5.16,5,3,2.0,100,300,2,2,800
small_non_emergency,10.05,4.23,5.57,5,3,2.0,100,300,4,3,1300
small_non_emergency,9.88,4.72,6.22,5,3,2.0,100,300,4,3,1300
small_non_emergency,10.37,5.84,5.3,5,3,2.0,100,300,4,3,1300
small_non_emergency,8.93,3.49,5.72,5,3,2.0,100,300,4,3,1300
small_non_emergency,2.49,3.8,7.98,5,3,2.0,100,300,2,2,800
small_non_emergency,4.52,4.33,6.56,5,3,2.0,100,300,3,2,900
small_non_emergency,7.97,3.77,6.04,5,3,2.0,100,300,4,3,1300
small_non_emergency,6.37,5.9,6.93,5,3,2.0,100,300,3,2,900
small_non_emergency,1.58,3.11,7.52,5,3,2.0,100,300,2,2,800
small_non_emergency,2.68,3.24,5.25,5,3,2.0,100,300,2,2,800
small_non_emergency,7.18,3.64,6.19,5,3,2.0,100,300,3,3,1200
small_non_emergency,7.5,3.49,5.34,5,3,2.0,100,300,4,3,1300
small_non_emergency,9.17,5.61,7.76,5,3,2.0,100,300,3,3,1200
small_non_emergency,11.73,5.89,7.91,5,3,2.0,100,300,3,3,1200
small_non_emergency,1.69,3.16,6.98,5,3,2.0,100,300,2,2,800
small_non_emergency,3.2,3.19,6.33,5,3,2.0,100,300,3,2,900
small_non_emergency,10.28,5.71,5.25,5,3,2.0,100,300,4,3,1300
small_non_emergency,5.64,5.19,5.82,5,3,2.0,100,300,3,2,900
small_non_emergency,1.37,3.87,7.13,5,3,2.0,100,300,2,2,800
small_non_emergency,4.65,4.01,6.67,5,3,2.0,100,300,3,2,900
small_non_emergency,7.41,3.5,6.91,5,3,2.0,100,300,4,3,1300
small_non_emergency,10.65,3.71,6.45,5,3,2.0,100,300,5,3,1400
small_non_emergency,11.3,5.55,6.14,5,3,2.0,100,300,4,3,1300
small_non_emergency,1.01,4.08,7.9,5,3,2.0,100,300,2,2,800
small_non_emergency,1.99,4.32,5.25,5,3,2.0,100,300,2,2,800
small_non_emergency,1.52,5.73,5.29,5,3,2.0,100,300,2,2,800
small_non_emergency,8.49,3.81,5.56,5,3,2.0,100,300,4,3,1300
small_non_emergency,8.8,5.96,6.96,5,3,2.0,100,300,3,3,1200
small_non_emergency,10.03,5.8,5.97,5,3,2.0,100,300,3,3,1200
small_non_emergency,2.18,4.5,7.54,5,3,2.0,100,300,2,2,800
small_non_emergency,3.53,3.63,7.23,5,3,2.0,100,300,2,2,800
small_non_emergency,0.94,5.42,6.94,5,3,2.0,100,300,2,2,800
small_non_emergency,4.21,3.31,7.86,5,3,2.0,100,300,3,2,900
small_non_emergency,5.89,3.07,6.16,5,3,2.0,100,300,4,2,1000
small_non_emergency,4.36,5.74,7.46,5,3,2.0,100,300,2,2,800
small_non_emergency,4.39,3.79,7.76,5,3,2.0,100,300,3,2,900
small_non_emergency,3.65,3.92,5.13,5,3,2.0,100,300,2,2,800
small_non_emergency,2.31,5.33,5.2,5,3,2.0,100,300,2,2,800
small_non_emergency,10.32,5.56,5.67,5,3,2.0,100,300,4,3,1300
small_non_emergency,3.29,5.76,7.2,5,3,2.0,100,300,2,2,800
small_non_emergency,4.03,3.61,7.04,5,3,2.0,100,300,3,2,900
small_non_emergency,4.2,3.19,7.64,5,3,2.0,100,300,3,2,900
small_non_emergency,0.63,3.14,5.51,5,3,2.0,100,300,2,2,800
small_non_emergency,10.76,5.97,6.3,5,3,2.0,100,300,3,3,1200
small_non_emergency,11.26,3.76,6.09,5,3,2.0,100,300,5,3,1400
small_non_emergency,8.82,5.51,6.58,5,3,2.0,100,300,3,3,1200
small_non_emergency,11.89,4.96,7.82,5,3,2.0,100,300,4,3,1300
small_non_emergency,2.25,3.53,7.73,5,3,2.0,100,300,2,2,800
small_non_emergency,5.83,5.19,6.43,5,3,2.0,100,300,3,2,900
small_non_emergency,7.34,3.62,7.27,5,3,2.0,100,300,4,3,1300
small_non_emergency,9.16,4.88,6.35,5,3,2.0,100,300,3,3,1200
small_non_emergency,5.34,5.79,5.7,5,3,2.0,100,300,2,2,800
small_non_emergency,2.01,5.86,5.62,5,3,2.0,100,300,2,2,800
small_non_emergency,2.95,5.46,5.31,5,3,2.0,100,300,2,2,800
small_non_emergency,11.24,4.62,6.25,5,3,2.0,100,300,4,3,1300
small_non_emergency,6.22,3.28,6.51,5,3,2.0,100,300,4,2,1000
small_non_emergency,6.54,4.77,7.68,5,3,2.0,100,300,3,2,900
small_non_emergency,2.4,3.21,6.91,5,3,2.0,100,300,2,2,800
small_non_emergency,6.15,3.9,7.94,5,3,2.0,100,300,3,2,900
small_non_emergency,7.89,5.29,6.72,5,3,2.0,100,300,3,3,1200
small_non_emergency,5.27,5.98,5.47,5,3,2.0,100,300,2,2,800
small_non_emergency,10.88,5.75,5.88,5,3,2.0,100,300,4,3,1300
small_non_emergency,4.97,3.11,6.21,5,3,2.0,100,300,3,2,900
small_non_emergency,7.21,3.74,5.19,5,3,2.0,100,300,3,3,1200
small_non_emergency,3.32,4.11,5.91,5,3,2.0,100,300,2,2,800
small_non_emergency,4.43,5.91,6.27,5,3,2.0,100,300,2,2,800
small_non_emergency,2.68,5.63,6.0,5,3,2.0,100,300,2,2,800
small_non_emergency,6.26,4.43,6.78,5,3,2.0,100,300,3,2,900
small_non_emergency,9.14,5.48,6.45,5,3,2.0,100,300,3,3,1200
small_non_emergency,8.25,5.29,5.59,5,3,2.0,100,300,3,3,1200
small_non_emergency,10.01,4.22,7.2,5,3,2.0,100,300,4,3,1300
small_non_emergency,10.32,5.92,6.87,5,3,2.0,100,300,3,3,1200
small_non_emergency,1.56,4.25,7.32,5,3,2.0,100,300,2,2,800
small_non_emergency,11.86,3.81,6.17,5,3,2.0,100,300,5,3,1400
small_non_emergency,5.24,5.23,6.7,5,3,2.0,100,300,3,2,900
small_non_emergency,11.78,5.18,7.47,5,3,2.0,100,300,4,3,1300
small_non_emergency,10.35,3.12,7.9,5,3,2.0,100,300,5,3,1400
small_non_emergency,7.09,3.45,5.85,5,3,2.0,100,300,4,3,1300
small_non_emergency,9.0,3.93,6.75,5,3,2.0,100,300,4,3,1300
small_non_emergency,9.69,3.63,6.26,5,3,2.0,100,300,4,3,1300
small_non_emergency,2.53,3.42,7.56,5,3,2.0,100,300,2,2,800
small_non_emergency,7.26,4.37,6.2,5,3,2.0,100,300,3,3,1200
small_non_emergency,2.68,3.19,6.91,5,3,2.0,100,300,2,2,800
small_non_emergency,5.47,4.13,5.94,5,3,2.0,100,300,3,2,900
small_non_emergency,7.6,5.76,5.6,5,3,2.0,100,300,3,3,1200
small_non_emergency,11.17,4.36,5.55,5,3,2.0,100,300,5,3,1400
small_non_emergency,4.19,3.97,7.22,5,3,2.0,100,300,3,2,900
small_non_emergency,0.55,4.08,7.95,5,3,2.0,100,300,2,2,800
small_non_emergency,10.6,3.21,7.99,5,3,2.0,100,300,5,3,1400
small_non_emergency,8.97,4.7,5.37,5,3,2.0,100,300,3,3,1200
small_non_emergency,9.93,5.39,5.84,5,3,2.0,100,300,3,3,1200
small_non_emergency,8.37,3.75,6.05,5,3,2.0,100,300,4,3,1300
small_non_emergency,2.7,5.13,6.84,5,3,2.0,100,300,2,2,800
small_non_emergency,2.62,5.39,7.89,5,3,2.0,100,300,2,2,800
small_non_emergency,1.37,5.54,6.36,5,3,2.0,100,300,2,2,800
small_non_emergency,0.87,3.51,7.86,5,3,2.0,100,300,2,2,800
small_non_emergency,3.56,5.74,7.26,5,3,2.0,100,300,2,2,800
small_non_emergency,9.06,3.7,7.97,5,3,2.0,100,300,4,3,1300
small_non_emergency,1.48,4.71,6.86,5,3,2.0,100,300,2,2,800
small_non_emergency,9.13,4.28,5.44,5,3,2.0,100,300,4,3,1300
small_non_emergency,7.59,4.05,5.73,5,3,2.0,100,300,3,3,1200
small_non_emergency,2.62,5.94,6.65,5,3,2.0,100,300,2,2,800
small_non_emergency,11.11,4.59,7.0,5,3,2.0,100,300,4,3,1300
small_non_emergency,9.04,4.75,6.3,5,3,2.0,100,300,3,3,1200
small_non_emergency,4.16,4.02,5.96,5,3,2.0,100,300,3,2,900
small_non_emergency,11.76,5.23,7.85,5,3,2.0,100,300,4,3,1300
small_non_emergency,1.1,4.52,5.45,5,3,2.0,100,300,2,2,800
small_non_emergency,10.04,5.6,6.88,5,3,2.0,100,300,3,3,1200
small_non_emergency,10.86,5.44,6.31,5,3,2.0,100,300,4,3,1300
small_non_emergency,3.05,4.74,6.38,5,3,2.0,100,300,2,2,800
small_non_emergency,9.89,4.49,7.45,5,3,2.0,100,300,4,3,1300
small_non_emergency,11.71,4.05,7.91,5,3,2.0,100,300,5,3,1400
small_non_emergency,3.43,4.26,7.97,5,3,2.0,100,300,2,2,800
small_non_emergency,8.41,5.24,5.06,5,3,2.0,100,300,3,3,1200
small_non_emergency,8.93,4.73,5.86,5,3,2.0,100,300,3,3,1200
small_non_emergency,3.09,3.66,6.25,5,3,2.0,100,300,2,2,800
small_non_emergency,11.73,3.96,6.43,5,3,2.0,100,300,5,3,1400
small_non_emergency,8.81,3.95,5.14,5,3,2.0,100,300,4,3,1300
small_non_emergency,7.87,4.96,6.33,5,3,2.0,100,300,3,3,1200
small_non_emergency,2.63,3.75,6.1,5,3,2.0,100,300,2,2,800
small_non_emergency,6.72,4.21,5.02,5,3,2.0,100,300,3,3,1200
small_non_emergency,0.96,5.83,6.29,5,3,2.0,100,300,2,2,800
small_non_emergency,3.31,4.49,7.17,5,3,2.0,100,300,2,2,800
small_non_emergency,4.34,4.57,6.41,5,3,2.0,100,300,2,2,800
small_non_emergency,8.08,4.09,5.56,5,3,2.0,100,300,3,3,1200
small_non_emergency,1.95,5.62,7.44,5,3,2.0,100,300,2,2,800
small_non_emergency,3.71,3.69,7.01,5,3,2.0,100,300,3,2,900
small_non_emergency,11.07,5.37,7.01,5,3,2.0,100,300,4,3,1300
small_non_emergency,11.96,3.63,7.03,5,3,2.0,100,300,5,3,1400
small_non_emergency,1.82,4.27,5.12,5,3,2.0,100,300,2,2,800
small_non_emergency,10.39,5.1,5.3,5,3,2.0,100,300,4,3,1300
small_non_emergency,4.14,5.57,6.49,5,3,2.0,100,300,2,2,800
small_non_emergency,4.44,3.45,7.78,5,3,2.0,100,300,3,2,900
small_non_emergency,3.91,4.85,5.42,5,3,2.0,100,300,2,2,800
small_non_emergency,9.38,3.28,5.5,5,3,2.0,100,300,5,3,1400
small_non_emergency,6.98,5.34,6.13,5,3,2.0,100,300,3,3,1200
small_non_emergency,2.18,5.91,5.01,5,3,2.0,100,300,2,2,800
small_non_emergency,10.85,5.98,5.95,5,3,2.0,100,300,3,3,1200
small_non_emergency,9.86,3.02,6.68,5,3,2.0,100,300,5,3,1400
small_non_emergency,3.19,5.71,6.1,5,3,2.0,100,300,2,2,800
small_non_emergency,4.94,4.64,7.19,5,3,2.0,100,300,3,2,900
small_non_emergency,4.54,5.99,7.48,5,3,2.0,100,300,2,2,800
small_non_emergency,4.22,4.14,5.97,5,3,2.0,100,300,3,2,900
small_non_emergency,5.57,3.86,7.44,5,3,2.0,100,300,3,2,900
small_non_emergency,1.54,4.75,6.73,5,3,2.0,100,300,2,2,800
small_non_emergency,8.95,3.4,6.68,5,3,2.0,100,300,4,3,1300
small_non_emergency,8.24,4.78,6.11,5,3,2.0,100,300,3,3,1200
small_non_emergency,5.76,4.6,7.34,5,3,2.0,100,300,3,2,900
small_non_emergency,10.04,4.66,7.89,5,3,2.0,100,300,4,3,1300
small_non_emergency,5.73,3.29,6.25,5,3,2.0,100,300,3,2,900
small_non_emergency,7.32,5.47,6.77,5,3,2.0,100,300,3,3,1200
small_non_emergency,3.48,5.77,7.6,5,3,2.0,100,300,2,2,800
small_non_emergency,3.05,3.54,7.12,5,3,2.0,100,300,2,2,800
small_non_emergency,5.07,3.8,5.45,5,3,2.0,100,300,3,2,900
small_non_emergency,9.53,5.48,7.62,5,3,2.0,100,300,3,3,1200
small_non_emergency,7.81,5.25,5.77,5,3,2.0,100,300,3,3,1200
small_non_emergency,11.67,4.51,5.75,5,3,2.0,100,300,5,3,1400
small_non_emergency,10.87,5.25,7.18,5,3,2.0,100,300,4,3,1300
small_non_emergency,8.62,5.82,6.81,5,3,2.0,100,300,3,3,1200
small_non_emergency,9.9,3.14,5.57,5,3,2.0,100,300,5,3,1400
small_non_emergency,3.53,5.01,5.95,5,3,2.0,100,300,2,2,800
small_non_emergency,9.33,3.71,7.24,5,3,2.0,100,300,4,3,1300
small_non_emergency,2.41,3.46,5.44,5,3,2.0,100,300,2,2,800
small_non_emergency,0.78,4.15,5.92,5,3,2.0,100,300,2,2,800
small_non_emergency,1.81,3.93,5.03,5,3,2.0,100,300,2,2,800
small_non_emergency,10.51,3.05,6.05,5,3,2.0,100,300,5,3,1400
small_non_emergency,5.55,3.62,5.96,5,3,2.0,100,300,3,2,900
small_non_emergency,1.85,5.19,7.35,5,3,2.0,100,300,2,2,800
small_non_emergency,7.17,4.87,7.08,5,3,2.0,100,300,3,3,1200
small_non_emergency,2.79,5.95,5.14,5,3,2.0,100,300,2,2,800
small_non_emergency,3.27,4.32,6.38,5,3,2.0,100,300,2,2,800
small_non_emergency,3.5,3.08,6.87,5,3,2.0,100,300,3,2,900
small_non_emergency,10.21,5.58,6.0,5,3,2.0,100,300,3,3,1200
small_non_emergency,7.35,4.01,7.97,5,3,2.0,100,300,3,2,900
small_non_emergency,11.77,5.94,7.01,5,3,2.0,100,300,4,3,1300
small_non_emergency,2.83,5.78,5.79,5,3,2.0,100,300,2,2,800
small_non_emergency,5.56,5.51,5.78,5,3,2.0,100,300,3,2,900
small_non_emergency,5.29,4.97,5.58,5,3,2.0,100,300,3,2,900
small_non_emergency,3.92,4.64,5.81,5,3,2.0,100,300,2,2,800
small_non_emergency,8.05,3.51,6.56,5,3,2.0,100,300,4,3,1300
small_non_emergency,6.03,3.53,7.97,5,3,2.0,100,300,3,2,900
small_non_emergency,5.02,5.15,6.87,5,3,2.0,100,300,2,2,800
small_non_emergency,3.2,5.63,7.62,5,3,2.0,100,300,2,2,800
small_non_emergency,1.74,4.42,5.71,5,3,2.0,100,300,2,2,800
small_non_emergency,4.4,5.21,5.09,5,3,2.0,100,300,2,2,800
small_non_emergency,6.17,5.15,6.43,5,3,2.0,100,300,3,2,900
small_non_emergency,10.62,3.68,6.61,5,3,2.0,100,300,5,3,1400
small_non_emergency,4.74,3.12,5.51,5,3,2.0,100,300,3,2,900
small_non_emergency,0.7,5.17,5.89,5,3,2.0,100,300,2,2,800
small_non_emergency,11.23,3.95,6.27,5,3,2.0,100,300,5,3,1400
small_non_emergency,6.22,5.87,6.13,5,3,2.0,100,300,3,3,1200
small_non_emergency,3.44,3.22,6.33,5,3,2.0,100,300,3,2,900
small_non_emergency,5.14,3.1,6.92,5,3,2.0,100,300,3,2,900
small_non_emergency,6.06,5.75,6.53,5,3,2.0,100,300,3,2,900
small_non_emergency,6.24,5.56,7.55,5,3,2.0,100,300,3,2,900
small_non_emergency,3.56,4.48,5.49,5,3,2.0,100,300,2,2,800
small_non_emergency,0.56,4.22,6.13,5,3,2.0,100,300,2,2,800
small_non_emergency,4.5,4.56,5.07,5,3,2.0,100,300,2,2,800
small_non_emergency,4.25,3.96,5.44,5,3,2.0,100,300,3,2,900
small_non_emergency,2.74,5.65,6.83,5,3,2.0,100,300,2,2,800
small_non_emergency,8.15,4.48,6.82,5,3,2.0,100,300,3,3,1200
small_non_emergency,4.7,4.36,5.3,5,3,2.0,100,300,3,2,900
small_non_emergency,9.45,3.49,5.79,5,3,2.0,100,300,4,3,1300
small_non_emergency,10.91,5.75,6.01,5,3,2.0,100,300,4,3,1300
small_non_emergency,6.54,5.2,5.27,5,3,2.0,100,300,3,3,1200
small_non_emergency,2.12,5.91,5.54,5,3,2.0,100,300,2,2,800
small_non_emergency,6.26,3.91,5.06,5,3,2.0,100,300,3,3,1200
small_non_emergency,9.13,3.13,5.46,5,3,2.0,100,300,5,3,1400
small_non_emergency,6.09,5.94,7.57,5,3,2.0,100,300,3,2,900
small_non_emergency,7.7,3.73,6.27,5,3,2.0,100,300,4,3,1300
small_non_emergency,9.04,5.62,6.16,5,3,2.0,100,300,3,3,1200
small_non_emergency,2.27,3.69,7.05,5,3,2.0,100,300,2,2,800
small_non_emergency,7.85,3.53,6.36,5,3,2.0,100,300,4,3,1300
small_non_emergency,7.56,3.08,7.2,5,3,2.0,100,300,4,3,1300
small_non_emergency,8.24,3.04,5.01,5,3,2.0,100,300,4,3,1300
small_non_emergency,3.45,3.83,6.4,5,3,2.0,100,300,2,2,800
small_non_emergency,1.89,5.89,7.83,5,3,2.0,100,300,2,2,800
small_non_emergency,8.4,5.46,6.62,5,3,2.0,100,300,3,3,1200
small_non_emergency,5.14,4.35,7.47,5,3,2.0,100,300,3,2,900
small_non_emergency,11.63,3.94,6.53,5,3,2.0,100,300,5,3,1400
small_non_emergency,11.19,4.14,5.96,5,3,2.0,100,300,5,3,1400
small_non_emergency,0.74,4.04,7.09,5,3,2.0,100,300,2,2,800
small_non_emergency,7.88,5.06,5.26,5,3,2.0,100,300,3,3,1200
small_non_emergency,10.03,5.5,7.63,5,3,2.0,100,300,3,3,1200
small_non_emergency,0.88,3.01,6.68,5,3,2.0,100,300,2,2,800
small_non_emergency,5.74,3.54,6.9,5,3,2.0,100,300,3,2,900
small_non_emergency,9.98,5.76,6.68,5,3,2.0,100,300,3,3,1200
small_non_emergency,1.7,3.78,5.15,5,3,2.0,100,300,2,2,800
small_non_emergency,0.67,3.09,5.02,5,3,2.0,100,300,2,2,800
small_non_emergency,5.94,4.69,6.75,5,3,2.0,100,300,3,2,900
small_non_emergency,0.73,4.97,6.17,5,3,2.0,100,300,2,2,800
small_non_emergency,7.53,4.87,6.05,5,3,2.0,100,300,3,3,1200
small_non_emergency,4.15,4.06,7.07,5,3,2.0,100,300,3,2,900
small_non_emergency,7.3,5.82,6.32,5,3,2.0,100,300,3,3,1200
small_non_emergency,10.76,3.14,7.94,5,3,2.0,100,300,5,3,1400
small_non_emergency,9.34,4.44,5.05,5,3,2.0,100,300,4,3,1300
small_non_emergency,2.89,4.89,5.76,5,3,2.0,100,300,2,2,800
small_non_emergency,5.85,4.67,6.42,5,3,2.0,100,300,3,2,900
small_non_emergency,8.74,5.73,5.65,5,3,2.0,100,300,3,3,1200
small_non_emergency,9.31,5.27,5.18,5,3,2.0,100,300,3,3,1200
small_non_emergency,3.09,3.68,7.93,5,3,2.0,100,300,2,2,800
small_non_emergency,10.28,5.52,5.91,5,3,2.0,100,300,3,3,1200
small_non_emergency,7.79,3.3,7.97,5,3,2.0,100,300,4,2,1000
small_non_emergency,9.14,5.44,6.19,5,3,2.0,100,300,3,3,1200
small_non_emergency,4.52,3.28,6.61,5,3,2.0,100,300,3,2,900
small_non_emergency,5.02,5.13,6.74,5,3,2.0,100,300,2,2,800
small_non_emergency,8.65,5.79,5.65,5,3,2.0,100,300,3,3,1200
small_non_emergency,3.19,3.1,6.91,5,3,2.0,100,300,3,2,900
small_non_emergency,6.41,4.86,7.85,5,3,2.0,100,300,3,2,900
small_non_emergency,7.02,4.08,5.97,5,3,2.0,100,300,3,3,1200
small_non_emergency,2.39,3.27,7.03,5,3,2.0,100,300,2,2,800
small_non_emergency,11.0,3.55,6.4,5,3,2.0,100,300,5,3,1400
small_non_emergency,7.35,4.44,5.89,5,3,2.0,100,300,3,3,1200
small_non_emergency,1.87,3.36,7.94,5,3,2.0,100,300,2,2,800
small_non_emergency,10.77,4.69,7.78,5,3,2.0,100,300,4,3,1300
small_non_emergency,5.64,4.71,6.35,5,3,2.0,100,300,3,2,900
small_non_emergency,8.6,5.26,7.87,5,3,2.0,100,300,3,3,1200
small_non_emergency,3.89,3.83,7.44,5,3,2.0,100,300,3,2,900
small_non_emergency,9.04,3.7,6.05,5,3,2.0,100,300,4,3,1300
small_non_emergency,5.84,4.46,5.63,5,3,2.0,100,300,3,3,1200
small_non_emergency,11.98,3.88,7.07,5,3,2.0,100,300,5,3,1400
small_non_emergency,6.5,5.96,6.67,5,3,2.0,100,300,3,2,900
small_non_emergency,2.5,4.76,5.66,5,3,2.0,100,300,2,2,800
small_non_emergency,9.55,3.11,7.76,5,3,2.0,100,300,5,3,1400
small_non_emergency,3.15,5.75,7.19,5,3,2.0,100,300,2,2,800
small_non_emergency,0.72,4.09,5.86,5,3,2.0,100,300,2,2,800
small_non_emergency,9.68,5.53,7.29,5,3,2.0,100,300,3,3,1200
small_non_emergency,2.09,4.73,6.9,5,3,2.0,100,300,2,2,800
small_non_emergency,11.85,4.83,6.73,5,3,2.0,100,300,4,3,1300
small_non_emergency,8.58,4.09,5.23,5,3,2.0,100,300,4,3,1300
small_non_emergency,7.61,3.66,6.07,5,3,2.0,100,300,4,3,1300
small_non_emergency,2.04,5.64,6.81,5,3,2.0,100,300,2,2,800
small_non_emergency,4.73,5.37,5.73,5,3,2.0,100,300,2,2,800
small_non_emergency,3.81,4.43,7.58,5,3,2.0,100,300,2,2,800
small_non_emergency,6.72,5.46,5.86,5,3,2.0,100,300,3,3,1200
small_non_emergency,5.65,5.18,7.07,5,3,2.0,100,300,3,2,900
small_non_emergency,1.54,3.31,7.07,5,3,2.0,100,300,2,2,800
small_non_emergency,11.82,5.3,7.43,5,3,2.0,100,300,4,3,1300
small_non_emergency,9.51,3.53,7.08,5,3,2.0,100,300,4,3,1300
small_non_emergency,5.44,4.46,5.47,5,3,2.0,100,300,3,2,900
small_non_emergency,1.77,4.51,7.91,5,3,2.0,100,300,2,2,800
small_non_emergency,0.83,4.09,6.24,5,3,2.0,100,300,2,2,800
small_non_emergency,8.0,4.83,5.4,5,3,2.0,100,300,3,3,1200
small_non_emergency,11.96,5.4,6.66,5,3,2.0,100,300,4,3,1300
small_non_emergency,10.61,5.5,5.49,5,3,2.0,100,300,4,3,1300
small_non_emergency,5.64,5.31,5.25,5,3,2.0,100,300,3,3,1200
small_non_emergency,9.91,3.58,5.27,5,3,2.0,100,300,5,3,1400
small_non_emergency,9.56,5.34,5.15,5,3,2.0,100,300,3,3,1200
small_non_emergency,4.9,5.56,7.98,5,3,2.0,100,300,2,2,800
small_non_emergency,3.19,4.53,5.84,5,3,2.0,100,300,2,2,800
small_non_emergency,4.69,4.52,5.9,5,3,2.0,100,300,3,2,900
small_non_emergency,6.53,4.44,5.92,5,3,2.0,100,300,3,3,1200
small_non_emergency,11.77,4.07,6.33,5,3,2.0,100,300,5,3,1400
small_non_emergency,5.1,3.87,7.84,5,3,2.0,100,300,3,2,900
small_non_emergency,1.39,3.02,7.87,5,3,2.0,100,300,2,2,800
small_non_emergency,7.66,3.1,6.44,5,3,2.0,100,300,4,3,1300
small_non_emergency,11.9,4.16,6.55,5,3,2.0,100,300,5,3,1400
small_non_emergency,4.98,3.4,6.18,5,3,2.0,100,300,3,2,900
small_non_emergency,1.5,3.11,7.83,5,3,2.0,100,300,2,2,800
small_non_emergency,7.5,3.93,5.59,5,3,2.0,100,300,3,3,1200
small_non_emergency,8.11,3.28,5.87,5,3,2.0,100,300,4,3,1300
small_non_emergency,1.16,5.05,7.64,5,3,2.0,100,300,2,2,800
small_non_emergency,7.22,3.73,5.65,5,3,2.0,100,300,3,3,1200
small_non_emergency,9.86,4.73,5.02,5,3,2.0,100,300,4,3,1300
small_non_emergency,7.44,4.75,6.75,5,3,2.0,100,300,3,3,1200
small_non_emergency,5.59,3.96,6.39,5,3,2.0,100,300,3,2,900
small_non_emergency,5.22,4.33,7.53,5,3,2.0,100,300,3,2,900
small_non_emergency,0.71,3.79,5.74,5,3,2.0,100,300,2,2,800
small_non_emergency,9.02,5.28,6.66,5,3,2.0,100,300,3,3,1200
small_non_emergency,4.03,3.81,7.13,5,3,2.0,100,300,3,2,900
small_non_emergency,2.19,4.43,5.07,5,3,2.0,100,300,2,2,800
small_non_emergency,1.99,5.99,5.42,5,3,2.0,100,300,2,2,800
small_non_emergency,3.04,3.16,6.9,5,3,2.0,100,300,2,2,800
small_non_emergency,7.5,3.61,7.8,5,3,2.0,100,300,4,2,1000
small_non_emergency,7.46,4.96,5.11,5,3,2.0,100,300,3,3,1200
small_non_emergency,4.67,5.38,5.83,5,3,2.0,100,300,2,2,800
small_non_emergency,1.78,3.69,7.29,5,3,2.0,100,300,2,2,800
small_non_emergency,1.49,3.43,6.6,5,3,2.0,100,300,2,2,800
small_non_emergency,3.59,4.31,5.17,5,3,2.0,100,300,2,2,800
small_non_emergency,10.33,5.0,7.69,5,3,2.0,100,300,4,3,1300
small_non_emergency,5.81,4.05,6.44,5,3,2.0,100,300,3,2,900
small_non_emergency,6.86,3.6,6.99,5,3,2.0,100,300,4,2,1000
small_non_emergency,9.28,4.36,6.97,5,3,2.0,100,300,4,3,1300
small_non_emergency,7.9,4.75,6.77,5,3,2.0,100,300,3,3,1200
small_non_emergency,5.61,5.73,7.26,5,3,2.0,100,300,2,2,800
small_non_emergency,9.4,3.37,7.25,5,3,2.0,100,300,4,3,1300
small_non_emergency,2.75,6.0,5.84,5,3,2.0,100,300,2,2,800
small_non_emergency,9.86,4.42,5.07,5,3,2.0,100,300,4,3,1300
small_non_emergency,8.54,3.26,6.17,5,3,2.0,100,300,4,3,1300
small_non_emergency,0.84,3.54,7.19,5,3,2.0,100,300,2,2,800
small_non_emergency,5.6,4.66,7.02,5,3,2.0,100,300,3,2,900
small_non_emergency,8.02,5.46,6.62,5,3,2.0,100,300,3,3,1200
small_non_emergency,5.05,3.04,6.08,5,3,2.0,100,300,3,2,900
small_emergency,17.76,9.35,11.48,8,4,0.5,150,500,4,4,2600
small_emergency,15.13,6.46,14.13,8,4,0.5,150,500,5,3,2250
small_emergency,12.11,6.49,14.85,8,4,0.5,150,500,4,3,2100
small_emergency,25.07,7.4,12.32,8,4,0.5,150,500,7,4,3050
small_emergency,21.45,7.95,10.23,8,4,0.5,150,500,6,4,2900
small_emergency,18.86,8.44,14.1,8,4,0.5,150,500,5,3,2250
small_emergency,16.14,9.63,12.35,8,4,0.5,150,500,4,3,2100
small_emergency,15.45,6.38,13.3,8,4,0.5,150,500,5,3,2250
small_emergency,24.37,8.75,12.37,8,4,0.5,150,500,6,4,2900
small_emergency,24.25,9.55,13.24,8,4,0.5,150,500,5,4,2750
small_emergency,15.87,6.19,10.27,8,4,0.5,150,500,5,4,2750
small_emergency,21.19,5.46,14.5,8,4,0.5,150,500,7,4,3050
small_emergency,14.68,6.71,10.85,8,4,0.5,150,500,5,3,2250
small_emergency,17.13,6.6,14.76,8,4,0.5,150,500,5,3,2250
small_emergency,18.04,6.32,14.89,8,4,0.5,150,500,6,3,2400
small_emergency,23.75,8.26,12.85,8,4,0.5,150,500,6,4,2900
small_emergency,19.25,8.54,11.54,8,4,0.5,150,500,5,4,2750
small_emergency,13.51,7.27,11.73,8,4,0.5,150,500,4,3,2100
small_emergency,24.58,5.67,12.99,8,4,0.5,150,500,8,4,3200
small_emergency,13.03,6.25,13.95,8,4,0.5,150,500,4,3,2100
small_emergency,21.39,8.55,10.65,8,4,0.5,150,500,5,4,2750
small_emergency,24.97,8.28,12.68,8,4,0.5,150,500,6,4,2900
small_emergency,30.59,8.41,14.13,8,4,0.5,150,500,8,4,3200
small_emergency,19.6,5.74,12.79,8,4,0.5,150,500,6,4,2900
small_emergency,18.62,6.95,12.67,8,4,0.5,150,500,5,4,2750
small_emergency,24.67,8.7,13.26,8,4,0.5,150,500,6,4,2900
small_emergency,16.27,7.53,10.34,8,4,0.5,150,500,5,4,2750
small_emergency,16.16,7.0,11.66,8,4,0.5,150,500,6,3,2400
small_emergency,13.18,5.03,10.26,8,4,0.5,150,500,6,3,2400
small_emergency,18.9,8.98,12.72,8,4,0.5,150,500,7,3,2550
small_emergency,17.03,5.54,11.43,8,4,0.5,150,500,6,4,2900
small_emergency,17.83,8.32,13.48,8,4,0.5,150,500,5,3,2250
small_emergency,19.98,6.61,10.71,8,4,0.5,150,500,6,4,2900
small_emergency,23.65,9.39,12.77,8,4,0.5,150,500,5,4,2750
small_emergency,21.79,5.98,11.65,8,4,0.5,150,500,7,4,3050
small_emergency,24.03,7.78,12.39,8,4,0.5,150,500,6,4,2900
small_emergency,23.72,6.02,13.23,8,4,0.5,150,500,7,4,3050
small_emergency,11.79,6.22,12.45,8,4,0.5,150,500,4,3,2100
small_emergency,29.6,7.23,14.24,8,4,0.5,150,500,8,4,3200
small_emergency,13.89,8.22,14.23,8,4,0.5,150,500,4,3,2100
small_emergency,16.2,7.74,13.05,8,4,0.5,150,500,5,3,2250
small_emergency,12.96,5.17,13.69,8,4,0.5,150,500,5,3,2250
small_emergency,24.31,8.54,14.59,8,4,0.5,150,500,5,4,2750
small_emergency,12.55,5.35,12.81,8,4,0.5,150,500,5,3,2250
small_emergency,14.31,9.4,10.6,8,4,0.5,150,500,4,3,2100
small_emergency,29.46,8.19,13.82,8,4,0.5,150,500,7,4,3050
small_emergency,14.57,8.14,13.73,8,4,0.5,150,500,4,3,2100
small_emergency,12.44,5.64,10.64,8,4,0.5,150,500,5,3,2250
small_emergency,20.03,8.18,11.52,8,4,0.5,150,500,5,4,2750
small_emergency,15.24,7.31,13.26,8,4,0.5,150,500,5,3,2250
small_emergency,22.54,8.41,12.14,8,4,0.5,150,500,5,4,2750
small_emergency,23.8,5.9,12.37,8,4,0.5,150,500,8,4,3200
small_emergency,15.7,6.47,14.14,8,4,0.5,150,500,5,3,2250
small_emergency,12.1,7.96,11.02,8,4,0.5,150,500,4,3,2100
small_emergency,10.98,6.14,13.9,8,4,0.5,150,500,4,3,2100
small_emergency,23.28,7.59,14.16,8,4,0.5,150,500,6,4,2900
small_emergency,21.45,8.05,14.1,8,4,0.5,150,500,5,4,2750
small_emergency,22.78,8.82,11.55,8,4,0.5,150,500,5,4,2750
small_emergency,22.68,5.28,14.81,8,4,0.5,150,500,7,4,3050
small_emergency,10.12,6.53,13.39,8,4,0.5,150,500,6,2,1900
small_emergency,24.08,8.68,13.55,8,4,0.5,150,500,5,4,2750
small_emergency,11.18,9.94,14.4,8,4,0.5,150,500,4,2,1600
small_emergency,12.63,7.52,12.6,8,4,0.5,150,500,4,3,2100
small_emergency,20.37,5.97,14.92,8,4,0.5,150,500,7,3,2550
small_emergency,27.76,8.92,13.57,8,4,0.5,150,500,6,4,2900
small_emergency,20.33,7.08,10.15,8,4,0.5,150,500,6,4,2900
small_emergency,17.46,5.22,14.96,8,4,0.5,150,500,7,3,2550
small_emergency,21.38,5.14,12.06,8,4,0.5,150,500,8,4,3200
small_emergency,12.31,5.19,11.45,8,4,0.5,150,500,5,3,2250
small_emergency,23.6,6.82,14.86,8,4,0.5,150,500,6,4,2900
small_emergency,15.37,8.91,11.87,8,4,0.5,150,500,4,3,2100
small_emergency,21.27,8.94,10.46,8,4,0.5,150,500,5,4,2750
small_emergency,15.74,7.39,12.01,8,4,0.5,150,500,5,3,2250
small_emergency,11.37,7.12,14.39,8,4,0.5,150,500,4,3,2100
small_emergency,24.51,7.58,11.68,8,4,0.5,150,500,7,4,3050
small_emergency,16.81,7.09,10.39,8,4,0.5,150,500,5,4,2750
small_emergency,27.19,5.72,14.91,8,4,0.5,150,500,8,4,3200
small_emergency,15.42,5.71,12.26,8,4,0.5,150,500,6,3,2400
small_emergency,16.92,6.23,10.92,8,4,0.5,150,500,5,4,2750
small_emergency,27.39,8.87,13.65,8,4,0.5,150,500,6,4,2900
small_emergency,15.7,7.25,14.8,8,4,0.5,150,500,5,3,2250
small_emergency,33.07,9.81,14.72,8,4,0.5,150,500,8,4,3200
small_emergency,22.87,8.93,13.28,8,4,0.5,150,500,5,4,2750
small_emergency,22.78,8.86,13.22,8,4,0.5,150,500,5,4,2750
small_emergency,15.93,6.13,14.04,8,4,0.5,150,500,5,3,2250
small_emergency,18.16,6.74,11.4,8,4,0.5,150,500,5,4,2750
small_emergency,17.47,5.4,14.56,8,4,0.5,150,500,6,3,2400
small_emergency,10.78,8.0,12.61,8,4,0.5,150,500,3,3,1950
small_emergency,17.21,8.9,11.41,8,4,0.5,150,500,4,4,2600
small_emergency,19.44,5.16,13.72,8,4,0.5,150,500,7,4,3050
small_emergency,12.66,7.61,11.32,8,4,0.5,150,500,4,3,2100
small_emergency,16.77,9.42,11.42,8,4,0.5,150,500,6,3,2400
small_emergency,24.28,8.01,13.58,8,4,0.5,150,500,6,4,2900
small_emergency,25.33,7.59,14.13,8,4,0.5,150,500,6,4,2900
small_emergency,23.19,5.67,14.19,8,4,0.5,150,500,7,4,3050
small_emergency,22.89,9.08,14.94,8,4,0.5,150,500,5,4,2750
small_emergency,10.3,9.19,10.5,8,4,0.5,150,500,3,3,1950
small_emergency,11.19,5.62,14.61,8,4,0.5,150,500,4,3,2100
small_emergency,11.94,5.95,14.71,8,4,0.5,150,500,4,3,2100
small_emergency,19.44,6.7,10.12,8,4,0.5,150,500,6,4,2900
small_emergency,18.42,7.72,11.86,8,4,0.5,150,500,5,4,2750
small_emergency,10.19,9.95,14.4,8,4,0.5,150,500,3,2,1450
small_emergency,26.01,9.63,14.66,8,4,0.5,150,500,5,4,2750
small_emergency,19.43,9.68,11.79,8,4,0.5,150,500,4,4,2600
small_emergency,26.28,6.77,14.35,8,4,0.5,150,500,7,4,3050
small_emergency,19.71,6.98,13.58,8,4,0.5,150,500,8,3,2700
small_emergency,21.65,8.3,11.03,8,4,0.5,150,500,6,4,2900
small_emergency,18.88,9.04,13.96,8,4,0.5,150,500,5,3,2250
small_emergency,16.49,9.47,10.66,8,4,0.5,150,500,4,4,2600
small_emergency,10.07,7.28,10.99,8,4,0.5,150,500,4,3,2100
small_emergency,10.43,8.4,14.47,8,4,0.5,150,500,4,2,1600
small_emergency,13.58,7.57,14.16,8,4,0.5,150,500,4,3,2100
small_emergency,17.48,9.31,14.39,8,4,0.5,150,500,4,3,2100
small_emergency,20.02,9.27,10.41,8,4,0.5,150,500,5,4,2750
small_emergency,15.73,9.54,11.43,8,4,0.5,150,500,4,3,2100
small_emergency,24.41,7.92,14.01,8,4,0.5,150,500,6,4,2900
small_emergency,31.22,9.57,14.91,8,4,0.5,150,500,6,4,2900
small_emergency,17.6,8.26,14.48,8,4,0.5,150,500,5,3,2250
small_emergency,12.03,8.95,14.14,8,4,0.5,150,500,3,3,1950
small_emergency,17.44,8.25,13.68,8,4,0.5,150,500,5,3,2250
small_emergency,27.78,6.81,13.39,8,4,0.5,150,500,8,4,3200
small_emergency,12.99,6.1,10.62,8,4,0.5,150,500,5,3,2250
small_emergency,16.67,8.35,12.89,8,4,0.5,150,500,5,3,2250
small_emergency,14.77,6.23,13.93,8,4,0.5,150,500,5,3,2250
small_emergency,21.72,8.47,14.19,8,4,0.5,150,500,5,4,2750
small_emergency,17.35,7.42,11.15,8,4,0.5,150,500,5,4,2750
small_emergency,26.76,9.51,14.45,8,4,0.5,150,500,5,4,2750
small_emergency,14.84,7.04,11.14,8,4,0.5,150,500,5,3,2250
small_emergency,14.05,8.25,13.64,8,4,0.5,150,500,4,3,2100
small_emergency,11.59,6.33,13.05,8,4,0.5,150,500,4,3,2100
small_emergency,15.2,5.0,10.82,8,4,0.5,150,500,6,4,2900
small_emergency,20.7,6.37,12.15,8,4,0.5,150,500,6,4,2900
small_emergency,16.03,7.6,11.5,8,4,0.5,150,500,5,3,2250
small_emergency,24.5,8.74,12.12,8,4,0.5,150,500,6,4,2900
small_emergency,14.78,7.5,12.26,8,4,0.5,150,500,5,3,2250
small_emergency,15.92,9.18,14.36,8,4,0.5,150,500,4,3,2100
small_emergency,21.55,6.34,12.68,8,4,0.5,150,500,6,4,2900
small_emergency,15.85,8.18,12.11,8,4,0.5,150,500,5,3,2250
small_emergency,13.99,6.24,10.41,8,4,0.5,150,500,6,3,2400
small_emergency,16.88,9.15,13.54,8,4,0.5,150,500,4,3,2100
small_emergency,16.97,5.63,14.09,8,4,0.5,150,500,6,3,2400
small_emergency,17.49,7.5,10.31,8,4,0.5,150,500,5,4,2750
small_emergency,10.44,5.26,13.17,8,4,0.5,150,500,4,3,2100
small_emergency,21.57,6.09,10.45,8,4,0.5,150,500,8,4,3200
small_emergency,12.67,5.43,11.31,8,4,0.5,150,500,5,3,2250
small_emergency,28.01,9.52,13.14,8,4,0.5,150,500,6,4,2900
small_emergency,14.11,8.7,14.65,8,4,0.5,150,500,4,3,2100
small_emergency,30.48,8.8,14.97,8,4,0.5,150,500,7,4,3050
small_emergency,10.49,6.95,11.3,8,4,0.5,150,500,4,3,2100
small_emergency,17.36,6.1,13.84,8,4,0.5,150,500,6,3,2400
small_emergency,13.05,6.45,14.0,8,4,0.5,150,500,4,3,2100
small_emergency,22.43,5.0,12.91,8,4,0.5,150,500,8,4,3200
small_emergency,24.2,9.11,14.27,8,4,0.5,150,500,5,4,2750
small_emergency,13.84,6.04,12.6,8,4,0.5,150,500,5,3,2250
small_emergency,14.29,6.15,14.31,8,4,0.5,150,500,5,3,2250
small_emergency,25.32,9.81,13.59,8,4,0.5,150,500,5,4,2750
small_emergency,24.43,5.69,13.07,8,4,0.5,150,500,8,4,3200
small_emergency,12.8,8.0,12.99,8,4,0.5,150,500,4,3,2100
small_emergency,16.61,5.63,11.17,8,4,0.5,150,500,6,4,2900
small_emergency,29.19,8.43,13.15,8,4,0.5,150,500,8,4,3200
small_emergency,23.08,7.07,12.66,8,4,0.5,150,500,6,4,2900
small_emergency,15.81,8.78,14.1,8,4,0.5,150,500,4,3,2100
small_emergency,18.15,8.77,11.15,8,4,0.5,150,500,4,4,2600
small_emergency,24.99,6.84,14.59,8,4,0.5,150,500,7,4,3050
small_emergency,19.1,6.42,11.7,8,4,0.5,150,500,6,4,2900
small_emergency,17.56,9.22,10.86,8,4,0.5,150,500,4,4,2600
small_emergency,16.33,5.73,11.16,8,4,0.5,150,500,6,4,2900
small_emergency,23.51,6.27,12.4,8,4,0.5,150,500,7,4,3050
small_emergency,14.08,5.67,13.88,8,4,0.5,150,500,5,3,2250
small_emergency,18.99,9.77,11.83,8,4,0.5,150,500,4,4,2600
small_emergency,13.04,7.4,14.51,8,4,0.5,150,500,4,3,2100
small_emergency,17.16,9.95,11.43,8,4,0.5,150,500,4,4,2600
small_emergency,22.92,8.27,11.47,8,4,0.5,150,500,6,4,2900
small_emergency,10.48,7.24,13.8,8,4,0.5,150,500,5,2,1750
small_emergency,14.03,5.61,14.8,8,4,0.5,150,500,5,3,2250
small_emergency,14.07,8.14,10.89,8,4,0.5,150,500,4,3,2100
small_emergency,21.6,6.63,14.09,8,4,0.5,150,500,6,4,2900
small_emergency,29.5,8.89,14.49,8,4,0.5,150,500,6,4,2900
small_emergency,22.73,9.5,11.82,8,4,0.5,150,500,5,4,2750
small_emergency,14.03,9.58,13.39,8,4,0.5,150,500,4,3,2100
small_emergency,25.83,8.07,12.43,8,4,0.5,150,500,7,4,3050
small_emergency,18.4,5.54,12.07,8,4,0.5,150,500,6,4,2900
small_emergency,17.11,5.23,12.25,8,4,0.5,150,500,6,4,2900
small_emergency,17.02,7.97,12.57,8,4,0.5,150,500,5,3,2250
small_emergency,18.3,8.63,11.79,8,4,0.5,150,500,4,4,2600
small_emergency,12.94,7.5,14.07,8,4,0.5,150,500,4,3,2100
small_emergency,17.27,9.27,12.71,8,4,0.5,150,500,5,3,2250
small_emergency,14.44,8.82,13.86,8,4,0.5,150,500,4,3,2100
small_emergency,23.0,9.78,13.31,8,4,0.5,150,500,5,4,2750
small_emergency,14.59,5.7,10.78,8,4,0.5,150,500,7,3,2550
small_emergency,18.01,9.14,11.81,8,4,0.5,150,500,4,4,2600
small_emergency,17.32,5.17,10.85,8,4,0.5,150,500,6,4,2900
small_emergency,10.93,8.74,13.4,8,4,0.5,150,500,3,3,1950
small_emergency,21.55,9.17,13.1,8,4,0.5,150,500,5,4,2750
small_emergency,10.61,6.77,13.49,8,4,0.5,150,500,4,3,2100
small_emergency,26.33,7.82,14.15,8,4,0.5,150,500,6,4,2900
small_emergency,27.03,6.18,14.38,8,4,0.5,150,500,8,4,3200
small_emergency,17.6,6.25,11.53,8,4,0.5,150,500,5,4,2750
small_emergency,14.26,7.04,14.95,8,4,0.5,150,500,4,3,2100
small_emergency,14.43,9.41,10.99,8,4,0.5,150,500,4,3,2100
small_emergency,12.11,8.41,12.19,8,4,0.5,150,500,4,3,2100
small_emergency,20.21,5.18,12.26,8,4,0.5,150,500,7,4,3050
small_emergency,11.59,6.31,14.51,8,4,0.5,150,500,4,3,2100
small_emergency,30.21,8.52,14.54,8,4,0.5,150,500,7,4,3050
small_emergency,16.61,8.5,14.77,8,4,0.5,150,500,4,3,2100
small_emergency,12.45,5.78,10.38,8,4,0.5,150,500,5,3,2250
small_emergency,30.39,8.0,14.58,8,4,0.5,150,500,7,4,3050
small_emergency,10.76,7.06,14.01,8,4,0.5,150,500,6,2,1900
small_emergency,15.87,6.19,11.88,8,4,0.5,150,500,6,3,2400
small_emergency,24.02,7.71,13.86,8,4,0.5,150,500,6,4,2900
small_emergency,16.55,6.02,11.46,8,4,0.5,150,500,5,4,2750
small_emergency,21.8,9.84,14.62,8,4,0.5,150,500,6,3,2400
small_emergency,16.27,8.24,13.47,8,4,0.5,150,500,4,3,2100
small_emergency,26.63,9.24,13.94,8,4,0.5,150,500,6,4,2900
small_emergency,10.52,9.93,11.55,8,4,0.5,150,500,3,3,1950
small_emergency,18.08,9.4,14.15,8,4,0.5,150,500,4,3,2100
small_emergency,24.21,6.51,13.02,8,4,0.5,150,500,7,4,3050
small_emergency,18.14,7.37,14.13,8,4,0.5,150,500,5,3,2250
small_emergency,25.86,6.04,12.63,8,4,0.5,150,500,8,4,3200
small_emergency,20.67,7.85,13.89,8,4,0.5,150,500,5,4,2750
small_emergency,20.76,9.82,12.87,8,4,0.5,150,500,4,4,2600
small_emergency,13.05,7.33,11.03,8,4,0.5,150,500,4,3,2100
small_emergency,12.75,9.18,14.43,8,4,0.5,150,500,3,3,1950
small_emergency,24.49,5.28,14.17,8,4,0.5,150,500,8,4,3200
small_emergency,22.16,5.9,14.62,8,4,0.5,150,500,7,4,3050
small_emergency,23.33,6.7,13.83,8,4,0.5,150,500,6,4,2900
small_emergency,17.28,6.22,13.4,8,4,0.5,150,500,6,3,2400
small_emergency,16.64,9.67,14.76,8,4,0.5,150,500,4,3,2100
small_emergency,25.75,7.47,11.92,8,4,0.5,150,500,8,4,3200
small_emergency,12.17,7.57,10.87,8,4,0.5,150,500,4,3,2100
small_emergency,26.17,7.04,13.64,8,4,0.5,150,500,7,4,3050
small_emergency,16.93,6.08,13.61,8,4,0.5,150,500,6,3,2400
small_emergency,15.56,5.18,12.97,8,4,0.5,150,500,6,3,2400
small_emergency,21.42,9.39,10.9,8,4,0.5,150,500,5,4,2750
small_emergency,19.24,6.48,11.7,8,4,0.5,150,500,6,4,2900
small_emergency,22.53,8.12,12.87,8,4,0.5,150,500,5,4,2750
small_emergency,18.32,5.77,12.95,8,4,0.5,150,500,6,4,2900
small_emergency,24.63,6.23,12.4,8,4,0.5,150,500,8,4,3200
small_emergency,17.87,5.14,13.0,8,4,0.5,150,500,6,4,2900
small_emergency,19.69,5.6,12.78,8,4,0.5,150,500,6,4,2900
small_emergency,15.47,9.76,11.77,8,4,0.5,150,500,4,3,2100
small_emergency,21.54,9.48,12.81,8,4,0.5,150,500,5,4,2750
small_emergency,13.99,8.69,12.44,8,4,0.5,150,500,4,3,2100
small_emergency,24.53,6.65,13.0,8,4,0.5,150,500,7,4,3050
small_emergency,25.75,10.0,14.35,8,4,0.5,150,500,5,4,2750
small_emergency,10.86,7.93,11.1,8,4,0.5,150,500,3,3,1950
small_emergency,18.61,5.31,13.54,8,4,0.5,150,500,8,3,2700
small_emergency,23.86,7.77,13.68,8,4,0.5,150,500,6,4,2900
small_emergency,18.42,5.76,13.93,8,4,0.5,150,500,7,3,2550
small_emergency,17.92,9.04,12.41,8,4,0.5,150,500,5,3,2250
small_emergency,21.31,7.42,14.89,8,4,0.5,150,500,7,3,2550
small_emergency,18.57,8.43,11.04,8,4,0.5,150,500,5,4,2750
small_emergency,18.17,7.33,13.56,8,4,0.5,150,500,6,3,2400
small_emergency,25.83,5.42,14.14,8,4,0.5,150,500,8,4,3200
small_emergency,23.92,6.9,12.5,8,4,0.5,150,500,7,4,3050
small_emergency,15.64,9.01,13.78,8,4,0.5,150,500,4,3,2100
small_emergency,20.85,9.14,14.77,8,4,0.5,150,500,5,3,2250
small_emergency,14.42,9.02,14.83,8,4,0.5,150,500,4,3,2100
small_emergency,17.62,9.08,11.59,8,4,0.5,150,500,4,4,2600
small_emergency,16.68,6.58,13.3,8,4,0.5,150,500,5,3,2250
small_emergency,13.29,5.6,13.88,8,4,0.5,150,500,5,3,2250
small_emergency,22.19,8.25,13.57,8,4,0.5,150,500,5,4,2750
small_emergency,14.53,7.48,11.81,8,4,0.5,150,500,5,3,2250
small_emergency,17.23,6.24,11.98,8,4,0.5,150,500,5,4,2750
small_emergency,10.83,8.25,12.25,8,4,0.5,150,500,3,3,1950
small_emergency,19.14,5.77,10.96,8,4,0.5,150,500,6,4,2900
small_emergency,15.93,6.59,14.41,8,4,0.5,150,500,5,3,2250
small_emergency,15.92,9.73,10.37,8,4,0.5,150,500,4,4,2600
small_emergency,24.76,9.05,11.53,8,4,0.5,150,500,6,4,2900
small_emergency,13.1,8.89,12.6,8,4,0.5,150,500,4,3,2100
small_emergency,22.52,9.34,10.22,8,4,0.5,150,500,7,4,3050
small_emergency,23.58,7.15,13.86,8,4,0.5,150,500,6,4,2900
small_emergency,10.93,6.75,12.15,8,4,0.5,150,500,4,3,2100
small_emergency,19.15,5.31,10.77,8,4,0.5,150,500,7,4,3050
small_emergency,26.83,9.65,13.51,8,4,0.5,150,500,6,4,2900
small_emergency,15.22,9.59,11.76,8,4,0.5,150,500,4,3,2100
small_emergency,19.14,6.24,10.62,8,4,0.5,150,500,6,4,2900
small_emergency,21.95,7.53,10.13,8,4,0.5,150,500,8,4,3200
small_emergency,20.67,8.12,13.6,8,4,0.5,150,500,5,4,2750
small_emergency,19.44,7.37,13.46,8,4,0.5,150,500,7,3,2550
small_emergency,18.2,7.93,14.18,8,4,0.5,150,500,5,3,2250
small_emergency,13.63,5.56,10.35,8,4,0.5,150,500,6,3,2400
small_emergency,22.64,9.63,12.21,8,4,0.5,150,500,5,4,2750
small_emergency,11.55,6.52,13.78,8,4,0.5,150,500,4,3,2100
small_emergency,12.43,7.98,11.72,8,4,0.5,150,500,4,3,2100
small_emergency,20.19,9.42,11.55,8,4,0.5,150,500,5,4,2750
small_emergency,13.76,9.9,10.86,8,4,0.5,150,500,4,3,2100
small_emergency,13.72,7.1,11.67,8,4,0.5,150,500,4,3,2100
small_emergency,10.14,5.84,12.17,8,4,0.5,150,500,4,3,2100
small_emergency,28.39,6.04,14.99,8,4,0.5,150,500,8,4,3200
small_emergency,24.2,7.13,13.08,8,4,0.5,150,500,6,4,2900
small_emergency,20.29,6.46,10.72,8,4,0.5,150,500,6,4,2900
small_emergency,16.9,8.6,13.52,8,4,0.5,150,500,5,3,2250
small_emergency,15.07,6.36,11.62,8,4,0.5,150,500,5,3,2250
small_emergency,15.18,9.32,13.8,8,4,0.5,150,500,4,3,2100
small_emergency,21.02,7.91,11.63,8,4,0.5,150,500,5,4,2750
small_emergency,17.63,7.44,10.63,8,4,0.5,150,500,5,4,2750
small_emergency,13.29,9.08,14.43,8,4,0.5,150,500,4,3,2100
small_emergency,19.67,6.56,13.93,8,4,0.5,150,500,7,3,2550
small_emergency,14.0,8.67,11.78,8,4,0.5,150,500,4,3,2100
small_emergency,17.71,9.26,12.03,8,4,0.5,150,500,6,3,2400
small_emergency,18.12,7.25,14.25,8,4,0.5,150,500,5,3,2250
small_emergency,29.83,7.74,14.38,8,4,0.5,150,500,7,4,3050
small_emergency,10.09,8.74,13.39,8,4,0.5,150,500,4,2,1600
small_emergency,15.13,5.77,13.06,8,4,0.5,150,500,6,3,2400
small_emergency,14.49,7.46,14.33,8,4,0.5,150,500,4,3,2100
small_emergency,24.82,9.45,12.96,8,4,0.5,150,500,5,4,2750
small_emergency,12.59,7.48,14.25,8,4,0.5,150,500,4,3,2100
small_emergency,28.56,8.8,13.67,8,4,0.5,150,500,7,4,3050
small_emergency,24.66,5.59,14.22,8,4,0.5,150,500,8,4,3200
small_emergency,25.47,6.72,11.9,8,4,0.5,150,500,8,4,3200
small_emergency,11.91,5.12,10.64,8,4,0.5,150,500,5,3,2250
small_emergency,13.79,6.42,14.11,8,4,0.5,150,500,5,3,2250
small_emergency,12.04,6.02,12.26,8,4,0.5,150,500,4,3,2100
small_emergency,18.94,8.2,10.93,8,4,0.5,150,500,5,4,2750
small_emergency,14.06,8.38,12.01,8,4,0.5,150,500,4,3,2100
small_emergency,22.68,6.07,14.51,8,4,0.5,150,500,7,4,3050
small_emergency,12.64,9.7,13.78,8,4,0.5,150,500,3,3,1950
small_emergency,24.94,9.87,13.37,8,4,0.5,150,500,5,4,2750
small_emergency,16.51,9.91,11.12,8,4,0.5,150,500,6,3,2400
small_emergency,18.0,8.99,10.5,8,4,0.5,150,500,4,4,2600
small_emergency,15.29,8.9,12.38,8,4,0.5,150,500,4,3,2100
small_emergency,18.8,6.11,11.8,8,4,0.5,150,500,6,4,2900
small_emergency,14.43,6.15,11.03,8,4,0.5,150,500,6,3,2400
small_emergency,24.85,6.6,11.78,8,4,0.5,150,500,8,4,3200
small_emergency,22.76,7.35,13.7,8,4,0.5,150,500,6,4,2900
small_emergency,14.67,9.24,13.65,8,4,0.5,150,500,4,3,2100
small_emergency,13.49,6.58,10.03,8,4,0.5,150,500,5,3,2250
small_emergency,14.84,6.87,12.09,8,4,0.5,150,500,5,3,2250
small_emergency,10.8,9.17,11.23,8,4,0.5,150,500,3,3,1950
small_emergency,14.9,7.31,10.19,8,4,0.5,150,500,4,4,2600
small_emergency,15.97,6.36,10.21,8,4,0.5,150,500,5,4,2750
small_emergency,31.96,8.25,14.85,8,4,0.5,150,500,8,4,3200
small_emergency,28.67,8.92,14.53,8,4,0.5,150,500,6,4,2900
small_emergency,22.73,5.42,12.37,8,4,0.5,150,500,8,4,3200
small_emergency,11.57,8.9,14.97,8,4,0.5,150,500,4,2,1600
small_emergency,20.81,6.87,11.79,8,4,0.5,150,500,6,4,2900
small_emergency,21.44,9.98,14.47,8,4,0.5,150,500,6,3,2400
small_emergency,16.56,7.93,11.99,8,4,0.5,150,500,5,3,2250
small_emergency,28.77,6.44,14.9,8,4,0.5,150,500,8,4,3200
small_emergency,21.29,8.25,11.41,8,4,0.5,150,500,5,4,2750
small_emergency,18.9,7.18,10.57,8,4,0.5,150,500,5,4,2750
small_emergency,13.09,8.91,10.28,8,4,0.5,150,500,4,3,2100
small_emergency,20.82,9.19,12.15,8,4,0.5,150,500,5,4,2750
small_emergency,24.74,5.11,13.68,8,4,0.5,150,500,8,4,3200
small_emergency,26.1,6.62,12.35,8,4,0.5,150,500,8,4,3200
small_emergency,24.53,5.2,13.17,8,4,0.5,150,500,8,4,3200
small_emergency,10.64,6.51,12.97,8,4,0.5,150,500,4,3,2100
small_emergency,15.43,8.18,11.48,8,4,0.5,150,500,5,3,2250
small_emergency,17.98,6.72,11.19,8,4,0.5,150,500,5,4,2750
small_emergency,13.85,9.89,12.88,8,4,0.5,150,500,4,3,2100
small_emergency,21.63,6.1,13.78,8,4,0.5,150,500,6,4,2900
small_emergency,16.14,8.29,13.52,8,4,0.5,150,500,4,3,2100
small_emergency,26.74,9.26,14.23,8,4,0.5,150,500,6,4,2900
small_emergency,12.22,6.05,13.18,8,4,0.5,150,500,4,3,2100
small_emergency,25.15,7.83,12.22,8,4,0.5,150,500,7,4,3050
small_emergency,11.65,5.63,10.69,8,4,0.5,150,500,5,3,2250
small_emergency,14.39,8.33,13.11,8,4,0.5,150,500,4,3,2100
small_emergency,27.95,6.15,14.42,8,4,0.5,150,500,8,4,3200
small_emergency,14.89,5.01,10.58,8,4,0.5,150,500,6,4,2900
small_emergency,16.88,6.02,13.74,8,4,0.5,150,500,6,3,2400
small_emergency,25.62,6.93,12.78,8,4,0.5,150,500,7,4,3050
small_emergency,28.03,7.13,14.81,8,4,0.5,150,500,7,4,3050
small_emergency,16.99,7.71,13.13,8,4,0.5,150,500,5,3,2250
small_emergency,24.19,6.21,12.4,8,4,0.5,150,500,7,4,3050
small_emergency,13.49,9.96,10.76,8,4,0.5,150,500,4,3,2100
small_emergency,15.67,6.94,10.03,8,4,0.5,150,500,5,4,2750
small_emergency,18.88,8.19,14.15,8,4,0.5,150,500,5,3,2250
small_emergency,20.75,6.16,10.6,8,4,0.5,150,500,7,4,3050
small_emergency,25.23,9.81,11.99,8,4,0.5,150,500,6,4,2900
small_emergency,15.32,8.0,11.65,8,4,0.5,150,500,5,3,2250
small_emergency,16.35,8.36,10.02,8,4,0.5,150,500,4,4,2600
small_emergency,16.13,8.01,13.81,8,4,0.5,150,500,4,3,2100
small_emergency,22.29,5.88,11.07,8,4,0.5,150,500,8,4,3200
small_emergency,22.29,5.08,13.09,8,4,0.5,150,500,8,4,3200
small_emergency,10.35,7.37,14.01,8,4,0.5,150,500,4,2,1600
small_emergency,12.74,6.16,11.09,8,4,0.5,150,500,5,3,2250
small_emergency,21.44,6.11,12.31,8,4,0.5,150,500,7,4,3050
small_emergency,21.79,8.87,10.8,8,4,0.5,150,500,5,4,2750
small_emergency,21.84,6.2,12.55,8,4,0.5,150,500,7,4,3050
small_emergency,19.03,8.06,13.83,8,4,0.5,150,500,5,3,2250
small_emergency,13.15,5.88,14.11,8,4,0.5,150,500,5,3,2250
small_emergency,21.56,7.0,14.27,8,4,0.5,150,500,6,4,2900
small_emergency,14.63,9.45,14.15,8,4,0.5,150,500,4,3,2100
small_emergency,16.15,9.37,14.44,8,4,0.5,150,500,4,3,2100
small_emergency,20.53,7.38,11.4,8,4,0.5,150,500,6,4,2900
small_emergency,20.84,5.34,12.23,8,4,0.5,150,500,7,4,3050
small_emergency,32.09,8.68,14.62,8,4,0.5,150,500,8,4,3200
small_emergency,14.58,8.64,13.31,8,4,0.5,150,500,4,3,2100
small_emergency,17.22,6.08,10.42,8,4,0.5,150,500,6,4,2900
small_emergency,24.23,6.87,14.23,8,4,0.5,150,500,6,4,2900
small_emergency,18.38,6.02,14.77,8,4,0.5,150,500,6,3,2400
small_emergency,12.58,5.44,13.32,8,4,0.5,150,500,5,3,2250
small_emergency,21.3,7.11,10.79,8,4,0.5,150,500,6,4,2900
small_emergency,11.67,5.39,14.63,8,4,0.5,150,500,5,3,2250
small_emergency,15.1,7.78,11.23,8,4,0.5,150,500,5,3,2250
small_emergency,16.1,6.12,11.62,8,4,0.5,150,500,7,3,2550
small_emergency,15.17,5.38,11.68,8,4,0.5,150,500,6,3,2400
small_emergency,10.46,5.95,10.84,8,4,0.5,150,500,4,3,2100
small_emergency,17.35,5.55,11.35,8,4,0.5,150,500,6,4,2900
small_emergency,17.66,8.93,12.81,8,4,0.5,150,500,5,3,2250
small_emergency,18.23,6.1,13.81,8,4,0.5,150,500,6,3,2400
small_emergency,19.17,6.81,14.84,8,4,0.5,150,500,6,3,2400
small_emergency,11.1,8.19,14.64,8,4,0.5,150,500,4,2,1600
small_emergency,14.83,6.53,10.67,8,4,0.5,150,500,6,3,2400
small_emergency,12.88,9.51,12.02,8,4,0.5,150,500,3,3,1950
small_emergency,10.5,7.9,11.72,8,4,0.5,150,500,3,3,1950
small_emergency,12.26,5.36,11.24,8,4,0.5,150,500,5,3,2250
small_emergency,18.3,5.06,14.26,8,4,0.5,150,500,7,3,2550
small_emergency,11.77,9.49,11.01,8,4,0.5,150,500,3,3,1950
small_emergency,16.35,8.08,14.14,8,4,0.5,150,500,4,3,2100
small_emergency,21.3,8.37,12.96,8,4,0.5,150,500,5,4,2750
small_emergency,15.19,5.58,11.68,8,4,0.5,150,500,6,3,2400
small_emergency,17.45,9.53,11.78,8,4,0.5,150,500,6,3,2400
small_emergency,18.31,7.86,10.93,8,4,0.5,150,500,5,4,2750
small_emergency,15.13,6.7,14.9,8,4,0.5,150,500,5,3,2250
small_emergency,16.5,8.39,10.34,8,4,0.5,150,500,4,4,2600
small_emergency,13.96,7.66,12.71,8,4,0.5,150,500,4,3,2100
small_emergency,24.35,8.57,13.03,8,4,0.5,150,500,6,4,2900
small_emergency,18.04,6.17,13.3,8,4,0.5,150,500,7,3,2550
small_emergency,17.59,7.31,14.03,8,4,0.5,150,500,5,3,2250
small_emergency,21.0,8.23,10.5,8,4,0.5,150,500,6,4,2900
small_emergency,24.77,5.49,13.84,8,4,0.5,150,500,8,4,3200
small_emergency,12.68,9.22,10.69,8,4,0.5,150,500,4,3,2100
small_emergency,14.96,9.33,13.27,8,4,0.5,150,500,4,3,2100
small_emergency,18.97,7.8,10.44,8,4,0.5,150,500,5,4,2750
small_emergency,15.85,7.14,10.78,8,4,0.5,150,500,5,4,2750
small_emergency,17.19,8.1,12.83,8,4,0.5,150,500,5,3,2250
small_emergency,14.06,8.6,14.06,8,4,0.5,150,500,4,3,2100
small_emergency,21.76,8.61,11.15,8,4,0.5,150,500,5,4,2750
small_emergency,21.15,6.13,11.29,8,4,0.5,150,500,7,4,3050
small_emergency,12.64,8.45,13.19,8,4,0.5,150,500,4,3,2100
small_emergency,18.6,8.2,14.75,8,4,0.5,150,500,5,3,2250
small_emergency,16.06,8.49,10.22,8,4,0.5,150,500,4,4,2600
small_emergency,18.31,8.06,13.85,8,4,0.5,150,500,5,3,2250
small_emergency,25.57,6.83,14.23,8,4,0.5,150,500,7,4,3050
small_emergency,25.63,8.38,14.25,8,4,0.5,150,500,6,4,2900
small_emergency,15.47,8.31,14.83,8,4,0.5,150,500,4,3,2100
small_emergency,17.74,9.15,14.83,8,4,0.5,150,500,4,3,2100
small_emergency,21.07,9.25,12.89,8,4,0.5,150,500,5,4,2750
small_emergency,22.92,5.31,14.42,8,4,0.5,150,500,7,4,3050
small_emergency,13.2,6.41,10.4,8,4,0.5,150,500,5,3,2250
small_emergency,19.59,5.41,11.39,8,4,0.5,150,500,7,4,3050
small_emergency,16.08,5.17,11.67,8,4,0.5,150,500,6,4,2900
small_emergency,25.26,5.74,14.79,8,4,0.5,150,500,8,4,3200
small_emergency,20.1,7.53,10.73,8,4,0.5,150,500,6,4,2900
small_emergency,13.12,6.02,12.42,8,4,0.5,150,500,5,3,2250
small_emergency,23.05,7.01,12.86,8,4,0.5,150,500,6,4,2900
small_emergency,15.13,7.42,10.68,8,4,0.5,150,500,6,3,2400
small_emergency,25.76,7.49,12.17,8,4,0.5,150,500,7,4,3050
small_emergency,29.07,6.46,14.58,8,4,0.5,150,500,8,4,3200
small_emergency,20.18,5.82,11.38,8,4,0.5,150,500,7,4,3050
small_emergency,18.42,9.95,13.99,8,4,0.5,150,500,4,3,2100
small_emergency,22.54,9.13,13.23,8,4,0.5,150,500,5,4,2750
small_emergency,18.13,5.37,14.52,8,4,0.5,150,500,7,3,2550
small_emergency,25.47,8.28,14.68,8,4,0.5,150,500,6,4,2900
small_emergency,20.47,6.16,12.86,8,4,0.5,150,500,6,4,2900
small_emergency,18.64,6.4,10.51,8,4,0.5,150,500,6,4,2900
small_emergency,10.32,8.76,10.22,8,4,0.5,150,500,3,3,1950
small_emergency,30.46,7.08,14.33,8,4,0.5,150,500,8,4,3200
small_emergency,22.35,7.5,13.32,8,4,0.5,150,500,6,4,2900
small_emergency,16.21,7.71,12.2,8,4,0.5,150,500,5,3,2250
small_emergency,25.56,9.58,12.46,8,4,0.5,150,500,6,4,2900
small_emergency,16.21,7.35,11.02,8,4,0.5,150,500,5,4,2750
small_emergency,19.72,7.62,12.53,8,4,0.5,150,500,5,4,2750
small_emergency,12.02,8.76,13.06,8,4,0.5,150,500,3,3,1950
small_emergency,25.63,8.28,14.83,8,4,0.5,150,500,6,4,2900
small_emergency,17.8,6.34,14.37,8,4,0.5,150,500,6,3,2400
small_emergency,18.57,7.82,12.94,8,4,0.5,150,500,6,3,2400
small_emergency,23.53,7.61,13.66,8,4,0.5,150,500,6,4,2900
small_emergency,25.6,8.27,13.45,8,4,0.5,150,500,6,4,2900
small_emergency,24.78,9.42,13.36,8,4,0.5,150,500,5,4,2750
small_emergency,16.77,8.94,12.56,8,4,0.5,150,500,5,3,2250
small_emergency,29.57,9.64,13.99,8,4,0.5,150,500,6,4,2900
small_emergency,27.61,5.82,14.24,8,4,0.5,150,500,8,4,3200
small_emergency,22.67,9.37,10.45,8,4,0.5,150,500,6,4,2900
small_emergency,25.98,9.18,12.48,8,4,0.5,150,500,6,4,2900
small_emergency,28.94,7.68,13.74,8,4,0.5,150,500,7,4,3050
small_emergency,27.57,6.1,13.82,8,4,0.5,150,500,8,4,3200
small_emergency,11.19,7.89,14.38,8,4,0.5,150,500,5,2,1750
small_emergency,22.38,7.2,14.2,8,4,0.5,150,500,6,4,2900
small_emergency,21.78,7.76,12.07,8,4,0.5,150,500,6,4,2900
small_emergency,24.46,8.63,13.63,8,4,0.5,150,500,6,4,2900
small_emergency,25.66,9.19,12.22,8,4,0.5,150,500,6,4,2900
small_emergency,20.96,9.07,11.66,8,4,0.5,150,500,5,4,2750
small_emergency,18.74,8.52,11.81,8,4,0.5,150,500,5,4,2750
small_emergency,13.16,5.49,12.95,8,4,0.5,150,500,5,3,2250
small_emergency,21.54,8.96,13.28,8,4,0.5,150,500,5,4,2750
small_emergency,22.18,8.67,12.84,8,4,0.5,150,500,5,4,2750
small_emergency,18.98,9.99,11.54,8,4,0.5,150,500,4,4,2600
small_emergency,12.9,5.91,14.53,8,4,0.5,150,500,5,3,2250
small_emergency,21.09,6.56,14.39,8,4,0.5,150,500,6,4,2900
small_emergency,23.65,8.15,11.62,8,4,0.5,150,500,6,4,2900
small_emergency,15.51,6.13,12.44,8,4,0.5,150,500,6,3,2400
small_emergency,19.31,8.06,11.59,8,4,0.5,150,500,5,4,2750
small_emergency,15.22,6.8,10.72,8,4,0.5,150,500,7,3,2550
small_emergency,23.82,9.16,11.19,8,4,0.5,150,500,6,4,2900
small_emergency,21.9,5.97,14.2,8,4,0.5,150,500,7,4,3050
small_emergency,18.38,8.67,13.46,8,4,0.5,150,500,5,3,2250
small_emergency,16.06,5.01,14.6,8,4,0.5,150,500,6,3,2400
small_emergency,10.66,6.95,11.42,8,4,0.5,150,500,4,3,2100
small_emergency,23.63,9.52,13.79,8,4,0.5,150,500,5,4,2750
small_emergency,16.56,6.03,11.74,8,4,0.5,150,500,8,3,2700
small_emergency,24.61,6.79,12.86,8,4,0.5,150,500,7,4,3050
small_emergency,24.63,5.72,12.27,8,4,0.5,150,500,8,4,3200
small_emergency,11.71,8.97,13.77,8,4,0.5,150,500,3,3,1950
small_emergency,17.45,7.48,13.65,8,4,0.5,150,500,5,3,2250
small_emergency,21.48,9.68,13.36,8,4,0.5,150,500,5,4,2750
small_emergency,17.22,5.81,10.4,8,4,0.5,150,500,6,4,2900
small_emergency,14.42,8.96,10.82,8,4,0.5,150,500,4,3,2100
small_emergency,12.64,8.41,14.81,8,4,0.5,150,500,4,3,2100
small_emergency,25.06,7.4,11.62,8,4,0.5,150,500,8,4,3200
small_emergency,16.83,7.62,11.54,8,4,0.5,150,500,8,3,2700
small_emergency,13.38,8.69,13.54,8,4,0.5,150,500,4,3,2100
small_emergency,24.7,8.29,14.43,8,4,0.5,150,500,6,4,2900
small_emergency,14.27,8.12,14.83,8,4,0.5,150,500,4,3,2100
small_emergency,19.31,7.76,13.96,8,4,0.5,150,500,6,3,2400
small_emergency,19.36,9.07,14.13,8,4,0.5,150,500,5,3,2250
small_emergency,23.99,5.49,12.26,8,4,0.5,150,500,8,4,3200
small_emergency,12.07,9.88,10.1,8,4,0.5,150,500,3,3,1950
small_emergency,14.45,6.04,13.87,8,4,0.5,150,500,5,3,2250
small_emergency,16.17,7.77,11.23,8,4,0.5,150,500,6,3,2400
small_emergency,21.29,5.95,14.56,8,4,0.5,150,500,6,4,2900
small_emergency,12.8,9.88,12.52,8,4,0.5,150,500,3,3,1950
small_emergency,24.07,6.63,13.04,8,4,0.5,150,500,7,4,3050
small_emergency,20.06,6.67,12.44,8,4,0.5,150,500,6,4,2900
small_emergency,15.48,6.34,11.0,8,4,0.5,150,500,7,3,2550
small_emergency,22.22,8.41,11.4,8,4,0.5,150,500,6,4,2900
small_emergency,10.76,9.1,14.17,8,4,0.5,150,500,4,2,1600
small_emergency,23.24,9.9,10.9,8,4,0.5,150,500,6,4,2900
small_emergency,22.36,8.0,14.59,8,4,0.5,150,500,5,4,2750
small_emergency,24.38,7.29,11.29,8,4,0.5,150,500,8,4,3200
small_emergency,24.88,6.93,13.78,8,4,0.5,150,500,7,4,3050
small_emergency,10.53,7.43,10.75,8,4,0.5,150,500,4,3,2100
small_emergency,20.81,9.7,14.59,8,4,0.5,150,500,5,3,2250
small_emergency,14.88,5.83,14.59,8,4,0.5,150,500,5,3,2250
small_emergency,15.94,5.25,10.06,8,4,0.5,150,500,6,4,2900
small_emergency,16.97,8.0,12.66,8,4,0.5,150,500,5,3,2250
small_emergency,28.64,9.78,14.63,8,4,0.5,150,500,6,4,2900
small_emergency,18.99,7.54,14.13,8,4,0.5,150,500,6,3,2400
small_emergency,24.72,8.28,14.98,8,4,0.5,150,500,6,4,2900
small_emergency,16.63,8.96,12.93,8,4,0.5,150,500,4,3,2100
small_emergency,13.27,7.59,13.59,8,4,0.5,150,500,4,3,2100
small_emergency,25.18,7.87,14.28,8,4,0.5,150,500,6,4,2900
small_emergency,12.94,7.65,14.16,8,4,0.5,150,500,4,3,2100
small_emergency,19.1,9.62,13.54,8,4,0.5,150,500,5,3,2250
small_emergency,11.25,8.17,11.84,8,4,0.5,150,500,3,3,1950
small_emergency,17.34,8.42,13.05,8,4,0.5,150,500,5,3,2250
small_emergency,17.85,9.58,14.74,8,4,0.5,150,500,4,3,2100
small_emergency,11.56,5.5,11.53,8,4,0.5,150,500,5,3,2250
small_emergency,14.48,7.23,14.3,8,4,0.5,150,500,4,3,2100
small_emergency,11.18,9.63,14.89,8,4,0.5,150,500,4,2,1600
small_emergency,21.34,5.43,14.49,8,4,0.5,150,500,7,4,3050
small_emergency,12.09,5.11,10.3,8,4,0.5,150,500,5,3,2250
small_emergency,15.69,7.16,12.61,8,4,0.5,150,500,5,3,2250
small_emergency,18.53,7.0,14.23,8,4,0.5,150,500,6,3,2400
small_emergency,22.28,8.43,14.67,8,4,0.5,150,500,5,4,2750
small_emergency,10.65,9.39,11.18,8,4,0.5,150,500,3,3,1950
small_emergency,29.63,9.95,13.38,8,4,0.5,150,500,7,4,3050
small_emergency,25.32,8.16,13.51,8,4,0.5,150,500,6,4,2900
small_emergency,12.33,5.93,10.36,8,4,0.5,150,500,5,3,2250
small_emergency,13.54,8.85,14.7,8,4,0.5,150,500,4,3,2100
small_emergency,11.91,9.97,13.27,8,4,0.5,150,500,3,3,1950
small_emergency,10.65,6.96,10.47,8,4,0.5,150,500,4,3,2100
small_emergency,20.7,5.06,13.19,8,4,0.5,150,500,7,4,3050
small_emergency,18.85,5.15,14.17,8,4,0.5,150,500,8,3,2700
small_emergency,23.72,9.41,14.48,8,4,0.5,150,500,5,4,2750
small_emergency,19.57,9.14,14.62,8,4,0.5,150,500,5,3,2250
small_emergency,14.52,5.34,11.31,8,4,0.5,150,500,6,3,2400
small_emergency,21.06,7.41,11.82,8,4,0.5,150,500,6,4,2900
small_emergency,16.91,7.52,14.66,8,4,0.5,150,500,5,3,2250
small_emergency,14.2,8.03,14.56,8,4,0.5,150,500,4,3,2100
small_emergency,20.77,5.82,10.79,8,4,0.5,150,500,7,4,3050
small_emergency,14.55,8.08,13.27,8,4,0.5,150,500,4,3,2100
small_emergency,15.32,7.35,12.23,8,4,0.5,150,500,5,3,2250
small_emergency,16.72,9.69,12.94,8,4,0.5,150,500,4,3,2100
small_emergency,12.71,5.27,12.85,8,4,0.5,150,500,5,3,2250
small_emergency,29.86,8.98,13.45,8,4,0.5,150,500,8,4,3200
small_emergency,11.89,9.86,14.26,8,4,0.5,150,500,3,3,1950
small_emergency,15.32,7.59,10.05,8,4,0.5,150,500,4,4,2600
small_emergency,25.52,9.0,11.67,8,4,0.5,150,500,7,4,3050
small_emergency,12.76,6.4,13.99,8,4,0.5,150,500,4,3,2100
small_emergency,18.33,8.42,13.19,8,4,0.5,150,500,5,3,2250
small_emergency,27.67,7.39,14.81,8,4,0.5,150,500,7,4,3050
small_emergency,14.66,7.55,13.13,8,4,0.5,150,500,4,3,2100
small_emergency,14.34,9.81,12.89,8,4,0.5,150,500,4,3,2100
small_emergency,19.59,5.5,14.95,8,4,0.5,150,500,7,3,2550
small_emergency,24.81,8.68,11.92,8,4,0.5,150,500,6,4,2900
small_emergency,16.2,7.78,12.78,8,4,0.5,150,500,5,3,2250
small_emergency,22.43,9.06,10.5,8,4,0.5,150,500,6,4,2900
small_emergency,10.07,8.7,14.97,8,4,0.5,150,500,3,2,1450
small_emergency,18.78,9.02,11.68,8,4,0.5,150,500,4,4,2600
small_emergency,12.3,9.42,13.04,8,4,0.5,150,500,3,3,1950
small_emergency,14.75,8.4,10.75,8,4,0.5,150,500,5,3,2250
small_emergency,27.17,9.88,13.54,8,4,0.5,150,500,6,4,2900
small_emergency,10.32,5.15,11.3,8,4,0.5,150,500,5,3,2250
small_emergency,13.68,8.17,11.91,8,4,0.5,150,500,4,3,2100
small_emergency,17.94,9.31,10.62,8,4,0.5,150,500,4,4,2600
small_emergency,10.54,6.14,13.97,8,4,0.5,150,500,4,3,2100
small_emergency,11.91,9.8,10.07,8,4,0.5,150,500,3,3,1950
small_emergency,14.23,5.95,12.36,8,4,0.5,150,500,5,3,2250
small_emergency,18.62,5.25,11.66,8,4,0.5,150,500,7,4,3050
small_emergency,15.64,7.83,12.99,8,4,0.5,150,500,5,3,2250
small_emergency,27.66,6.64,14.98,8,4,0.5,150,500,7,4,3050
small_emergency,19.71,8.48,14.17,8,4,0.5,150,500,5,3,2250
small_emergency,22.19,8.73,11.48,8,4,0.5,150,500,5,4,2750
small_emergency,22.75,6.01,10.91,8,4,0.5,150,500,8,4,3200
small_emergency,22.43,8.08,13.31,8,4,0.5,150,500,5,4,2750
small_emergency,21.24,9.98,11.72,8,4,0.5,150,500,5,4,2750
small_emergency,14.91,6.6,10.22,8,4,0.5,150,500,5,4,2750
small_emergency,19.77,6.06,14.55,8,4,0.5,150,500,7,3,2550
small_emergency,22.31,7.99,12.69,8,4,0.5,150,500,5,4,2750
small_emergency,20.04,9.35,14.32,8,4,0.5,150,500,5,3,2250
small_emergency,18.57,5.98,14.44,8,4,0.5,150,500,6,3,2400
small_emergency,15.22,9.13,13.51,8,4,0.5,150,500,4,3,2100
small_emergency,21.08,7.19,10.8,8,4,0.5,150,500,6,4,2900
small_emergency,11.77,9.15,12.1,8,4,0.5,150,500,3,3,1950
small_emergency,17.12,5.48,13.76,8,4,0.5,150,500,6,3,2400
small_emergency,23.56,7.39,14.82,8,4,0.5,150,500,6,4,2900
small_emergency,20.32,5.09,14.22,8,4,0.5,150,500,7,4,3050
small_emergency,19.36,9.24,14.95,8,4,0.5,150,500,5,3,2250
small_emergency,19.37,9.98,13.65,8,4,0.5,150,500,5,3,2250
small_emergency,17.48,5.15,14.47,8,4,0.5,150,500,7,3,2550
small_emergency,12.9,9.94,11.38,8,4,0.5,150,500,3,3,1950
small_emergency,18.95,9.21,11.61,8,4,0.5,150,500,4,4,2600
small_emergency,20.2,6.14,10.75,8,4,0.5,150,500,7,4,3050
small_emergency,11.16,8.55,13.11,8,4,0.5,150,500,3,3,1950
small_emergency,20.19,7.54,11.09,8,4,0.5,150,500,5,4,2750
small_emergency,14.28,5.15,12.26,8,4,0.5,150,500,6,3,2400
small_emergency,16.94,5.76,11.26,8,4,0.5,150,500,6,4,2900
small_emergency,16.78,5.33,10.14,8,4,0.5,150,500,6,4,2900
small_emergency,16.51,9.14,13.49,8,4,0.5,150,500,4,3,2100
small_emergency,10.94,7.96,10.91,8,4,0.5,150,500,4,3,2100
small_emergency,16.58,8.26,12.4,8,4,0.5,150,500,5,3,2250
small_emergency,18.2,7.77,10.02,8,4,0.5,150,500,5,4,2750
small_emergency,10.6,5.04,11.06,8,4,0.5,150,500,5,3,2250
small_emergency,12.51,7.95,10.19,8,4,0.5,150,500,4,3,2100
small_emergency,25.55,9.96,11.4,8,4,0.5,150,500,8,4,3200
small_emergency,24.16,6.74,13.42,8,4,0.5,150,500,7,4,3050
small_emergency,30.38,8.81,14.62,8,4,0.5,150,500,7,4,3050
small_emergency,28.9,7.86,14.11,8,4,0.5,150,500,7,4,3050
small_emergency,22.25,8.42,10.93,8,4,0.5,150,500,6,4,2900
small_emergency,11.18,9.55,11.62,8,4,0.5,150,500,3,3,1950
small_emergency,12.33,9.1,10.82,8,4,0.5,150,500,4,3,2100
small_emergency,20.27,8.14,11.26,8,4,0.5,150,500,5,4,2750
small_emergency,15.98,5.57,13.96,8,4,0.5,150,500,6,3,2400
small_emergency,16.43,5.98,10.1,8,4,0.5,150,500,6,4,2900
small_emergency,28.07,8.98,14.41,8,4,0.5,150,500,6,4,2900
small_emergency,10.54,7.73,10.14,8,4,0.5,150,500,4,3,2100
small_emergency,19.37,6.0,13.16,8,4,0.5,150,500,6,4,2900
small_emergency,23.39,9.95,13.97,8,4,0.5,150,500,5,4,2750
small_emergency,18.26,6.19,10.42,8,4,0.5,150,500,6,4,2900
small_emergency,10.46,9.1,10.3,8,4,0.5,150,500,3,3,1950
small_emergency,10.89,8.39,13.6,8,4,0.5,150,500,3,3,1950
small_emergency,10.43,8.53,11.79,8,4,0.5,150,500,3,3,1950
small_emergency,16.53,7.12,13.7,8,4,0.5,150,500,5,3,2250
small_emergency,31.18,7.15,14.67,8,4,0.5,150,500,8,4,3200
small_emergency,21.77,7.82,12.03,8,4,0.5,150,500,6,4,2900
small_emergency,26.62,8.52,14.19,8,4,0.5,150,500,6,4,2900
small_emergency,14.01,6.87,14.92,8,4,0.5,150,500,4,3,2100
small_emergency,27.7,6.45,13.47,8,4,0.5,150,500,8,4,3200
small_emergency,19.65,6.19,12.45,8,4,0.5,150,500,6,4,2900
small_emergency,11.2,6.34,12.59,8,4,0.5,150,500,4,3,2100
small_emergency,25.09,7.89,13.92,8,4,0.5,150,500,6,4,2900
small_emergency,12.3,6.3,12.58,8,4,0.5,150,500,4,3,2100
small_emergency,13.53,8.54,10.47,8,4,0.5,150,500,4,3,2100
small_emergency,12.64,8.08,10.6,8,4,0.5,150,500,4,3,2100
small_emergency,26.62,6.33,12.82,8,4,0.5,150,500,8,4,3200
small_emergency,20.56,7.28,10.44,8,4,0.5,150,500,6,4,2900
small_emergency,19.22,5.0,14.65,8,4,0.5,150,500,8,3,2700
small_emergency,24.29,9.27,14.07,8,4,0.5,150,500,5,4,2750
small_emergency,28.43,9.01,13.22,8,4,0.5,150,500,7,4,3050
small_emergency,17.45,8.29,11.21,8,4,0.5,150,500,4,4,2600
small_emergency,15.07,9.12,10.1,8,4,0.5,150,500,4,4,2600
small_emergency,17.13,7.88,14.93,8,4,0.5,150,500,5,3,2250
small_emergency,17.59,6.65,13.34,8,4,0.5,150,500,6,3,2400
small_emergency,17.99,7.58,13.81,8,4,0.5,150,500,5,3,2250
small_emergency,28.9,7.89,13.23,8,4,0.5,150,500,8,4,3200
small_emergency,25.62,6.94,12.43,8,4,0.5,150,500,7,4,3050
small_emergency,21.85,6.44,14.67,8,4,0.5,150,500,6,4,2900
small_emergency,23.75,7.69,12.18,8,4,0.5,150,500,6,4,2900
small_emergency,11.75,9.26,10.14,8,4,0.5,150,500,3,3,1950
small_emergency,17.19,9.3,14.03,8,4,0.5,150,500,4,3,2100
small_emergency,14.21,8.9,13.62,8,4,0.5,150,500,4,3,2100
small_emergency,19.05,6.77,11.55,8,4,0.5,150,500,6,4,2900
small_emergency,23.79,6.56,12.16,8,4,0.5,150,500,7,4,3050
small_emergency,15.15,8.25,14.1,8,4,0.5,150,500,4,3,2100
small_emergency,19.51,6.19,11.59,8,4,0.5,150,500,6,4,2900
small_emergency,15.21,7.11,12.18,8,4,0.5,150,500,5,3,2250
small_emergency,17.79,5.88,11.61,8,4,0.5,150,500,6,4,2900
small_emergency,11.26,9.71,14.12,8,4,0.5,150,500,5,2,1750
small_emergency,15.51,7.57,13.27,8,4,0.5,150,500,5,3,2250
small_emergency,23.33,6.21,12.57,8,4,0.5,150,500,7,4,3050
small_emergency,23.6,7.84,12.65,8,4,0.5,150,500,6,4,2900
small_emergency,19.8,8.41,14.85,8,4,0.5,150,500,5,3,2250
small_emergency,21.75,8.65,10.84,8,4,0.5,150,500,5,4,2750
small_emergency,19.77,6.07,14.82,8,4,0.5,150,500,7,3,2550
small_emergency,25.42,9.52,13.97,8,4,0.5,150,500,5,4,2750
small_emergency,12.73,9.37,10.28,8,4,0.5,150,500,4,3,2100
small_emergency,18.29,5.87,12.56,8,4,0.5,150,500,6,4,2900
small_emergency,10.94,6.94,13.64,8,4,0.5,150,500,4,3,2100
small_emergency,22.61,7.36,12.64,8,4,0.5,150,500,6,4,2900
small_emergency,17.53,9.79,10.9,8,4,0.5,150,500,4,4,2600
small_emergency,14.69,8.26,14.59,8,4,0.5,150,500,4,3,2100
small_emergency,15.07,5.54,14.02,8,4,0.5,150,500,6,3,2400
small_emergency,16.7,9.75,13.78,8,4,0.5,150,500,4,3,2100
small_emergency,20.75,7.88,14.89,8,4,0.5,150,500,6,3,2400
small_emergency,23.72,7.28,12.37,8,4,0.5,150,500,6,4,2900
small_emergency,20.41,5.17,12.64,8,4,0.5,150,500,7,4,3050
small_emergency,16.08,9.38,10.66,8,4,0.5,150,500,4,4,2600
small_emergency,23.96,7.71,11.02,8,4,0.5,150,500,8,4,3200
small_emergency,18.76,8.44,13.32,8,4,0.5,150,500,5,3,2250
small_emergency,11.47,8.89,12.19,8,4,0.5,150,500,3,3,1950
small_emergency,15.43,5.36,12.48,8,4,0.5,150,500,6,3,2400
small_emergency,23.38,6.04,11.42,8,4,0.5,150,500,8,4,3200
small_emergency,26.1,6.7,12.77,8,4,0.5,150,500,8,4,3200
small_emergency,17.44,9.59,13.33,8,4,0.5,150,500,4,3,2100
small_emergency,10.51,6.1,13.77,8,4,0.5,150,500,4,3,2100
small_emergency,17.58,7.12,12.57,8,4,0.5,150,500,6,3,2400
small_emergency,27.2,7.26,13.8,8,4,0.5,150,500,7,4,3050
small_emergency,17.65,9.85,12.13,8,4,0.5,150,500,5,3,2250
small_emergency,18.63,8.57,10.37,8,4,0.5,150,500,5,4,2750
small_emergency,14.84,9.12,11.6,8,4,0.5,150,500,4,3,2100
small_emergency,11.41,7.86,11.56,8,4,0.5,150,500,4,3,2100
small_emergency,14.12,7.68,14.49,8,4,0.5,150,500,4,3,2100
small_emergency,20.15,7.42,13.01,8,4,0.5,150,500,5,4,2750
small_emergency,24.79,8.45,12.97,8,4,0.5,150,500,6,4,2900
small_emergency,10.21,8.22,14.22,8,4,0.5,150,500,4,2,1600
small_emergency,27.05,6.22,13.15,8,4,0.5,150,500,8,4,3200
small_emergency,20.44,6.92,12.41,8,4,0.5,150,500,6,4,2900
small_emergency,21.09,6.29,12.2,8,4,0.5,150,500,6,4,2900
small_emergency,16.96,5.63,14.04,8,4,0.5,150,500,6,3,2400
small_emergency,11.84,7.92,13.78,8,4,0.5,150,500,4,3,2100
small_emergency,19.37,6.06,10.37,8,4,0.5,150,500,6,4,2900
small_emergency,21.87,5.39,14.26,8,4,0.5,150,500,7,4,3050
small_emergency,22.08,8.94,11.5,8,4,0.5,150,500,5,4,2750
small_emergency,20.1,9.06,12.29,8,4,0.5,150,500,5,4,2750
small_emergency,26.14,7.3,12.65,8,4,0.5,150,500,7,4,3050
small_emergency,22.7,9.11,13.89,8,4,0.5,150,500,5,4,2750
small_emergency,18.0,8.94,13.26,8,4,0.5,150,500,5,3,2250
small_emergency,16.14,6.22,13.71,8,4,0.5,150,500,5,3,2250
small_emergency,23.3,5.93,11.15,8,4,0.5,150,500,8,4,3200
small_emergency,25.78,7.74,14.62,8,4,0.5,150,500,6,4,2900
small_emergency,19.81,7.07,13.41,8,4,0.5,150,500,5,4,2750
small_emergency,19.07,7.78,11.03,8,4,0.5,150,500,5,4,2750
small_emergency,21.93,7.92,14.21,8,4,0.5,150,500,5,4,2750
small_emergency,23.8,7.66,11.43,8,4,0.5,150,500,7,4,3050
small_emergency,18.29,8.13,11.65,8,4,0.5,150,500,5,4,2750
small_emergency,10.73,9.68,11.4,8,4,0.5,150,500,3,3,1950
small_emergency,19.48,5.4,13.89,8,4,0.5,150,500,6,4,2900
small_emergency,21.68,8.92,10.5,8,4,0.5,150,500,5,4,2750
small_emergency,15.34,7.88,12.66,8,4,0.5,150,500,4,3,2100
small_emergency,17.84,8.55,11.5,8,4,0.5,150,500,4,4,2600
small_emergency,26.6,7.22,14.8,8,4,0.5,150,500,7,4,3050
small_emergency,12.45,6.34,12.64,8,4,0.5,150,500,4,3,2100
small_emergency,11.13,6.89,11.85,8,4,0.5,150,500,4,3,2100
small_emergency,33.26,8.95,14.93,8,4,0.5,150,500,8,4,3200
small_emergency,13.97,6.84,12.03,8,4,0.5,150,500,5,3,2250
small_emergency,21.79,9.89,12.66,8,4,0.5,150,500,5,4,2750
small_emergency,11.07,6.4,11.7,8,4,0.5,150,500,4,3,2100
small_emergency,25.3,5.7,12.69,8,4,0.5,150,500,8,4,3200
small_emergency,11.39,7.49,11.78,8,4,0.5,150,500,4,3,2100
small_emergency,22.76,8.37,12.84,8,4,0.5,150,500,5,4,2750
small_emergency,26.79,7.42,13.59,8,4,0.5,150,500,7,4,3050
small_emergency,18.62,7.31,11.24,8,4,0.5,150,500,5,4,2750
small_emergency,27.43,8.88,14.9,8,4,0.5,150,500,6,4,2900
small_emergency,13.33,9.04,14.96,8,4,0.5,150,500,4,3,2100
small_emergency,19.73,8.23,13.34,8,4,0.5,150,500,7,3,2550
small_emergency,25.22,8.34,11.89,8,4,0.5,150,500,7,4,3050
small_emergency,20.96,5.4,13.79,8,4,0.5,150,500,7,4,3050
small_emergency,24.98,9.89,12.95,8,4,0.5,150,500,5,4,2750
small_emergency,26.59,7.3,14.89,8,4,0.5,150,500,7,4,3050
small_emergency,10.64,5.71,10.3,8,4,0.5,150,500,4,3,2100
small_emergency,26.42,7.02,13.99,8,4,0.5,150,500,7,4,3050
small_emergency,17.57,6.96,11.25,8,4,0.5,150,500,5,4,2750
small_emergency,23.02,8.48,12.34,8,4,0.5,150,500,5,4,2750
small_emergency,20.04,5.13,10.21,8,4,0.5,150,500,8,4,3200
small_emergency,20.32,6.66,12.05,8,4,0.5,150,500,6,4,2900
small_emergency,22.55,8.92,12.79,8,4,0.5,150,500,5,4,2750
small_emergency,19.59,7.06,14.11,8,4,0.5,150,500,6,3,2400
small_emergency,22.02,9.13,14.19,8,4,0.5,150,500,5,4,2750
small_emergency,14.54,9.72,13.62,8,4,0.5,150,500,4,3,2100
small_emergency,24.35,6.08,13.04,8,4,0.5,150,500,7,4,3050
small_emergency,26.13,6.1,12.93,8,4,0.5,150,500,8,4,3200
small_emergency,18.86,6.88,13.85,8,4,0.5,150,500,6,3,2400
small_emergency,22.02,8.95,12.1,8,4,0.5,150,500,5,4,2750
small_emergency,18.0,8.45,14.04,8,4,0.5,150,500,5,3,2250
small_emergency,26.69,5.97,13.64,8,4,0.5,150,500,8,4,3200
small_emergency,25.29,8.32,12.34,8,4,0.5,150,500,6,4,2900
small_emergency,12.93,6.99,11.49,8,4,0.5,150,500,4,3,2100
small_emergency,21.76,6.08,11.6,8,4,0.5,150,500,7,4,3050
small_emergency,21.57,8.78,11.4,8,4,0.5,150,500,5,4,2750
small_emergency,12.9,5.05,14.15,8,4,0.5,150,500,5,3,2250
small_emergency,19.55,8.58,12.78,8,4,0.5,150,500,5,4,2750
small_emergency,23.69,7.12,13.6,8,4,0.5,150,500,6,4,2900
small_emergency,18.43,7.2,11.99,8,4,0.5,150,500,5,4,2750
small_emergency,29.81,7.56,14.82,8,4,0.5,150,500,7,4,3050
small_emergency,10.13,7.39,11.53,8,4,0.5,150,500,3,3,1950
small_emergency,16.57,6.21,13.86,8,4,0.5,150,500,6,3,2400
small_emergency,12.69,7.92,14.93,8,4,0.5,150,500,4,3,2100
small_emergency,19.5,9.36,11.82,8,4,0.5,150,500,4,4,2600
small_emergency,11.63,6.2,13.37,8,4,0.5,150,500,4,3,2100
small_emergency,26.41,9.59,12.02,8,4,0.5,150,500,7,4,3050
small_emergency,12.85,5.24,10.92,8,4,0.5,150,500,5,3,2250
small_emergency,15.46,6.15,10.06,8,4,0.5,150,500,5,4,2750
small_emergency,15.33,6.47,13.74,8,4,0.5,150,500,5,3,2250
small_emergency,24.15,7.96,11.56,8,4,0.5,150,500,6,4,2900
small_emergency,12.27,9.66,11.21,8,4,0.5,150,500,3,3,1950
small_emergency,18.19,5.63,13.13,8,4,0.5,150,500,8,3,2700
small_emergency,14.15,9.25,12.38,8,4,0.5,150,500,4,3,2100
small_emergency,12.31,5.35,14.8,8,4,0.5,150,500,5,3,2250
small_emergency,22.85,6.65,14.13,8,4,0.5,150,500,6,4,2900
small_emergency,19.84,5.68,11.83,8,4,0.5,150,500,7,4,3050
small_emergency,12.06,5.6,14.23,8,4,0.5,150,500,5,3,2250
small_emergency,10.59,6.23,10.1,8,4,0.5,150,500,4,3,2100
small_emergency,25.92,6.7,12.73,8,4,0.5,150,500,8,4,3200
small_emergency,25.49,9.68,14.92,8,4,0.5,150,500,5,4,2750
small_emergency,26.79,5.71,14.14,8,4,0.5,150,500,8,4,3200
small_emergency,27.55,5.79,14.46,8,4,0.5,150,500,8,4,3200
small_emergency,12.65,6.44,12.5,8,4,0.5,150,500,4,3,2100
small_emergency,15.82,5.42,11.02,8,4,0.5,150,500,6,4,2900
small_emergency,20.36,5.03,11.09,8,4,0.5,150,500,8,4,3200
small_emergency,26.02,8.71,12.3,8,4,0.5,150,500,6,4,2900
small_emergency,15.75,7.89,13.4,8,4,0.5,150,500,4,3,2100
small_emergency,19.43,6.11,10.59,8,4,0.5,150,500,6,4,2900
small_emergency,16.07,9.35,10.66,8,4,0.5,150,500,4,4,2600
small_emergency,14.26,7.35,14.75,8,4,0.5,150,500,4,3,2100
small_emergency,22.18,8.36,10.55,8,4,0.5,150,500,6,4,2900
small_emergency,22.53,7.65,12.81,8,4,0.5,150,500,6,4,2900
small_emergency,17.14,6.73,13.15,8,4,0.5,150,500,6,3,2400
small_emergency,29.07,7.96,14.07,8,4,0.5,150,500,7,4,3050
small_emergency,29.43,7.58,14.54,8,4,0.5,150,500,7,4,3050
small_emergency,10.47,8.85,14.42,8,4,0.5,150,500,4,2,1600
small_emergency,26.2,8.58,14.72,8,4,0.5,150,500,6,4,2900
small_emergency,24.2,5.88,11.77,8,4,0.5,150,500,8,4,3200
small_emergency,10.77,8.19,12.37,8,4,0.5,150,500,3,3,1950
small_emergency,17.5,6.27,11.34,8,4,0.5,150,500,5,4,2750
small_emergency,16.18,8.26,12.26,8,4,0.5,150,500,5,3,2250
small_emergency,13.37,6.23,14.28,8,4,0.5,150,500,5,3,2250
small_emergency,28.59,9.93,14.66,8,4,0.5,150,500,6,4,2900
small_emergency,19.49,7.93,14.38,8,4,0.5,150,500,5,3,2250
small_emergency,29.8,9.43,14.41,8,4,0.5,150,500,6,4,2900
small_emergency,14.24,6.98,12.12,8,4,0.5,150,500,5,3,2250
small_emergency,16.55,6.21,11.57,8,4,0.5,150,500,5,4,2750
small_emergency,23.79,5.08,13.8,8,4,0.5,150,500,8,4,3200
small_emergency,30.18,6.71,14.79,8,4,0.5,150,500,8,4,3200
small_emergency,20.48,8.39,11.32,8,4,0.5,150,500,5,4,2750
small_emergency,19.54,5.06,10.79,8,4,0.5,150,500,7,4,3050
small_emergency,11.75,8.05,12.34,8,4,0.5,150,500,4,3,2100
small_emergency,10.65,6.72,14.52,8,4,0.5,150,500,5,2,1750
small_emergency,17.51,5.73,12.39,8,4,0.5,150,500,6,4,2900
small_emergency,21.25,8.99,14.81,8,4,0.5,150,500,6,3,2400
small_emergency,27.12,8.25,14.04,8,4,0.5,150,500,6,4,2900
small_emergency,17.23,5.03,11.2,8,4,0.5,150,500,6,4,2900
small_emergency,10.85,8.9,11.48,8,4,0.5,150,500,3,3,1950
small_emergency,13.13,9.03,14.96,8,4,0.5,150,500,3,3,1950
small_emergency,25.5,5.95,14.85,8,4,0.5,150,500,7,4,3050
small_emergency,11.99,6.7,12.88,8,4,0.5,150,500,4,3,2100
small_emergency,23.66,6.72,13.75,8,4,0.5,150,500,6,4,2900
small_emergency,17.53,6.7,11.5,8,4,0.5,150,500,5,4,2750
small_emergency,14.11,5.64,14.92,8,4,0.5,150,500,5,3,2250
small_emergency,11.89,7.83,12.2,8,4,0.5,150,500,4,3,2100
small_emergency,18.68,8.64,12.68,8,4,0.5,150,500,6,3,2400
small_emergency,10.81,6.17,13.59,8,4,0.5,150,500,4,3,2100
small_emergency,19.0,9.73,11.13,8,4,0.5,150,500,4,4,2600
small_emergency,10.21,6.86,12.87,8,4,0.5,150,500,4,3,2100
small_emergency,19.72,7.9,14.34,8,4,0.5,150,500,6,3,2400
small_emergency,19.68,6.55,14.01,8,4,0.5,150,500,7,3,2550
small_emergency,27.4,8.49,14.78,8,4,0.5,150,500,6,4,2900
small_emergency,28.11,9.63,13.01,8,4,0.5,150,500,6,4,2900
small_emergency,12.48,8.03,11.02,8,4,0.5,150,500,4,3,2100
small_emergency,23.17,8.1,10.9,8,4,0.5,150,500,6,4,2900
small_emergency,19.67,5.02,13.98,8,4,0.5,150,500,7,4,3050
small_emergency,12.27,5.8,13.5,8,4,0.5,150,500,5,3,2250
small_emergency,21.22,7.95,11.89,8,4,0.5,150,500,5,4,2750
small_emergency,11.38,8.36,11.25,8,4,0.5,150,500,3,3,1950
small_emergency,28.39,8.62,13.75,8,4,0.5,150,500,7,4,3050
small_emergency,23.72,9.53,11.17,8,4,0.5,150,500,6,4,2900
small_emergency,10.5,9.65,12.85,8,4,0.5,150,500,3,3,1950
small_emergency,18.57,9.76,11.66,8,4,0.5,150,500,4,4,2600
small_emergency,12.89,5.26,10.64,8,4,0.5,150,500,6,3,2400
small_emergency,11.72,5.65,12.85,8,4,0.5,150,500,5,3,2250
small_emergency,12.46,8.11,10.24,8,4,0.5,150,500,4,3,2100
small_emergency,14.4,7.27,11.32,8,4,0.5,150,500,5,3,2250
small_emergency,11.17,8.44,13.85,8,4,0.5,150,500,3,3,1950
small_emergency,19.19,5.44,13.4,8,4,0.5,150,500,6,4,2900
small_emergency,17.68,6.61,11.9,8,4,0.5,150,500,5,4,2750
small_emergency,13.35,7.75,12.3,8,4,0.5,150,500,4,3,2100
small_emergency,14.16,7.52,13.89,8,4,0.5,150,500,4,3,2100
small_emergency,16.22,7.39,13.5,8,4,0.5,150,500,5,3,2250
small_emergency,24.39,5.19,14.44,8,4,0.5,150,500,8,4,3200
small_emergency,24.91,5.8,12.31,8,4,0.5,150,500,8,4,3200
small_emergency,12.54,8.84,12.78,8,4,0.5,150,500,4,3,2100
small_emergency,23.87,6.98,12.08,8,4,0.5,150,500,7,4,3050
small_emergency,19.91,6.18,14.55,8,4,0.5,150,500,7,3,2550
small_emergency,21.27,9.77,13.32,8,4,0.5,150,500,5,4,2750
small_emergency,16.1,5.15,10.49,8,4,0.5,150,500,6,4,2900
small_emergency,25.39,8.58,13.05,8,4,0.5,150,500,6,4,2900
small_emergency,11.93,5.69,12.85,8,4,0.5,150,500,5,3,2250
small_emergency,25.44,5.32,13.81,8,4,0.5,150,500,8,4,3200
small_emergency,19.9,9.14,13.91,8,4,0.5,150,500,5,3,2250
small_emergency,15.98,9.74,14.42,8,4,0.5,150,500,4,3,2100
small_emergency,24.3,6.65,14.47,8,4,0.5,150,500,7,4,3050
small_emergency,13.89,7.23,11.83,8,4,0.5,150,500,4,3,2100
small_emergency,20.18,8.81,10.2,8,4,0.5,150,500,5,4,2750
small_emergency,12.07,7.81,10.15,8,4,0.5,150,500,4,3,2100
small_emergency,20.58,9.43,11.6,8,4,0.5,150,500,5,4,2750
small_emergency,14.63,7.86,12.22,8,4,0.5,150,500,4,3,2100
small_emergency,14.1,5.09,13.78,8,4,0.5,150,500,6,3,2400
small_emergency,25.35,9.04,13.72,8,4,0.5,150,500,6,4,2900
small_emergency,11.76,9.48,13.52,8,4,0.5,150,500,3,3,1950
small_emergency,17.46,8.83,11.72,8,4,0.5,150,500,4,4,2600
small_emergency,28.57,9.36,13.73,8,4,0.5,150,500,6,4,2900
small_emergency,23.84,8.44,11.71,8,4,0.5,150,500,6,4,2900
small_emergency,18.24,5.32,12.32,8,4,0.5,150,500,6,4,2900
small_emergency,20.45,8.34,14.0,8,4,0.5,150,500,6,3,2400
small_emergency,24.19,9.66,14.97,8,4,0.5,150,500,5,4,2750
small_emergency,22.23,8.94,13.11,8,4,0.5,150,500,5,4,2750
small_emergency,25.85,8.6,12.34,8,4,0.5,150,500,6,4,2900
small_emergency,15.24,6.46,11.85,8,4,0.5,150,500,5,3,2250
small_emergency,14.65,9.09,14.62,8,4,0.5,150,500,4,3,2100
small_emergency,18.45,6.16,14.69,8,4,0.5,150,500,6,3,2400
small_emergency,14.35,7.82,10.36,8,4,0.5,150,500,5,3,2250
small_emergency,25.64,9.85,14.32,8,4,0.5,150,500,5,4,2750
small_emergency,19.29,7.23,13.2,8,4,0.5,150,500,8,3,2700
small_emergency,17.21,8.26,11.73,8,4,0.5,150,500,7,3,2550
small_emergency,14.06,8.75,12.22,8,4,0.5,150,500,4,3,2100
small_emergency,20.24,8.79,14.02,8,4,0.5,150,500,6,3,2400
small_emergency,25.98,8.2,13.0,8,4,0.5,150,500,6,4,2900
small_emergency,19.07,7.6,14.39,8,4,0.5,150,500,5,3,2250
small_emergency,16.24,8.07,12.67,8,4,0.5,150,500,5,3,2250
small_emergency,17.59,7.22,12.66,8,4,0.5,150,500,6,3,2400
small_emergency,13.2,5.42,10.77,8,4,0.5,150,500,6,3,2400
small_emergency,27.33,9.72,13.61,8,4,0.5,150,500,6,4,2900
small_emergency,27.56,6.67,13.27,8,4,0.5,150,500,8,4,3200
small_emergency,13.09,6.85,11.4,8,4,0.5,150,500,4,3,2100
small_emergency,10.67,7.29,10.43,8,4,0.5,150,500,4,3,2100
small_emergency,20.07,6.11,11.99,8,4,0.5,150,500,6,4,2900
small_emergency,11.87,8.61,13.02,8,4,0.5,150,500,3,3,1950
small_emergency,17.68,8.19,12.07,8,4,0.5,150,500,7,3,2550
small_emergency,19.39,5.98,10.32,8,4,0.5,150,500,6,4,2900
small_emergency,13.01,5.69,12.39,8,4,0.5,150,500,5,3,2250
small_emergency,18.6,7.46,12.86,8,4,0.5,150,500,7,3,2550
small_emergency,19.88,9.59,14.46,8,4,0.5,150,500,5,3,2250
small_emergency,14.5,8.33,10.56,8,4,0.5,150,500,5,3,2250
small_emergency,18.86,9.58,14.04,8,4,0.5,150,500,5,3,2250
small_emergency,11.52,6.17,12.48,8,4,0.5,150,500,4,3,2100
small_emergency,17.01,5.62,11.36,8,4,0.5,150,500,6,4,2900
small_emergency,11.99,8.59,11.48,8,4,0.5,150,500,4,3,2100
small_emergency,20.24,7.46,11.76,8,4,0.5,150,500,5,4,2750
small_emergency,20.07,8.14,12.68,8,4,0.5,150,500,5,4,2750
small_emergency,13.27,7.75,13.19,8,4,0.5,150,500,4,3,2100
small_emergency,18.87,6.27,12.41,8,4,0.5,150,500,6,4,2900
small_emergency,24.94,6.36,12.17,8,4,0.5,150,500,8,4,3200
small_emergency,26.26,6.67,12.39,8,4,0.5,150,500,8,4,3200
small_emergency,11.59,9.6,14.28,8,4,0.5,150,500,3,3,1950
small_emergency,16.91,9.08,14.76,8,4,0.5,150,500,4,3,2100
small_emergency,12.51,6.46,14.09,8,4,0.5,150,500,4,3,2100
small_emergency,33.57,9.7,14.95,8,4,0.5,150,500,8,4,3200
small_emergency,24.92,8.7,14.82,8,4,0.5,150,500,5,4,2750
small_emergency,15.88,8.54,11.97,8,4,0.5,150,500,5,3,2250
small_emergency,19.51,8.97,11.56,8,4,0.5,150,500,5,4,2750
small_emergency,16.41,7.71,10.94,8,4,0.5,150,500,5,4,2750
small_emergency,11.53,6.52,10.25,8,4,0.5,150,500,4,3,2100
small_emergency,21.67,8.28,14.38,8,4,0.5,150,500,5,4,2750
small_emergency,19.15,6.5,14.38,8,4,0.5,150,500,6,3,2400
small_emergency,28.1,7.02,14.74,8,4,0.5,150,500,7,4,3050
small_emergency,18.34,6.0,14.03,8,4,0.5,150,500,6,3,2400
small_emergency,19.13,7.61,11.06,8,4,0.5,150,500,5,4,2750
small_emergency,21.48,6.8,13.92,8,4,0.5,150,500,6,4,2900
small_emergency,25.22,7.12,13.21,8,4,0.5,150,500,7,4,3050
small_emergency,19.51,7.54,14.45,8,4,0.5,150,500,6,3,2400
small_emergency,27.64,6.22,13.45,8,4,0.5,150,500,8,4,3200
small_emergency,20.71,5.27,13.25,8,4,0.5,150,500,7,4,3050
small_emergency,12.15,8.28,11.37,8,4,0.5,150,500,4,3,2100
small_emergency,17.47,8.06,12.91,8,4,0.5,150,500,5,3,2250
small_emergency,19.57,8.95,12.98,8,4,0.5,150,500,5,4,2750
small_emergency,11.07,8.86,14.48,8,4,0.5,150,500,4,2,1600
small_emergency,16.28,6.64,12.59,8,4,0.5,150,500,5,3,2250
small_emergency,17.63,7.98,12.47,8,4,0.5,150,500,6,3,2400
small_emergency,22.6,6.23,14.56,8,4,0.5,150,500,6,4,2900
small_emergency,13.53,8.84,10.65,8,4,0.5,150,500,4,3,2100
small_emergency,25.79,8.23,11.71,8,4,0.5,150,500,8,4,3200
small_emergency,13.58,8.06,13.2,8,4,0.5,150,500,4,3,2100
small_emergency,13.33,9.93,10.32,8,4,0.5,150,500,4,3,2100
small_emergency,17.49,9.78,12.03,8,4,0.5,150,500,5,3,2250
small_emergency,12.19,8.73,14.21,8,4,0.5,150,500,3,3,1950
small_emergency,24.2,7.11,14.78,8,4,0.5,150,500,6,4,2900
small_emergency,17.19,7.59,11.05,8,4,0.5,150,500,5,4,2750
small_emergency,23.95,6.95,12.13,8,4,0.5,150,500,7,4,3050
small_emergency,21.09,6.74,11.73,8,4,0.5,150,500,6,4,2900
small_emergency,17.2,5.7,12.44,8,4,0.5,150,500,7,3,2550
small_emergency,17.5,5.61,11.31,8,4,0.5,150,500,6,4,2900
small_emergency,16.37,9.94,12.7,8,4,0.5,150,500,4,3,2100
small_emergency,15.37,6.41,10.75,8,4,0.5,150,500,5,4,2750
small_emergency,20.72,9.12,15.0,8,4,0.5,150,500,5,3,2250
small_emergency,23.15,6.76,11.33,8,4,0.5,150,500,7,4,3050
small_emergency,15.18,8.8,12.13,8,4,0.5,150,500,4,3,2100
small_emergency,14.76,6.53,10.33,8,4,0.5,150,500,5,4,2750
small_emergency,10.56,9.53,14.75,8,4,0.5,150,500,3,2,1450
small_emergency,28.95,9.57,14.83,8,4,0.5,150,500,6,4,2900
small_emergency,25.03,7.45,11.91,8,4,0.5,150,500,7,4,3050
small_emergency,13.69,7.22,11.04,8,4,0.5,150,500,5,3,2250
small_emergency,22.82,6.83,14.13,8,4,0.5,150,500,6,4,2900
small_emergency,23.47,9.5,13.92,8,4,0.5,150,500,5,4,2750
small_emergency,18.62,6.53,13.8,8,4,0.5,150,500,6,3,2400
small_emergency,13.1,8.03,10.16,8,4,0.5,150,500,4,3,2100
small_emergency,22.87,8.93,14.53,8,4,0.5,150,500,5,4,2750
small_emergency,15.68,8.69,14.01,8,4,0.5,150,500,4,3,2100
small_emergency,21.2,8.24,12.99,8,4,0.5,150,500,5,4,2750
small_emergency,15.06,6.61,12.63,8,4,0.5,150,500,5,3,2250
small_emergency,16.48,6.34,13.28,8,4,0.5,150,500,6,3,2400
small_emergency,17.82,8.33,13.89,8,4,0.5,150,500,5,3,2250
small_emergency,27.77,7.53,12.72,8,4,0.5,150,500,8,4,3200
small_emergency,12.68,9.81,10.17,8,4,0.5,150,500,4,3,2100
small_emergency,23.2,6.09,14.57,8,4,0.5,150,500,7,4,3050
small_emergency,26.0,7.86,12.17,8,4,0.5,150,500,7,4,3050
small_emergency,18.43,7.79,14.25,8,4,0.5,150,500,5,3,2250
small_emergency,17.69,8.12,14.43,8,4,0.5,150,500,5,3,2250
small_emergency,25.15,7.94,11.61,8,4,0.5,150,500,7,4,3050
small_emergency,25.3,6.78,11.87,8,4,0.5,150,500,8,4,3200
small_emergency,20.05,7.39,10.29,8,4,0.5,150,500,6,4,2900
small_emergency,22.98,5.63,14.88,8,4,0.5,150,500,7,4,3050
small_emergency,18.38,9.77,13.59,8,4,0.5,150,500,5,3,2250
small_emergency,22.24,9.19,11.8,8,4,0.5,150,500,5,4,2750
small_emergency,17.4,8.73,10.35,8,4,0.5,150,500,4,4,2600
small_emergency,12.42,5.6,12.52,8,4,0.5,150,500,5,3,2250
small_emergency,24.32,9.41,12.62,8,4,0.5,150,500,5,4,2750
small_emergency,18.55,5.73,10.87,8,4,0.5,150,500,6,4,2900
small_emergency,26.83,9.79,12.01,8,4,0.5,150,500,7,4,3050
small_emergency,23.74,8.54,11.49,8,4,0.5,150,500,6,4,2900
small_emergency,23.42,6.22,12.32,8,4,0.5,150,500,7,4,3050
small_emergency,23.57,9.58,13.48,8,4,0.5,150,500,5,4,2750
small_emergency,25.23,5.81,13.08,8,4,0.5,150,500,8,4,3200
small_emergency,13.51,6.64,13.41,8,4,0.5,150,500,4,3,2100
small_emergency,17.45,6.1,10.73,8,4,0.5,150,500,6,4,2900
small_emergency,20.22,9.16,13.45,8,4,0.5,150,500,5,4,2750
small_emergency,16.68,8.96,11.39,8,4,0.5,150,500,6,3,2400
small_emergency,19.56,5.95,13.65,8,4,0.5,150,500,6,4,2900
small_emergency,18.28,7.61,10.5,8,4,0.5,150,500,5,4,2750
small_emergency,21.25,5.93,14.56,8,4,0.5,150,500,6,4,2900
small_emergency,14.49,7.26,11.27,8,4,0.5,150,500,5,3,2250
small_emergency,19.22,8.82,14.58,8,4,0.5,150,500,5,3,2250
small_emergency,21.37,5.15,13.31,8,4,0.5,150,500,7,4,3050
small_emergency,15.82,5.75,10.72,8,4,0.5,150,500,5,4,2750
small_emergency,11.19,7.25,10.0,8,4,0.5,150,500,4,3,2100
small_emergency,12.73,9.91,11.82,8,4,0.5,150,500,3,3,1950
small_emergency,13.57,5.42,14.04,8,4,0.5,150,500,5,3,2250
small_emergency,13.54,6.37,10.37,8,4,0.5,150,500,5,3,2250
small_emergency,19.6,9.09,13.23,8,4,0.5,150,500,6,3,2400
small_emergency,24.63,8.8,13.66,8,4,0.5,150,500,5,4,2750
small_emergency,26.85,9.83,14.27,8,4,0.5,150,500,5,4,2750
small_emergency,26.65,9.69,12.08,8,4,0.5,150,500,7,4,3050
small_emergency,21.6,9.22,12.09,8,4,0.5,150,500,5,4,2750
small_emergency,13.69,5.77,10.18,8,4,0.5,150,500,6,3,2400
small_emergency,20.62,6.13,12.47,8,4,0.5,150,500,6,4,2900
small_emergency,15.77,7.13,14.8,8,4,0.5,150,500,5,3,2250
small_emergency,12.96,8.5,12.43,8,4,0.5,150,500,4,3,2100
small_emergency,24.26,9.99,13.67,8,4,0.5,150,500,5,4,2750
small_emergency,13.25,9.34,14.05,8,4,0.5,150,500,3,3,1950
small_emergency,21.0,7.4,14.69,8,4,0.5,150,500,7,3,2550
small_emergency,11.64,6.76,10.24,8,4,0.5,150,500,4,3,2100
small_emergency,24.79,5.97,12.77,8,4,0.5,150,500,8,4,3200
small_emergency,17.44,7.98,13.78,8,4,0.5,150,500,5,3,2250
small_emergency,24.71,9.77,12.89,8,4,0.5,150,500,5,4,2750
small_emergency,19.64,5.43,10.33,8,4,0.5,150,500,7,4,3050
small_emergency,14.47,9.76,12.91,8,4,0.5,150,500,4,3,2100
small_emergency,21.93,9.33,13.05,8,4,0.5,150,500,5,4,2750
small_emergency,30.12,9.72,14.58,8,4,0.5,150,500,6,4,2900
small_emergency,13.04,7.33,11.02,8,4,0.5,150,500,4,3,2100
small_emergency,25.11,8.1,12.18,8,4,0.5,150,500,6,4,2900
small_emergency,22.44,9.49,12.21,8,4,0.5,150,500,5,4,2750
small_emergency,15.49,7.09,11.4,8,4,0.5,150,500,5,3,2250
small_emergency,12.15,5.97,10.74,8,4,0.5,150,500,5,3,2250
small_emergency,13.72,7.46,13.68,8,4,0.5,150,500,4,3,2100
small_emergency,19.7,5.72,13.09,8,4,0.5,150,500,6,4,2900
small_emergency,20.9,6.57,14.42,8,4,0.5,150,500,6,4,2900
small_emergency,16.02,8.66,13.9,8,4,0.5,150,500,4,3,2100
small_emergency,14.14,8.93,14.69,8,4,0.5,150,500,4,3,2100
small_emergency,14.8,7.31,11.9,8,4,0.5,150,500,5,3,2250
small_emergency,24.29,8.49,11.59,8,4,0.5,150,500,6,4,2900
small_emergency,11.64,8.19,12.54,8,4,0.5,150,500,4,3,2100
small_emergency,22.81,8.82,12.07,8,4,0.5,150,500,5,4,2750
small_emergency,16.67,9.3,10.03,8,4,0.5,150,500,4,4,2600
small_emergency,15.79,7.89,11.71,8,4,0.5,150,500,5,3,2250
small_emergency,14.72,7.15,11.33,8,4,0.5,150,500,5,3,2250
small_emergency,26.13,9.56,12.24,8,4,0.5,150,500,6,4,2900
small_emergency,19.24,9.34,14.76,8,4,0.5,150,500,5,3,2250
small_emergency,14.4,5.12,10.54,8,4,0.5,150,500,6,4,2900
small_emergency,21.92,8.99,11.97,8,4,0.5,150,500,5,4,2750
small_emergency,10.29,6.57,11.91,8,4,0.5,150,500,4,3,2100
small_emergency,19.91,6.96,12.56,8,4,0.5,150,500,6,4,2900
small_emergency,14.32,6.88,10.81,8,4,0.5,150,500,5,3,2250
small_emergency,11.0,9.27,12.98,8,4,0.5,150,500,3,3,1950
small_emergency,14.73,5.05,13.82,8,4,0.5,150,500,6,3,2400
small_emergency,14.9,7.33,12.53,8,4,0.5,150,500,5,3,2250
small_emergency,21.8,8.47,13.63,8,4,0.5,150,500,5,4,2750
small_emergency,18.43,7.68,11.48,8,4,0.5,150,500,5,4,2750
small_emergency,16.35,8.31,12.04,8,4,0.5,150,500,5,3,2250
small_emergency,19.12,9.64,10.08,8,4,0.5,150,500,5,4,2750
small_emergency,24.52,6.64,14.53,8,4,0.5,150,500,7,4,3050
small_emergency,25.62,6.54,12.65,8,4,0.5,150,500,8,4,3200
small_emergency,20.41,7.09,11.71,8,4,0.5,150,500,6,4,2900
small_emergency,19.77,7.89,12.92,8,4,0.5,150,500,5,4,2750
small_emergency,26.01,7.34,14.05,8,4,0.5,150,500,7,4,3050
small_emergency,23.69,8.98,13.12,8,4,0.5,150,500,5,4,2750
small_emergency,29.96,7.96,14.37,8,4,0.5,150,500,7,4,3050
small_emergency,17.53,6.41,12.76,8,4,0.5,150,500,6,3,2400
small_emergency,20.3,6.2,12.71,8,4,0.5,150,500,6,4,2900
small_emergency,13.47,7.36,10.48,8,4,0.5,150,500,5,3,2250
small_emergency,11.56,8.82,14.53,8,4,0.5,150,500,5,2,1750
small_emergency,13.08,5.99,13.18,8,4,0.5,150,500,5,3,2250
small_emergency,15.48,8.29,14.02,8,4,0.5,150,500,4,3,2100
small_emergency,28.33,9.44,14.54,8,4,0.5,150,500,6,4,2900
small_emergency,14.58,5.79,12.69,8,4,0.5,150,500,5,3,2250
small_emergency,19.65,6.23,14.04,8,4,0.5,150,500,7,3,2550
small_emergency,11.89,8.46,11.06,8,4,0.5,150,500,4,3,2100
small_emergency,19.48,8.38,13.6,8,4,0.5,150,500,6,3,2400
small_emergency,21.23,6.81,13.1,8,4,0.5,150,500,6,4,2900
small_emergency,16.03,9.29,13.54,8,4,0.5,150,500,4,3,2100
small_emergency,10.51,6.15,10.28,8,4,0.5,150,500,4,3,2100
small_emergency,15.13,5.1,13.48,8,4,0.5,150,500,6,3,2400
small_emergency,13.34,9.19,10.74,8,4,0.5,150,500,4,3,2100
small_emergency,10.08,6.19,10.26,8,4,0.5,150,500,4,3,2100
small_emergency,16.97,8.46,10.25,8,4,0.5,150,500,4,4,2600
small_emergency,21.52,7.46,13.57,8,4,0.5,150,500,6,4,2900
small_emergency,30.51,9.82,13.53,8,4,0.5,150,500,8,4,3200
small_emergency,17.02,6.57,10.96,8,4,0.5,150,500,5,4,2750
small_emergency,11.77,8.21,12.72,8,4,0.5,150,500,4,3,2100
small_emergency,22.71,8.23,13.41,8,4,0.5,150,500,5,4,2750
small_emergency,25.59,6.55,12.35,8,4,0.5,150,500,8,4,3200
small_emergency,24.38,5.21,14.71,8,4,0.5,150,500,8,4,3200
small_emergency,17.98,6.9,11.0,8,4,0.5,150,500,5,4,2750
small_emergency,16.92,9.91,10.16,8,4,0.5,150,500,4,4,2600
small_emergency,23.4,7.25,12.6,8,4,0.5,150,500,6,4,2900
small_emergency,14.05,7.11,14.51,8,4,0.5,150,500,4,3,2100
small_emergency,23.19,7.87,12.35,8,4,0.5,150,500,6,4,2900
small_emergency,20.11,6.19,14.4,8,4,0.5,150,500,7,3,2550
small_emergency,19.79,9.78,13.58,8,4,0.5,150,500,5,3,2250
small_emergency,22.57,7.66,13.8,8,4,0.5,150,500,6,4,2900
small_emergency,16.96,7.35,12.65,8,4,0.5,150,500,5,3,2250
small_emergency,13.23,5.56,11.74,8,4,0.5,150,500,5,3,2250
small_emergency,21.97,7.3,10.33,8,4,0.5,150,500,7,4,3050
small_emergency,19.92,9.86,10.94,8,4,0.5,150,500,4,4,2600
small_emergency,13.37,8.08,12.4,8,4,0.5,150,500,4,3,2100
small_emergency,16.3,6.6,10.77,8,4,0.5,150,500,5,4,2750
small_emergency,12.76,5.39,11.23,8,4,0.5,150,500,5,3,2250
small_emergency,19.33,9.81,10.79,8,4,0.5,150,500,4,4,2600
small_emergency,16.41,7.53,10.78,8,4,0.5,150,500,5,4,2750
small_emergency,13.45,9.91,14.02,8,4,0.5,150,500,3,3,1950
small_emergency,23.5,6.55,11.37,8,4,0.5,150,500,7,4,3050
small_emergency,24.69,6.27,14.89,8,4,0.5,150,500,7,4,3050
small_emergency,15.09,9.67,12.62,8,4,0.5,150,500,4,3,2100
small_emergency,18.03,9.23,10.09,8,4,0.5,150,500,4,4,2600
small_emergency,13.39,6.2,14.43,8,4,0.5,150,500,5,3,2250
small_emergency,22.3,9.62,13.16,8,4,0.5,150,500,5,4,2750
small_emergency,28.24,8.33,13.25,8,4,0.5,150,500,7,4,3050
small_emergency,18.63,6.68,13.66,8,4,0.5,150,500,6,3,2400
small_emergency,10.94,7.13,11.55,8,4,0.5,150,500,4,3,2100
small_emergency,15.83,9.29,14.29,8,4,0.5,150,500,4,3,2100
small_emergency,21.64,5.46,12.23,8,4,0.5,150,500,7,4,3050
small_emergency,12.21,6.98,12.03,8,4,0.5,150,500,4,3,2100
small_emergency,29.9,7.06,14.68,8,4,0.5,150,500,8,4,3200
small_emergency,19.27,7.76,12.61,8,4,0.5,150,500,5,4,2750
small_emergency,23.4,8.4,12.11,8,4,0.5,150,500,6,4,2900
small_emergency,18.8,9.9,11.16,8,4,0.5,150,500,4,4,2600
small_emergency,14.1,5.33,12.65,8,4,0.5,150,500,6,3,2400
small_emergency,13.54,5.83,13.41,8,4,0.5,150,500,5,3,2250
small_emergency,13.01,6.66,13.14,8,4,0.5,150,500,4,3,2100
small_emergency,11.57,5.23,13.3,8,4,0.5,150,500,5,3,2250
small_emergency,10.98,5.04,11.88,8,4,0.5,150,500,5,3,2250
small_emergency,12.04,8.48,12.08,8,4,0.5,150,500,4,3,2100
small_emergency,13.65,5.54,12.03,8,4,0.5,150,500,5,3,2250
small_emergency,14.44,9.12,14.24,8,4,0.5,150,500,4,3,2100
small_emergency,18.4,5.56,13.73,8,4,0.5,150,500,7,3,2550
small_emergency,21.5,8.29,11.66,8,4,0.5,150,500,5,4,2750
small_emergency,19.49,8.14,11.34,8,4,0.5,150,500,5,4,2750
small_emergency,17.96,7.51,14.12,8,4,0.5,150,500,5,3,2250
small_emergency,10.23,9.9,11.98,8,4,0.5,150,500,3,3,1950
small_emergency,25.55,6.44,12.08,8,4,0.5,150,500,8,4,3200
small_emergency,15.19,8.56,13.0,8,4,0.5,150,500,4,3,2100
small_emergency,30.03,8.42,14.55,8,4,0.5,150,500,7,4,3050
small_emergency,27.73,7.65,14.21,8,4,0.5,150,500,7,4,3050
small_emergency,14.66,9.41,12.66,8,4,0.5,150,500,4,3,2100
small_emergency,21.93,7.46,10.53,8,4,0.5,150,500,6,4,2900
small_emergency,14.98,5.88,12.14,8,4,0.5,150,500,6,3,2400
small_emergency,23.25,9.44,12.35,8,4,0.5,150,500,5,4,2750
small_emergency,21.64,8.27,10.34,8,4,0.5,150,500,6,4,2900
small_emergency,19.92,6.44,14.77,8,4,0.5,150,500,7,3,2550
small_emergency,15.03,9.87,10.86,8,4,0.5,150,500,4,3,2100
small_emergency,27.36,6.68,13.3,8,4,0.5,150,500,8,4,3200
small_emergency,17.41,8.82,12.33,8,4,0.5,150,500,5,3,2250
small_emergency,20.09,8.62,12.82,8,4,0.5,150,500,5,4,2750
small_emergency,12.97,8.29,10.19,8,4,0.5,150,500,4,3,2100
small_emergency,12.76,5.72,12.86,8,4,0.5,150,500,5,3,2250
small_emergency,12.74,6.94,12.8,8,4,0.5,150,500,4,3,2100
small_emergency,18.78,8.99,12.66,8,4,0.5,150,500,6,3,2400
small_emergency,23.66,9.55,14.82,8,4,0.5,150,500,5,4,2750
small_emergency,17.24,6.28,14.88,8,4,0.5,150,500,6,3,2400
small_emergency,19.34,9.52,14.01,8,4,0.5,150,500,5,3,2250
small_emergency,21.08,7.57,11.45,8,4,0.5,150,500,6,4,2900
small_emergency,16.28,8.23,13.22,8,4,0.5,150,500,5,3,2250
small_emergency,14.78,7.84,14.05,8,4,0.5,150,500,4,3,2100
small_emergency,23.32,7.34,14.08,8,4,0.5,150,500,6,4,2900
small_emergency,13.98,8.81,14.61,8,4,0.5,150,500,4,3,2100
small_emergency,16.03,7.09,10.87,8,4,0.5,150,500,5,4,2750
small_emergency,11.07,9.91,12.89,8,4,0.5,150,500,3,3,1950
small_emergency,26.43,7.83,12.54,8,4,0.5,150,500,7,4,3050
small_emergency,20.0,6.95,14.72,8,4,0.5,150,500,6,3,2400
small_emergency,30.6,9.28,13.97,8,4,0.5,150,500,7,4,3050
small_emergency,28.15,8.47,12.74,8,4,0.5,150,500,8,4,3200
small_emergency,12.49,6.46,12.71,8,4,0.5,150,500,4,3,2100
small_emergency,25.91,8.2,14.72,8,4,0.5,150,500,6,4,2900
small_emergency,21.31,9.49,11.52,8,4,0.5,150,500,5,4,2750
small_emergency,26.24,8.64,12.09,8,4,0.5,150,500,7,4,3050
small_emergency,10.21,7.99,11.24,8,4,0.5,150,500,3,3,1950
small_emergency,10.89,9.72,11.83,8,4,0.5,150,500,3,3,1950
small_emergency,22.12,7.42,14.66,8,4,0.5,150,500,6,4,2900
small_emergency,16.74,8.75,13.0,8,4,0.5,150,500,5,3,2250
small_emergency,12.14,7.3,10.51,8,4,0.5,150,500,4,3,2100
small_emergency,20.22,6.78,14.34,8,4,0.5,150,500,7,3,2550
small_emergency,11.76,8.34,12.89,8,4,0.5,150,500,3,3,1950
small_emergency,20.81,7.76,13.05,8,4,0.5,150,500,5,4,2750
small_emergency,22.49,9.43,14.64,8,4,0.5,150,500,5,4,2750
small_emergency,29.81,8.58,14.15,8,4,0.5,150,500,7,4,3050
small_emergency,15.75,8.12,11.01,8,4,0.5,150,500,6,3,2400
small_emergency,20.57,9.15,10.09,8,4,0.5,150,500,5,4,2750
small_emergency,17.68,5.81,13.62,8,4,0.5,150,500,6,3,2400
small_emergency,19.73,6.47,14.88,8,4,0.5,150,500,6,3,2400
small_emergency,12.69,5.6,14.64,8,4,0.5,150,500,5,3,2250
small_emergency,13.63,9.43,11.49,8,4,0.5,150,500,4,3,2100
small_emergency,13.76,5.98,11.88,8,4,0.5,150,500,5,3,2250
small_emergency,11.11,6.33,14.97,8,4,0.5,150,500,5,2,1750
small_emergency,12.65,5.17,14.61,8,4,0.5,150,500,5,3,2250
small_emergency,14.97,9.73,12.14,8,4,0.5,150,500,4,3,2100
small_emergency,30.37,8.64,14.57,8,4,0.5,150,500,7,4,3050
small_emergency,18.07,5.41,12.95,8,4,0.5,150,500,6,4,2900
small_emergency,20.21,8.46,13.09,8,4,0.5,150,500,5,4,2750
small_emergency,19.01,7.66,14.37,8,4,0.5,150,500,5,3,2250
small_emergency,24.59,6.72,11.82,8,4,0.5,150,500,8,4,3200
small_emergency,26.15,5.47,14.89,8,4,0.5,150,500,8,4,3200
small_emergency,15.8,6.78,10.84,8,4,0.5,150,500,5,4,2750
small_emergency,21.85,8.45,14.18,8,4,0.5,150,500,5,4,2750
small_emergency,25.03,8.28,14.22,8,4,0.5,150,500,6,4,2900
small_emergency,19.82,7.57,13.49,8,4,0.5,150,500,8,3,2700
small_emergency,10.37,7.41,12.05,8,4,0.5,150,500,3,3,1950
small_emergency,23.82,6.29,14.09,8,4,0.5,150,500,7,4,3050
small_emergency,21.44,8.53,11.18,8,4,0.5,150,500,5,4,2750
small_emergency,25.99,6.39,13.13,8,4,0.5,150,500,8,4,3200
small_emergency,14.89,7.93,11.66,8,4,0.5,150,500,5,3,2250
small_emergency,21.94,7.7,12.75,8,4,0.5,150,500,6,4,2900
small_emergency,25.45,5.96,12.44,8,4,0.5,150,500,8,4,3200
small_emergency,20.64,8.71,13.03,8,4,0.5,150,500,5,4,2750
small_emergency,23.01,6.31,12.03,8,4,0.5,150,500,7,4,3050
small_emergency,21.63,5.85,14.05,8,4,0.5,150,500,7,4,3050
small_emergency,26.11,5.81,13.19,8,4,0.5,150,500,8,4,3200
small_emergency,10.1,7.22,14.62,8,4,0.5,150,500,4,2,1600
small_emergency,10.79,8.4,10.17,8,4,0.5,150,500,3,3,1950
small_emergency,11.61,9.37,12.22,8,4,0.5,150,500,3,3,1950
small_emergency,20.37,6.6,14.53,8,4,0.5,150,500,7,3,2550
small_emergency,28.32,7.44,14.53,8,4,0.5,150,500,7,4,3050
small_emergency,27.47,9.03,14.74,8,4,0.5,150,500,6,4,2900
small_emergency,17.7,7.29,11.47,8,4,0.5,150,500,5,4,2750
small_emergency,19.69,8.05,13.42,8,4,0.5,150,500,7,3,2550
small_emergency,21.28,5.87,14.66,8,4,0.5,150,500,6,4,2900
small_emergency,12.57,9.13,12.79,8,4,0.5,150,500,3,3,1950
small_emergency,18.75,7.83,12.45,8,4,0.5,150,500,5,4,2750
small_emergency,14.37,9.66,14.79,8,4,0.5,150,500,4,3,2100
small_emergency,18.34,5.6,11.54,8,4,0.5,150,500,6,4,2900
small_emergency,16.62,6.63,13.06,8,4,0.5,150,500,5,3,2250
small_emergency,29.43,7.57,13.82,8,4,0.5,150,500,8,4,3200
small_emergency,16.66,8.34,11.62,8,4,0.5,150,500,5,3,2250
small_emergency,29.26,7.98,14.13,8,4,0.5,150,500,7,4,3050
small_emergency,13.43,6.06,10.99,8,4,0.5,150,500,5,3,2250
small_emergency,23.61,7.22,12.09,8,4,0.5,150,500,6,4,2900
small_emergency,16.35,9.04,11.49,8,4,0.5,150,500,5,3,2250
small_emergency,13.41,9.93,14.27,8,4,0.5,150,500,3,3,1950
small_emergency,17.7,5.83,10.94,8,4,0.5,150,500,6,4,2900
small_emergency,12.45,9.96,14.03,8,4,0.5,150,500,3,3,1950
small_emergency,23.59,9.14,11.39,8,4,0.5,150,500,6,4,2900
small_emergency,22.73,5.51,11.35,8,4,0.5,150,500,8,4,3200
small_emergency,17.07,7.64,13.14,8,4,0.5,150,500,5,3,2250
small_emergency,22.94,5.76,12.38,8,4,0.5,150,500,7,4,3050
small_emergency,12.39,5.61,12.25,8,4,0.5,150,500,5,3,2250
small_emergency,18.9,8.06,12.98,8,4,0.5,150,500,6,3,2400
small_emergency,16.97,5.23,10.45,8,4,0.5,150,500,6,4,2900
small_emergency,15.6,8.49,13.63,8,4,0.5,150,500,4,3,2100
small_emergency,15.66,8.11,13.16,8,4,0.5,150,500,4,3,2100
small_emergency,13.96,7.32,12.88,8,4,0.5,150,500,4,3,2100
small_emergency,22.93,9.64,13.99,8,4,0.5,150,500,5,4,2750
small_emergency,19.33,5.19,13.75,8,4,0.5,150,500,7,4,3050
small_emergency,10.58,6.86,10.03,8,4,0.5,150,500,4,3,2100
small_emergency,11.44,5.56,13.1,8,4,0.5,150,500,4,3,2100
small_emergency,24.9,7.5,13.85,8,4,0.5,150,500,6,4,2900
small_emergency,15.52,7.29,11.27,8,4,0.5,150,500,5,3,2250
small_emergency,16.42,5.74,10.76,8,4,0.5,150,500,6,4,2900
small_emergency,27.34,9.36,14.61,8,4,0.5,150,500,6,4,2900
small_emergency,29.44,7.43,14.31,8,4,0.5,150,500,8,4,3200
small_emergency,11.48,9.58,10.43,8,4,0.5,150,500,3,3,1950
small_emergency,22.94,7.3,13.38,8,4,0.5,150,500,6,4,2900
small_emergency,13.21,8.49,10.75,8,4,0.5,150,500,4,3,2100
small_emergency,24.3,8.85,13.59,8,4,0.5,150,500,5,4,2750
small_emergency,11.5,7.42,14.31,8,4,0.5,150,500,4,3,2100
small_emergency,27.26,7.86,12.77,8,4,0.5,150,500,7,4,3050
small_emergency,12.75,6.24,11.03,8,4,0.5,150,500,5,3,2250
small_emergency,12.3,6.32,11.02,8,4,0.5,150,500,5,3,2250
small_emergency,17.61,9.42,11.35,8,4,0.5,150,500,4,4,2600
small_emergency,17.0,6.78,10.7,8,4,0.5,150,500,5,4,2750
small_emergency,27.24,9.16,12.51,8,4,0.5,150,500,7,4,3050
small_emergency,21.61,7.87,11.12,8,4,0.5,150,500,6,4,2900
small_emergency,11.09,7.54,10.82,8,4,0.5,150,500,4,3,2100
small_emergency,20.04,6.3,13.55,8,4,0.5,150,500,6,4,2900
small_emergency,17.73,9.82,13.34,8,4,0.5,150,500,4,3,2100
small_emergency,19.27,9.43,13.2,8,4,0.5,150,500,6,3,2400
small_emergency,27.82,8.73,12.51,8,4,0.5,150,500,8,4,3200
small_emergency,20.54,7.63,10.6,8,4,0.5,150,500,6,4,2900
small_emergency,11.98,7.02,10.77,8,4,0.5,150,500,4,3,2100
small_emergency,10.21,7.79,14.48,8,4,0.5,150,500,4,2,1600
small_emergency,13.25,5.42,10.29,8,4,0.5,150,500,6,3,2400
small_emergency,23.32,9.89,14.59,8,4,0.5,150,500,5,4,2750
small_emergency,20.93,5.11,12.3,8,4,0.5,150,500,7,4,3050
small_emergency,28.73,9.4,14.91,8,4,0.5,150,500,6,4,2900
small_emergency,22.17,7.85,13.45,8,4,0.5,150,500,5,4,2750
small_emergency,20.98,6.93,10.14,8,4,0.5,150,500,7,4,3050
small_emergency,23.05,6.08,12.93,8,4,0.5,150,500,7,4,3050
small_emergency,16.69,8.23,10.6,8,4,0.5,150,500,4,4,2600
small_emergency,22.56,7.88,11.92,8,4,0.5,150,500,6,4,2900
small_emergency,24.01,6.12,11.42,8,4,0.5,150,500,8,4,3200
small_emergency,13.12,6.24,14.98,8,4,0.5,150,500,4,3,2100
small_emergency,13.74,9.89,10.13,8,4,0.5,150,500,4,3,2100
small_emergency,17.7,7.13,13.29,8,4,0.5,150,500,6,3,2400
small_emergency,19.15,8.41,12.69,8,4,0.5,150,500,5,4,2750
small_emergency,25.75,8.93,13.77,8,4,0.5,150,500,6,4,2900
small_emergency,27.53,5.75,14.46,8,4,0.5,150,500,8,4,3200
small_emergency,13.44,7.34,13.6,8,4,0.5,150,500,4,3,2100
small_emergency,12.83,6.51,14.77,8,4,0.5,150,500,4,3,2100
small_emergency,27.32,9.04,13.75,8,4,0.5,150,500,6,4,2900
small_emergency,11.36,7.83,10.29,8,4,0.5,150,500,4,3,2100
small_emergency,25.21,7.85,13.6,8,4,0.5,150,500,6,4,2900
small_emergency,19.98,6.63,11.15,8,4,0.5,150,500,6,4,2900
small_emergency,11.81,8.41,12.94,8,4,0.5,150,500,3,3,1950
small_emergency,15.27,7.13,10.97,8,4,0.5,150,500,6,3,2400
small_emergency,20.37,5.74,12.58,8,4,0.5,150,500,7,4,3050
small_emergency,16.48,9.79,14.86,8,4,0.5,150,500,4,3,2100
small_emergency,14.78,7.6,12.81,8,4,0.5,150,500,4,3,2100
small_emergency,20.49,8.44,11.78,8,4,0.5,150,500,5,4,2750
small_emergency,17.61,6.77,10.66,8,4,0.5,150,500,5,4,2750
small_emergency,16.47,9.24,10.88,8,4,0.5,150,500,4,4,2600
small_emergency,14.93,8.01,10.58,8,4,0.5,150,500,5,3,2250
small_emergency,18.53,6.3,10.63,8,4,0.5,150,500,6,4,2900
small_emergency,21.51,5.58,14.44,8,4,0.5,150,500,7,4,3050
small_emergency,20.99,8.7,13.89,8,4,0.5,150,500,5,4,2750
small_emergency,13.48,6.75,10.95,8,4,0.5,150,500,5,3,2250
small_emergency,16.19,7.95,11.01,8,4,0.5,150,500,4,4,2600
small_emergency,11.48,5.55,10.4,8,4,0.5,150,500,5,3,2250
small_emergency,17.81,7.35,14.45,8,4,0.5,150,500,5,3,2250
small_emergency,16.87,5.16,11.67,8,4,0.5,150,500,6,4,2900
small_emergency,18.83,5.63,14.71,8,4,0.5,150,500,7,3,2550
small_emergency,23.8,8.32,11.95,8,4,0.5,150,500,6,4,2900
small_emergency,26.75,8.62,13.44,8,4,0.5,150,500,6,4,2900
small_emergency,17.01,7.43,12.82,8,4,0.5,150,500,5,3,2250
small_emergency,21.01,8.26,12.54,8,4,0.5,150,500,5,4,2750
small_emergency,23.08,8.22,14.24,8,4,0.5,150,500,5,4,2750
small_emergency,21.8,5.39,12.06,8,4,0.5,150,500,7,4,3050
small_emergency,29.12,8.24,14.6,8,4,0.5,150,500,7,4,3050
small_emergency,15.26,5.62,10.29,8,4,0.5,150,500,5,4,2750
small_emergency,28.23,7.24,14.22,8,4,0.5,150,500,7,4,3050
small_emergency,12.3,5.43,11.58,8,4,0.5,150,500,5,3,2250
small_emergency,19.3,7.56,11.59,8,4,0.5,150,500,5,4,2750
small_emergency,16.43,8.04,13.19,8,4,0.5,150,500,5,3,2250
small_emergency,25.61,6.32,13.68,8,4,0.5,150,500,7,4,3050
small_emergency,15.39,7.77,14.47,8,4,0.5,150,500,4,3,2100
small_emergency,21.16,7.77,10.88,8,4,0.5,150,500,6,4,2900
small_emergency,23.01,8.63,14.97,8,4,0.5,150,500,5,4,2750
small_emergency,14.39,6.77,10.01,8,4,0.5,150,500,5,4,2750
small_emergency,12.56,6.49,11.25,8,4,0.5,150,500,4,3,2100
small_emergency,13.72,7.23,12.15,8,4,0.5,150,500,4,3,2100
small_emergency,15.8,9.67,10.32,8,4,0.5,150,500,4,4,2600
small_emergency,18.47,7.64,14.73,8,4,0.5,150,500,5,3,2250
small_emergency,18.6,5.91,14.12,8,4,0.5,150,500,7,3,2550
small_emergency,22.43,9.47,13.81,8,4,0.5,150,500,5,4,2750
small_emergency,25.99,6.54,14.2,8,4,0.5,150,500,7,4,3050
small_emergency,10.69,8.77,12.62,8,4,0.5,150,500,3,3,1950
small_emergency,17.21,7.89,14.04,8,4,0.5,150,500,5,3,2250
small_emergency,12.28,9.42,12.08,8,4,0.5,150,500,3,3,1950
small_emergency,17.55,6.87,13.37,8,4,0.5,150,500,6,3,2400
small_emergency,14.4,8.11,10.96,8,4,0.5,150,500,4,3,2100
small_emergency,11.55,9.99,12.98,8,4,0.5,150,500,3,3,1950
small_emergency,15.36,9.98,13.77,8,4,0.5,150,500,4,3,2100
small_emergency,11.22,9.77,12.75,8,4,0.5,150,500,3,3,1950
small_emergency,15.37,6.45,12.15,8,4,0.5,150,500,5,3,2250
small_emergency,28.06,8.84,14.6,8,4,0.5,150,500,6,4,2900
small_emergency,17.54,5.46,13.0,8,4,0.5,150,500,7,3,2550
small_emergency,14.23,9.88,10.52,8,4,0.5,150,500,4,3,2100
small_emergency,22.85,9.32,12.35,8,4,0.5,150,500,5,4,2750
small_emergency,26.73,8.07,14.34,8,4,0.5,150,500,6,4,2900
small_emergency,18.96,6.76,11.19,8,4,0.5,150,500,6,4,2900
small_emergency,23.95,8.79,13.74,8,4,0.5,150,500,5,4,2750
small_emergency,12.34,7.42,10.75,8,4,0.5,150,500,4,3,2100
small_emergency,18.69,8.19,10.91,8,4,0.5,150,500,5,4,2750
small_emergency,18.3,9.65,13.84,8,4,0.5,150,500,5,3,2250
small_emergency,13.52,9.52,10.84,8,4,0.5,150,500,4,3,2100
small_emergency,21.38,5.11,14.3,8,4,0.5,150,500,7,4,3050
small_emergency,22.71,7.36,12.09,8,4,0.5,150,500,6,4,2900
small_emergency,21.44,8.19,12.88,8,4,0.5,150,500,5,4,2750
small_emergency,13.95,6.71,12.59,8,4,0.5,150,500,5,3,2250
small_emergency,19.73,7.89,14.29,8,4,0.5,150,500,6,3,2400
small_emergency,14.35,7.84,12.12,8,4,0.5,150,500,4,3,2100
small_emergency,19.05,5.27,10.31,8,4,0.5,150,500,7,4,3050
small_emergency,23.71,9.14,11.03,8,4,0.5,150,500,6,4,2900
small_emergency,29.76,7.73,13.75,8,4,0.5,150,500,8,4,3200
small_emergency,15.48,9.25,11.77,8,4,0.5,150,500,4,3,2100
small_emergency,15.38,5.81,10.39,8,4,0.5,150,500,5,4,2750
small_emergency,11.23,7.52,11.41,8,4,0.5,150,500,4,3,2100
small_emergency,11.71,9.67,13.17,8,4,0.5,150,500,3,3,1950
small_emergency,14.49,6.39,10.85,8,4,0.5,150,500,6,3,2400
small_emergency,10.51,9.67,13.03,8,4,0.5,150,500,3,3,1950
small_emergency,15.95,5.17,13.14,8,4,0.5,150,500,6,3,2400
small_emergency,15.3,8.93,10.86,8,4,0.5,150,500,5,3,2250
small_emergency,23.43,7.49,11.62,8,4,0.5,150,500,6,4,2900
small_emergency,18.61,5.49,10.81,8,4,0.5,150,500,7,4,3050
small_emergency,19.3,6.42,13.39,8,4,0.5,150,500,6,4,2900
small_emergency,12.93,5.35,12.71,8,4,0.5,150,500,5,3,2250
small_emergency,18.51,5.56,12.61,8,4,0.5,150,500,6,4,2900
small_emergency,10.81,8.95,14.27,8,4,0.5,150,500,4,2,1600
small_emergency,13.3,7.85,14.35,8,4,0.5,150,500,4,3,2100
small_emergency,30.69,8.83,13.79,8,4,0.5,150,500,8,4,3200
small_emergency,24.72,6.99,14.85,8,4,0.5,150,500,6,4,2900
small_emergency,21.89,8.15,12.57,8,4,0.5,150,500,5,4,2750
small_emergency,11.72,9.44,10.82,8,4,0.5,150,500,3,3,1950
small_emergency,22.75,8.75,10.56,8,4,0.5,150,500,6,4,2900
small_emergency,22.13,8.09,14.04,8,4,0.5,150,500,5,4,2750
small_emergency,28.15,7.74,13.23,8,4,0.5,150,500,7,4,3050
small_emergency,15.15,5.51,13.7,8,4,0.5,150,500,6,3,2400
small_emergency,15.27,5.67,10.29,8,4,0.5,150,500,5,4,2750
small_emergency,14.17,9.89,12.15,8,4,0.5,150,500,4,3,2100
small_emergency,19.63,7.89,12.14,8,4,0.5,150,500,5,4,2750
small_emergency,11.06,6.1,11.36,8,4,0.5,150,500,4,3,2100
small_emergency,23.14,8.91,10.87,8,4,0.5,150,500,6,4,2900
small_emergency,17.07,7.52,11.55,8,4,0.5,150,500,5,4,2750
small_emergency,13.5,9.77,14.58,8,4,0.5,150,500,3,3,1950
small_emergency,28.83,8.44,14.51,8,4,0.5,150,500,7,4,3050
small_emergency,11.12,7.61,14.11,8,4,0.5,150,500,4,3,2100
small_emergency,20.36,7.54,10.69,8,4,0.5,150,500,6,4,2900
small_emergency,23.76,9.89,13.61,8,4,0.5,150,500,5,4,2750
small_emergency,23.15,7.27,12.79,8,4,0.5,150,500,6,4,2900
small_emergency,13.71,7.08,10.1,8,4,0.5,150,500,5,3,2250
small_emergency,22.37,7.36,12.51,8,4,0.5,150,500,6,4,2900
small_emergency,26.09,7.52,12.58,8,4,0.5,150,500,7,4,3050
small_emergency,15.04,9.91,13.29,8,4,0.5,150,500,4,3,2100
small_emergency,20.63,9.66,14.59,8,4,0.5,150,500,5,3,2250
small_emergency,17.13,6.94,11.35,8,4,0.5,150,500,5,4,2750
small_emergency,15.13,8.15,14.15,8,4,0.5,150,500,4,3,2100
small_emergency,21.53,9.42,10.32,8,4,0.5,150,500,5,4,2750
small_emergency,12.64,6.29,11.05,8,4,0.5,150,500,5,3,2250
small_emergency,12.85,8.08,10.06,8,4,0.5,150,500,4,3,2100
small_emergency,17.65,8.23,13.31,8,4,0.5,150,500,5,3,2250
small_emergency,12.63,8.34,11.19,8,4,0.5,150,500,4,3,2100
small_emergency,25.4,8.84,13.81,8,4,0.5,150,500,6,4,2900
small_emergency,13.79,9.11,10.03,8,4,0.5,150,500,4,3,2100
small_emergency,21.74,8.06,14.94,8,4,0.5,150,500,7,3,2550
small_emergency,16.08,8.23,12.39,8,4,0.5,150,500,5,3,2250
small_emergency,20.28,5.82,11.67,8,4,0.5,150,500,7,4,3050
small_emergency,15.97,9.32,11.5,8,4,0.5,150,500,5,3,2250
small_emergency,17.74,8.39,12.46,8,4,0.5,150,500,5,3,2250
small_emergency,18.27,8.06,11.78,8,4,0.5,150,500,5,4,2750
small_emergency,11.27,5.99,12.16,8,4,0.5,150,500,4,3,2100
small_emergency,26.05,9.63,14.03,8,4,0.5,150,500,5,4,2750
small_emergency,23.8,8.3,12.8,8,4,0.5,150,500,6,4,2900
small_emergency,23.63,7.48,14.71,8,4,0.5,150,500,6,4,2900
small_emergency,18.49,8.2,10.55,8,4,0.5,150,500,5,4,2750
small_emergency,16.54,9.44,13.18,8,4,0.5,150,500,4,3,2100
small_emergency,17.87,6.05,10.67,8,4,0.5,150,500,6,4,2900
small_emergency,11.11,9.9,14.17,8,4,0.5,150,500,4,2,1600
small_emergency,23.01,9.68,10.99,8,4,0.5,150,500,5,4,2750
small_emergency,23.62,6.93,11.39,8,4,0.5,150,500,7,4,3050
small_emergency,25.3,8.0,13.47,8,4,0.5,150,500,6,4,2900
small_emergency,11.69,9.73,12.45,8,4,0.5,150,500,3,3,1950
small_emergency,17.75,7.78,10.2,8,4,0.5,150,500,5,4,2750
small_emergency,20.4,9.84,14.2,8,4,0.5,150,500,5,3,2250
small_emergency,14.58,7.0,14.35,8,4,0.5,150,500,4,3,2100
small_emergency,23.56,6.43,11.46,8,4,0.5,150,500,8,4,3200
small_emergency,13.77,5.57,11.12,8,4,0.5,150,500,6,3,2400
small_emergency,22.34,9.45,14.78,8,4,0.5,150,500,5,4,2750
small_emergency,24.36,9.32,13.24,8,4,0.5,150,500,5,4,2750
small_emergency,22.57,5.45,11.3,8,4,0.5,150,500,8,4,3200
small_emergency,17.27,7.19,14.77,8,4,0.5,150,500,5,3,2250
small_emergency,23.03,8.94,13.38,8,4,0.5,150,500,5,4,2750
small_emergency,11.68,5.04,10.45,8,4,0.5,150,500,5,3,2250
small_emergency,19.08,8.21,12.45,8,4,0.5,150,500,5,4,2750
small_emergency,24.1,5.87,13.69,8,4,0.5,150,500,7,4,3050
small_emergency,16.74,9.45,10.97,8,4,0.5,150,500,4,4,2600
small_emergency,17.06,9.63,10.71,8,4,0.5,150,500,4,4,2600
small_emergency,12.73,8.51,12.01,8,4,0.5,150,500,4,3,2100
small_emergency,18.57,5.52,11.05,8,4,0.5,150,500,6,4,2900
small_emergency,19.85,5.27,12.89,8,4,0.5,150,500,7,4,3050
small_emergency,24.56,8.21,13.04,8,4,0.5,150,500,6,4,2900
small_emergency,12.25,7.45,12.37,8,4,0.5,150,500,4,3,2100
small_emergency,15.49,7.31,12.49,8,4,0.5,150,500,5,3,2250
small_emergency,20.78,6.21,12.13,8,4,0.5,150,500,6,4,2900
small_emergency,17.77,6.71,11.7,8,4,0.5,150,500,5,4,2750
small_emergency,13.78,9.72,13.5,8,4,0.5,150,500,4,3,2100
small_emergency,12.86,6.9,14.23,8,4,0.5,150,500,4,3,2100
small_emergency,22.38,6.2,14.0,8,4,0.5,150,500,7,4,3050
small_emergency,16.42,9.48,12.92,8,4,0.5,150,500,4,3,2100
small_emergency,16.9,8.67,11.84,8,4,0.5,150,500,5,3,2250
small_emergency,19.23,9.39,14.55,8,4,0.5,150,500,5,3,2250
small_emergency,26.09,9.01,12.72,8,4,0.5,150,500,6,4,2900
small_emergency,13.11,9.15,14.09,8,4,0.5,150,500,3,3,1950
small_emergency,10.92,5.74,14.17,8,4,0.5,150,500,4,3,2100
small_emergency,26.17,8.85,12.96,8,4,0.5,150,500,6,4,2900
small_emergency,24.8,8.8,13.87,8,4,0.5,150,500,5,4,2750
small_emergency,11.91,5.18,10.31,8,4,0.5,150,500,5,3,2250
small_emergency,22.41,5.97,12.89,8,4,0.5,150,500,7,4,3050
small_emergency,17.3,5.55,10.64,8,4,0.5,150,500,6,4,2900
small_emergency,22.82,6.47,11.4,8,4,0.5,150,500,7,4,3050
small_emergency,26.75,7.09,14.64,8,4,0.5,150,500,7,4,3050
small_emergency,28.87,6.42,14.76,8,4,0.5,150,500,8,4,3200
small_emergency,14.61,8.18,11.3,8,4,0.5,150,500,4,3,2100
small_emergency,13.33,8.55,13.94,8,4,0.5,150,500,4,3,2100
small_emergency,25.79,5.88,14.55,8,4,0.5,150,500,8,4,3200
small_emergency,12.73,9.9,11.1,8,4,0.5,150,500,3,3,1950
small_emergency,20.64,6.6,10.22,8,4,0.5,150,500,7,4,3050
small_emergency,11.68,9.12,13.26,8,4,0.5,150,500,3,3,1950
small_emergency,21.5,8.14,12.31,8,4,0.5,150,500,5,4,2750
small_emergency,22.2,9.15,10.46,8,4,0.5,150,500,6,4,2900
small_emergency,14.36,6.38,11.63,8,4,0.5,150,500,5,3,2250
small_emergency,23.59,7.21,13.9,8,4,0.5,150,500,6,4,2900
small_emergency,24.5,9.44,12.81,8,4,0.5,150,500,5,4,2750
small_emergency,15.67,6.34,12.81,8,4,0.5,150,500,5,3,2250
small_emergency,22.15,6.04,13.16,8,4,0.5,150,500,7,4,3050
small_emergency,16.08,8.89,10.94,8,4,0.5,150,500,6,3,2400
small_emergency,23.92,5.31,13.22,8,4,0.5,150,500,8,4,3200
small_emergency,30.27,9.37,14.52,8,4,0.5,150,500,6,4,2900
small_emergency,12.63,5.05,12.67,8,4,0.5,150,500,5,3,2250
small_emergency,11.99,8.34,11.56,8,4,0.5,150,500,4,3,2100
small_emergency,16.37,8.45,11.26,8,4,0.5,150,500,6,3,2400
small_emergency,20.73,5.65,11.67,8,4,0.5,150,500,7,4,3050
small_emergency,11.95,6.88,13.43,8,4,0.5,150,500,4,3,2100
small_emergency,25.84,9.01,12.53,8,4,0.5,150,500,6,4,2900
small_emergency,26.91,8.66,13.55,8,4,0.5,150,500,6,4,2900
small_emergency,18.36,6.67,13.99,8,4,0.5,150,500,6,3,2400
small_emergency,15.05,8.18,14.93,8,4,0.5,150,500,4,3,2100
small_emergency,19.17,8.77,11.11,8,4,0.5,150,500,5,4,2750
small_emergency,12.98,7.23,12.81,8,4,0.5,150,500,4,3,2100
small_emergency,19.96,5.5,14.04,8,4,0.5,150,500,7,4,3050
small_emergency,21.08,7.9,14.84,8,4,0.5,150,500,6,3,2400
small_emergency,15.11,6.67,14.31,8,4,0.5,150,500,5,3,2250
small_emergency,13.42,6.78,13.55,8,4,0.5,150,500,4,3,2100
small_emergency,14.15,8.41,10.37,8,4,0.5,150,500,5,3,2250
small_emergency,20.12,8.2,12.91,8,4,0.5,150,500,5,4,2750
small_emergency,14.8,9.69,11.73,8,4,0.5,150,500,4,3,2100
small_emergency,17.15,7.42,12.58,8,4,0.5,150,500,5,3,2250
small_emergency,20.35,6.35,11.76,8,4,0.5,150,500,6,4,2900
small_emergency,15.37,6.52,14.89,8,4,0.5,150,500,5,3,2250
small_emergency,18.33,7.45,10.24,8,4,0.5,150,500,5,4,2750
small_emergency,11.81,9.43,13.57,8,4,0.5,150,500,3,3,1950
small_emergency,21.81,7.16,10.55,8,4,0.5,150,500,7,4,3050
small_emergency,22.92,9.64,10.79,8,4,0.5,150,500,6,4,2900
small_emergency,17.52,9.37,12.34,8,4,0.5,150,500,5,3,2250
small_emergency,19.45,7.38,12.15,8,4,0.5,150,500,5,4,2750
small_emergency,19.48,6.62,14.92,8,4,0.5,150,500,6,3,2400
small_emergency,15.71,9.97,10.72,8,4,0.5,150,500,5,3,2250
small_emergency,15.98,7.87,12.02,8,4,0.5,150,500,5,3,2250
small_emergency,20.8,8.26,10.32,8,4,0.5,150,500,6,4,2900
small_emergency,20.41,7.87,10.06,8,4,0.5,150,500,6,4,2900
small_emergency,22.2,6.68,11.37,8,4,0.5,150,500,7,4,3050
small_emergency,13.86,8.84,11.14,8,4,0.5,150,500,4,3,2100
small_emergency,23.51,7.88,12.47,8,4,0.5,150,500,6,4,2900
small_emergency,15.39,5.72,10.69,8,4,0.5,150,500,5,4,2750
small_emergency,14.24,7.97,14.55,8,4,0.5,150,500,4,3,2100
small_emergency,32.18,9.05,14.48,8,4,0.5,150,500,8,4,3200
small_emergency,17.52,7.72,11.11,8,4,0.5,150,500,5,4,2750
small_emergency,20.42,7.75,11.73,8,4,0.5,150,500,5,4,2750
small_emergency,30.08,8.61,14.26,8,4,0.5,150,500,7,4,3050
small_emergency,22.22,5.03,14.74,8,4,0.5,150,500,8,4,3200
small_emergency,15.71,8.91,12.93,8,4,0.5,150,500,4,3,2100
small_emergency,23.68,8.41,13.21,8,4,0.5,150,500,6,4,2900
small_emergency,19.6,5.79,10.18,8,4,0.5,150,500,7,4,3050
small_emergency,28.83,7.94,13.88,8,4,0.5,150,500,7,4,3050
small_emergency,14.11,9.23,13.1,8,4,0.5,150,500,4,3,2100
small_emergency,17.07,7.69,12.91,8,4,0.5,150,500,5,3,2250
small_emergency,21.67,7.91,10.0,8,4,0.5,150,500,7,4,3050
small_emergency,19.6,5.18,10.1,8,4,0.5,150,500,8,4,3200
small_emergency,26.14,9.44,12.18,8,4,0.5,150,500,6,4,2900
small_emergency,15.54,9.14,10.49,8,4,0.5,150,500,4,4,2600
small_emergency,21.85,9.27,11.57,8,4,0.5,150,500,5,4,2750
small_emergency,19.55,6.33,13.87,8,4,0.5,150,500,7,3,2550
small_emergency,22.54,6.38,11.7,8,4,0.5,150,500,7,4,3050
small_emergency,10.67,7.64,14.55,8,4,0.5,150,500,4,2,1600
small_emergency,11.22,7.69,10.05,8,4,0.5,150,500,4,3,2100
small_emergency,15.51,5.08,14.47,8,4,0.5,150,500,6,3,2400
small_emergency,14.35,8.3,10.1,8,4,0.5,150,500,5,3,2250
small_emergency,11.22,5.02,14.73,8,4,0.5,150,500,5,3,2250
small_emergency,12.59,9.12,12.68,8,4,0.5,150,500,3,3,1950
small_emergency,19.24,5.48,13.43,8,4,0.5,150,500,6,4,2900
small_emergency,19.85,7.19,12.0,8,4,0.5,150,500,5,4,2750
small_emergency,15.62,8.9,13.98,8,4,0.5,150,500,4,3,2100
small_emergency,10.57,9.3,13.88,8,4,0.5,150,500,4,2,1600
small_emergency,11.51,6.52,11.34,8,4,0.5,150,500,4,3,2100
small_emergency,12.47,7.73,13.54,8,4,0.5,150,500,4,3,2100
small_emergency,18.96,5.61,10.23,8,4,0.5,150,500,7,4,3050
small_emergency,15.72,9.62,10.45,8,4,0.5,150,500,4,4,2600
small_emergency,13.26,5.65,13.91,8,4,0.5,150,500,5,3,2250
small_emergency,21.68,6.27,10.94,8,4,0.5,150,500,7,4,3050
small_emergency,26.36,6.56,12.39,8,4,0.5,150,500,8,4,3200
small_emergency,21.76,7.82,13.27,8,4,0.5,150,500,5,4,2750
small_emergency,23.58,6.35,11.98,8,4,0.5,150,500,7,4,3050
small_emergency,13.82,7.64,12.08,8,4,0.5,150,500,4,3,2100
small_emergency,27.06,8.08,13.01,8,4,0.5,150,500,7,4,3050
small_emergency,10.34,8.62,10.6,8,4,0.5,150,500,3,3,1950
small_emergency,24.27,5.46,12.93,8,4,0.5,150,500,8,4,3200
small_emergency,24.99,9.46,11.23,8,4,0.5,150,500,7,4,3050
small_emergency,20.84,6.29,14.56,8,4,0.5,150,500,8,3,2700
small_emergency,10.62,8.93,12.7,8,4,0.5,150,500,3,3,1950
small_emergency,16.62,8.46,11.93,8,4,0.5,150,500,5,3,2250
small_emergency,10.32,9.98,11.71,8,4,0.5,150,500,3,3,1950
small_emergency,14.62,7.43,13.58,8,4,0.5,150,500,4,3,2100
small_emergency,21.48,9.35,12.98,8,4,0.5,150,500,5,4,2750
small_emergency,24.12,6.51,14.89,8,4,0.5,150,500,7,4,3050
small_emergency,25.25,8.94,13.76,8,4,0.5,150,500,6,4,2900
small_emergency,11.73,6.38,10.31,8,4,0.5,150,500,4,3,2100
small_emergency,22.12,7.4,14.8,8,4,0.5,150,500,6,4,2900
small_emergency,16.97,7.59,14.09,8,4,0.5,150,500,5,3,2250
small_emergency,22.21,5.82,14.32,8,4,0.5,150,500,7,4,3050
small_emergency,20.7,5.52,14.67,8,4,0.5,150,500,7,4,3050
small_emergency,11.42,5.9,10.63,8,4,0.5,150,500,4,3,2100
small_emergency,16.61,8.12,10.8,8,4,0.5,150,500,4,4,2600
small_emergency,22.51,6.99,14.86,8,4,0.5,150,500,6,4,2900
small_emergency,18.19,8.59,12.76,8,4,0.5,150,500,5,3,2250
small_emergency,13.79,6.22,12.31,8,4,0.5,150,500,5,3,2250
small_emergency,22.56,8.39,14.23,8,4,0.5,150,500,5,4,2750
small_emergency,22.99,9.84,12.61,8,4,0.5,150,500,5,4,2750
small_emergency,23.88,6.6,11.27,8,4,0.5,150,500,8,4,3200
small_emergency,25.65,5.72,14.63,8,4,0.5,150,500,8,4,3200
small_emergency,25.39,5.75,14.88,8,4,0.5,150,500,8,4,3200
small_emergency,25.94,7.07,13.28,8,4,0.5,150,500,7,4,3050
small_emergency,19.88,8.87,11.44,8,4,0.5,150,500,5,4,2750
small_emergency,12.26,8.49,11.14,8,4,0.5,150,500,4,3,2100
small_emergency,11.52,8.48,14.07,8,4,0.5,150,500,3,3,1950
small_emergency,17.88,9.71,14.31,8,4,0.5,150,500,4,3,2100
small_emergency,18.94,8.33,10.97,8,4,0.5,150,500,5,4,2750
small_emergency,21.06,9.23,10.79,8,4,0.5,150,500,5,4,2750
small_emergency,11.33,5.56,11.59,8,4,0.5,150,500,5,3,2250
small_emergency,21.17,9.34,10.69,8,4,0.5,150,500,5,4,2750
small_emergency,19.57,6.37,14.78,8,4,0.5,150,500,6,3,2400
small_emergency,15.06,5.38,11.21,8,4,0.5,150,500,7,3,2550
small_emergency,12.43,8.09,12.46,8,4,0.5,150,500,4,3,2100
small_emergency,13.14,8.23,13.91,8,4,0.5,150,500,4,3,2100
small_emergency,26.76,9.87,13.87,8,4,0.5,150,500,5,4,2750
small_emergency,16.74,7.71,11.65,8,4,0.5,150,500,6,3,2400
small_emergency,10.1,5.89,10.25,8,4,0.5,150,500,4,3,2100
small_emergency,12.09,7.61,12.96,8,4,0.5,150,500,4,3,2100
small_emergency,10.83,9.84,11.16,8,4,0.5,150,500,3,3,1950
small_emergency,15.62,7.84,10.71,8,4,0.5,150,500,4,4,2600
small_emergency,26.22,6.56,12.33,8,4,0.5,150,500,8,4,3200
small_emergency,22.08,9.98,13.82,8,4,0.5,150,500,5,4,2750
small_emergency,23.37,8.53,11.08,8,4,0.5,150,500,6,4,2900
small_emergency,23.23,9.86,11.97,8,4,0.5,150,500,5,4,2750
small_emergency,22.77,8.67,13.75,8,4,0.5,150,500,5,4,2750
small_emergency,23.35,9.64,11.83,8,4,0.5,150,500,5,4,2750
small_emergency,15.09,9.66,13.23,8,4,0.5,150,500,4,3,2100
small_emergency,12.6,7.29,10.06,8,4,0.5,150,500,4,3,2100
small_emergency,16.9,7.01,12.71,8,4,0.5,150,500,6,3,2400
small_emergency,19.2,8.94,12.46,8,4,0.5,150,500,4,4,2600
small_emergency,16.13,5.0,13.22,8,4,0.5,150,500,7,3,2550
small_emergency,21.35,6.38,14.33,8,4,0.5,150,500,6,4,2900
small_emergency,24.71,7.56,13.25,8,4,0.5,150,500,6,4,2900
small_emergency,20.73,7.16,14.62,8,4,0.5,150,500,7,3,2550
small_emergency,19.46,5.9,13.96,8,4,0.5,150,500,8,3,2700
small_emergency,31.5,9.23,14.26,8,4,0.5,150,500,8,4,3200
small_emergency,20.33,5.27,12.41,8,4,0.5,150,500,7,4,3050
small_emergency,13.6,5.69,11.38,8,4,0.5,150,500,5,3,2250
small_emergency,12.56,5.38,11.56,8,4,0.5,150,500,5,3,2250
small_emergency,11.77,6.9,12.46,8,4,0.5,150,500,4,3,2100
small_emergency,11.01,7.99,12.7,8,4,0.5,150,500,3,3,1950
small_emergency,15.2,7.55,10.63,8,4,0.5,150,500,6,3,2400
small_emergency,25.72,9.62,14.39,8,4,0.5,150,500,5,4,2750
small_emergency,21.81,8.85,12.7,8,4,0.5,150,500,5,4,2750
small_emergency,13.23,6.74,10.59,8,4,0.5,150,500,5,3,2250
small_emergency,15.33,7.04,10.08,8,4,0.5,150,500,5,4,2750
small_emergency,16.02,9.31,13.13,8,4,0.5,150,500,4,3,2100
small_emergency,22.51,8.85,12.96,8,4,0.5,150,500,5,4,2750
small_emergency,15.22,6.95,14.94,8,4,0.5,150,500,5,3,2250
small_emergency,22.24,9.63,14.0,8,4,0.5,150,500,5,4,2750
small_emergency,23.16,8.75,13.52,8,4,0.5,150,500,5,4,2750
small_emergency,17.81,7.95,11.02,8,4,0.5,150,500,5,4,2750
small_emergency,10.32,9.97,12.85,8,4,0.5,150,500,6,2,1900
small_emergency,18.08,5.77,11.63,8,4,0.5,150,500,6,4,2900
small_emergency,16.18,5.02,12.57,8,4,0.5,150,500,7,3,2550
small_emergency,27.19,9.75,13.51,8,4,0.5,150,500,6,4,2900
small_emergency,20.46,9.87,12.25,8,4,0.5,150,500,4,4,2600
small_emergency,15.9,7.09,14.65,8,4,0.5,150,500,5,3,2250
small_emergency,27.53,8.34,15.0,8,4,0.5,150,500,6,4,2900
small_emergency,29.21,8.74,14.0,8,4,0.5,150,500,7,4,3050
small_emergency,25.59,6.81,12.08,8,4,0.5,150,500,8,4,3200
small_emergency,10.91,8.15,11.93,8,4,0.5,150,500,3,3,1950
small_emergency,13.01,6.43,14.59,8,4,0.5,150,500,4,3,2100
small_emergency,16.3,6.86,14.11,8,4,0.5,150,500,5,3,2250
small_emergency,10.26,5.07,14.36,8,4,0.5,150,500,7,2,2050
small_emergency,24.02,9.53,11.99,8,4,0.5,150,500,5,4,2750
small_emergency,11.43,9.04,13.55,8,4,0.5,150,500,3,3,1950
small_emergency,15.22,9.94,13.97,8,4,0.5,150,500,4,3,2100
small_emergency,10.23,6.44,11.04,8,4,0.5,150,500,4,3,2100
small_emergency,21.05,6.71,10.97,8,4,0.5,150,500,6,4,2900
small_emergency,18.63,8.28,10.24,8,4,0.5,150,500,5,4,2750
small_emergency,21.4,9.2,14.76,8,4,0.5,150,500,6,3,2400
small_emergency,27.16,6.48,13.68,8,4,0.5,150,500,8,4,3200
small_emergency,13.71,7.19,12.58,8,4,0.5,150,500,4,3,2100
small_emergency,16.74,6.55,10.71,8,4,0.5,150,500,5,4,2750
small_emergency,17.98,8.43,13.19,8,4,0.5,150,500,5,3,2250
small_emergency,19.55,5.74,10.63,8,4,0.5,150,500,7,4,3050
small_emergency,10.97,6.8,13.75,8,4,0.5,150,500,4,3,2100
small_emergency,28.56,8.87,14.33,8,4,0.5,150,500,6,4,2900
small_emergency,25.05,9.71,14.03,8,4,0.5,150,500,5,4,2750
small_emergency,31.02,8.07,14.9,8,4,0.5,150,500,7,4,3050
small_emergency,16.71,9.88,13.86,8,4,0.5,150,500,4,3,2100
small_emergency,14.7,6.75,12.59,8,4,0.5,150,500,5,3,2250
small_emergency,21.91,8.54,12.88,8,4,0.5,150,500,5,4,2750
small_emergency,19.43,7.92,11.73,8,4,0.5,150,500,5,4,2750
small_emergency,11.85,6.52,12.54,8,4,0.5,150,500,4,3,2100
small_emergency,15.4,6.31,11.7,8,4,0.5,150,500,6,3,2400
small_emergency,12.9,7.62,13.69,8,4,0.5,150,500,4,3,2100
small_emergency,25.74,6.47,14.04,8,4,0.5,150,500,7,4,3050
small_emergency,19.3,6.88,12.28,8,4,0.5,150,500,5,4,2750
small_emergency,20.42,6.07,14.03,8,4,0.5,150,500,6,4,2900
small_emergency,25.72,8.93,13.17,8,4,0.5,150,500,6,4,2900
small_emergency,14.94,6.83,12.91,8,4,0.5,150,500,5,3,2250
small_emergency,10.13,5.91,11.21,8,4,0.5,150,500,4,3,2100
small_emergency,19.78,5.8,13.31,8,4,0.5,150,500,6,4,2900
small_emergency,16.54,5.88,11.2,8,4,0.5,150,500,6,4,2900
small_emergency,13.34,9.64,14.77,8,4,0.5,150,500,3,3,1950
small_emergency,15.68,5.14,13.79,8,4,0.5,150,500,6,3,2400
small_emergency,12.9,7.46,11.34,8,4,0.5,150,500,4,3,2100
small_emergency,11.75,9.1,11.66,8,4,0.5,150,500,3,3,1950
small_emergency,21.87,8.31,13.24,8,4,0.5,150,500,5,4,2750
small_emergency,19.74,9.14,10.01,8,4,0.5,150,500,5,4,2750
small_emergency,23.28,9.61,13.21,8,4,0.5,150,500,5,4,2750
small_emergency,10.1,7.75,13.55,8,4,0.5,150,500,4,2,1600
small_emergency,17.35,5.08,14.06,8,4,0.5,150,500,7,3,2550
small_emergency,14.83,5.87,12.79,8,4,0.5,150,500,5,3,2250
small_emergency,12.04,6.57,10.56,8,4,0.5,150,500,4,3,2100
small_emergency,11.85,6.86,11.91,8,4,0.5,150,500,4,3,2100
small_emergency,19.5,7.78,12.48,8,4,0.5,150,500,5,4,2750
small_emergency,26.12,9.91,13.89,8,4,0.5,150,500,5,4,2750
small_emergency,26.79,6.66,14.3,8,4,0.5,150,500,7,4,3050
small_emergency,17.84,9.83,12.65,8,4,0.5,150,500,5,3,2250
small_emergency,23.86,9.47,13.69,8,4,0.5,150,500,5,4,2750
small_emergency,24.64,5.13,13.74,8,4,0.5,150,500,8,4,3200
small_emergency,19.35,7.83,10.75,8,4,0.5,150,500,5,4,2750
small_emergency,15.97,7.02,13.39,8,4,0.5,150,500,5,3,2250
small_emergency,23.16,5.88,14.38,8,4,0.5,150,500,7,4,3050
small_emergency,25.01,9.14,11.92,8,4,0.5,150,500,6,4,2900
small_emergency,28.91,9.12,13.57,8,4,0.5,150,500,7,4,3050
small_emergency,18.27,8.39,14.21,8,4,0.5,150,500,5,3,2250
small_emergency,15.77,6.46,12.32,8,4,0.5,150,500,5,3,2250
small_emergency,20.73,5.53,10.29,8,4,0.5,150,500,8,4,3200
small_emergency,12.17,7.9,12.66,8,4,0.5,150,500,4,3,2100
small_emergency,14.93,6.53,13.94,8,4,0.5,150,500,5,3,2250
small_emergency,21.65,7.19,10.87,8,4,0.5,150,500,6,4,2900
small_emergency,20.75,7.88,11.53,8,4,0.5,150,500,5,4,2750
small_emergency,20.09,8.37,11.06,8,4,0.5,150,500,5,4,2750
small_emergency,13.98,8.73,11.88,8,4,0.5,150,500,4,3,2100
small_emergency,10.02,5.61,10.31,8,4,0.5,150,500,4,3,2100
small_emergency,14.7,9.43,12.39,8,4,0.5,150,500,4,3,2100
small_emergency,17.6,9.21,11.96,8,4,0.5,150,500,6,3,2400
small_emergency,21.76,7.83,14.32,8,4,0.5,150,500,5,4,2750
small_emergency,13.88,6.07,11.13,8,4,0.5,150,500,5,3,2250
small_emergency,16.0,7.92,14.53,8,4,0.5,150,500,4,3,2100
small_emergency,27.38,9.66,12.58,8,4,0.5,150,500,6,4,2900
small_emergency,12.54,7.99,12.33,8,4,0.5,150,500,4,3,2100
small_emergency,19.74,6.11,12.78,8,4,0.5,150,500,6,4,2900
small_emergency,27.11,7.25,14.66,8,4,0.5,150,500,7,4,3050
small_emergency,18.6,7.17,10.6,8,4,0.5,150,500,5,4,2750
small_emergency,25.31,7.57,11.72,8,4,0.5,150,500,8,4,3200
small_emergency,13.38,6.37,13.98,8,4,0.5,150,500,5,3,2250
small_emergency,23.89,7.04,11.07,8,4,0.5,150,500,8,4,3200
small_emergency,26.64,7.59,13.92,8,4,0.5,150,500,7,4,3050
small_emergency,10.98,9.88,10.61,8,4,0.5,150,500,3,3,1950
small_emergency,14.17,8.13,10.21,8,4,0.5,150,500,5,3,2250
small_emergency,27.12,7.92,13.73,8,4,0.5,150,500,7,4,3050
small_emergency,21.82,7.85,14.93,8,4,0.5,150,500,7,3,2550
small_emergency,26.34,9.44,13.06,8,4,0.5,150,500,6,4,2900
small_emergency,21.55,9.22,11.74,8,4,0.5,150,500,5,4,2750
small_emergency,14.22,9.02,10.04,8,4,0.5,150,500,5,3,2250
small_emergency,24.12,8.13,13.67,8,4,0.5,150,500,6,4,2900
small_emergency,20.85,8.41,11.96,8,4,0.5,150,500,5,4,2750
small_emergency,13.68,6.43,13.36,8,4,0.5,150,500,5,3,2250
small_emergency,26.53,7.41,13.71,8,4,0.5,150,500,7,4,3050
small_emergency,28.18,7.63,13.19,8,4,0.5,150,500,8,4,3200
small_emergency,11.12,6.29,12.39,8,4,0.5,150,500,4,3,2100
small_emergency,25.25,5.81,13.53,8,4,0.5,150,500,8,4,3200
small_emergency,10.98,6.44,13.39,8,4,0.5,150,500,4,3,2100
small_emergency,19.08,8.71,10.78,8,4,0.5,150,500,5,4,2750
small_emergency,28.9,7.97,14.38,8,4,0.5,150,500,7,4,3050
small_emergency,17.83,5.98,10.92,8,4,0.5,150,500,6,4,2900
small_emergency,21.82,8.45,12.53,8,4,0.5,150,500,5,4,2750
small_emergency,19.17,6.74,11.16,8,4,0.5,150,500,6,4,2900
small_emergency,14.37,5.99,14.23,8,4,0.5,150,500,5,3,2250
small_emergency,11.32,8.85,14.57,8,4,0.5,150,500,4,2,1600
small_emergency,18.24,5.21,12.3,8,4,0.5,150,500,6,4,2900
small_emergency,19.37,5.53,12.63,8,4,0.5,150,500,6,4,2900
small_emergency,19.71,6.34,13.79,8,4,0.5,150,500,8,3,2700
small_emergency,20.77,9.49,14.27,8,4,0.5,150,500,6,3,2400
small_emergency,15.08,7.11,11.04,8,4,0.5,150,500,5,3,2250
small_emergency,13.21,5.35,12.41,8,4,0.5,150,500,5,3,2250
small_emergency,17.42,9.49,14.87,8,4,0.5,150,500,4,3,2100
small_emergency,19.83,7.5,12.67,8,4,0.5,150,500,5,4,2750
small_emergency,10.3,7.22,10.6,8,4,0.5,150,500,4,3,2100
small_emergency,21.69,6.03,10.63,8,4,0.5,150,500,8,4,3200
small_emergency,17.37,8.39,11.99,8,4,0.5,150,500,6,3,2400
small_emergency,15.95,9.24,14.12,8,4,0.5,150,500,4,3,2100
small_emergency,25.49,6.96,14.51,8,4,0.5,150,500,7,4,3050
small_emergency,20.8,9.57,12.76,8,4,0.5,150,500,5,4,2750
small_emergency,14.1,8.0,11.2,8,4,0.5,150,500,4,3,2100
small_emergency,17.86,8.1,13.15,8,4,0.5,150,500,5,3,2250
small_emergency,18.46,7.2,10.95,8,4,0.5,150,500,5,4,2750
small_emergency,25.62,7.36,12.25,8,4,0.5,150,500,7,4,3050
small_emergency,21.67,6.04,14.13,8,4,0.5,150,500,6,4,2900
small_emergency,24.05,7.53,11.26,8,4,0.5,150,500,7,4,3050
small_emergency,18.74,6.9,11.37,8,4,0.5,150,500,5,4,2750
small_emergency,14.89,5.61,11.39,8,4,0.5,150,500,6,3,2400
small_emergency,18.27,7.53,14.74,8,4,0.5,150,500,5,3,2250
small_emergency,15.55,8.88,10.25,8,4,0.5,150,500,4,4,2600
small_emergency,10.35,6.0,11.33,8,4,0.5,150,500,4,3,2100
small_emergency,10.66,7.06,11.98,8,4,0.5,150,500,4,3,2100
small_emergency,11.12,7.27,14.4,8,4,0.5,150,500,6,2,1900
small_emergency,11.3,8.44,12.11,8,4,0.5,150,500,3,3,1950
small_emergency,12.89,6.94,12.33,8,4,0.5,150,500,4,3,2100
small_emergency,12.44,6.44,13.48,8,4,0.5,150,500,4,3,2100
small_emergency,18.87,6.9,13.95,8,4,0.5,150,500,6,3,2400
small_emergency,15.24,8.94,14.13,8,4,0.5,150,500,4,3,2100
small_emergency,14.33,7.4,10.31,8,4,0.5,150,500,5,3,2250
small_emergency,14.21,6.12,14.01,8,4,0.5,150,500,5,3,2250
small_emergency,10.68,6.0,14.33,8,4,0.5,150,500,6,2,1900
small_emergency,11.79,7.01,13.39,8,4,0.5,150,500,4,3,2100
small_emergency,12.33,5.13,10.88,8,4,0.5,150,500,5,3,2250
small_emergency,14.62,8.14,10.51,8,4,0.5,150,500,5,3,2250
small_emergency,29.23,7.32,14.81,8,4,0.5,150,500,7,4,3050
small_emergency,26.35,9.06,13.7,8,4,0.5,150,500,6,4,2900
small_emergency,11.0,8.58,12.7,8,4,0.5,150,500,3,3,1950
small_emergency,16.88,6.09,10.58,8,4,0.5,150,500,6,4,2900
small_emergency,16.53,7.26,11.87,8,4,0.5,150,500,6,3,2400
small_emergency,28.11,9.18,12.97,8,4,0.5,150,500,7,4,3050
small_emergency,15.0,6.76,14.22,8,4,0.5,150,500,5,3,2250
small_emergency,12.05,8.85,14.61,8,4,0.5,150,500,3,3,1950
small_emergency,33.06,9.62,14.96,8,4,0.5,150,500,7,4,3050
small_emergency,28.85,8.5,13.81,8,4,0.5,150,500,7,4,3050
small_emergency,25.59,7.67,14.14,8,4,0.5,150,500,6,4,2900
small_emergency,15.57,9.14,14.38,8,4,0.5,150,500,4,3,2100
small_emergency,10.33,9.71,12.12,8,4,0.5,150,500,3,3,1950
small_emergency,17.58,8.97,11.32,8,4,0.5,150,500,4,4,2600
small_emergency,17.47,8.7,11.48,8,4,0.5,150,500,4,4,2600
small_emergency,11.18,7.37,13.62,8,4,0.5,150,500,4,3,2100
small_emergency,23.85,9.8,13.52,8,4,0.5,150,500,5,4,2750
small_emergency,21.78,8.92,12.19,8,4,0.5,150,500,5,4,2750
small_emergency,26.82,5.95,13.53,8,4,0.5,150,500,8,4,3200
small_emergency,11.52,9.76,12.21,8,4,0.5,150,500,3,3,1950
small_emergency,11.35,9.19,14.7,8,4,0.5,150,500,4,2,1600
small_emergency,31.16,8.8,14.92,8,4,0.5,150,500,7,4,3050
small_emergency,11.13,6.76,10.48,8,4,0.5,150,500,4,3,2100
small_emergency,28.11,8.5,14.37,8,4,0.5,150,500,6,4,2900
small_emergency,10.55,8.12,10.77,8,4,0.5,150,500,3,3,1950
small_emergency,16.96,9.49,10.77,8,4,0.5,150,500,4,4,2600
small_emergency,25.86,9.66,13.95,8,4,0.5,150,500,5,4,2750
small_emergency,10.45,5.52,13.27,8,4,0.5,150,500,4,3,2100
small_emergency,16.93,6.0,13.5,8,4,0.5,150,500,6,3,2400
small_emergency,28.98,9.11,13.06,8,4,0.5,150,500,8,4,3200
small_emergency,13.85,5.64,14.16,8,4,0.5,150,500,5,3,2250
small_emergency,13.04,5.18,12.31,8,4,0.5,150,500,5,3,2250
small_emergency,24.44,5.62,14.06,8,4,0.5,150,500,8,4,3200
small_emergency,21.28,7.53,11.32,8,4,0.5,150,500,6,4,2900
small_emergency,17.4,8.98,10.22,8,4,0.5,150,500,4,4,2600
small_emergency,22.79,9.34,12.82,8,4,0.5,150,500,5,4,2750
small_emergency,27.85,8.84,13.83,8,4,0.5,150,500,6,4,2900
small_emergency,11.73,6.18,14.47,8,4,0.5,150,500,4,3,2100
small_emergency,11.62,7.69,14.07,8,4,0.5,150,500,4,3,2100
small_emergency,16.63,5.49,11.56,8,4,0.5,150,500,6,4,2900
small_emergency,26.96,6.43,14.39,8,4,0.5,150,500,7,4,3050
small_emergency,13.79,8.66,10.67,8,4,0.5,150,500,4,3,2100
small_emergency,19.19,7.05,10.19,8,4,0.5,150,500,6,4,2900
small_emergency,24.14,5.97,12.25,8,4,0.5,150,500,8,4,3200
small_emergency,19.03,9.59,10.3,8,4,0.5,150,500,4,4,2600
small_emergency,19.14,9.95,14.57,8,4,0.5,150,500,4,3,2100
small_emergency,27.65,6.89,12.92,8,4,0.5,150,500,8,4,3200
small_emergency,15.1,7.91,13.56,8,4,0.5,150,500,4,3,2100
small_emergency,13.96,7.9,14.93,8,4,0.5,150,500,4,3,2100
small_emergency,27.56,6.57,13.29,8,4,0.5,150,500,8,4,3200
small_emergency,22.21,7.94,13.46,8,4,0.5,150,500,5,4,2750
small_emergency,10.07,7.23,11.38,8,4,0.5,150,500,4,3,2100
small_emergency,22.2,5.66,14.41,8,4,0.5,150,500,7,4,3050
small_emergency,25.82,9.54,14.63,8,4,0.5,150,500,5,4,2750
small_emergency,20.06,7.87,13.2,8,4,0.5,150,500,5,4,2750
small_emergency,21.92,7.17,12.28,8,4,0.5,150,500,6,4,2900
small_emergency,17.89,6.67,11.14,8,4,0.5,150,500,5,4,2750
small_emergency,21.45,5.44,13.91,8,4,0.5,150,500,7,4,3050
small_emergency,16.92,6.57,13.56,8,4,0.5,150,500,6,3,2400
small_emergency,16.61,8.41,10.37,8,4,0.5,150,500,4,4,2600
small_emergency,12.73,7.21,11.82,8,4,0.5,150,500,4,3,2100
small_emergency,13.96,5.53,14.3,8,4,0.5,150,500,5,3,2250
small_emergency,20.79,6.62,14.62,8,4,0.5,150,500,7,3,2550
small_emergency,23.47,7.27,13.26,8,4,0.5,150,500,6,4,2900
small_emergency,16.84,8.92,11.28,8,4,0.5,150,500,4,4,2600
small_emergency,18.2,7.37,12.08,8,4,0.5,150,500,5,4,2750
small_emergency,28.31,9.98,14.08,8,4,0.5,150,500,6,4,2900
small_emergency,18.99,8.04,11.74,8,4,0.5,150,500,5,4,2750
small_emergency,20.67,9.18,12.13,8,4,0.5,150,500,5,4,2750
small_emergency,18.75,6.28,13.67,8,4,0.5,150,500,7,3,2550
small_emergency,17.89,7.4,11.09,8,4,0.5,150,500,5,4,2750
small_emergency,24.6,8.79,11.61,8,4,0.5,150,500,6,4,2900
small_emergency,22.58,5.22,12.2,8,4,0.5,150,500,8,4,3200
small_emergency,12.46,7.53,14.31,8,4,0.5,150,500,4,3,2100
small_emergency,20.97,5.4,11.11,8,4,0.5,150,500,7,4,3050
small_emergency,23.88,7.14,12.78,8,4,0.5,150,500,6,4,2900
small_emergency,24.62,8.95,13.85,8,4,0.5,150,500,5,4,2750
small_emergency,15.03,5.32,10.3,8,4,0.5,150,500,6,4,2900
small_emergency,15.48,6.04,12.33,8,4,0.5,150,500,6,3,2400
small_emergency,17.08,5.1,11.5,8,4,0.5,150,500,6,4,2900
small_emergency,25.9,9.62,12.73,8,4,0.5,150,500,6,4,2900
small_emergency,13.17,9.84,13.31,8,4,0.5,150,500,3,3,1950
small_emergency,17.68,9.49,11.74,8,4,0.5,150,500,4,4,2600
small_emergency,27.56,6.81,12.9,8,4,0.5,150,500,8,4,3200
small_emergency,12.84,8.2,10.7,8,4,0.5,150,500,4,3,2100
small_emergency,18.34,6.52,11.04,8,4,0.5,150,500,6,4,2900
small_emergency,26.53,8.08,13.77,8,4,0.5,150,500,6,4,2900
small_emergency,12.8,7.07,12.82,8,4,0.5,150,500,4,3,2100
small_emergency,24.79,9.08,11.71,8,4,0.5,150,500,6,4,2900
small_emergency,14.84,9.62,12.65,8,4,0.5,150,500,4,3,2100
small_emergency,10.23,8.63,13.62,8,4,0.5,150,500,4,2,1600
small_emergency,24.55,5.84,14.91,8,4,0.5,150,500,7,4,3050
small_emergency,21.68,9.61,11.7,8,4,0.5,150,500,5,4,2750
small_emergency,18.69,6.21,10.62,8,4,0.5,150,500,6,4,2900
small_emergency,20.31,6.45,13.96,8,4,0.5,150,500,6,4,2900
small_emergency,16.52,7.88,14.38,8,4,0.5,150,500,5,3,2250
small_emergency,24.72,6.05,12.77,8,4,0.5,150,500,8,4,3200
small_emergency,28.17,8.15,13.25,8,4,0.5,150,500,7,4,3050
small_emergency,23.34,8.37,10.89,8,4,0.5,150,500,6,4,2900
small_emergency,15.27,9.65,14.92,8,4,0.5,150,500,4,3,2100
small_emergency,10.21,9.87,10.33,8,4,0.5,150,500,3,3,1950
small_emergency,14.69,9.06,11.06,8,4,0.5,150,500,4,3,2100
small_emergency,14.99,5.34,12.7,8,4,0.5,150,500,6,3,2400
small_emergency,26.22,6.18,13.15,8,4,0.5,150,500,8,4,3200
small_emergency,15.0,8.1,10.35,8,4,0.5,150,500,6,3,2400
small_emergency,13.37,6.51,12.81,8,4,0.5,150,500,5,3,2250
small_emergency,23.16,6.13,14.49,8,4,0.5,150,500,7,4,3050
small_emergency,13.69,9.78,14.07,8,4,0.5,150,500,3,3,1950
small_emergency,11.07,5.81,14.39,8,4,0.5,150,500,4,3,2100
small_emergency,18.35,8.79,10.77,8,4,0.5,150,500,5,4,2750
small_emergency,15.95,9.14,10.84,8,4,0.5,150,500,6,3,2400
small_emergency,27.94,8.56,14.64,8,4,0.5,150,500,6,4,2900
small_emergency,16.95,5.38,11.12,8,4,0.5,150,500,6,4,2900
small_emergency,14.01,7.96,14.51,8,4,0.5,150,500,4,3,2100
small_emergency,20.43,9.99,14.84,8,4,0.5,150,500,5,3,2250
small_emergency,18.22,8.29,10.78,8,4,0.5,150,500,5,4,2750
small_emergency,21.79,7.86,10.92,8,4,0.5,150,500,6,4,2900
small_emergency,20.22,9.69,13.28,8,4,0.5,150,500,4,4,2600
small_emergency,19.86,7.64,14.11,8,4,0.5,150,500,6,3,2400
small_emergency,16.86,9.93,12.17,8,4,0.5,150,500,4,3,2100
small_emergency,23.92,9.51,12.15,8,4,0.5,150,500,5,4,2750
small_emergency,22.55,7.39,14.46,8,4,0.5,150,500,6,4,2900
small_emergency,11.05,6.61,11.34,8,4,0.5,150,500,4,3,2100
small_emergency,14.8,6.98,11.29,8,4,0.5,150,500,5,3,2250
small_emergency,22.07,8.52,11.3,8,4,0.5,150,500,5,4,2750
small_emergency,19.55,8.28,12.41,8,4,0.5,150,500,5,4,2750
small_emergency,12.32,8.53,10.31,8,4,0.5,150,500,4,3,2100
small_emergency,11.51,9.43,10.21,8,4,0.5,150,500,3,3,1950
small_emergency,18.61,8.55,11.08,8,4,0.5,150,500,5,4,2750
small_emergency,16.03,6.08,12.07,8,4,0.5,150,500,6,3,2400
small_emergency,19.99,7.07,11.91,8,4,0.5,150,500,6,4,2900
small_emergency,15.74,5.38,12.36,8,4,0.5,150,500,6,3,2400
small_emergency,13.33,7.53,10.83,8,4,0.5,150,500,4,3,2100
small_emergency,13.12,9.83,10.59,8,4,0.5,150,500,4,3,2100
small_emergency,21.68,6.01,11.09,8,4,0.5,150,500,7,4,3050
small_emergency,19.16,7.38,11.14,8,4,0.5,150,500,5,4,2750
small_emergency,13.35,8.82,10.86,8,4,0.5,150,500,4,3,2100
small_emergency,27.61,7.65,13.27,8,4,0.5,150,500,7,4,3050
small_emergency,12.69,8.42,11.36,8,4,0.5,150,500,4,3,2100
small_emergency,29.11,7.03,14.57,8,4,0.5,150,500,8,4,3200
small_emergency,13.63,9.49,12.42,8,4,0.5,150,500,4,3,2100
small_emergency,10.04,7.28,12.37,8,4,0.5,150,500,3,3,1950
small_emergency,23.04,6.01,11.76,8,4,0.5,150,500,7,4,3050
small_emergency,21.47,9.69,11.55,8,4,0.5,150,500,5,4,2750
small_emergency,25.81,7.26,12.55,8,4,0.5,150,500,7,4,3050
small_emergency,17.97,5.63,14.53,8,4,0.5,150,500,6,3,2400
small_emergency,16.37,8.3,13.33,8,4,0.5,150,500,5,3,2250
small_emergency,14.02,6.51,12.89,8,4,0.5,150,500,5,3,2250
small_emergency,15.44,6.18,14.67,8,4,0.5,150,500,5,3,2250
small_emergency,21.66,8.57,11.81,8,4,0.5,150,500,5,4,2750
small_emergency,20.86,9.54,10.88,8,4,0.5,150,500,5,4,2750
small_emergency,10.19,6.01,13.5,8,4,0.5,150,500,4,3,2100
small_emergency,16.46,8.2,13.65,8,4,0.5,150,500,5,3,2250
small_emergency,24.85,7.89,12.42,8,4,0.5,150,500,6,4,2900
small_emergency,11.34,9.23,10.44,8,4,0.5,150,500,3,3,1950
small_emergency,21.26,7.17,10.42,8,4,0.5,150,500,6,4,2900
small_emergency,22.84,7.77,13.14,8,4,0.5,150,500,6,4,2900
small_emergency,27.31,7.98,12.5,8,4,0.5,150,500,8,4,3200
small_emergency,11.54,5.26,10.74,8,4,0.5,150,500,5,3,2250
small_emergency,24.43,5.82,12.51,8,4,0.5,150,500,8,4,3200
small_emergency,11.62,7.91,11.49,8,4,0.5,150,500,4,3,2100
small_emergency,28.7,7.02,14.34,8,4,0.5,150,500,8,4,3200
small_emergency,17.7,6.24,11.49,8,4,0.5,150,500,6,4,2900
small_emergency,24.27,9.99,14.05,8,4,0.5,150,500,5,4,2750
small_emergency,12.88,8.69,12.41,8,4,0.5,150,500,4,3,2100
small_emergency,19.38,5.59,12.72,8,4,0.5,150,500,6,4,2900
small_emergency,16.32,7.6,10.83,8,4,0.5,150,500,5,4,2750
small_emergency,19.04,5.63,12.22,8,4,0.5,150,500,6,4,2900
small_emergency,14.15,9.1,13.38,8,4,0.5,150,500,4,3,2100
small_emergency,11.62,7.53,13.71,8,4,0.5,150,500,4,3,2100
small_emergency,21.59,7.82,13.92,8,4,0.5,150,500,5,4,2750
large_non_emergency,24.38,2.7,4.68,20,10,3.0,80,250,11,7,2630
large_non_emergency,18.05,4.63,3.6,20,10,3.0,80,250,6,7,2230
large_non_emergency,11.95,3.41,5.54,20,10,3.0,80,250,5,4,1400
large_non_emergency,15.0,2.37,5.12,20,10,3.0,80,250,9,4,1720
large_non_emergency,6.26,3.47,3.35,20,10,3.0,80,250,3,3,990
large_non_emergency,21.61,3.73,5.96,20,10,3.0,80,250,8,5,1890
large_non_emergency,12.31,4.39,3.95,20,10,3.0,80,250,4,5,1570
large_non_emergency,12.09,3.46,4.17,20,10,3.0,80,250,5,4,1400
large_non_emergency,16.52,2.95,4.8,20,10,3.0,80,250,8,5,1890
large_non_emergency,15.54,3.5,3.74,20,10,3.0,80,250,6,6,1980
large_non_emergency,7.26,3.22,4.85,20,10,3.0,80,250,4,3,1070
large_non_emergency,7.7,4.12,4.13,20,10,3.0,80,250,3,3,990
large_non_emergency,24.58,2.25,5.5,20,10,3.0,80,250,14,6,2620
large_non_emergency,11.21,2.92,3.11,20,10,3.0,80,250,6,5,1730
large_non_emergency,8.15,4.83,5.48,20,10,3.0,80,250,3,3,990
large_non_emergency,8.78,4.11,5.71,20,10,3.0,80,250,4,3,1070
large_non_emergency,17.67,3.93,4.68,20,10,3.0,80,250,7,5,1810
large_non_emergency,6.57,2.5,4.03,20,10,3.0,80,250,4,3,1070
large_non_emergency,18.87,4.35,3.17,20,10,3.0,80,250,6,8,2480
large_non_emergency,19.47,4.68,3.27,20,10,3.0,80,250,6,8,2480
large_non_emergency,22.27,3.62,4.89,20,10,3.0,80,250,8,6,2140
large_non_emergency,6.64,4.79,3.96,20,10,3.0,80,250,3,3,990
large_non_emergency,18.74,4.92,5.79,20,10,3.0,80,250,5,5,1650
large_non_emergency,8.21,3.29,4.77,20,10,3.0,80,250,4,3,1070
large_non_emergency,23.6,4.23,3.7,20,10,3.0,80,250,8,8,2640
large_non_emergency,7.22,2.59,3.76,20,10,3.0,80,250,4,3,1070
large_non_emergency,22.53,2.49,5.45,20,10,3.0,80,250,11,6,2380
large_non_emergency,14.6,3.19,3.21,20,10,3.0,80,250,7,6,2060
large_non_emergency,8.2,2.92,5.22,20,10,3.0,80,250,4,3,1070
large_non_emergency,19.08,4.49,5.1,20,10,3.0,80,250,6,5,1730
large_non_emergency,16.79,2.43,4.34,20,10,3.0,80,250,10,5,2050
large_non_emergency,20.35,3.71,3.1,20,10,3.0,80,250,8,8,2640
large_non_emergency,8.49,2.79,3.21,20,10,3.0,80,250,5,4,1400
large_non_emergency,21.71,2.6,3.69,20,10,3.0,80,250,11,8,2880
large_non_emergency,23.42,2.33,4.05,20,10,3.0,80,250,12,8,2960
large_non_emergency,17.62,3.57,5.97,20,10,3.0,80,250,7,4,1560
large_non_emergency,7.22,3.54,5.05,20,10,3.0,80,250,4,3,1070
large_non_emergency,23.04,3.57,5.03,20,10,3.0,80,250,9,6,2220
large_non_emergency,6.06,4.0,3.19,20,10,3.0,80,250,3,3,990
large_non_emergency,23.01,3.33,5.56,20,10,3.0,80,250,9,6,2220
large_non_emergency,21.55,3.62,4.43,20,10,3.0,80,250,8,7,2390
large_non_emergency,16.29,4.41,5.18,20,10,3.0,80,250,5,5,1650
large_non_emergency,5.6,3.12,4.81,20,10,3.0,80,250,3,3,990
large_non_emergency,18.43,4.47,3.16,20,10,3.0,80,250,6,8,2480
large_non_emergency,13.14,4.82,3.83,20,10,3.0,80,250,4,5,1570
large_non_emergency,8.89,2.38,5.47,20,10,3.0,80,250,5,3,1150
large_non_emergency,8.64,2.93,3.91,20,10,3.0,80,250,4,4,1320
large_non_emergency,16.52,2.45,3.86,20,10,3.0,80,250,9,6,2220
large_non_emergency,21.75,4.89,4.45,20,10,3.0,80,250,6,7,2230
large_non_emergency,7.72,5.0,4.43,20,10,3.0,80,250,3,3,990
large_non_emergency,23.04,2.29,3.09,20,10,3.0,80,250,14,9,3370
large_non_emergency,10.4,4.76,5.93,20,10,3.0,80,250,4,3,1070
large_non_emergency,24.89,4.08,4.18,20,10,3.0,80,250,8,8,2640
large_non_emergency,5.04,4.6,4.39,20,10,3.0,80,250,3,3,990
large_non_emergency,17.34,3.64,3.7,20,10,3.0,80,250,7,6,2060
large_non_emergency,11.92,3.87,5.25,20,10,3.0,80,250,5,4,1400
large_non_emergency,21.51,3.95,5.66,20,10,3.0,80,250,8,5,1890
large_non_emergency,5.99,4.57,3.94,20,10,3.0,80,250,3,3,990
large_non_emergency,6.97,3.63,4.91,20,10,3.0,80,250,3,3,990
large_non_emergency,21.71,4.93,5.81,20,10,3.0,80,250,6,5,1730
large_non_emergency,24.43,4.23,3.66,20,10,3.0,80,250,10,8,2800
large_non_emergency,11.3,4.51,4.36,20,10,3.0,80,250,4,4,1320
large_non_emergency,18.9,2.66,3.81,20,10,3.0,80,250,9,7,2470
large_non_emergency,9.83,3.9,5.47,20,10,3.0,80,250,4,3,1070
large_non_emergency,19.48,3.35,5.22,20,10,3.0,80,250,8,5,1890
large_non_emergency,5.14,3.03,4.76,20,10,3.0,80,250,3,3,990
large_non_emergency,11.66,3.55,4.33,20,10,3.0,80,250,5,4,1400
large_non_emergency,22.11,4.73,4.69,20,10,3.0,80,250,7,6,2060
large_non_emergency,5.11,2.57,3.89,20,10,3.0,80,250,3,3,990
large_non_emergency,6.42,3.34,4.81,20,10,3.0,80,250,3,3,990
large_non_emergency,15.43,4.93,3.84,20,10,3.0,80,250,5,6,1900
large_non_emergency,23.67,3.58,3.8,20,10,3.0,80,250,9,8,2720
large_non_emergency,15.9,2.92,4.8,20,10,3.0,80,250,7,5,1810
large_non_emergency,23.77,4.67,3.34,20,10,3.0,80,250,7,9,2810
large_non_emergency,6.98,4.03,3.31,20,10,3.0,80,250,3,4,1240
large_non_emergency,16.14,3.75,3.99,20,10,3.0,80,250,6,6,1980
large_non_emergency,15.3,4.39,5.63,20,10,3.0,80,250,5,4,1400
large_non_emergency,10.74,2.86,4.09,20,10,3.0,80,250,5,4,1400
large_non_emergency,12.49,3.9,4.54,20,10,3.0,80,250,5,4,1400
large_non_emergency,16.92,2.98,4.97,20,10,3.0,80,250,8,5,1890
large_non_emergency,17.69,4.36,5.81,20,10,3.0,80,250,6,5,1730
large_non_emergency,18.61,4.85,4.95,20,10,3.0,80,250,6,5,1730
large_non_emergency,8.44,2.96,5.74,20,10,3.0,80,250,4,3,1070
large_non_emergency,8.16,3.05,5.96,20,10,3.0,80,250,4,3,1070
large_non_emergency,20.53,2.54,3.1,20,10,3.0,80,250,12,8,2960
large_non_emergency,23.95,4.28,3.15,20,10,3.0,80,250,7,10,3060
large_non_emergency,7.38,3.97,4.68,20,10,3.0,80,250,3,3,990
large_non_emergency,5.62,3.31,5.24,20,10,3.0,80,250,3,3,990
large_non_emergency,20.85,2.05,5.61,20,10,3.0,80,250,13,5,2290
large_non_emergency,16.95,3.79,3.71,20,10,3.0,80,250,6,6,1980
large_non_emergency,8.82,4.61,5.4,20,10,3.0,80,250,3,3,990
large_non_emergency,21.85,4.17,4.5,20,10,3.0,80,250,9,6,2220
large_non_emergency,9.32,2.11,3.88,20,10,3.0,80,250,6,4,1480
large_non_emergency,17.26,2.58,5.92,20,10,3.0,80,250,9,4,1720
large_non_emergency,8.54,4.06,5.23,20,10,3.0,80,250,4,3,1070
large_non_emergency,8.3,3.83,4.37,20,10,3.0,80,250,4,3,1070
large_non_emergency,22.6,3.66,4.26,20,10,3.0,80,250,8,7,2390
large_non_emergency,14.54,3.6,3.27,20,10,3.0,80,250,6,6,1980
large_non_emergency,21.98,2.75,4.87,20,10,3.0,80,250,10,6,2300
large_non_emergency,19.24,3.58,4.63,20,10,3.0,80,250,7,6,2060
large_non_emergency,14.88,4.92,3.27,20,10,3.0,80,250,5,6,1900
large_non_emergency,8.92,4.41,5.0,20,10,3.0,80,250,4,3,1070
large_non_emergency,14.29,2.25,3.44,20,10,3.0,80,250,8,6,2140
large_non_emergency,13.59,4.01,4.49,20,10,3.0,80,250,5,5,1650
large_non_emergency,22.65,2.02,4.08,20,10,3.0,80,250,14,7,2870
large_non_emergency,5.68,4.79,4.73,20,10,3.0,80,250,3,3,990
large_non_emergency,21.04,2.37,3.15,20,10,3.0,80,250,11,9,3130
large_non_emergency,14.44,2.6,5.75,20,10,3.0,80,250,7,4,1560
large_non_emergency,16.39,4.06,3.42,20,10,3.0,80,250,7,6,2060
large_non_emergency,13.05,3.46,4.23,20,10,3.0,80,250,5,5,1650
large_non_emergency,18.37,4.07,4.28,20,10,3.0,80,250,6,6,1980
large_non_emergency,23.51,2.53,5.46,20,10,3.0,80,250,12,6,2460
large_non_emergency,16.18,3.69,5.03,20,10,3.0,80,250,6,5,1730
large_non_emergency,10.23,4.92,5.21,20,10,3.0,80,250,4,3,1070
large_non_emergency,13.94,4.02,5.82,20,10,3.0,80,250,5,4,1400
large_non_emergency,5.95,3.71,4.38,20,10,3.0,80,250,3,3,990
large_non_emergency,15.6,4.06,4.76,20,10,3.0,80,250,5,5,1650
large_non_emergency,15.93,2.02,4.97,20,10,3.0,80,250,10,5,2050
large_non_emergency,5.75,4.33,3.16,20,10,3.0,80,250,3,3,990
large_non_emergency,5.82,2.17,3.32,20,10,3.0,80,250,4,3,1070
large_non_emergency,22.7,2.45,3.65,20,10,3.0,80,250,12,8,2960
large_non_emergency,5.61,2.03,3.2,20,10,3.0,80,250,4,3,1070
large_non_emergency,24.25,3.8,4.84,20,10,3.0,80,250,8,7,2390
large_non_emergency,12.36,3.19,3.58,20,10,3.0,80,250,6,5,1730
large_non_emergency,11.62,2.8,3.98,20,10,3.0,80,250,6,4,1480
large_non_emergency,17.42,2.82,3.17,20,10,3.0,80,250,9,7,2470
large_non_emergency,11.64,2.63,5.47,20,10,3.0,80,250,6,4,1480
large_non_emergency,11.97,4.81,4.15,20,10,3.0,80,250,4,4,1320
large_non_emergency,24.93,4.35,5.67,20,10,3.0,80,250,8,6,2140
large_non_emergency,14.85,3.23,5.66,20,10,3.0,80,250,6,4,1480
large_non_emergency,21.26,3.64,4.19,20,10,3.0,80,250,8,7,2390
large_non_emergency,22.18,2.77,5.21,20,10,3.0,80,250,10,6,2300
large_non_emergency,17.55,3.73,4.35,20,10,3.0,80,250,6,6,1980
large_non_emergency,10.76,4.97,5.46,20,10,3.0,80,250,4,3,1070
large_non_emergency,13.71,3.71,4.04,20,10,3.0,80,250,5,5,1650
large_non_emergency,7.39,3.32,4.46,20,10,3.0,80,250,4,3,1070
large_non_emergency,12.93,4.94,5.08,20,10,3.0,80,250,4,4,1320
large_non_emergency,17.0,3.49,3.62,20,10,3.0,80,250,7,6,2060
large_non_emergency,10.05,2.22,5.16,20,10,3.0,80,250,6,3,1230
large_non_emergency,13.37,2.82,3.06,20,10,3.0,80,250,7,6,2060
large_non_emergency,13.81,3.85,3.83,20,10,3.0,80,250,5,5,1650
large_non_emergency,11.71,4.33,4.55,20,10,3.0,80,250,4,4,1320
large_non_emergency,23.5,2.74,3.4,20,10,3.0,80,250,11,9,3130
large_non_emergency,24.17,4.18,4.99,20,10,3.0,80,250,9,6,2220
large_non_emergency,12.3,4.28,3.38,20,10,3.0,80,250,5,5,1650
large_non_emergency,12.61,4.13,4.91,20,10,3.0,80,250,5,4,1400
large_non_emergency,11.29,3.72,3.64,20,10,3.0,80,250,5,5,1650
large_non_emergency,18.98,2.95,3.28,20,10,3.0,80,250,8,8,2640
large_non_emergency,13.06,4.67,5.14,20,10,3.0,80,250,4,4,1320
large_non_emergency,17.78,3.3,3.87,20,10,3.0,80,250,8,6,2140
large_non_emergency,15.18,4.8,3.98,20,10,3.0,80,250,5,5,1650
large_non_emergency,21.73,3.11,3.66,20,10,3.0,80,250,9,8,2720
large_non_emergency,17.97,4.15,3.32,20,10,3.0,80,250,6,7,2230
large_non_emergency,7.21,4.57,4.05,20,10,3.0,80,250,3,3,990
large_non_emergency,24.51,2.98,4.05,20,10,3.0,80,250,10,8,2800
large_non_emergency,10.23,2.9,3.19,20,10,3.0,80,250,5,5,1650
large_non_emergency,21.92,3.53,4.32,20,10,3.0,80,250,8,7,2390
large_non_emergency,11.65,2.93,3.02,20,10,3.0,80,250,7,5,1810
large_non_emergency,7.09,4.65,4.14,20,10,3.0,80,250,3,3,990
large_non_emergency,17.99,2.43,5.04,20,10,3.0,80,250,10,5,2050
large_non_emergency,19.01,3.99,4.7,20,10,3.0,80,250,6,6,1980
large_non_emergency,9.23,3.08,3.96,20,10,3.0,80,250,4,4,1320
large_non_emergency,18.26,2.96,3.73,20,10,3.0,80,250,8,7,2390
large_non_emergency,7.1,2.73,3.83,20,10,3.0,80,250,4,3,1070
large_non_emergency,22.61,4.29,3.01,20,10,3.0,80,250,8,9,2890
large_non_emergency,11.73,2.66,5.89,20,10,3.0,80,250,6,3,1230
large_non_emergency,16.77,4.59,4.71,20,10,3.0,80,250,5,5,1650
large_non_emergency,15.71,2.3,5.07,20,10,3.0,80,250,9,5,1970
large_non_emergency,19.92,3.5,3.96,20,10,3.0,80,250,8,7,2390
large_non_emergency,12.55,4.75,4.23,20,10,3.0,80,250,5,4,1400
large_non_emergency,18.0,3.79,5.83,20,10,3.0,80,250,6,5,1730
large_non_emergency,12.79,4.78,3.08,20,10,3.0,80,250,4,6,1820
large_non_emergency,7.7,3.71,5.68,20,10,3.0,80,250,4,3,1070
large_non_emergency,16.14,2.72,3.44,20,10,3.0,80,250,8,6,2140
large_non_emergency,17.48,3.43,3.86,20,10,3.0,80,250,7,6,2060
large_non_emergency,22.67,3.66,5.27,20,10,3.0,80,250,8,6,2140
large_non_emergency,5.61,4.32,4.87,20,10,3.0,80,250,3,3,990
large_non_emergency,19.21,4.58,5.0,20,10,3.0,80,250,6,5,1730
large_non_emergency,9.6,3.42,3.2,20,10,3.0,80,250,4,5,1570
large_non_emergency,13.44,2.82,3.58,20,10,3.0,80,250,7,5,1810
large_non_emergency,14.89,4.84,3.18,20,10,3.0,80,250,5,6,1900
large_non_emergency,12.21,4.64,4.29,20,10,3.0,80,250,4,4,1320
large_non_emergency,21.95,2.91,3.26,20,10,3.0,80,250,10,9,3050
large_non_emergency,9.65,4.12,3.59,20,10,3.0,80,250,4,4,1320
large_non_emergency,16.98,3.37,4.42,20,10,3.0,80,250,7,5,1810
large_non_emergency,24.8,2.32,4.0,20,10,3.0,80,250,13,8,3040
large_non_emergency,17.85,2.04,3.48,20,10,3.0,80,250,11,7,2630
large_non_emergency,23.56,2.33,4.35,20,10,3.0,80,250,13,7,2790
large_non_emergency,7.26,3.76,3.17,20,10,3.0,80,250,3,4,1240
large_non_emergency,19.05,4.14,3.92,20,10,3.0,80,250,6,7,2230
large_non_emergency,17.02,2.73,3.86,20,10,3.0,80,250,8,6,2140
large_non_emergency,6.09,4.36,4.59,20,10,3.0,80,250,3,3,990
large_non_emergency,8.92,3.01,3.09,20,10,3.0,80,250,5,4,1400
large_non_emergency,14.62,3.39,4.58,20,10,3.0,80,250,6,5,1730
large_non_emergency,15.38,3.11,4.08,20,10,3.0,80,250,7,5,1810
large_non_emergency,9.38,3.1,3.02,20,10,3.0,80,250,5,5,1650
large_non_emergency,20.05,3.92,5.47,20,10,3.0,80,250,7,5,1810
large_non_emergency,7.17,2.99,3.7,20,10,3.0,80,250,4,3,1070
large_non_emergency,5.92,4.56,4.65,20,10,3.0,80,250,3,3,990
large_non_emergency,14.01,2.92,4.12,20,10,3.0,80,250,7,5,1810
large_non_emergency,14.46,3.08,5.06,20,10,3.0,80,250,7,4,1560
large_non_emergency,17.27,2.92,3.91,20,10,3.0,80,250,8,6,2140
large_non_emergency,17.47,2.1,4.49,20,10,3.0,80,250,12,5,2210
large_non_emergency,15.89,4.23,5.15,20,10,3.0,80,250,5,5,1650
large_non_emergency,13.04,4.68,3.06,20,10,3.0,80,250,4,6,1820
large_non_emergency,7.86,3.19,4.93,20,10,3.0,80,250,4,3,1070
large_non_emergency,20.46,2.73,3.24,20,10,3.0,80,250,10,8,2800
large_non_emergency,6.77,2.72,3.17,20,10,3.0,80,250,4,4,1320
large_non_emergency,7.76,2.31,4.07,20,10,3.0,80,250,5,3,1150
large_non_emergency,7.42,3.64,4.6,20,10,3.0,80,250,4,3,1070
large_non_emergency,9.49,2.81,4.77,20,10,3.0,80,250,5,3,1150
large_non_emergency,14.65,4.4,4.32,20,10,3.0,80,250,5,5,1650
large_non_emergency,9.19,4.63,3.96,20,10,3.0,80,250,3,4,1240
large_non_emergency,9.39,2.64,3.33,20,10,3.0,80,250,5,4,1400
large_non_emergency,19.41,4.65,5.05,20,10,3.0,80,250,6,5,1730
large_non_emergency,22.95,3.03,5.35,20,10,3.0,80,250,10,6,2300
large_non_emergency,9.69,4.72,5.39,20,10,3.0,80,250,4,3,1070
large_non_emergency,20.74,2.13,5.71,20,10,3.0,80,250,12,5,2210
large_non_emergency,8.7,4.51,4.71,20,10,3.0,80,250,3,3,990
large_non_emergency,21.07,2.23,5.94,20,10,3.0,80,250,12,5,2210
large_non_emergency,15.94,2.77,3.92,20,10,3.0,80,250,8,6,2140
large_non_emergency,22.48,2.52,5.72,20,10,3.0,80,250,13,5,2290
large_non_emergency,15.69,2.59,3.23,20,10,3.0,80,250,8,7,2390
large_non_emergency,10.6,3.78,5.54,20,10,3.0,80,250,4,3,1070
large_non_emergency,21.44,2.8,5.66,20,10,3.0,80,250,10,5,2050
large_non_emergency,13.11,4.86,3.98,20,10,3.0,80,250,4,5,1570
large_non_emergency,18.74,4.31,3.6,20,10,3.0,80,250,6,7,2230
large_non_emergency,23.05,2.15,3.45,20,10,3.0,80,250,13,9,3290
large_non_emergency,6.25,3.85,5.85,20,10,3.0,80,250,3,3,990
large_non_emergency,19.79,4.14,3.13,20,10,3.0,80,250,7,8,2560
large_non_emergency,15.35,4.07,5.65,20,10,3.0,80,250,5,4,1400
large_non_emergency,16.55,3.7,3.9,20,10,3.0,80,250,6,6,1980
large_non_emergency,16.23,2.68,5.48,20,10,3.0,80,250,9,4,1720
large_non_emergency,13.26,4.86,3.4,20,10,3.0,80,250,5,5,1650
large_non_emergency,11.1,2.87,4.33,20,10,3.0,80,250,6,4,1480
large_non_emergency,16.7,2.02,4.78,20,10,3.0,80,250,11,5,2130
large_non_emergency,15.84,2.2,4.97,20,10,3.0,80,250,9,5,1970
large_non_emergency,24.86,3.11,5.5,20,10,3.0,80,250,10,6,2300
large_non_emergency,20.33,3.18,4.6,20,10,3.0,80,250,8,6,2140
large_non_emergency,23.47,4.33,4.82,20,10,3.0,80,250,7,7,2310
large_non_emergency,17.85,3.96,3.99,20,10,3.0,80,250,6,6,1980
large_non_emergency,8.3,4.31,4.29,20,10,3.0,80,250,3,3,990
large_non_emergency,22.57,4.91,4.8,20,10,3.0,80,250,7,6,2060
large_non_emergency,18.58,3.43,4.83,20,10,3.0,80,250,8,5,1890
large_non_emergency,12.59,4.19,3.6,20,10,3.0,80,250,5,5,1650
large_non_emergency,6.41,4.64,3.66,20,10,3.0,80,250,3,3,990
large_non_emergency,8.54,2.02,5.55,20,10,3.0,80,250,6,3,1230
large_non_emergency,11.98,3.05,3.28,20,10,3.0,80,250,6,5,1730
large_non_emergency,12.54,4.77,5.54,20,10,3.0,80,250,4,4,1320
large_non_emergency,13.45,3.91,4.45,20,10,3.0,80,250,5,5,1650
large_non_emergency,7.35,3.29,4.81,20,10,3.0,80,250,4,3,1070
large_non_emergency,22.94,3.75,3.87,20,10,3.0,80,250,8,8,2640
large_non_emergency,6.29,4.26,3.53,20,10,3.0,80,250,3,3,990
large_non_emergency,7.5,4.3,4.42,20,10,3.0,80,250,3,3,990
large_non_emergency,9.53,3.62,5.37,20,10,3.0,80,250,4,3,1070
large_non_emergency,9.91,4.79,5.77,20,10,3.0,80,250,4,3,1070
large_non_emergency,11.65,4.45,4.56,20,10,3.0,80,250,4,4,1320
large_non_emergency,19.89,2.76,4.75,20,10,3.0,80,250,9,6,2220
large_non_emergency,10.97,4.63,4.88,20,10,3.0,80,250,4,4,1320
large_non_emergency,21.72,4.91,5.7,20,10,3.0,80,250,7,5,1810
large_non_emergency,22.33,2.79,4.54,20,10,3.0,80,250,10,7,2550
large_non_emergency,10.77,4.42,5.35,20,10,3.0,80,250,4,4,1320
large_non_emergency,21.28,2.49,5.5,20,10,3.0,80,250,12,5,2210
large_non_emergency,20.52,4.83,3.79,20,10,3.0,80,250,6,7,2230
large_non_emergency,15.73,3.56,3.03,20,10,3.0,80,250,6,7,2230
large_non_emergency,14.03,4.14,5.64,20,10,3.0,80,250,5,4,1400
large_non_emergency,23.56,3.68,3.01,20,10,3.0,80,250,8,10,3140
large_non_emergency,13.85,4.08,3.97,20,10,3.0,80,250,5,5,1650
large_non_emergency,8.12,4.96,3.7,20,10,3.0,80,250,3,4,1240
large_non_emergency,17.02,4.9,5.56,20,10,3.0,80,250,5,5,1650
large_non_emergency,13.66,2.42,5.78,20,10,3.0,80,250,7,4,1560
large_non_emergency,7.49,4.86,5.49,20,10,3.0,80,250,3,3,990
large_non_emergency,20.46,4.27,4.15,20,10,3.0,80,250,7,7,2310
large_non_emergency,15.95,3.23,5.95,20,10,3.0,80,250,7,4,1560
large_non_emergency,24.39,4.79,3.52,20,10,3.0,80,250,7,9,2810
large_non_emergency,18.46,4.19,5.06,20,10,3.0,80,250,6,5,1730
large_non_emergency,24.88,3.62,4.51,20,10,3.0,80,250,9,7,2470
large_non_emergency,20.13,4.8,3.25,20,10,3.0,80,250,6,8,2480
large_non_emergency,24.54,2.83,4.55,20,10,3.0,80,250,11,7,2630
large_non_emergency,20.43,3.06,3.93,20,10,3.0,80,250,9,7,2470
large_non_emergency,16.36,2.91,3.53,20,10,3.0,80,250,8,6,2140
large_non_emergency,15.94,2.44,3.61,20,10,3.0,80,250,9,6,2220
large_non_emergency,8.1,3.08,3.06,20,10,3.0,80,250,4,4,1320
large_non_emergency,9.6,4.45,4.64,20,10,3.0,80,250,4,4,1320
large_non_emergency,15.28,3.21,4.81,20,10,3.0,80,250,6,5,1730
large_non_emergency,20.26,2.95,5.31,20,10,3.0,80,250,9,5,1970
large_non_emergency,19.58,3.28,3.42,20,10,3.0,80,250,10,7,2550
large_non_emergency,23.93,2.85,4.68,20,10,3.0,80,250,11,7,2630
large_non_emergency,19.5,2.88,4.25,20,10,3.0,80,250,9,6,2220
large_non_emergency,12.19,2.95,4.55,20,10,3.0,80,250,6,4,1480
large_non_emergency,18.48,3.49,5.91,20,10,3.0,80,250,7,5,1810
large_non_emergency,12.52,3.24,3.57,20,10,3.0,80,250,6,5,1730
large_non_emergency,9.58,4.75,4.11,20,10,3.0,80,250,4,4,1320
large_non_emergency,14.63,2.83,3.15,20,10,3.0,80,250,7,6,2060
large_non_emergency,10.06,3.43,3.24,20,10,3.0,80,250,4,5,1570
large_non_emergency,18.37,3.21,3.27,20,10,3.0,80,250,8,7,2390
large_non_emergency,11.17,3.87,3.02,20,10,3.0,80,250,5,5,1650
large_non_emergency,11.76,3.4,5.68,20,10,3.0,80,250,5,4,1400
large_non_emergency,16.11,2.96,4.66,20,10,3.0,80,250,7,5,1810
large_non_emergency,23.15,3.7,5.93,20,10,3.0,80,250,9,5,1970
large_non_emergency,17.58,4.4,3.8,20,10,3.0,80,250,6,6,1980
large_non_emergency,17.52,4.8,4.28,20,10,3.0,80,250,5,6,1900
large_non_emergency,19.94,2.86,5.0,20,10,3.0,80,250,9,6,2220
large_non_emergency,21.13,2.53,5.3,20,10,3.0,80,250,10,6,2300
large_non_emergency,24.34,4.04,3.49,20,10,3.0,80,250,8,9,2890
large_non_emergency,5.7,4.2,5.54,20,10,3.0,80,250,3,3,990
large_non_emergency,23.41,4.51,4.27,20,10,3.0,80,250,7,7,2310
large_non_emergency,13.89,2.78,4.53,20,10,3.0,80,250,7,5,1810
large_non_emergency,21.79,4.8,3.72,20,10,3.0,80,250,6,8,2480
large_non_emergency,21.26,4.5,4.14,20,10,3.0,80,250,6,7,2230
large_non_emergency,6.34,2.9,4.25,20,10,3.0,80,250,4,3,1070
large_non_emergency,12.01,4.8,4.84,20,10,3.0,80,250,4,4,1320
large_non_emergency,18.19,4.7,4.56,20,10,3.0,80,250,5,6,1900
large_non_emergency,15.58,2.97,5.95,20,10,3.0,80,250,7,4,1560
large_non_emergency,19.51,2.87,4.11,20,10,3.0,80,250,10,6,2300
large_non_emergency,6.24,2.66,5.48,20,10,3.0,80,250,4,3,1070
large_non_emergency,8.55,4.95,4.06,20,10,3.0,80,250,3,4,1240
large_non_emergency,19.59,2.46,3.28,20,10,3.0,80,250,10,8,2800
large_non_emergency,6.41,4.29,4.54,20,10,3.0,80,250,3,3,990
large_non_emergency,10.91,4.19,5.04,20,10,3.0,80,250,4,4,1320
large_non_emergency,17.06,3.27,5.47,20,10,3.0,80,250,7,5,1810
large_non_emergency,8.81,3.82,4.86,20,10,3.0,80,250,4,3,1070
large_non_emergency,13.69,3.75,3.17,20,10,3.0,80,250,5,6,1900
large_non_emergency,11.27,3.08,4.96,20,10,3.0,80,250,5,4,1400
large_non_emergency,13.14,3.45,5.94,20,10,3.0,80,250,5,4,1400
large_non_emergency,14.82,3.27,3.49,20,10,3.0,80,250,6,6,1980
large_non_emergency,24.98,4.34,3.83,20,10,3.0,80,250,8,8,2640
large_non_emergency,19.9,3.99,4.68,20,10,3.0,80,250,7,6,2060
large_non_emergency,22.53,2.55,5.89,20,10,3.0,80,250,12,5,2210
large_non_emergency,24.72,3.34,4.66,20,10,3.0,80,250,10,7,2550
large_non_emergency,12.2,3.32,3.09,20,10,3.0,80,250,5,6,1900
large_non_emergency,19.29,4.02,3.52,20,10,3.0,80,250,7,7,2310
large_non_emergency,16.03,2.47,4.03,20,10,3.0,80,250,8,6,2140
large_non_emergency,10.11,4.41,4.37,20,10,3.0,80,250,4,4,1320
large_non_emergency,15.57,4.01,3.27,20,10,3.0,80,250,6,6,1980
large_non_emergency,11.04,2.92,3.3,20,10,3.0,80,250,5,5,1650
large_non_emergency,7.65,3.91,3.05,20,10,3.0,80,250,3,4,1240
large_non_emergency,11.81,4.17,4.16,20,10,3.0,80,250,5,4,1400
large_non_emergency,5.68,3.83,5.71,20,10,3.0,80,250,3,2,740
large_non_emergency,12.67,2.36,5.67,20,10,3.0,80,250,7,4,1560
large_non_emergency,8.05,2.73,4.54,20,10,3.0,80,250,5,3,1150
large_non_emergency,15.34,4.29,4.61,20,10,3.0,80,250,5,5,1650
large_non_emergency,15.02,4.51,3.17,20,10,3.0,80,250,6,6,1980
large_non_emergency,11.39,2.27,5.43,20,10,3.0,80,250,7,4,1560
large_non_emergency,23.89,2.92,5.04,20,10,3.0,80,250,11,6,2380
large_non_emergency,23.52,3.67,3.09,20,10,3.0,80,250,8,10,3140
large_non_emergency,11.39,2.28,3.97,20,10,3.0,80,250,7,4,1560
large_non_emergency,8.36,3.41,4.03,20,10,3.0,80,250,4,4,1320
large_non_emergency,18.91,3.99,4.44,20,10,3.0,80,250,7,6,2060
large_non_emergency,24.58,2.19,5.43,20,10,3.0,80,250,14,6,2620
large_non_emergency,12.87,3.83,5.75,20,10,3.0,80,250,5,4,1400
large_non_emergency,10.92,4.43,5.26,20,10,3.0,80,250,4,4,1320
large_non_emergency,18.03,3.42,3.06,20,10,3.0,80,250,7,8,2560
large_non_emergency,8.21,4.71,5.34,20,10,3.0,80,250,3,3,990
large_non_emergency,17.05,3.35,3.09,20,10,3.0,80,250,7,7,2310
large_non_emergency,15.94,4.71,5.97,20,10,3.0,80,250,5,4,1400
large_non_emergency,13.99,4.77,5.34,20,10,3.0,80,250,4,4,1320
large_non_emergency,7.88,4.07,4.3,20,10,3.0,80,250,3,3,990
large_non_emergency,8.76,2.04,5.75,20,10,3.0,80,250,6,3,1230
large_non_emergency,11.25,3.91,5.02,20,10,3.0,80,250,4,4,1320
large_non_emergency,5.69,2.68,4.25,20,10,3.0,80,250,4,3,1070
large_non_emergency,12.61,4.24,4.74,20,10,3.0,80,250,5,4,1400
large_non_emergency,15.54,3.0,5.67,20,10,3.0,80,250,7,4,1560
large_non_emergency,6.25,3.21,5.41,20,10,3.0,80,250,3,3,990
large_non_emergency,6.45,4.61,4.27,20,10,3.0,80,250,3,3,990
large_non_emergency,24.59,3.44,3.51,20,10,3.0,80,250,9,9,2970
large_non_emergency,22.5,3.0,5.62,20,10,3.0,80,250,9,6,2220
large_non_emergency,8.8,4.6,3.71,20,10,3.0,80,250,3,4,1240
large_non_emergency,9.41,3.12,4.47,20,10,3.0,80,250,5,4,1400
large_non_emergency,13.92,2.04,5.04,20,10,3.0,80,250,9,4,1720
large_non_emergency,10.23,3.79,4.05,20,10,3.0,80,250,4,4,1320
large_non_emergency,18.41,4.2,4.26,20,10,3.0,80,250,6,6,1980
large_non_emergency,22.42,2.43,5.0,20,10,3.0,80,250,12,6,2460
large_non_emergency,9.79,3.76,5.99,20,10,3.0,80,250,4,3,1070
large_non_emergency,13.49,2.51,5.61,20,10,3.0,80,250,7,4,1560
large_non_emergency,24.74,3.64,3.87,20,10,3.0,80,250,9,8,2720
large_non_emergency,16.9,3.17,4.99,20,10,3.0,80,250,7,5,1810
large_non_emergency,14.28,3.95,3.46,20,10,3.0,80,250,5,6,1900
large_non_emergency,21.72,4.81,3.99,20,10,3.0,80,250,6,7,2230
large_non_emergency,7.03,4.1,3.41,20,10,3.0,80,250,3,4,1240
large_non_emergency,23.17,2.69,4.11,20,10,3.0,80,250,12,7,2710
large_non_emergency,5.77,4.51,3.45,20,10,3.0,80,250,3,3,990
large_non_emergency,21.22,2.77,4.33,20,10,3.0,80,250,10,7,2550
large_non_emergency,24.42,4.36,5.48,20,10,3.0,80,250,8,6,2140
large_non_emergency,12.64,3.69,3.73,20,10,3.0,80,250,5,5,1650
large_non_emergency,9.68,2.46,5.61,20,10,3.0,80,250,6,3,1230
large_non_emergency,12.29,2.83,5.38,20,10,3.0,80,250,6,4,1480
large_non_emergency,23.83,3.83,3.8,20,10,3.0,80,250,8,8,2640
large_non_emergency,9.05,4.66,4.56,20,10,3.0,80,250,3,3,990
large_non_emergency,16.66,4.83,5.83,20,10,3.0,80,250,5,4,1400
large_non_emergency,16.49,2.56,4.34,20,10,3.0,80,250,9,5,1970
large_non_emergency,8.74,4.18,4.11,20,10,3.0,80,250,4,4,1320
large_non_emergency,20.23,3.64,5.74,20,10,3.0,80,250,7,5,1810
large_non_emergency,8.06,2.67,4.6,20,10,3.0,80,250,5,3,1150
large_non_emergency,14.11,3.37,3.33,20,10,3.0,80,250,6,6,1980
large_non_emergency,5.06,3.92,3.44,20,10,3.0,80,250,3,3,990
large_non_emergency,20.85,4.18,5.28,20,10,3.0,80,250,8,5,1890
large_non_emergency,17.75,3.6,3.58,20,10,3.0,80,250,7,7,2310
large_non_emergency,20.3,2.15,5.71,20,10,3.0,80,250,12,5,2210
large_non_emergency,12.27,4.97,3.46,20,10,3.0,80,250,4,5,1570
large_non_emergency,15.5,3.97,5.35,20,10,3.0,80,250,6,4,1480
large_non_emergency,7.72,2.69,4.62,20,10,3.0,80,250,4,3,1070
large_non_emergency,8.25,4.25,5.35,20,10,3.0,80,250,3,3,990
large_non_emergency,14.73,2.9,5.32,20,10,3.0,80,250,7,4,1560
large_non_emergency,11.36,4.96,4.8,20,10,3.0,80,250,4,4,1320
large_non_emergency,11.1,2.7,5.77,20,10,3.0,80,250,6,3,1230
large_non_emergency,19.68,3.64,4.02,20,10,3.0,80,250,7,7,2310
large_non_emergency,20.02,4.12,3.8,20,10,3.0,80,250,7,7,2310
large_non_emergency,15.36,4.0,5.63,20,10,3.0,80,250,6,4,1480
large_non_emergency,19.36,3.55,4.84,20,10,3.0,80,250,7,6,2060
large_non_emergency,23.25,3.07,3.83,20,10,3.0,80,250,10,8,2800
large_non_emergency,15.28,3.79,3.7,20,10,3.0,80,250,6,6,1980
large_non_emergency,24.6,3.62,3.75,20,10,3.0,80,250,10,8,2800
large_non_emergency,25.0,2.46,5.03,20,10,3.0,80,250,12,7,2710
large_non_emergency,7.67,3.48,4.08,20,10,3.0,80,250,4,3,1070
large_non_emergency,19.12,3.55,3.81,20,10,3.0,80,250,7,7,2310
large_non_emergency,16.86,2.9,5.18,20,10,3.0,80,250,8,5,1890
large_non_emergency,16.37,3.33,4.9,20,10,3.0,80,250,7,5,1810
large_non_emergency,17.03,2.42,4.88,20,10,3.0,80,250,9,5,1970
large_non_emergency,23.96,2.15,5.1,20,10,3.0,80,250,14,6,2620
large_non_emergency,6.39,4.73,4.25,20,10,3.0,80,250,3,3,990
large_non_emergency,20.63,3.09,4.5,20,10,3.0,80,250,9,6,2220
large_non_emergency,8.63,3.09,4.74,20,10,3.0,80,250,4,3,1070
large_non_emergency,18.94,4.7,4.18,20,10,3.0,80,250,6,6,1980
large_non_emergency,18.52,4.69,5.78,20,10,3.0,80,250,6,5,1730
large_non_emergency,18.53,4.17,4.87,20,10,3.0,80,250,7,5,1810
large_non_emergency,7.38,4.58,3.25,20,10,3.0,80,250,3,4,1240
large_non_emergency,22.2,3.93,4.47,20,10,3.0,80,250,7,7,2310
large_non_emergency,13.63,3.34,5.61,20,10,3.0,80,250,6,4,1480
large_non_emergency,14.48,4.54,5.54,20,10,3.0,80,250,5,4,1400
large_non_emergency,18.81,4.9,5.77,20,10,3.0,80,250,5,5,1650
large_non_emergency,8.23,3.61,4.16,20,10,3.0,80,250,4,3,1070
large_non_emergency,7.61,3.77,4.21,20,10,3.0,80,250,4,3,1070
large_non_emergency,20.89,4.06,3.8,20,10,3.0,80,250,7,7,2310
large_non_emergency,9.24,2.71,5.83,20,10,3.0,80,250,5,3,1150
large_non_emergency,10.46,2.96,3.19,20,10,3.0,80,250,5,5,1650
large_non_emergency,15.25,3.81,3.73,20,10,3.0,80,250,6,6,1980
large_non_emergency,8.73,4.59,4.45,20,10,3.0,80,250,3,3,990
large_non_emergency,17.14,2.43,3.57,20,10,3.0,80,250,11,6,2380
large_non_emergency,22.4,3.27,5.0,20,10,3.0,80,250,9,6,2220
large_non_emergency,5.98,3.76,3.9,20,10,3.0,80,250,3,3,990
large_non_emergency,6.0,2.01,3.6,20,10,3.0,80,250,5,3,1150
large_non_emergency,6.84,4.89,3.72,20,10,3.0,80,250,3,3,990
large_non_emergency,6.77,4.14,4.09,20,10,3.0,80,250,3,3,990
large_non_emergency,23.39,4.34,5.64,20,10,3.0,80,250,7,6,2060
large_non_emergency,9.93,4.89,3.98,20,10,3.0,80,250,4,4,1320
large_non_emergency,18.48,4.45,4.55,20,10,3.0,80,250,6,6,1980
large_non_emergency,23.04,3.09,3.02,20,10,3.0,80,250,10,10,3300
large_non_emergency,19.99,3.53,3.34,20,10,3.0,80,250,8,8,2640
large_non_emergency,7.66,4.53,5.58,20,10,3.0,80,250,3,3,990
large_non_emergency,8.31,4.11,4.15,20,10,3.0,80,250,4,4,1320
large_non_emergency,20.23,3.38,4.73,20,10,3.0,80,250,8,6,2140
large_non_emergency,20.27,4.41,4.14,20,10,3.0,80,250,6,7,2230
large_non_emergency,7.13,2.9,5.42,20,10,3.0,80,250,4,3,1070
large_non_emergency,7.3,5.0,3.6,20,10,3.0,80,250,3,4,1240
large_non_emergency,7.01,4.77,5.02,20,10,3.0,80,250,3,3,990
large_non_emergency,19.64,4.86,4.58,20,10,3.0,80,250,6,6,1980
large_non_emergency,17.59,2.06,3.84,20,10,3.0,80,250,11,6,2380
large_non_emergency,21.14,4.22,5.8,20,10,3.0,80,250,7,5,1810
large_non_emergency,15.55,2.13,4.38,20,10,3.0,80,250,10,5,2050
large_non_emergency,10.03,2.79,4.89,20,10,3.0,80,250,5,4,1400
large_non_emergency,14.92,3.84,3.7,20,10,3.0,80,250,6,6,1980
large_non_emergency,23.79,4.65,5.68,20,10,3.0,80,250,7,6,2060
large_non_emergency,14.89,4.43,3.08,20,10,3.0,80,250,7,6,2060
large_non_emergency,20.2,3.54,5.82,20,10,3.0,80,250,8,5,1890
large_non_emergency,12.38,4.65,4.32,20,10,3.0,80,250,4,4,1320
large_non_emergency,15.94,2.84,5.4,20,10,3.0,80,250,8,4,1640
large_non_emergency,16.15,3.69,4.59,20,10,3.0,80,250,6,5,1730
large_non_emergency,12.95,3.04,3.76,20,10,3.0,80,250,6,5,1730
large_non_emergency,5.66,2.53,5.02,20,10,3.0,80,250,4,3,1070
large_non_emergency,19.89,4.18,4.13,20,10,3.0,80,250,8,6,2140
large_non_emergency,13.94,2.55,5.36,20,10,3.0,80,250,7,4,1560
large_non_emergency,18.77,2.19,4.95,20,10,3.0,80,250,11,5,2130
large_non_emergency,5.97,3.15,4.6,20,10,3.0,80,250,3,3,990
large_non_emergency,21.56,2.77,4.4,20,10,3.0,80,250,10,7,2550
large_non_emergency,13.07,2.15,5.36,20,10,3.0,80,250,8,4,1640
large_non_emergency,10.22,2.26,4.48,20,10,3.0,80,250,6,4,1480
large_non_emergency,18.67,2.75,5.96,20,10,3.0,80,250,9,5,1970
large_non_emergency,12.17,4.24,5.13,20,10,3.0,80,250,4,4,1320
large_non_emergency,16.64,4.72,4.01,20,10,3.0,80,250,5,6,1900
large_non_emergency,17.33,3.18,4.29,20,10,3.0,80,250,7,6,2060
large_non_emergency,14.99,3.23,4.16,20,10,3.0,80,250,7,5,1810
large_non_emergency,22.36,4.38,4.13,20,10,3.0,80,250,7,7,2310
large_non_emergency,22.37,4.82,4.61,20,10,3.0,80,250,8,6,2140
large_non_emergency,11.78,2.79,4.91,20,10,3.0,80,250,6,4,1480
large_non_emergency,6.59,3.67,3.51,20,10,3.0,80,250,3,3,990
large_non_emergency,8.19,3.83,3.71,20,10,3.0,80,250,4,4,1320
large_non_emergency,23.92,2.57,3.6,20,10,3.0,80,250,12,9,3210
large_non_emergency,8.76,4.72,3.46,20,10,3.0,80,250,3,4,1240
large_non_emergency,9.11,3.92,5.7,20,10,3.0,80,250,4,3,1070
large_non_emergency,10.35,4.33,3.69,20,10,3.0,80,250,4,4,1320
large_non_emergency,13.6,4.89,3.68,20,10,3.0,80,250,4,5,1570
large_non_emergency,9.48,2.73,3.46,20,10,3.0,80,250,5,4,1400
large_non_emergency,24.33,4.49,4.65,20,10,3.0,80,250,7,7,2310
large_non_emergency,20.69,2.35,3.59,20,10,3.0,80,250,11,8,2880
large_non_emergency,13.85,4.49,3.1,20,10,3.0,80,250,5,6,1900
large_non_emergency,10.3,3.94,4.44,20,10,3.0,80,250,4,4,1320
large_non_emergency,14.85,2.88,3.87,20,10,3.0,80,250,8,5,1890
large_non_emergency,24.29,2.67,4.44,20,10,3.0,80,250,12,7,2710
large_non_emergency,23.75,4.23,5.71,20,10,3.0,80,250,7,6,2060
large_non_emergency,10.09,4.06,4.93,20,10,3.0,80,250,4,4,1320
large_non_emergency,15.69,2.24,3.85,20,10,3.0,80,250,9,6,2220
large_non_emergency,23.23,3.44,3.23,20,10,3.0,80,250,9,9,2970
large_non_emergency,22.26,4.04,4.29,20,10,3.0,80,250,7,7,2310
large_non_emergency,24.79,4.24,4.56,20,10,3.0,80,250,8,7,2390
large_non_emergency,13.53,4.05,3.7,20,10,3.0,80,250,5,5,1650
large_non_emergency,12.62,3.29,4.2,20,10,3.0,80,250,5,5,1650
large_non_emergency,18.98,4.13,4.49,20,10,3.0,80,250,6,6,1980
large_non_emergency,7.39,4.95,5.74,20,10,3.0,80,250,3,3,990
large_non_emergency,24.8,4.85,5.44,20,10,3.0,80,250,7,6,2060
large_non_emergency,6.42,3.43,3.14,20,10,3.0,80,250,3,4,1240
large_non_emergency,9.02,2.79,4.94,20,10,3.0,80,250,5,3,1150
large_non_emergency,20.67,4.69,5.86,20,10,3.0,80,250,6,5,1730
large_non_emergency,6.99,4.14,3.31,20,10,3.0,80,250,3,4,1240
large_non_emergency,24.11,2.92,4.93,20,10,3.0,80,250,10,7,2550
large_non_emergency,13.37,2.06,4.42,20,10,3.0,80,250,8,5,1890
large_non_emergency,8.02,4.84,5.0,20,10,3.0,80,250,3,3,990
large_non_emergency,5.33,4.47,3.19,20,10,3.0,80,250,3,3,990
large_non_emergency,19.2,4.41,3.17,20,10,3.0,80,250,6,8,2480
large_non_emergency,23.61,2.63,5.35,20,10,3.0,80,250,11,6,2380
large_non_emergency,17.21,4.73,5.09,20,10,3.0,80,250,5,5,1650
large_non_emergency,9.03,3.92,4.77,20,10,3.0,80,250,4,3,1070
large_non_emergency,8.25,3.49,3.87,20,10,3.0,80,250,4,4,1320
large_non_emergency,13.22,2.99,4.03,20,10,3.0,80,250,6,5,1730
large_non_emergency,24.13,4.54,3.35,20,10,3.0,80,250,7,9,2810
large_non_emergency,14.99,3.7,4.78,20,10,3.0,80,250,6,5,1730
large_non_emergency,23.25,2.22,4.68,20,10,3.0,80,250,13,7,2790
large_non_emergency,18.54,3.95,4.79,20,10,3.0,80,250,7,5,1810
large_non_emergency,21.39,3.33,3.44,20,10,3.0,80,250,9,8,2720
large_non_emergency,18.58,3.76,5.71,20,10,3.0,80,250,7,5,1810
large_non_emergency,7.43,2.32,3.59,20,10,3.0,80,250,5,4,1400
large_non_emergency,13.79,4.43,5.97,20,10,3.0,80,250,5,4,1400
large_non_emergency,15.92,3.26,4.06,20,10,3.0,80,250,8,5,1890
large_non_emergency,22.72,2.84,5.1,20,10,3.0,80,250,10,6,2300
large_non_emergency,5.67,4.71,5.5,20,10,3.0,80,250,3,3,990
large_non_emergency,20.44,2.54,4.63,20,10,3.0,80,250,10,6,2300
large_non_emergency,13.72,3.55,3.59,20,10,3.0,80,250,6,5,1730
large_non_emergency,21.39,3.73,3.65,20,10,3.0,80,250,8,8,2640
large_non_emergency,22.65,2.42,4.53,20,10,3.0,80,250,12,7,2710
large_non_emergency,18.8,3.94,3.06,20,10,3.0,80,250,7,8,2560
large_non_emergency,21.28,2.1,5.33,20,10,3.0,80,250,12,6,2460
large_non_emergency,23.28,4.51,5.94,20,10,3.0,80,250,8,5,1890
large_non_emergency,22.1,3.47,5.96,20,10,3.0,80,250,9,5,1970
large_non_emergency,20.66,4.43,3.21,20,10,3.0,80,250,7,8,2560
large_non_emergency,8.7,3.75,5.93,20,10,3.0,80,250,4,3,1070
large_non_emergency,9.28,4.66,3.03,20,10,3.0,80,250,3,5,1490
large_non_emergency,10.39,2.58,3.47,20,10,3.0,80,250,7,4,1560
large_non_emergency,11.31,3.85,4.75,20,10,3.0,80,250,4,4,1320
large_non_emergency,19.75,2.1,4.7,20,10,3.0,80,250,12,6,2460
large_non_emergency,19.09,4.4,5.52,20,10,3.0,80,250,6,5,1730
large_non_emergency,16.7,4.78,3.63,20,10,3.0,80,250,5,6,1900
large_non_emergency,9.6,4.67,4.77,20,10,3.0,80,250,4,4,1320
large_non_emergency,19.61,3.52,5.91,20,10,3.0,80,250,7,5,1810
large_non_emergency,8.2,3.95,5.93,20,10,3.0,80,250,4,3,1070
large_non_emergency,10.49,2.5,5.07,20,10,3.0,80,250,6,4,1480
large_non_emergency,7.31,2.35,5.53,20,10,3.0,80,250,5,3,1150
large_non_emergency,16.11,4.86,3.41,20,10,3.0,80,250,5,6,1900
large_non_emergency,11.65,4.26,4.46,20,10,3.0,80,250,4,4,1320
large_non_emergency,23.83,2.36,5.77,20,10,3.0,80,250,12,6,2460
large_non_emergency,9.45,3.56,4.91,20,10,3.0,80,250,4,3,1070
large_non_emergency,24.41,4.0,5.32,20,10,3.0,80,250,8,6,2140
large_non_emergency,14.35,2.24,4.08,20,10,3.0,80,250,9,5,1970
large_non_emergency,10.99,4.11,4.89,20,10,3.0,80,250,4,4,1320
large_non_emergency,14.09,4.13,4.7,20,10,3.0,80,250,6,4,1480
large_non_emergency,16.53,3.92,4.55,20,10,3.0,80,250,6,5,1730
large_non_emergency,16.7,2.69,3.96,20,10,3.0,80,250,8,6,2140
large_non_emergency,23.24,2.03,5.54,20,10,3.0,80,250,14,6,2620
large_non_emergency,10.09,4.34,4.23,20,10,3.0,80,250,4,4,1320
large_non_emergency,17.43,2.48,3.74,20,10,3.0,80,250,10,6,2300
large_non_emergency,10.36,3.72,5.89,20,10,3.0,80,250,4,3,1070
large_non_emergency,11.74,3.11,3.76,20,10,3.0,80,250,5,5,1650
large_non_emergency,6.74,2.34,3.52,20,10,3.0,80,250,5,3,1150
large_non_emergency,15.75,3.47,4.0,20,10,3.0,80,250,8,5,1890
large_non_emergency,21.97,4.58,3.33,20,10,3.0,80,250,7,8,2560
large_non_emergency,7.1,4.67,5.48,20,10,3.0,80,250,3,3,990
large_non_emergency,10.24,2.49,3.63,20,10,3.0,80,250,6,4,1480
large_non_emergency,9.33,3.78,5.89,20,10,3.0,80,250,4,3,1070
large_non_emergency,5.57,3.06,3.63,20,10,3.0,80,250,3,3,990
large_non_emergency,6.12,4.6,4.27,20,10,3.0,80,250,3,3,990
large_non_emergency,24.38,2.04,4.71,20,10,3.0,80,250,15,7,2950
large_non_emergency,22.34,4.96,3.01,20,10,3.0,80,250,7,9,2810
large_non_emergency,10.93,2.68,3.14,20,10,3.0,80,250,6,5,1730
large_non_emergency,23.67,2.03,5.6,20,10,3.0,80,250,14,6,2620
large_non_emergency,11.2,2.88,3.76,20,10,3.0,80,250,6,4,1480
large_non_emergency,11.96,3.35,3.7,20,10,3.0,80,250,5,5,1650
large_non_emergency,13.16,2.9,3.75,20,10,3.0,80,250,6,5,1730
large_non_emergency,9.31,3.58,5.13,20,10,3.0,80,250,4,3,1070
large_non_emergency,11.96,3.57,3.26,20,10,3.0,80,250,5,5,1650
large_non_emergency,17.8,2.75,4.83,20,10,3.0,80,250,9,5,1970
large_non_emergency,9.31,3.23,3.88,20,10,3.0,80,250,4,4,1320
large_non_emergency,23.9,4.43,4.11,20,10,3.0,80,250,7,8,2560
large_non_emergency,14.34,2.45,3.19,20,10,3.0,80,250,8,6,2140
large_non_emergency,17.44,3.69,5.45,20,10,3.0,80,250,6,5,1730
large_non_emergency,16.88,3.71,3.21,20,10,3.0,80,250,6,7,2230
large_non_emergency,9.7,3.14,3.19,20,10,3.0,80,250,5,5,1650
large_non_emergency,12.18,2.08,5.17,20,10,3.0,80,250,8,4,1640
large_non_emergency,10.1,2.05,4.65,20,10,3.0,80,250,7,4,1560
large_non_emergency,12.51,4.3,5.98,20,10,3.0,80,250,4,4,1320
large_non_emergency,22.71,4.19,3.73,20,10,3.0,80,250,7,8,2560
large_non_emergency,21.65,2.89,5.7,20,10,3.0,80,250,10,5,2050
large_non_emergency,18.73,3.97,3.96,20,10,3.0,80,250,7,6,2060
large_non_emergency,20.42,4.58,3.32,20,10,3.0,80,250,6,8,2480
large_non_emergency,20.58,4.04,3.68,20,10,3.0,80,250,7,7,2310
large_non_emergency,5.05,2.17,3.17,20,10,3.0,80,250,4,3,1070
large_non_emergency,14.89,2.19,4.31,20,10,3.0,80,250,9,5,1970
large_non_emergency,16.4,4.24,5.05,20,10,3.0,80,250,5,5,1650
large_non_emergency,10.63,4.48,5.6,20,10,3.0,80,250,4,3,1070
large_non_emergency,6.32,4.72,4.25,20,10,3.0,80,250,3,3,990
large_non_emergency,8.98,4.88,4.84,20,10,3.0,80,250,3,3,990
large_non_emergency,13.61,3.52,3.37,20,10,3.0,80,250,5,6,1900
large_non_emergency,24.69,2.51,3.5,20,10,3.0,80,250,12,9,3210
large_non_emergency,5.64,2.53,3.01,20,10,3.0,80,250,4,3,1070
large_non_emergency,19.07,3.89,4.25,20,10,3.0,80,250,7,6,2060
large_non_emergency,19.33,2.76,5.55,20,10,3.0,80,250,9,5,1970
large_non_emergency,7.95,3.36,4.57,20,10,3.0,80,250,4,3,1070
large_non_emergency,5.89,3.66,5.86,20,10,3.0,80,250,3,3,990
large_non_emergency,24.26,4.46,4.71,20,10,3.0,80,250,7,7,2310
large_non_emergency,22.68,2.44,5.43,20,10,3.0,80,250,12,6,2460
large_non_emergency,7.88,2.69,4.29,20,10,3.0,80,250,5,3,1150
large_non_emergency,14.69,2.26,4.92,20,10,3.0,80,250,10,4,1800
large_non_emergency,15.5,3.59,3.16,20,10,3.0,80,250,6,7,2230
large_non_emergency,23.49,3.71,4.94,20,10,3.0,80,250,9,6,2220
large_non_emergency,22.73,2.34,4.13,20,10,3.0,80,250,13,7,2790
large_non_emergency,5.34,4.67,3.62,20,10,3.0,80,250,3,3,990
large_non_emergency,20.99,3.89,3.28,20,10,3.0,80,250,8,8,2640
large_non_emergency,12.61,2.07,3.6,20,10,3.0,80,250,8,5,1890
large_non_emergency,18.55,2.79,5.87,20,10,3.0,80,250,9,5,1970
large_non_emergency,24.01,3.87,5.17,20,10,3.0,80,250,8,6,2140
large_non_emergency,16.43,3.12,4.37,20,10,3.0,80,250,7,5,1810
large_non_emergency,7.42,3.4,3.59,20,10,3.0,80,250,4,4,1320
large_non_emergency,17.8,4.02,5.34,20,10,3.0,80,250,6,5,1730
large_non_emergency,6.5,4.9,4.15,20,10,3.0,80,250,3,3,990
large_non_emergency,8.88,3.03,3.05,20,10,3.0,80,250,5,4,1400
large_non_emergency,18.36,2.55,3.01,20,10,3.0,80,250,9,8,2720
large_non_emergency,22.87,2.67,4.21,20,10,3.0,80,250,11,7,2630
large_non_emergency,5.54,2.36,5.89,20,10,3.0,80,250,4,2,820
large_non_emergency,22.14,3.18,4.46,20,10,3.0,80,250,9,7,2470
large_non_emergency,5.89,2.82,4.84,20,10,3.0,80,250,4,3,1070
large_non_emergency,22.75,2.01,4.91,20,10,3.0,80,250,14,6,2620
large_non_emergency,6.74,3.8,4.83,20,10,3.0,80,250,3,3,990
large_non_emergency,10.85,3.39,5.98,20,10,3.0,80,250,5,3,1150
large_non_emergency,6.19,4.67,4.53,20,10,3.0,80,250,3,3,990
large_non_emergency,8.21,2.72,5.63,20,10,3.0,80,250,5,3,1150
large_non_emergency,10.04,4.55,5.22,20,10,3.0,80,250,4,3,1070
large_non_emergency,12.63,2.25,5.32,20,10,3.0,80,250,7,4,1560
large_non_emergency,16.58,3.89,3.39,20,10,3.0,80,250,6,7,2230
large_non_emergency,24.81,2.98,5.18,20,10,3.0,80,250,12,6,2460
large_non_emergency,6.47,2.94,3.19,20,10,3.0,80,250,4,4,1320
large_non_emergency,13.67,3.89,3.33,20,10,3.0,80,250,5,6,1900
large_non_emergency,14.47,4.31,4.79,20,10,3.0,80,250,5,5,1650
large_non_emergency,9.8,4.33,3.92,20,10,3.0,80,250,4,4,1320
large_non_emergency,7.27,2.47,5.1,20,10,3.0,80,250,4,3,1070
large_non_emergency,10.08,3.9,5.23,20,10,3.0,80,250,4,3,1070
large_non_emergency,18.31,3.14,3.42,20,10,3.0,80,250,8,7,2390
large_non_emergency,12.58,4.78,5.27,20,10,3.0,80,250,4,4,1320
large_non_emergency,11.52,2.56,5.47,20,10,3.0,80,250,6,4,1480
large_non_emergency,16.17,4.89,3.73,20,10,3.0,80,250,5,6,1900
large_non_emergency,22.23,2.05,3.92,20,10,3.0,80,250,15,7,2950
large_non_emergency,21.65,3.82,5.29,20,10,3.0,80,250,7,6,2060
large_non_emergency,14.92,4.6,5.81,20,10,3.0,80,250,5,4,1400
large_non_emergency,19.01,2.29,3.35,20,10,3.0,80,250,12,7,2710
large_non_emergency,16.11,3.3,5.25,20,10,3.0,80,250,7,5,1810
large_non_emergency,10.4,4.98,4.88,20,10,3.0,80,250,4,4,1320
large_non_emergency,18.21,4.46,5.9,20,10,3.0,80,250,6,5,1730
large_non_emergency,20.39,3.12,4.16,20,10,3.0,80,250,8,7,2390
large_non_emergency,8.76,4.86,5.53,20,10,3.0,80,250,3,3,990
large_non_emergency,20.14,4.57,5.73,20,10,3.0,80,250,6,5,1730
large_non_emergency,15.85,2.11,3.48,20,10,3.0,80,250,10,6,2300
large_non_emergency,6.25,2.89,4.06,20,10,3.0,80,250,4,3,1070
large_non_emergency,14.97,3.72,3.26,20,10,3.0,80,250,6,6,1980
large_non_emergency,23.89,4.75,5.32,20,10,3.0,80,250,7,6,2060
large_non_emergency,11.82,3.09,5.0,20,10,3.0,80,250,5,4,1400
large_non_emergency,8.67,2.51,3.06,20,10,3.0,80,250,5,4,1400
large_non_emergency,14.16,2.36,4.25,20,10,3.0,80,250,8,5,1890
large_non_emergency,9.49,4.07,5.41,20,10,3.0,80,250,4,3,1070
large_non_emergency,20.52,3.29,3.08,20,10,3.0,80,250,11,8,2880
large_non_emergency,12.39,3.8,3.6,20,10,3.0,80,250,5,5,1650
large_non_emergency,14.93,3.0,4.13,20,10,3.0,80,250,7,5,1810
large_non_emergency,21.39,3.27,3.02,20,10,3.0,80,250,9,9,2970
large_non_emergency,10.77,4.29,4.23,20,10,3.0,80,250,4,4,1320
large_non_emergency,17.63,4.85,3.57,20,10,3.0,80,250,5,7,2150
large_non_emergency,22.5,2.58,5.24,20,10,3.0,80,250,11,6,2380
large_non_emergency,20.81,3.1,5.13,20,10,3.0,80,250,9,6,2220
large_non_emergency,18.72,3.22,3.72,20,10,3.0,80,250,8,7,2390
large_non_emergency,5.62,4.37,3.54,20,10,3.0,80,250,3,3,990
large_non_emergency,23.62,2.36,4.75,20,10,3.0,80,250,12,7,2710
large_non_emergency,16.1,3.56,5.75,20,10,3.0,80,250,6,4,1480
large_non_emergency,12.57,4.16,4.22,20,10,3.0,80,250,5,4,1400
large_non_emergency,17.72,3.49,3.37,20,10,3.0,80,250,7,7,2310
large_non_emergency,24.15,2.8,4.01,20,10,3.0,80,250,11,8,2880
large_non_emergency,23.77,4.39,5.19,20,10,3.0,80,250,7,6,2060
large_non_emergency,9.79,2.23,3.9,20,10,3.0,80,250,6,4,1480
large_non_emergency,22.87,2.1,3.37,20,10,3.0,80,250,13,9,3290
large_non_emergency,16.42,2.13,3.94,20,10,3.0,80,250,10,6,2300
large_non_emergency,7.89,4.32,3.27,20,10,3.0,80,250,3,4,1240
large_non_emergency,10.98,4.46,3.09,20,10,3.0,80,250,4,5,1570
large_non_emergency,9.97,4.69,3.98,20,10,3.0,80,250,4,4,1320
large_non_emergency,7.18,2.8,5.01,20,10,3.0,80,250,4,3,1070
large_non_emergency,20.75,3.63,5.07,20,10,3.0,80,250,8,6,2140
large_non_emergency,5.72,4.65,3.16,20,10,3.0,80,250,3,3,990
large_non_emergency,10.83,3.33,3.28,20,10,3.0,80,250,5,5,1650
large_non_emergency,11.18,2.6,5.58,20,10,3.0,80,250,6,4,1480
large_non_emergency,15.82,4.91,5.27,20,10,3.0,80,250,5,4,1400
large_non_emergency,5.22,3.89,4.22,20,10,3.0,80,250,3,3,990
large_non_emergency,15.12,2.28,5.42,20,10,3.0,80,250,9,4,1720
large_non_emergency,20.18,4.49,4.34,20,10,3.0,80,250,7,6,2060
large_non_emergency,20.83,2.33,5.56,20,10,3.0,80,250,12,5,2210
large_non_emergency,21.38,3.99,3.05,20,10,3.0,80,250,7,9,2810
large_non_emergency,22.75,3.41,5.45,20,10,3.0,80,250,9,6,2220
large_non_emergency,10.0,3.72,3.93,20,10,3.0,80,250,4,4,1320
large_non_emergency,13.33,2.22,5.57,20,10,3.0,80,250,8,4,1640
large_non_emergency,21.07,2.48,3.19,20,10,3.0,80,250,13,8,3040
large_non_emergency,6.99,4.07,3.03,20,10,3.0,80,250,3,4,1240
large_non_emergency,12.95,3.52,5.83,20,10,3.0,80,250,5,4,1400
large_non_emergency,9.77,2.01,4.2,20,10,3.0,80,250,7,4,1560
large_non_emergency,15.17,4.25,3.35,20,10,3.0,80,250,5,6,1900
large_non_emergency,15.29,2.92,5.42,20,10,3.0,80,250,7,4,1560
large_non_emergency,18.57,3.27,4.36,20,10,3.0,80,250,8,6,2140
large_non_emergency,13.18,2.67,3.9,20,10,3.0,80,250,7,5,1810
large_non_emergency,12.36,3.24,5.75,20,10,3.0,80,250,5,4,1400
large_non_emergency,22.87,2.98,3.42,20,10,3.0,80,250,10,9,3050
large_non_emergency,10.57,4.41,3.71,20,10,3.0,80,250,4,4,1320
large_non_emergency,22.83,4.17,4.04,20,10,3.0,80,250,8,7,2390
large_non_emergency,9.64,3.14,3.06,20,10,3.0,80,250,5,5,1650
large_non_emergency,11.71,4.85,5.6,20,10,3.0,80,250,4,4,1320
large_non_emergency,21.55,3.74,5.52,20,10,3.0,80,250,9,5,1970
large_non_emergency,16.12,3.34,3.7,20,10,3.0,80,250,7,6,2060
large_non_emergency,5.22,2.55,3.74,20,10,3.0,80,250,4,3,1070
large_non_emergency,17.14,2.23,3.38,20,10,3.0,80,250,10,7,2550
large_non_emergency,16.18,2.97,4.47,20,10,3.0,80,250,7,5,1810
large_non_emergency,17.27,4.42,4.05,20,10,3.0,80,250,6,6,1980
large_non_emergency,23.64,4.53,3.84,20,10,3.0,80,250,7,8,2560
large_non_emergency,15.34,3.36,5.34,20,10,3.0,80,250,7,4,1560
large_non_emergency,8.96,4.66,5.46,20,10,3.0,80,250,3,3,990
large_non_emergency,11.38,4.89,4.77,20,10,3.0,80,250,4,4,1320
large_non_emergency,15.94,4.77,5.22,20,10,3.0,80,250,5,5,1650
large_non_emergency,7.84,4.09,5.64,20,10,3.0,80,250,3,3,990
large_non_emergency,12.71,4.73,4.6,20,10,3.0,80,250,4,4,1320
large_non_emergency,15.13,2.55,3.17,20,10,3.0,80,250,9,6,2220
large_non_emergency,15.06,4.83,4.52,20,10,3.0,80,250,5,5,1650
large_non_emergency,11.74,4.9,4.23,20,10,3.0,80,250,4,4,1320
large_non_emergency,17.11,2.94,5.84,20,10,3.0,80,250,8,4,1640
large_non_emergency,21.67,2.67,5.34,20,10,3.0,80,250,10,6,2300
large_non_emergency,15.76,2.4,3.69,20,10,3.0,80,250,9,6,2220
large_non_emergency,11.95,3.16,3.78,20,10,3.0,80,250,5,5,1650
large_non_emergency,8.85,4.84,4.31,20,10,3.0,80,250,3,4,1240
large_non_emergency,6.57,2.37,5.64,20,10,3.0,80,250,4,3,1070
large_non_emergency,13.37,3.18,3.55,20,10,3.0,80,250,6,5,1730
large_non_emergency,16.78,3.95,5.32,20,10,3.0,80,250,6,5,1730
large_non_emergency,15.9,2.26,3.02,20,10,3.0,80,250,9,7,2470
large_non_emergency,14.27,3.67,3.78,20,10,3.0,80,250,6,5,1730
large_non_emergency,17.16,4.92,3.33,20,10,3.0,80,250,5,7,2150
large_non_emergency,18.93,2.4,3.02,20,10,3.0,80,250,10,8,2800
large_non_emergency,17.87,2.55,4.72,20,10,3.0,80,250,10,5,2050
large_non_emergency,11.9,4.25,5.12,20,10,3.0,80,250,4,4,1320
large_non_emergency,24.9,3.97,3.19,20,10,3.0,80,250,8,10,3140
large_non_emergency,14.86,3.97,3.53,20,10,3.0,80,250,5,6,1900
large_non_emergency,18.19,3.33,3.21,20,10,3.0,80,250,8,7,2390
large_non_emergency,23.33,2.23,5.62,20,10,3.0,80,250,13,6,2540
large_non_emergency,19.42,4.05,6.0,20,10,3.0,80,250,7,5,1810
large_non_emergency,23.84,3.22,4.91,20,10,3.0,80,250,9,7,2470
large_non_emergency,14.02,3.99,5.57,20,10,3.0,80,250,5,4,1400
large_non_emergency,24.54,3.57,4.55,20,10,3.0,80,250,9,7,2470
large_non_emergency,20.18,3.48,5.46,20,10,3.0,80,250,8,5,1890
large_non_emergency,14.92,3.97,4.61,20,10,3.0,80,250,5,5,1650
large_non_emergency,20.86,4.16,3.3,20,10,3.0,80,250,7,8,2560
large_non_emergency,20.49,3.78,5.36,20,10,3.0,80,250,8,5,1890
large_non_emergency,7.29,2.84,4.33,20,10,3.0,80,250,4,3,1070
large_non_emergency,23.61,2.2,5.01,20,10,3.0,80,250,14,6,2620
large_non_emergency,7.14,2.29,3.26,20,10,3.0,80,250,5,4,1400
large_non_emergency,14.06,2.13,5.31,20,10,3.0,80,250,9,4,1720
large_non_emergency,10.62,2.46,3.9,20,10,3.0,80,250,6,4,1480
large_non_emergency,18.94,3.46,3.74,20,10,3.0,80,250,7,7,2310
large_non_emergency,9.3,2.24,3.43,20,10,3.0,80,250,6,4,1480
large_non_emergency,16.64,4.98,4.93,20,10,3.0,80,250,5,5,1650
large_non_emergency,9.06,2.15,5.76,20,10,3.0,80,250,6,3,1230
large_non_emergency,5.08,4.78,4.61,20,10,3.0,80,250,3,3,990
large_non_emergency,16.61,4.7,4.52,20,10,3.0,80,250,5,5,1650
large_non_emergency,19.31,3.16,5.38,20,10,3.0,80,250,8,5,1890
large_non_emergency,18.34,2.86,4.3,20,10,3.0,80,250,8,6,2140
large_non_emergency,12.57,2.48,4.9,20,10,3.0,80,250,7,4,1560
large_non_emergency,6.57,4.97,5.71,20,10,3.0,80,250,3,3,990
large_non_emergency,18.39,2.5,4.42,20,10,3.0,80,250,9,6,2220
large_non_emergency,8.37,4.23,4.93,20,10,3.0,80,250,3,3,990
large_non_emergency,7.88,3.5,3.99,20,10,3.0,80,250,4,3,1070
large_non_emergency,21.73,3.77,4.47,20,10,3.0,80,250,8,7,2390
large_non_emergency,15.41,4.46,3.98,20,10,3.0,80,250,6,5,1730
large_non_emergency,21.54,4.9,3.65,20,10,3.0,80,250,6,8,2480
large_non_emergency,11.54,2.97,5.14,20,10,3.0,80,250,5,4,1400
large_non_emergency,15.05,4.38,5.97,20,10,3.0,80,250,5,4,1400
large_non_emergency,20.71,2.5,3.61,20,10,3.0,80,250,10,8,2800
large_non_emergency,19.1,4.48,5.64,20,10,3.0,80,250,6,5,1730
large_non_emergency,7.84,2.47,5.58,20,10,3.0,80,250,5,3,1150
large_non_emergency,19.78,2.66,5.78,20,10,3.0,80,250,10,5,2050
large_non_emergency,14.58,2.08,4.93,20,10,3.0,80,250,10,4,1800
large_non_emergency,5.49,2.74,5.5,20,10,3.0,80,250,4,2,820
large_non_emergency,5.75,4.07,4.8,20,10,3.0,80,250,3,3,990
large_non_emergency,24.59,2.94,3.84,20,10,3.0,80,250,11,8,2880
large_non_emergency,16.32,3.39,5.02,20,10,3.0,80,250,7,5,1810
large_non_emergency,11.63,3.68,4.57,20,10,3.0,80,250,5,4,1400
large_non_emergency,23.27,4.32,4.51,20,10,3.0,80,250,7,7,2310
large_non_emergency,24.45,2.47,5.54,20,10,3.0,80,250,12,6,2460
large_non_emergency,14.75,2.98,5.4,20,10,3.0,80,250,7,4,1560
large_non_emergency,22.43,2.62,5.19,20,10,3.0,80,250,11,6,2380
large_non_emergency,9.65,3.91,5.54,20,10,3.0,80,250,4,3,1070
large_non_emergency,23.64,4.45,4.92,20,10,3.0,80,250,8,6,2140
large_non_emergency,14.55,2.45,3.91,20,10,3.0,80,250,8,5,1890
large_non_emergency,9.78,4.17,3.45,20,10,3.0,80,250,4,4,1320
large_non_emergency,5.4,3.6,5.56,20,10,3.0,80,250,3,2,740
large_non_emergency,13.78,4.76,3.84,20,10,3.0,80,250,5,5,1650
large_non_emergency,18.87,3.92,4.78,20,10,3.0,80,250,8,5,1890
large_non_emergency,19.36,4.69,5.97,20,10,3.0,80,250,6,5,1730
large_non_emergency,19.51,3.39,3.85,20,10,3.0,80,250,8,7,2390
large_non_emergency,20.29,2.63,3.33,20,10,3.0,80,250,10,8,2800
large_non_emergency,12.24,4.25,4.61,20,10,3.0,80,250,4,4,1320
large_non_emergency,9.58,3.16,3.42,20,10,3.0,80,250,5,4,1400
large_non_emergency,18.21,2.53,3.35,20,10,3.0,80,250,10,7,2550
large_non_emergency,12.41,4.76,5.29,20,10,3.0,80,250,4,4,1320
large_non_emergency,18.19,4.33,3.54,20,10,3.0,80,250,6,7,2230
large_non_emergency,13.36,3.96,3.42,20,10,3.0,80,250,6,5,1730
large_non_emergency,19.25,3.8,3.17,20,10,3.0,80,250,7,8,2560
large_non_emergency,21.16,3.26,3.15,20,10,3.0,80,250,8,9,2890
large_non_emergency,15.51,2.63,3.42,20,10,3.0,80,250,8,6,2140
large_non_emergency,17.69,3.71,3.53,20,10,3.0,80,250,7,7,2310
large_non_emergency,24.97,2.06,5.1,20,10,3.0,80,250,15,7,2950
large_non_emergency,17.51,3.69,5.36,20,10,3.0,80,250,6,5,1730
large_non_emergency,15.98,4.73,4.69,20,10,3.0,80,250,5,5,1650
large_non_emergency,17.65,3.59,3.71,20,10,3.0,80,250,8,6,2140
large_non_emergency,13.35,3.85,3.38,20,10,3.0,80,250,8,5,1890
large_non_emergency,7.39,3.26,5.57,20,10,3.0,80,250,4,3,1070
large_non_emergency,24.33,3.06,4.3,20,10,3.0,80,250,11,7,2630
large_non_emergency,22.29,4.92,5.53,20,10,3.0,80,250,6,6,1980
large_non_emergency,11.89,3.4,4.59,20,10,3.0,80,250,5,4,1400
large_non_emergency,16.32,4.98,4.4,20,10,3.0,80,250,5,5,1650
large_non_emergency,12.62,4.56,4.13,20,10,3.0,80,250,4,5,1570
large_non_emergency,23.03,2.22,5.15,20,10,3.0,80,250,13,6,2540
large_non_emergency,13.27,4.68,4.74,20,10,3.0,80,250,4,4,1320
large_non_emergency,18.77,2.72,3.23,20,10,3.0,80,250,9,8,2720
large_non_emergency,21.87,3.51,3.72,20,10,3.0,80,250,8,8,2640
large_non_emergency,5.75,2.7,3.57,20,10,3.0,80,250,4,3,1070
large_non_emergency,11.64,4.44,4.25,20,10,3.0,80,250,4,4,1320
large_non_emergency,12.28,2.12,3.85,20,10,3.0,80,250,8,5,1890
large_non_emergency,19.81,3.52,3.86,20,10,3.0,80,250,8,7,2390
large_non_emergency,11.73,2.56,5.97,20,10,3.0,80,250,7,3,1310
large_non_emergency,20.11,4.97,3.67,20,10,3.0,80,250,6,7,2230
large_non_emergency,9.93,4.14,4.82,20,10,3.0,80,250,4,4,1320
large_non_emergency,21.22,2.15,5.28,20,10,3.0,80,250,12,6,2460
large_non_emergency,6.94,4.32,5.23,20,10,3.0,80,250,3,3,990
large_non_emergency,5.46,2.91,4.31,20,10,3.0,80,250,3,3,990
large_non_emergency,12.13,4.79,5.07,20,10,3.0,80,250,4,4,1320
large_non_emergency,15.55,4.61,5.47,20,10,3.0,80,250,5,4,1400
large_non_emergency,19.5,4.46,3.08,20,10,3.0,80,250,6,8,2480
large_non_emergency,24.36,4.06,5.01,20,10,3.0,80,250,10,6,2300
large_non_emergency,21.37,3.12,5.95,20,10,3.0,80,250,9,5,1970
large_non_emergency,20.76,2.03,3.12,20,10,3.0,80,250,13,9,3290
large_non_emergency,16.17,4.61,4.19,20,10,3.0,80,250,6,5,1730
large_non_emergency,23.99,3.71,5.61,20,10,3.0,80,250,8,6,2140
large_non_emergency,15.62,4.67,3.78,20,10,3.0,80,250,5,6,1900
large_non_emergency,11.35,3.29,5.12,20,10,3.0,80,250,5,4,1400
large_non_emergency,13.3,2.15,4.07,20,10,3.0,80,250,8,5,1890
large_non_emergency,6.9,4.85,5.95,20,10,3.0,80,250,3,3,990
large_non_emergency,13.06,4.27,5.11,20,10,3.0,80,250,5,4,1400
large_non_emergency,14.38,2.29,3.65,20,10,3.0,80,250,8,6,2140
large_non_emergency,17.59,2.31,4.31,20,10,3.0,80,250,10,6,2300
large_non_emergency,17.2,3.97,5.01,20,10,3.0,80,250,6,5,1730
large_non_emergency,11.52,2.66,5.88,20,10,3.0,80,250,6,3,1230
large_non_emergency,22.67,3.42,3.75,20,10,3.0,80,250,9,8,2720
large_non_emergency,13.34,4.63,4.22,20,10,3.0,80,250,4,5,1570
large_non_emergency,8.92,3.87,3.95,20,10,3.0,80,250,4,4,1320
large_non_emergency,24.45,2.03,3.72,20,10,3.0,80,250,16,8,3280
large_non_emergency,11.62,2.06,4.65,20,10,3.0,80,250,8,4,1640
large_non_emergency,6.78,4.85,4.94,20,10,3.0,80,250,3,3,990
large_non_emergency,21.22,2.71,3.03,20,10,3.0,80,250,10,9,3050
large_non_emergency,11.92,4.34,3.99,20,10,3.0,80,250,5,4,1400
large_non_emergency,18.07,2.21,5.55,20,10,3.0,80,250,10,5,2050
large_non_emergency,17.24,3.34,4.18,20,10,3.0,80,250,7,6,2060
large_non_emergency,24.11,3.86,3.03,20,10,3.0,80,250,8,10,3140
large_non_emergency,8.4,2.13,5.28,20,10,3.0,80,250,6,3,1230
large_non_emergency,15.97,2.79,3.22,20,10,3.0,80,250,8,7,2390
large_non_emergency,5.55,2.67,3.73,20,10,3.0,80,250,4,3,1070
large_non_emergency,22.95,4.85,5.74,20,10,3.0,80,250,6,6,1980
large_non_emergency,14.81,3.18,4.14,20,10,3.0,80,250,7,5,1810
large_non_emergency,19.26,4.7,3.06,20,10,3.0,80,250,6,8,2480
large_non_emergency,8.41,4.07,3.49,20,10,3.0,80,250,4,4,1320
large_non_emergency,12.39,3.67,3.64,20,10,3.0,80,250,5,5,1650
large_non_emergency,15.66,2.98,3.5,20,10,3.0,80,250,7,6,2060
large_non_emergency,9.22,4.46,4.97,20,10,3.0,80,250,4,3,1070
large_non_emergency,13.29,2.19,3.3,20,10,3.0,80,250,8,6,2140
large_non_emergency,10.35,4.85,3.71,20,10,3.0,80,250,4,4,1320
large_non_emergency,7.49,2.06,3.2,20,10,3.0,80,250,5,4,1400
large_non_emergency,18.84,3.5,4.38,20,10,3.0,80,250,7,6,2060
large_non_emergency,20.83,2.76,4.21,20,10,3.0,80,250,10,7,2550
large_non_emergency,14.31,2.18,4.69,20,10,3.0,80,250,9,5,1970
large_non_emergency,22.47,2.87,5.17,20,10,3.0,80,250,10,6,2300
large_non_emergency,20.48,3.07,4.54,20,10,3.0,80,250,9,6,2220
large_non_emergency,20.24,4.54,3.6,20,10,3.0,80,250,7,7,2310
large_non_emergency,17.26,3.08,3.53,20,10,3.0,80,250,7,7,2310
large_non_emergency,15.76,2.46,4.55,20,10,3.0,80,250,8,5,1890
large_non_emergency,18.26,4.66,3.1,20,10,3.0,80,250,6,8,2480
large_non_emergency,21.59,4.2,3.21,20,10,3.0,80,250,7,9,2810
large_non_emergency,9.06,2.31,5.66,20,10,3.0,80,250,6,3,1230
large_non_emergency,7.13,5.0,3.37,20,10,3.0,80,250,3,4,1240
large_non_emergency,16.7,4.85,3.69,20,10,3.0,80,250,5,6,1900
large_non_emergency,18.05,2.23,5.96,20,10,3.0,80,250,10,5,2050
large_non_emergency,23.2,3.37,4.72,20,10,3.0,80,250,9,7,2470
large_non_emergency,8.58,4.79,5.09,20,10,3.0,80,250,3,3,990
large_non_emergency,22.77,2.02,5.89,20,10,3.0,80,250,15,5,2450
large_non_emergency,6.93,2.45,4.11,20,10,3.0,80,250,4,3,1070
large_non_emergency,13.25,4.47,4.81,20,10,3.0,80,250,5,4,1400
large_non_emergency,11.98,2.57,4.29,20,10,3.0,80,250,7,4,1560
large_non_emergency,22.88,2.97,5.17,20,10,3.0,80,250,10,6,2300
large_non_emergency,6.06,4.77,3.9,20,10,3.0,80,250,3,3,990
large_non_emergency,23.49,3.51,3.77,20,10,3.0,80,250,9,8,2720
large_non_emergency,9.1,2.46,5.54,20,10,3.0,80,250,5,3,1150
large_non_emergency,20.55,3.28,4.63,20,10,3.0,80,250,8,6,2140
large_non_emergency,10.28,4.8,4.81,20,10,3.0,80,250,4,4,1320
large_non_emergency,15.79,3.79,5.02,20,10,3.0,80,250,6,5,1730
large_non_emergency,19.0,2.64,3.78,20,10,3.0,80,250,9,7,2470
large_non_emergency,23.3,4.94,3.81,20,10,3.0,80,250,7,8,2560
large_non_emergency,19.15,3.38,5.27,20,10,3.0,80,250,8,5,1890
large_non_emergency,10.9,3.95,5.22,20,10,3.0,80,250,4,4,1320
large_non_emergency,16.92,2.23,5.06,20,10,3.0,80,250,10,5,2050
large_non_emergency,21.12,3.74,5.37,20,10,3.0,80,250,9,5,1970
large_non_emergency,12.97,4.34,4.18,20,10,3.0,80,250,4,5,1570
large_non_emergency,15.57,3.37,5.76,20,10,3.0,80,250,6,4,1480
large_non_emergency,13.03,2.53,3.44,20,10,3.0,80,250,8,5,1890
large_non_emergency,16.68,2.79,4.54,20,10,3.0,80,250,8,5,1890
large_non_emergency,7.69,4.88,4.72,20,10,3.0,80,250,3,3,990
large_non_emergency,8.24,3.76,5.68,20,10,3.0,80,250,4,3,1070
large_non_emergency,18.4,4.64,3.48,20,10,3.0,80,250,6,7,2230
large_non_emergency,16.29,4.18,4.23,20,10,3.0,80,250,6,5,1730
large_non_emergency,9.32,3.97,5.06,20,10,3.0,80,250,4,3,1070
large_non_emergency,22.51,3.94,5.28,20,10,3.0,80,250,8,6,2140
large_non_emergency,12.25,4.94,5.25,20,10,3.0,80,250,4,4,1320
large_non_emergency,8.78,2.89,4.84,20,10,3.0,80,250,5,3,1150
large_non_emergency,12.62,4.12,5.41,20,10,3.0,80,250,5,4,1400
large_non_emergency,20.54,3.23,4.29,20,10,3.0,80,250,9,6,2220
large_non_emergency,12.41,4.58,5.66,20,10,3.0,80,250,4,4,1320
large_non_emergency,7.49,2.64,4.36,20,10,3.0,80,250,4,3,1070
large_non_emergency,15.07,4.18,3.56,20,10,3.0,80,250,5,6,1900
large_non_emergency,19.99,4.98,5.3,20,10,3.0,80,250,6,5,1730
large_non_emergency,8.4,4.03,4.34,20,10,3.0,80,250,4,3,1070
large_non_emergency,16.16,2.95,5.34,20,10,3.0,80,250,7,5,1810
large_non_emergency,23.83,2.97,4.24,20,10,3.0,80,250,11,7,2630
large_non_emergency,23.11,4.75,3.34,20,10,3.0,80,250,7,9,2810
large_non_emergency,10.07,3.46,4.85,20,10,3.0,80,250,4,4,1320
large_non_emergency,22.94,2.12,3.38,20,10,3.0,80,250,13,9,3290
large_non_emergency,13.44,2.33,5.5,20,10,3.0,80,250,8,4,1640
large_non_emergency,23.83,4.5,3.82,20,10,3.0,80,250,7,8,2560
large_non_emergency,24.32,4.08,4.77,20,10,3.0,80,250,8,7,2390
large_non_emergency,15.86,4.66,4.02,20,10,3.0,80,250,6,5,1730
large_non_emergency,24.0,3.52,3.66,20,10,3.0,80,250,10,8,2800
large_non_emergency,5.07,2.67,3.37,20,10,3.0,80,250,3,3,990
large_non_emergency,12.06,3.59,3.11,20,10,3.0,80,250,6,5,1730
large_non_emergency,13.99,3.32,5.8,20,10,3.0,80,250,6,4,1480
large_non_emergency,21.94,4.12,3.64,20,10,3.0,80,250,7,8,2560
large_non_emergency,11.22,2.72,5.76,20,10,3.0,80,250,6,3,1230
large_non_emergency,12.31,2.06,5.99,20,10,3.0,80,250,8,4,1640
large_non_emergency,5.31,4.29,4.47,20,10,3.0,80,250,3,3,990
large_non_emergency,19.03,3.28,5.03,20,10,3.0,80,250,8,5,1890
large_non_emergency,23.72,2.95,5.74,20,10,3.0,80,250,10,6,2300
large_non_emergency,18.63,4.24,4.93,20,10,3.0,80,250,6,5,1730
large_non_emergency,19.81,3.23,4.79,20,10,3.0,80,250,8,6,2140
large_non_emergency,5.88,2.77,3.77,20,10,3.0,80,250,4,3,1070
large_non_emergency,22.2,2.44,4.84,20,10,3.0,80,250,12,6,2460
large_non_emergency,21.47,2.83,4.06,20,10,3.0,80,250,10,7,2550
large_non_emergency,23.49,3.57,3.95,20,10,3.0,80,250,9,8,2720
large_non_emergency,5.14,3.48,5.65,20,10,3.0,80,250,3,2,740
large_non_emergency,6.58,3.6,4.94,20,10,3.0,80,250,3,3,990
large_non_emergency,12.01,2.24,3.36,20,10,3.0,80,250,7,5,1810
large_non_emergency,21.94,4.02,3.04,20,10,3.0,80,250,8,9,2890
large_non_emergency,13.68,2.86,5.56,20,10,3.0,80,250,7,4,1560
large_non_emergency,11.81,3.56,5.37,20,10,3.0,80,250,5,4,1400
large_non_emergency,23.64,2.11,5.45,20,10,3.0,80,250,14,6,2620
large_non_emergency,10.88,3.65,4.29,20,10,3.0,80,250,5,4,1400
large_non_emergency,7.91,2.61,3.03,20,10,3.0,80,250,5,4,1400
large_non_emergency,22.2,4.61,3.13,20,10,3.0,80,250,7,9,2810
large_non_emergency,21.96,4.64,4.84,20,10,3.0,80,250,7,6,2060
large_non_emergency,16.79,3.95,4.18,20,10,3.0,80,250,6,6,1980
large_non_emergency,7.35,2.36,3.15,20,10,3.0,80,250,5,4,1400
large_non_emergency,6.05,4.86,4.76,20,10,3.0,80,250,3,3,990
large_non_emergency,16.38,3.97,5.96,20,10,3.0,80,250,6,4,1480
large_non_emergency,7.6,3.42,5.95,20,10,3.0,80,250,4,3,1070
large_non_emergency,6.58,4.13,3.46,20,10,3.0,80,250,3,3,990
large_non_emergency,16.72,4.12,3.65,20,10,3.0,80,250,6,6,1980
large_non_emergency,21.85,4.49,5.48,20,10,3.0,80,250,7,6,2060
large_non_emergency,16.14,3.39,3.91,20,10,3.0,80,250,7,6,2060
large_non_emergency,24.6,4.5,3.64,20,10,3.0,80,250,7,9,2810
large_non_emergency,20.26,4.95,4.88,20,10,3.0,80,250,6,6,1980
large_non_emergency,5.99,4.31,4.68,20,10,3.0,80,250,3,3,990
large_non_emergency,20.54,4.91,3.7,20,10,3.0,80,250,6,7,2230
large_non_emergency,6.37,4.91,5.74,20,10,3.0,80,250,3,3,990
large_non_emergency,18.23,4.69,4.96,20,10,3.0,80,250,6,5,1730
large_non_emergency,6.11,3.74,3.83,20,10,3.0,80,250,3,3,990
large_non_emergency,13.46,4.0,3.77,20,10,3.0,80,250,5,5,1650
large_non_emergency,9.86,4.62,3.15,20,10,3.0,80,250,4,5,1570
large_non_emergency,20.44,3.03,3.3,20,10,3.0,80,250,9,8,2720
large_non_emergency,9.29,3.84,3.44,20,10,3.0,80,250,4,4,1320
large_non_emergency,13.33,4.32,3.29,20,10,3.0,80,250,5,6,1900
large_non_emergency,7.78,4.87,5.7,20,10,3.0,80,250,3,3,990
large_non_emergency,13.91,2.63,5.25,20,10,3.0,80,250,7,4,1560
large_non_emergency,17.93,2.34,6.0,20,10,3.0,80,250,11,4,1880
large_non_emergency,12.05,3.88,5.28,20,10,3.0,80,250,5,4,1400
large_non_emergency,24.54,4.36,3.68,20,10,3.0,80,250,9,8,2720
large_non_emergency,6.98,4.46,4.63,20,10,3.0,80,250,3,3,990
large_non_emergency,12.43,2.35,3.28,20,10,3.0,80,250,8,5,1890
large_non_emergency,6.58,4.21,4.23,20,10,3.0,80,250,3,3,990
large_non_emergency,5.25,3.27,4.14,20,10,3.0,80,250,3,3,990
large_non_emergency,11.92,2.93,5.81,20,10,3.0,80,250,6,4,1480
large_non_emergency,21.45,3.84,4.05,20,10,3.0,80,250,8,7,2390
large_non_emergency,12.86,2.97,4.21,20,10,3.0,80,250,6,5,1730
large_non_emergency,11.87,4.85,3.91,20,10,3.0,80,250,4,5,1570
large_non_emergency,19.54,2.37,5.58,20,10,3.0,80,250,10,5,2050
large_non_emergency,23.76,2.29,4.73,20,10,3.0,80,250,13,7,2790
large_non_emergency,24.44,3.03,4.63,20,10,3.0,80,250,10,7,2550
large_non_emergency,18.96,2.34,3.58,20,10,3.0,80,250,10,7,2550
large_non_emergency,5.86,4.59,3.93,20,10,3.0,80,250,3,3,990
large_non_emergency,14.93,3.37,4.66,20,10,3.0,80,250,6,5,1730
large_non_emergency,14.37,4.12,4.56,20,10,3.0,80,250,5,5,1650
large_non_emergency,15.62,4.83,5.03,20,10,3.0,80,250,5,5,1650
large_non_emergency,13.99,2.63,4.32,20,10,3.0,80,250,7,5,1810
large_non_emergency,24.25,3.06,4.05,20,10,3.0,80,250,10,8,2800
large_non_emergency,8.02,4.61,5.9,20,10,3.0,80,250,3,3,990
large_non_emergency,16.49,3.86,5.93,20,10,3.0,80,250,6,4,1480
large_non_emergency,21.78,4.41,4.79,20,10,3.0,80,250,7,6,2060
large_non_emergency,6.84,3.0,4.06,20,10,3.0,80,250,4,3,1070
large_non_emergency,8.07,3.85,3.7,20,10,3.0,80,250,4,4,1320
large_non_emergency,13.45,2.12,3.3,20,10,3.0,80,250,8,6,2140
large_non_emergency,17.83,2.93,4.64,20,10,3.0,80,250,9,5,1970
large_non_emergency,18.87,2.09,4.24,20,10,3.0,80,250,11,6,2380
large_non_emergency,22.56,4.48,3.04,20,10,3.0,80,250,7,9,2810
large_non_emergency,12.13,3.97,3.94,20,10,3.0,80,250,5,5,1650
large_non_emergency,18.53,4.81,5.34,20,10,3.0,80,250,6,5,1730
large_non_emergency,22.37,4.16,4.61,20,10,3.0,80,250,9,6,2220
large_non_emergency,10.61,3.89,4.51,20,10,3.0,80,250,4,4,1320
large_non_emergency,13.34,2.89,3.25,20,10,3.0,80,250,6,6,1980
large_non_emergency,16.37,4.44,5.02,20,10,3.0,80,250,5,5,1650
large_non_emergency,24.22,3.49,4.01,20,10,3.0,80,250,9,8,2720
large_non_emergency,20.44,4.85,4.02,20,10,3.0,80,250,6,7,2230
large_non_emergency,20.54,3.33,4.24,20,10,3.0,80,250,11,6,2380
large_non_emergency,13.65,3.54,4.85,20,10,3.0,80,250,6,4,1480
large_non_emergency,20.5,3.04,3.71,20,10,3.0,80,250,9,7,2470
large_non_emergency,15.16,4.42,5.92,20,10,3.0,80,250,5,4,1400
large_non_emergency,16.03,3.02,3.33,20,10,3.0,80,250,9,6,2220
large_non_emergency,7.07,2.7,3.97,20,10,3.0,80,250,4,3,1070
large_non_emergency,11.39,3.96,5.42,20,10,3.0,80,250,4,4,1320
large_non_emergency,22.07,4.81,3.26,20,10,3.0,80,250,6,9,2730
large_non_emergency,20.09,3.76,3.65,20,10,3.0,80,250,8,7,2390
large_non_emergency,6.18,4.21,3.49,20,10,3.0,80,250,3,3,990
large_non_emergency,10.9,2.46,4.61,20,10,3.0,80,250,6,4,1480
large_non_emergency,9.42,2.48,4.89,20,10,3.0,80,250,6,3,1230
large_non_emergency,12.0,3.22,3.11,20,10,3.0,80,250,6,5,1730
large_non_emergency,6.59,4.49,5.71,20,10,3.0,80,250,3,3,990
large_non_emergency,15.93,4.3,5.97,20,10,3.0,80,250,5,4,1400
large_non_emergency,7.82,2.47,3.86,20,10,3.0,80,250,5,4,1400
large_non_emergency,13.94,2.29,5.19,20,10,3.0,80,250,8,4,1640
large_non_emergency,16.58,2.34,3.09,20,10,3.0,80,250,9,7,2470
large_non_emergency,17.74,3.0,3.5,20,10,3.0,80,250,8,7,2390
large_non_emergency,20.53,2.22,3.85,20,10,3.0,80,250,12,7,2710
large_non_emergency,22.12,3.22,5.75,20,10,3.0,80,250,10,5,2050
large_non_emergency,16.53,3.01,4.67,20,10,3.0,80,250,7,5,1810
large_non_emergency,18.87,3.99,5.4,20,10,3.0,80,250,7,5,1810
large_non_emergency,23.64,4.36,3.27,20,10,3.0,80,250,8,9,2890
large_non_emergency,8.57,4.26,3.57,20,10,3.0,80,250,4,4,1320
large_non_emergency,16.66,4.68,3.67,20,10,3.0,80,250,5,6,1900
large_non_emergency,14.95,4.41,4.58,20,10,3.0,80,250,5,5,1650
large_non_emergency,15.07,3.44,4.92,20,10,3.0,80,250,6,5,1730
large_non_emergency,18.02,3.98,4.46,20,10,3.0,80,250,6,6,1980
large_non_emergency,18.06,4.29,3.48,20,10,3.0,80,250,6,7,2230
large_non_emergency,5.28,2.21,4.5,20,10,3.0,80,250,4,3,1070
large_non_emergency,12.28,3.29,3.68,20,10,3.0,80,250,5,5,1650
large_non_emergency,19.44,2.38,4.0,20,10,3.0,80,250,10,7,2550
large_non_emergency,19.16,2.1,5.61,20,10,3.0,80,250,11,5,2130
large_non_emergency,24.85,4.61,3.44,20,10,3.0,80,250,7,9,2810
large_non_emergency,13.64,2.89,5.57,20,10,3.0,80,250,6,4,1480
large_non_emergency,20.47,3.86,5.46,20,10,3.0,80,250,7,5,1810
large_non_emergency,23.74,4.92,5.13,20,10,3.0,80,250,7,6,2060
large_non_emergency,12.81,4.32,3.73,20,10,3.0,80,250,5,5,1650
large_non_emergency,9.04,4.23,5.78,20,10,3.0,80,250,4,3,1070
large_non_emergency,23.04,4.88,4.34,20,10,3.0,80,250,7,7,2310
large_non_emergency,22.23,4.56,5.18,20,10,3.0,80,250,7,6,2060
large_non_emergency,11.05,3.06,5.44,20,10,3.0,80,250,5,4,1400
large_non_emergency,18.96,2.83,4.82,20,10,3.0,80,250,11,5,2130
large_non_emergency,23.06,2.32,4.45,20,10,3.0,80,250,12,7,2710
large_non_emergency,23.23,2.92,5.95,20,10,3.0,80,250,11,5,2130
large_non_emergency,22.0,4.75,3.69,20,10,3.0,80,250,6,8,2480
large_non_emergency,15.81,2.89,3.9,20,10,3.0,80,250,7,6,2060
large_non_emergency,16.82,2.9,4.73,20,10,3.0,80,250,8,5,1890
large_non_emergency,13.96,4.08,4.92,20,10,3.0,80,250,5,4,1400
large_non_emergency,13.41,3.79,3.92,20,10,3.0,80,250,5,5,1650
large_non_emergency,14.59,3.05,3.31,20,10,3.0,80,250,7,6,2060
large_non_emergency,20.37,2.26,3.21,20,10,3.0,80,250,12,8,2960
large_non_emergency,12.96,3.76,4.78,20,10,3.0,80,250,5,4,1400
large_non_emergency,22.43,3.4,4.06,20,10,3.0,80,250,9,7,2470
large_non_emergency,6.57,2.24,3.96,20,10,3.0,80,250,4,3,1070
large_non_emergency,23.84,2.9,4.24,20,10,3.0,80,250,11,7,2630
large_non_emergency,15.86,4.14,4.47,20,10,3.0,80,250,6,5,1730
large_non_emergency,21.57,4.33,5.2,20,10,3.0,80,250,7,6,2060
large_non_emergency,16.49,3.04,5.74,20,10,3.0,80,250,8,4,1640
large_non_emergency,6.95,4.09,5.61,20,10,3.0,80,250,3,3,990
large_non_emergency,18.57,4.97,3.47,20,10,3.0,80,250,6,7,2230
large_non_emergency,13.36,2.14,5.42,20,10,3.0,80,250,8,4,1640
large_non_emergency,7.27,2.87,5.29,20,10,3.0,80,250,4,3,1070
large_non_emergency,18.57,3.21,4.32,20,10,3.0,80,250,8,6,2140
large_non_emergency,11.87,4.11,4.97,20,10,3.0,80,250,4,4,1320
large_non_emergency,19.05,4.18,4.18,20,10,3.0,80,250,7,6,2060
large_non_emergency,22.14,3.05,4.33,20,10,3.0,80,250,9,7,2470
large_non_emergency,24.23,2.32,3.71,20,10,3.0,80,250,14,8,3120
large_non_emergency,15.7,4.98,5.9,20,10,3.0,80,250,5,4,1400
large_non_emergency,6.54,2.89,4.66,20,10,3.0,80,250,4,3,1070
large_non_emergency,21.44,3.2,4.69,20,10,3.0,80,250,9,6,2220
large_non_emergency,13.43,2.65,4.5,20,10,3.0,80,250,8,4,1640
large_non_emergency,12.9,3.31,5.32,20,10,3.0,80,250,6,4,1480
large_non_emergency,22.31,4.37,5.72,20,10,3.0,80,250,8,5,1890
large_non_emergency,17.37,2.59,5.1,20,10,3.0,80,250,9,5,1970
large_non_emergency,11.76,2.85,3.8,20,10,3.0,80,250,6,5,1730
large_non_emergency,24.62,2.19,3.79,20,10,3.0,80,250,15,8,3200
large_non_emergency,5.27,3.13,3.76,20,10,3.0,80,250,3,3,990
large_non_emergency,16.75,4.24,3.97,20,10,3.0,80,250,6,6,1980
large_non_emergency,17.41,4.16,5.47,20,10,3.0,80,250,6,5,1730
large_non_emergency,19.59,2.13,3.8,20,10,3.0,80,250,12,7,2710
large_non_emergency,5.19,3.92,5.38,20,10,3.0,80,250,3,2,740
large_non_emergency,17.95,4.95,5.51,20,10,3.0,80,250,5,5,1650
large_non_emergency,8.91,3.02,3.69,20,10,3.0,80,250,4,4,1320
large_non_emergency,5.47,4.77,5.52,20,10,3.0,80,250,3,2,740
large_non_emergency,20.8,2.29,4.17,20,10,3.0,80,250,11,7,2630
large_non_emergency,7.96,2.38,3.45,20,10,3.0,80,250,5,4,1400
large_non_emergency,12.36,4.81,4.12,20,10,3.0,80,250,4,5,1570
large_non_emergency,9.57,2.58,4.71,20,10,3.0,80,250,5,4,1400
large_non_emergency,12.2,3.88,5.62,20,10,3.0,80,250,5,4,1400
large_non_emergency,7.7,3.08,5.1,20,10,3.0,80,250,4,3,1070
large_non_emergency,20.73,3.94,5.21,20,10,3.0,80,250,7,6,2060
large_non_emergency,11.81,2.61,3.17,20,10,3.0,80,250,7,5,1810
large_non_emergency,20.1,4.93,5.44,20,10,3.0,80,250,6,5,1730
large_non_emergency,17.42,4.52,4.46,20,10,3.0,80,250,6,5,1730
large_non_emergency,12.3,3.51,3.25,20,10,3.0,80,250,6,5,1730
large_non_emergency,9.33,4.33,3.73,20,10,3.0,80,250,4,4,1320
large_non_emergency,24.94,3.16,4.76,20,10,3.0,80,250,10,7,2550
large_non_emergency,16.69,2.98,5.3,20,10,3.0,80,250,7,5,1810
large_non_emergency,16.29,2.09,3.16,20,10,3.0,80,250,10,7,2550
large_non_emergency,15.75,3.67,3.34,20,10,3.0,80,250,7,6,2060
large_non_emergency,19.53,4.72,5.39,20,10,3.0,80,250,6,5,1730
large_non_emergency,12.65,4.91,4.96,20,10,3.0,80,250,4,4,1320
large_non_emergency,12.5,2.7,3.91,20,10,3.0,80,250,6,5,1730
large_non_emergency,18.56,4.66,3.55,20,10,3.0,80,250,6,7,2230
large_non_emergency,14.99,2.67,3.73,20,10,3.0,80,250,7,6,2060
large_non_emergency,13.29,3.29,5.73,20,10,3.0,80,250,6,4,1480
large_non_emergency,8.11,4.06,3.35,20,10,3.0,80,250,3,4,1240
large_non_emergency,18.07,4.48,3.57,20,10,3.0,80,250,6,7,2230
large_non_emergency,12.48,4.6,5.77,20,10,3.0,80,250,4,4,1320
large_non_emergency,12.32,4.47,4.06,20,10,3.0,80,250,4,5,1570
large_non_emergency,21.67,2.89,4.77,20,10,3.0,80,250,10,6,2300
large_non_emergency,21.5,3.19,5.98,20,10,3.0,80,250,9,5,1970
large_non_emergency,16.28,3.87,4.05,20,10,3.0,80,250,6,6,1980
large_non_emergency,18.25,4.08,5.71,20,10,3.0,80,250,6,5,1730
large_non_emergency,21.7,4.86,3.79,20,10,3.0,80,250,7,7,2310
large_non_emergency,7.86,3.11,4.84,20,10,3.0,80,250,4,3,1070
large_non_emergency,21.73,2.43,4.59,20,10,3.0,80,250,12,6,2460
large_non_emergency,23.08,3.78,4.14,20,10,3.0,80,250,8,7,2390
large_non_emergency,23.73,2.77,5.15,20,10,3.0,80,250,11,6,2380
large_non_emergency,16.3,4.96,4.8,20,10,3.0,80,250,5,5,1650
large_non_emergency,13.8,4.49,4.58,20,10,3.0,80,250,5,5,1650
large_non_emergency,18.23,4.86,3.6,20,10,3.0,80,250,5,7,2150
large_non_emergency,15.32,2.77,3.4,20,10,3.0,80,250,8,6,2140
large_non_emergency,13.68,3.72,3.83,20,10,3.0,80,250,5,5,1650
large_non_emergency,22.71,2.71,4.5,20,10,3.0,80,250,11,7,2630
large_non_emergency,11.23,3.5,4.09,20,10,3.0,80,250,5,4,1400
large_non_emergency,8.68,4.17,5.72,20,10,3.0,80,250,4,3,1070
large_non_emergency,12.74,2.4,5.47,20,10,3.0,80,250,7,4,1560
large_non_emergency,15.33,4.66,3.13,20,10,3.0,80,250,5,7,2150
large_non_emergency,14.99,3.73,3.52,20,10,3.0,80,250,6,6,1980
large_non_emergency,11.21,4.59,4.44,20,10,3.0,80,250,4,4,1320
large_non_emergency,22.4,3.25,4.21,20,10,3.0,80,250,9,7,2470
large_non_emergency,17.56,2.14,5.43,20,10,3.0,80,250,10,5,2050
large_non_emergency,13.78,4.09,4.78,20,10,3.0,80,250,5,4,1400
large_non_emergency,16.94,2.34,5.86,20,10,3.0,80,250,10,4,1800
large_non_emergency,5.78,3.03,4.61,20,10,3.0,80,250,3,3,990
large_non_emergency,20.36,3.12,3.06,20,10,3.0,80,250,11,8,2880
large_non_emergency,15.48,2.5,5.92,20,10,3.0,80,250,8,4,1640
large_non_emergency,15.32,4.57,4.72,20,10,3.0,80,250,5,5,1650
large_non_emergency,21.09,3.29,4.55,20,10,3.0,80,250,9,6,2220
large_non_emergency,5.97,2.05,5.16,20,10,3.0,80,250,4,3,1070
large_non_emergency,16.54,3.43,3.29,20,10,3.0,80,250,7,7,2310
large_non_emergency,5.49,2.19,5.26,20,10,3.0,80,250,4,3,1070
large_non_emergency,21.62,3.77,4.86,20,10,3.0,80,250,8,6,2140
large_non_emergency,13.68,2.49,4.42,20,10,3.0,80,250,7,5,1810
large_non_emergency,13.2,2.08,4.77,20,10,3.0,80,250,9,4,1720
large_non_emergency,19.09,3.64,3.01,20,10,3.0,80,250,7,8,2560
large_non_emergency,8.34,2.52,5.21,20,10,3.0,80,250,5,3,1150
large_non_emergency,15.31,2.74,4.82,20,10,3.0,80,250,7,5,1810
large_non_emergency,12.18,3.04,5.69,20,10,3.0,80,250,6,4,1480
large_non_emergency,19.58,2.01,3.08,20,10,3.0,80,250,13,8,3040
large_non_emergency,18.72,3.63,5.57,20,10,3.0,80,250,7,5,1810
large_non_emergency,9.14,4.16,4.29,20,10,3.0,80,250,4,4,1320
large_non_emergency,15.17,3.69,4.64,20,10,3.0,80,250,6,5,1730
large_non_emergency,19.25,3.55,5.52,20,10,3.0,80,250,7,5,1810
large_non_emergency,13.28,2.83,3.57,20,10,3.0,80,250,7,5,1810
large_non_emergency,24.08,3.05,5.88,20,10,3.0,80,250,10,6,2300
large_non_emergency,12.34,3.86,3.42,20,10,3.0,80,250,5,5,1650
large_non_emergency,17.29,2.2,4.06,20,10,3.0,80,250,10,6,2300
large_non_emergency,13.21,3.0,3.33,20,10,3.0,80,250,6,6,1980
large_non_emergency,24.03,4.41,5.25,20,10,3.0,80,250,8,6,2140
large_non_emergency,22.77,4.7,3.98,20,10,3.0,80,250,8,7,2390
large_non_emergency,19.11,4.56,4.63,20,10,3.0,80,250,6,6,1980
large_non_emergency,8.56,3.52,4.89,20,10,3.0,80,250,4,3,1070
large_non_emergency,21.07,3.02,5.69,20,10,3.0,80,250,9,5,1970
large_non_emergency,8.16,3.58,4.16,20,10,3.0,80,250,4,3,1070
large_non_emergency,13.75,3.27,5.09,20,10,3.0,80,250,6,4,1480
large_non_emergency,6.62,4.9,5.88,20,10,3.0,80,250,3,3,990
large_non_emergency,18.17,4.42,5.07,20,10,3.0,80,250,6,5,1730
large_non_emergency,21.75,3.59,5.3,20,10,3.0,80,250,8,6,2140
large_non_emergency,19.64,4.62,4.51,20,10,3.0,80,250,6,6,1980
large_non_emergency,16.6,2.11,5.72,20,10,3.0,80,250,11,4,1880
large_non_emergency,15.99,3.63,5.67,20,10,3.0,80,250,6,4,1480
large_non_emergency,9.46,2.41,4.21,20,10,3.0,80,250,6,4,1480
large_non_emergency,10.33,2.45,3.92,20,10,3.0,80,250,6,4,1480
large_non_emergency,24.54,3.78,4.29,20,10,3.0,80,250,10,7,2550
large_non_emergency,18.07,2.57,5.38,20,10,3.0,80,250,9,5,1970
large_non_emergency,21.9,2.96,3.2,20,10,3.0,80,250,10,9,3050
large_non_emergency,18.25,2.97,4.49,20,10,3.0,80,250,8,6,2140
large_non_emergency,6.5,3.9,3.18,20,10,3.0,80,250,3,4,1240
large_non_emergency,15.98,3.01,4.11,20,10,3.0,80,250,8,5,1890
large_non_emergency,8.14,3.94,4.18,20,10,3.0,80,250,4,3,1070
large_non_emergency,5.2,3.7,5.4,20,10,3.0,80,250,3,2,740
large_non_emergency,13.52,4.63,3.03,20,10,3.0,80,250,5,6,1900
large_non_emergency,23.24,4.92,4.44,20,10,3.0,80,250,7,7,2310
large_non_emergency,5.89,3.85,3.29,20,10,3.0,80,250,3,3,990
large_non_emergency,24.08,3.19,4.15,20,10,3.0,80,250,10,8,2800
large_non_emergency,22.09,3.59,4.61,20,10,3.0,80,250,9,6,2220
large_non_emergency,18.77,2.08,3.18,20,10,3.0,80,250,11,8,2880
large_non_emergency,17.63,4.18,4.58,20,10,3.0,80,250,6,5,1730
large_non_emergency,20.51,3.45,5.75,20,10,3.0,80,250,8,5,1890
large_non_emergency,7.7,2.07,5.83,20,10,3.0,80,250,5,3,1150
large_non_emergency,21.36,4.33,4.41,20,10,3.0,80,250,8,6,2140
large_non_emergency,8.59,2.36,3.55,20,10,3.0,80,250,5,4,1400
large_non_emergency,7.95,3.3,4.92,20,10,3.0,80,250,4,3,1070
large_non_emergency,22.81,3.85,4.59,20,10,3.0,80,250,8,7,2390
large_non_emergency,5.26,3.35,4.67,20,10,3.0,80,250,3,3,990
large_non_emergency,17.43,3.57,5.77,20,10,3.0,80,250,7,5,1810
large_non_emergency,19.82,2.71,4.18,20,10,3.0,80,250,10,6,2300
large_non_emergency,11.84,4.63,4.82,20,10,3.0,80,250,4,4,1320
large_non_emergency,14.55,2.11,5.03,20,10,3.0,80,250,9,4,1720
large_non_emergency,23.58,2.02,4.14,20,10,3.0,80,250,17,7,3110
large_non_emergency,13.43,3.6,3.33,20,10,3.0,80,250,5,6,1900
large_non_emergency,18.29,3.54,3.1,20,10,3.0,80,250,7,8,2560
large_non_emergency,17.99,3.06,5.86,20,10,3.0,80,250,8,5,1890
large_non_emergency,6.83,3.99,5.9,20,10,3.0,80,250,3,3,990
large_non_emergency,18.51,4.25,3.45,20,10,3.0,80,250,6,7,2230
large_non_emergency,19.55,3.41,4.82,20,10,3.0,80,250,8,6,2140
large_non_emergency,10.85,4.82,3.94,20,10,3.0,80,250,4,4,1320
large_non_emergency,19.03,3.94,5.25,20,10,3.0,80,250,7,5,1810
large_non_emergency,23.5,2.9,4.97,20,10,3.0,80,250,11,6,2380
large_non_emergency,22.12,2.59,5.12,20,10,3.0,80,250,11,6,2380
large_non_emergency,21.53,3.65,4.11,20,10,3.0,80,250,8,7,2390
large_non_emergency,8.28,4.15,3.35,20,10,3.0,80,250,3,4,1240
large_non_emergency,19.06,2.93,4.29,20,10,3.0,80,250,9,6,2220
large_non_emergency,21.26,4.79,5.9,20,10,3.0,80,250,6,5,1730
large_non_emergency,6.91,3.9,3.19,20,10,3.0,80,250,3,4,1240
large_non_emergency,18.4,3.67,5.08,20,10,3.0,80,250,7,5,1810
large_non_emergency,10.11,3.88,5.51,20,10,3.0,80,250,4,3,1070
large_non_emergency,11.02,2.51,3.7,20,10,3.0,80,250,7,4,1560
large_non_emergency,14.71,4.0,4.39,20,10,3.0,80,250,5,5,1650
large_non_emergency,7.24,3.76,3.21,20,10,3.0,80,250,3,4,1240
large_non_emergency,8.84,2.28,3.3,20,10,3.0,80,250,6,4,1480
large_non_emergency,23.34,2.63,4.7,20,10,3.0,80,250,11,7,2630
large_non_emergency,24.94,3.71,4.86,20,10,3.0,80,250,9,7,2470
large_non_emergency,24.64,3.49,3.96,20,10,3.0,80,250,9,8,2720
large_non_emergency,24.66,5.0,3.77,20,10,3.0,80,250,7,8,2560
large_non_emergency,24.47,3.05,3.71,20,10,3.0,80,250,11,8,2880
large_non_emergency,20.86,3.61,3.74,20,10,3.0,80,250,8,7,2390
large_non_emergency,7.72,2.66,4.84,20,10,3.0,80,250,4,3,1070
large_non_emergency,5.7,3.6,4.23,20,10,3.0,80,250,3,3,990
large_non_emergency,24.82,2.9,4.83,20,10,3.0,80,250,11,7,2630
large_non_emergency,22.38,2.38,3.91,20,10,3.0,80,250,15,7,2950
large_non_emergency,11.81,4.64,5.07,20,10,3.0,80,250,4,4,1320
large_non_emergency,15.62,2.5,5.59,20,10,3.0,80,250,8,4,1640
large_non_emergency,5.56,3.84,3.66,20,10,3.0,80,250,3,3,990
large_non_emergency,18.7,2.77,3.11,20,10,3.0,80,250,9,8,2720
large_non_emergency,17.97,2.96,4.34,20,10,3.0,80,250,8,6,2140
large_non_emergency,15.07,4.29,3.96,20,10,3.0,80,250,6,5,1730
large_non_emergency,16.44,4.31,4.24,20,10,3.0,80,250,6,5,1730
large_non_emergency,17.52,3.68,4.41,20,10,3.0,80,250,6,6,1980
large_non_emergency,23.83,2.27,3.7,20,10,3.0,80,250,14,8,3120
large_non_emergency,10.49,3.25,4.31,20,10,3.0,80,250,5,4,1400
large_non_emergency,8.43,2.75,3.21,20,10,3.0,80,250,5,4,1400
large_non_emergency,12.44,2.78,3.68,20,10,3.0,80,250,6,5,1730
large_non_emergency,17.47,3.58,4.15,20,10,3.0,80,250,7,6,2060
large_non_emergency,13.47,3.18,3.22,20,10,3.0,80,250,6,6,1980
large_non_emergency,20.09,2.72,4.17,20,10,3.0,80,250,11,6,2380
large_non_emergency,10.95,2.99,3.02,20,10,3.0,80,250,5,5,1650
large_non_emergency,14.3,2.62,4.38,20,10,3.0,80,250,7,5,1810
large_non_emergency,6.22,3.64,4.74,20,10,3.0,80,250,3,3,990
large_non_emergency,22.58,3.21,4.26,20,10,3.0,80,250,9,7,2470
large_non_emergency,8.69,3.62,3.94,20,10,3.0,80,250,4,4,1320
large_non_emergency,20.68,3.17,5.02,20,10,3.0,80,250,8,6,2140
large_non_emergency,7.28,3.82,3.68,20,10,3.0,80,250,3,3,990
large_non_emergency,6.34,4.17,3.61,20,10,3.0,80,250,3,3,990
large_non_emergency,22.83,4.37,3.63,20,10,3.0,80,250,7,8,2560
large_non_emergency,15.26,2.26,4.09,20,10,3.0,80,250,9,5,1970
large_non_emergency,14.48,3.45,3.86,20,10,3.0,80,250,6,5,1730
large_non_emergency,8.67,3.81,5.87,20,10,3.0,80,250,4,3,1070
large_non_emergency,24.12,3.23,5.97,20,10,3.0,80,250,9,6,2220
large_non_emergency,12.99,3.86,5.72,20,10,3.0,80,250,5,4,1400
large_non_emergency,15.31,2.32,5.15,20,10,3.0,80,250,9,4,1720
large_non_emergency,18.6,4.0,4.91,20,10,3.0,80,250,7,5,1810
large_non_emergency,8.08,4.16,4.06,20,10,3.0,80,250,3,3,990
large_non_emergency,14.5,3.12,5.5,20,10,3.0,80,250,6,4,1480
large_non_emergency,12.66,3.37,4.95,20,10,3.0,80,250,5,4,1400
large_non_emergency,18.85,3.76,5.09,20,10,3.0,80,250,7,5,1810
large_non_emergency,21.96,3.06,5.01,20,10,3.0,80,250,9,6,2220
large_non_emergency,7.32,3.61,3.65,20,10,3.0,80,250,4,4,1320
large_non_emergency,8.7,2.96,4.52,20,10,3.0,80,250,5,3,1150
large_non_emergency,16.09,3.08,3.77,20,10,3.0,80,250,7,6,2060
large_non_emergency,13.18,4.35,5.94,20,10,3.0,80,250,5,4,1400
large_non_emergency,15.83,4.26,3.91,20,10,3.0,80,250,5,6,1900
large_non_emergency,14.82,2.27,5.18,20,10,3.0,80,250,9,4,1720
large_non_emergency,23.9,3.47,3.07,20,10,3.0,80,250,9,10,3220
large_non_emergency,15.93,2.74,5.97,20,10,3.0,80,250,8,4,1640
large_non_emergency,10.1,2.85,4.73,20,10,3.0,80,250,5,4,1400
large_non_emergency,21.55,3.49,4.24,20,10,3.0,80,250,8,7,2390
large_non_emergency,24.47,4.1,5.98,20,10,3.0,80,250,8,6,2140
large_non_emergency,22.97,3.49,3.11,20,10,3.0,80,250,9,9,2970
large_non_emergency,23.31,2.63,3.69,20,10,3.0,80,250,11,8,2880
large_non_emergency,16.65,4.22,4.72,20,10,3.0,80,250,6,5,1730
large_non_emergency,13.32,2.9,4.16,20,10,3.0,80,250,6,5,1730
large_non_emergency,23.18,3.0,4.16,20,10,3.0,80,250,10,7,2550
large_non_emergency,7.11,4.21,4.51,20,10,3.0,80,250,3,3,990
large_non_emergency,11.61,2.9,4.55,20,10,3.0,80,250,6,4,1480
large_non_emergency,19.53,2.77,5.05,20,10,3.0,80,250,10,5,2050
large_non_emergency,14.5,2.84,4.49,20,10,3.0,80,250,7,5,1810
large_non_emergency,20.69,2.42,4.59,20,10,3.0,80,250,11,6,2380
large_non_emergency,9.44,4.72,5.24,20,10,3.0,80,250,3,3,990
large_non_emergency,17.09,4.08,5.6,20,10,3.0,80,250,6,5,1730
large_non_emergency,8.58,2.21,5.27,20,10,3.0,80,250,6,3,1230
large_non_emergency,23.8,2.65,4.78,20,10,3.0,80,250,11,7,2630
large_non_emergency,20.98,3.36,4.57,20,10,3.0,80,250,8,6,2140
large_non_emergency,23.49,2.53,3.11,20,10,3.0,80,250,12,10,3460
large_non_emergency,22.16,2.18,3.6,20,10,3.0,80,250,13,8,3040
large_non_emergency,24.71,2.37,3.28,20,10,3.0,80,250,15,9,3450
large_non_emergency,15.87,3.83,5.2,20,10,3.0,80,250,6,5,1730
large_non_emergency,20.95,3.12,5.64,20,10,3.0,80,250,9,5,1970
large_non_emergency,5.71,3.59,5.16,20,10,3.0,80,250,3,3,990
large_non_emergency,6.34,3.95,3.77,20,10,3.0,80,250,3,3,990
large_non_emergency,22.46,3.0,4.83,20,10,3.0,80,250,10,6,2300
large_non_emergency,12.1,4.41,3.38,20,10,3.0,80,250,4,5,1570
large_non_emergency,8.52,2.91,5.79,20,10,3.0,80,250,4,3,1070
large_non_emergency,18.4,3.38,5.8,20,10,3.0,80,250,7,5,1810
large_non_emergency,13.26,4.38,5.33,20,10,3.0,80,250,5,4,1400
large_non_emergency,20.14,2.03,5.63,20,10,3.0,80,250,12,5,2210
large_non_emergency,24.39,3.94,3.45,20,10,3.0,80,250,8,9,2890
large_non_emergency,21.52,2.86,5.67,20,10,3.0,80,250,10,5,2050
large_non_emergency,10.73,4.92,5.11,20,10,3.0,80,250,4,4,1320
large_non_emergency,16.25,4.7,4.59,20,10,3.0,80,250,5,5,1650
large_non_emergency,17.16,4.19,5.45,20,10,3.0,80,250,6,5,1730
large_non_emergency,10.76,2.02,4.33,20,10,3.0,80,250,7,4,1560
large_non_emergency,22.96,4.59,3.36,20,10,3.0,80,250,7,9,2810
large_non_emergency,13.36,3.19,4.13,20,10,3.0,80,250,6,5,1730
large_non_emergency,8.65,3.71,4.9,20,10,3.0,80,250,4,3,1070
large_non_emergency,7.96,3.2,3.08,20,10,3.0,80,250,4,4,1320
large_non_emergency,21.14,4.81,5.26,20,10,3.0,80,250,6,6,1980
large_non_emergency,11.18,3.69,5.12,20,10,3.0,80,250,5,4,1400
large_non_emergency,14.76,2.66,3.42,20,10,3.0,80,250,8,6,2140
large_non_emergency,16.51,2.88,4.53,20,10,3.0,80,250,8,5,1890
large_non_emergency,23.63,3.41,5.71,20,10,3.0,80,250,9,6,2220
large_non_emergency,20.44,4.43,5.28,20,10,3.0,80,250,7,5,1810
large_non_emergency,5.35,4.34,4.52,20,10,3.0,80,250,3,3,990
large_non_emergency,8.5,4.33,5.96,20,10,3.0,80,250,3,3,990
large_non_emergency,24.81,4.53,3.05,20,10,3.0,80,250,8,10,3140
large_non_emergency,20.35,2.14,5.45,20,10,3.0,80,250,12,5,2210
large_non_emergency,10.55,4.08,3.8,20,10,3.0,80,250,4,4,1320
large_non_emergency,12.01,3.76,5.2,20,10,3.0,80,250,5,4,1400
large_non_emergency,22.07,4.2,4.29,20,10,3.0,80,250,7,7,2310
large_non_emergency,11.97,2.76,3.85,20,10,3.0,80,250,6,5,1730
large_non_emergency,19.63,2.57,4.91,20,10,3.0,80,250,10,6,2300
large_non_emergency,10.01,2.96,4.34,20,10,3.0,80,250,5,4,1400
large_non_emergency,23.75,3.99,4.84,20,10,3.0,80,250,8,7,2390
large_non_emergency,23.73,3.34,5.83,20,10,3.0,80,250,9,6,2220
large_non_emergency,23.93,3.43,5.31,20,10,3.0,80,250,9,6,2220
large_non_emergency,16.26,2.33,4.54,20,10,3.0,80,250,9,5,1970
large_non_emergency,12.87,4.22,4.88,20,10,3.0,80,250,5,4,1400
large_non_emergency,17.01,4.9,4.34,20,10,3.0,80,250,6,5,1730
large_non_emergency,17.47,4.11,3.94,20,10,3.0,80,250,6,6,1980
large_non_emergency,18.29,2.11,5.83,20,10,3.0,80,250,11,5,2130
large_non_emergency,9.58,2.29,4.51,20,10,3.0,80,250,6,4,1480
large_non_emergency,14.52,4.32,5.4,20,10,3.0,80,250,5,4,1400
large_non_emergency,20.93,2.94,4.16,20,10,3.0,80,250,9,7,2470
large_non_emergency,10.11,4.11,4.82,20,10,3.0,80,250,4,4,1320
large_non_emergency,20.84,4.46,4.15,20,10,3.0,80,250,6,7,2230
large_non_emergency,8.38,2.52,5.78,20,10,3.0,80,250,5,3,1150
large_non_emergency,17.83,2.69,3.36,20,10,3.0,80,250,9,7,2470
large_non_emergency,12.6,4.27,5.03,20,10,3.0,80,250,4,4,1320
large_non_emergency,7.84,4.35,5.98,20,10,3.0,80,250,3,3,990
large_non_emergency,22.32,2.01,4.03,20,10,3.0,80,250,14,7,2870
large_non_emergency,11.8,3.15,5.9,20,10,3.0,80,250,6,3,1230
large_non_emergency,8.11,3.21,3.63,20,10,3.0,80,250,4,4,1320
large_non_emergency,17.73,3.66,3.42,20,10,3.0,80,250,7,7,2310
large_non_emergency,9.77,2.27,4.8,20,10,3.0,80,250,6,4,1480
large_non_emergency,19.49,4.4,3.82,20,10,3.0,80,250,6,7,2230
large_non_emergency,16.31,4.46,5.03,20,10,3.0,80,250,5,5,1650
large_non_emergency,19.9,4.81,5.18,20,10,3.0,80,250,6,5,1730
large_non_emergency,14.32,3.27,4.03,20,10,3.0,80,250,6,5,1730
large_non_emergency,20.36,3.81,4.01,20,10,3.0,80,250,7,7,2310
large_non_emergency,20.09,3.83,3.45,20,10,3.0,80,250,7,8,2560
large_non_emergency,23.53,3.1,4.86,20,10,3.0,80,250,12,6,2460
large_non_emergency,15.24,2.26,5.96,20,10,3.0,80,250,9,4,1720
large_non_emergency,14.03,2.19,5.89,20,10,3.0,80,250,8,4,1640
large_non_emergency,24.3,2.44,4.75,20,10,3.0,80,250,12,7,2710
large_non_emergency,25.0,2.41,4.54,20,10,3.0,80,250,13,7,2790
large_non_emergency,10.34,3.65,5.26,20,10,3.0,80,250,4,3,1070
large_non_emergency,22.22,4.12,4.26,20,10,3.0,80,250,7,7,2310
large_non_emergency,21.66,2.48,5.45,20,10,3.0,80,250,11,6,2380
large_non_emergency,5.88,3.81,4.41,20,10,3.0,80,250,3,3,990
large_non_emergency,10.27,4.05,3.46,20,10,3.0,80,250,5,4,1400
large_non_emergency,23.89,2.49,3.59,20,10,3.0,80,250,12,9,3210
large_non_emergency,23.89,2.33,5.55,20,10,3.0,80,250,13,6,2540
large_non_emergency,19.95,4.27,5.72,20,10,3.0,80,250,6,5,1730
large_non_emergency,18.04,2.49,5.62,20,10,3.0,80,250,9,5,1970
large_non_emergency,6.79,3.31,4.04,20,10,3.0,80,250,4,3,1070
large_non_emergency,13.04,3.84,3.21,20,10,3.0,80,250,5,6,1900
large_non_emergency,18.84,3.63,4.21,20,10,3.0,80,250,7,6,2060
large_non_emergency,15.52,4.01,5.77,20,10,3.0,80,250,6,4,1480
large_non_emergency,13.9,4.79,4.14,20,10,3.0,80,250,4,5,1570
large_non_emergency,19.05,2.68,3.14,20,10,3.0,80,250,9,8,2720
large_non_emergency,6.72,2.7,4.16,20,10,3.0,80,250,4,3,1070
large_non_emergency,9.45,4.39,4.68,20,10,3.0,80,250,4,4,1320
large_non_emergency,5.54,3.17,5.83,20,10,3.0,80,250,3,2,740
large_non_emergency,11.28,2.23,5.94,20,10,3.0,80,250,7,3,1310
large_non_emergency,6.39,3.76,4.61,20,10,3.0,80,250,3,3,990
large_non_emergency,18.78,3.93,4.06,20,10,3.0,80,250,7,6,2060
large_non_emergency,16.85,4.29,5.02,20,10,3.0,80,250,6,5,1730
large_non_emergency,12.28,3.99,3.85,20,10,3.0,80,250,5,5,1650
large_non_emergency,18.94,4.15,3.05,20,10,3.0,80,250,6,8,2480
large_non_emergency,21.91,4.53,3.36,20,10,3.0,80,250,7,8,2560
large_non_emergency,23.79,3.05,3.85,20,10,3.0,80,250,10,8,2800
large_non_emergency,9.96,4.26,4.6,20,10,3.0,80,250,4,4,1320
large_non_emergency,21.19,3.05,4.0,20,10,3.0,80,250,9,7,2470
large_non_emergency,7.29,4.06,5.13,20,10,3.0,80,250,3,3,990
large_non_emergency,10.26,3.56,5.08,20,10,3.0,80,250,4,4,1320
large_non_emergency,7.5,3.14,5.65,20,10,3.0,80,250,4,3,1070
large_non_emergency,16.18,3.86,3.39,20,10,3.0,80,250,7,6,2060
large_non_emergency,14.65,2.85,3.18,20,10,3.0,80,250,7,6,2060
large_non_emergency,18.57,3.69,3.19,20,10,3.0,80,250,7,8,2560
large_non_emergency,6.86,4.66,4.12,20,10,3.0,80,250,3,3,990
large_non_emergency,24.42,2.41,4.2,20,10,3.0,80,250,12,8,2960
large_non_emergency,24.31,3.4,5.12,20,10,3.0,80,250,10,6,2300
large_non_emergency,6.95,4.77,3.08,20,10,3.0,80,250,3,4,1240
large_non_emergency,23.98,2.01,5.99,20,10,3.0,80,250,14,6,2620
large_non_emergency,21.9,2.66,5.37,20,10,3.0,80,250,10,6,2300
large_non_emergency,5.73,2.66,5.16,20,10,3.0,80,250,4,3,1070
large_non_emergency,15.06,4.61,5.06,20,10,3.0,80,250,5,4,1400
large_non_emergency,7.56,4.07,3.6,20,10,3.0,80,250,3,4,1240
large_non_emergency,12.22,4.91,4.97,20,10,3.0,80,250,4,4,1320
large_non_emergency,14.3,2.02,3.19,20,10,3.0,80,250,9,6,2220
large_non_emergency,24.43,3.3,3.28,20,10,3.0,80,250,10,9,3050
large_non_emergency,12.53,4.3,5.79,20,10,3.0,80,250,4,4,1320
large_non_emergency,14.29,4.07,4.11,20,10,3.0,80,250,5,5,1650
large_non_emergency,17.97,2.36,4.78,20,10,3.0,80,250,10,5,2050
large_non_emergency,21.97,4.95,3.88,20,10,3.0,80,250,7,7,2310
large_non_emergency,16.75,2.65,4.39,20,10,3.0,80,250,9,5,1970
large_non_emergency,21.19,4.49,3.48,20,10,3.0,80,250,7,8,2560
large_non_emergency,14.47,2.46,3.49,20,10,3.0,80,250,8,6,2140
large_non_emergency,16.32,2.86,3.31,20,10,3.0,80,250,8,7,2390
large_non_emergency,6.73,3.23,5.24,20,10,3.0,80,250,4,3,1070
large_non_emergency,14.29,4.15,3.45,20,10,3.0,80,250,5,6,1900
large_non_emergency,5.66,3.68,5.1,20,10,3.0,80,250,3,3,990
large_non_emergency,22.14,4.14,5.56,20,10,3.0,80,250,7,6,2060
large_non_emergency,8.62,2.83,5.03,20,10,3.0,80,250,5,3,1150
large_non_emergency,15.88,4.23,5.31,20,10,3.0,80,250,6,4,1480
large_non_emergency,18.12,4.26,5.35,20,10,3.0,80,250,6,5,1730
large_non_emergency,22.6,4.68,5.29,20,10,3.0,80,250,7,6,2060
large_non_emergency,8.54,3.74,4.24,20,10,3.0,80,250,4,4,1320
large_non_emergency,9.19,2.85,5.24,20,10,3.0,80,250,5,3,1150
large_non_emergency,24.95,4.22,3.8,20,10,3.0,80,250,9,8,2720
large_non_emergency,7.75,4.99,3.6,20,10,3.0,80,250,3,4,1240
large_non_emergency,13.88,3.38,3.66,20,10,3.0,80,250,6,5,1730
large_non_emergency,23.64,2.15,4.33,20,10,3.0,80,250,14,7,2870
large_non_emergency,6.86,4.89,5.63,20,10,3.0,80,250,3,3,990
large_non_emergency,17.11,4.1,3.55,20,10,3.0,80,250,7,6,2060
large_non_emergency,8.04,4.14,3.24,20,10,3.0,80,250,3,4,1240
large_non_emergency,20.1,2.31,5.72,20,10,3.0,80,250,11,5,2130
large_non_emergency,18.25,4.78,3.59,20,10,3.0,80,250,5,7,2150
large_non_emergency,6.79,3.27,4.12,20,10,3.0,80,250,4,3,1070
large_non_emergency,7.38,4.56,3.58,20,10,3.0,80,250,3,4,1240
large_non_emergency,24.9,3.36,4.19,20,10,3.0,80,250,9,8,2720
large_non_emergency,11.5,4.08,3.39,20,10,3.0,80,250,4,5,1570
large_non_emergency,7.98,4.69,3.94,20,10,3.0,80,250,3,4,1240
large_non_emergency,7.35,2.24,3.01,20,10,3.0,80,250,5,4,1400
large_non_emergency,10.18,4.48,3.82,20,10,3.0,80,250,4,4,1320
large_non_emergency,21.61,4.82,3.79,20,10,3.0,80,250,7,7,2310
large_non_emergency,11.8,2.61,4.96,20,10,3.0,80,250,6,4,1480
large_non_emergency,10.86,2.28,4.09,20,10,3.0,80,250,7,4,1560
large_non_emergency,19.46,4.56,3.28,20,10,3.0,80,250,6,8,2480
large_non_emergency,24.25,4.22,4.58,20,10,3.0,80,250,8,7,2390
large_non_emergency,11.06,3.28,5.09,20,10,3.0,80,250,5,4,1400
large_non_emergency,16.58,3.18,3.42,20,10,3.0,80,250,7,7,2310
large_non_emergency,15.25,3.01,5.05,20,10,3.0,80,250,7,5,1810
large_non_emergency,17.12,2.43,5.35,20,10,3.0,80,250,9,5,1970
large_non_emergency,24.31,4.73,3.22,20,10,3.0,80,250,8,9,2890
large_non_emergency,17.01,2.6,4.65,20,10,3.0,80,250,9,5,1970
large_non_emergency,9.84,2.67,4.26,20,10,3.0,80,250,5,4,1400
large_non_emergency,12.76,4.07,4.87,20,10,3.0,80,250,5,4,1400
large_non_emergency,21.46,4.7,3.83,20,10,3.0,80,250,7,7,2310
large_non_emergency,6.49,4.13,3.41,20,10,3.0,80,250,3,3,990
large_non_emergency,17.13,4.16,4.71,20,10,3.0,80,250,6,5,1730
large_non_emergency,22.86,2.87,5.25,20,10,3.0,80,250,10,6,2300
large_non_emergency,24.65,2.83,4.4,20,10,3.0,80,250,12,7,2710
large_non_emergency,20.03,2.54,4.24,20,10,3.0,80,250,11,6,2380
large_non_emergency,20.76,2.6,4.65,20,10,3.0,80,250,10,6,2300
large_non_emergency,15.13,3.54,4.15,20,10,3.0,80,250,6,5,1730
large_non_emergency,19.91,3.59,4.49,20,10,3.0,80,250,8,6,2140
large_non_emergency,6.76,3.12,5.62,20,10,3.0,80,250,4,3,1070
large_non_emergency,24.39,2.71,5.82,20,10,3.0,80,250,11,6,2380
large_non_emergency,11.15,2.68,3.41,20,10,3.0,80,250,6,5,1730
large_non_emergency,13.9,4.42,3.39,20,10,3.0,80,250,5,6,1900
large_non_emergency,21.15,4.51,5.98,20,10,3.0,80,250,6,5,1730
large_non_emergency,22.7,2.41,6.0,20,10,3.0,80,250,12,5,2210
large_non_emergency,19.77,2.32,4.94,20,10,3.0,80,250,11,6,2380
large_non_emergency,17.14,2.19,5.28,20,10,3.0,80,250,10,5,2050
large_non_emergency,24.21,2.13,5.35,20,10,3.0,80,250,14,6,2620
large_non_emergency,8.08,4.06,4.98,20,10,3.0,80,250,3,3,990
large_non_emergency,24.79,3.65,3.58,20,10,3.0,80,250,9,9,2970
large_non_emergency,24.97,2.14,4.8,20,10,3.0,80,250,14,7,2870
large_non_emergency,14.24,2.31,3.58,20,10,3.0,80,250,8,6,2140
large_non_emergency,6.0,2.43,4.9,20,10,3.0,80,250,4,3,1070
large_non_emergency,8.99,4.06,4.03,20,10,3.0,80,250,4,4,1320
large_non_emergency,13.04,2.45,4.61,20,10,3.0,80,250,7,4,1560
large_non_emergency,7.06,4.15,5.01,20,10,3.0,80,250,3,3,990
large_non_emergency,9.48,2.68,4.94,20,10,3.0,80,250,5,3,1150
large_non_emergency,15.83,4.67,4.01,20,10,3.0,80,250,7,5,1810
large_non_emergency,19.11,4.08,3.68,20,10,3.0,80,250,6,7,2230
large_non_emergency,15.1,5.0,5.4,20,10,3.0,80,250,5,4,1400
large_non_emergency,17.57,3.14,4.29,20,10,3.0,80,250,7,6,2060
large_non_emergency,22.19,3.56,4.61,20,10,3.0,80,250,10,6,2300
large_non_emergency,5.18,4.3,3.99,20,10,3.0,80,250,3,3,990
large_non_emergency,8.53,2.2,3.49,20,10,3.0,80,250,6,4,1480
large_non_emergency,6.44,4.74,4.23,20,10,3.0,80,250,3,3,990
large_non_emergency,12.9,2.87,3.01,20,10,3.0,80,250,6,6,1980
large_non_emergency,15.25,3.78,4.31,20,10,3.0,80,250,6,5,1730
large_non_emergency,16.42,4.41,3.12,20,10,3.0,80,250,5,7,2150
large_non_emergency,23.51,2.26,4.83,20,10,3.0,80,250,13,7,2790
large_non_emergency,18.64,4.85,5.29,20,10,3.0,80,250,6,5,1730
large_non_emergency,11.14,2.34,3.03,20,10,3.0,80,250,7,5,1810
large_non_emergency,22.87,3.96,3.63,20,10,3.0,80,250,8,8,2640
large_non_emergency,24.97,4.76,5.96,20,10,3.0,80,250,7,6,2060
large_non_emergency,19.19,3.23,4.19,20,10,3.0,80,250,8,6,2140
large_non_emergency,18.51,3.11,5.03,20,10,3.0,80,250,8,5,1890
large_non_emergency,24.6,2.09,4.93,20,10,3.0,80,250,14,7,2870
large_non_emergency,6.78,2.27,4.14,20,10,3.0,80,250,5,3,1150
large_non_emergency,24.94,2.44,3.3,20,10,3.0,80,250,16,9,3530
large_non_emergency,24.81,2.35,5.96,20,10,3.0,80,250,13,6,2540
large_non_emergency,12.93,3.61,3.64,20,10,3.0,80,250,5,5,1650
large_non_emergency,22.97,3.85,3.61,20,10,3.0,80,250,8,8,2640
large_non_emergency,12.1,2.81,4.2,20,10,3.0,80,250,6,4,1480
large_non_emergency,17.94,3.06,4.22,20,10,3.0,80,250,8,6,2140
large_non_emergency,18.91,2.89,5.81,20,10,3.0,80,250,8,5,1890
large_non_emergency,12.91,3.04,4.45,20,10,3.0,80,250,6,4,1480
large_non_emergency,24.65,2.27,3.68,20,10,3.0,80,250,13,9,3290
large_non_emergency,16.22,2.0,5.22,20,10,3.0,80,250,10,5,2050
large_non_emergency,8.68,3.28,5.33,20,10,3.0,80,250,4,3,1070
large_non_emergency,16.93,3.28,5.41,20,10,3.0,80,250,7,5,1810
large_non_emergency,15.71,4.16,5.44,20,10,3.0,80,250,6,4,1480
large_non_emergency,12.71,3.77,3.35,20,10,3.0,80,250,5,5,1650
large_non_emergency,5.43,3.08,5.65,20,10,3.0,80,250,3,2,740
large_non_emergency,5.19,3.62,4.85,20,10,3.0,80,250,3,3,990
large_non_emergency,7.35,2.96,3.34,20,10,3.0,80,250,4,4,1320
large_non_emergency,24.66,3.25,4.34,20,10,3.0,80,250,11,7,2630
large_non_emergency,8.48,2.57,3.41,20,10,3.0,80,250,5,4,1400
large_non_emergency,21.34,4.74,3.74,20,10,3.0,80,250,7,7,2310
large_non_emergency,18.6,2.97,3.68,20,10,3.0,80,250,8,7,2390
large_non_emergency,10.73,3.29,4.3,20,10,3.0,80,250,5,4,1400
large_non_emergency,8.84,4.27,5.98,20,10,3.0,80,250,4,3,1070
large_non_emergency,9.21,3.81,5.34,20,10,3.0,80,250,4,3,1070
large_non_emergency,10.22,4.86,5.2,20,10,3.0,80,250,4,3,1070
large_non_emergency,24.63,2.3,5.0,20,10,3.0,80,250,13,7,2790
large_non_emergency,22.13,2.02,3.14,20,10,3.0,80,250,14,9,3370
large_non_emergency,15.95,2.44,5.84,20,10,3.0,80,250,9,4,1720
large_non_emergency,12.46,3.83,3.73,20,10,3.0,80,250,5,5,1650
large_non_emergency,11.94,3.89,4.91,20,10,3.0,80,250,5,4,1400
large_non_emergency,17.22,2.99,3.32,20,10,3.0,80,250,8,7,2390
large_non_emergency,9.83,3.13,3.93,20,10,3.0,80,250,5,4,1400
large_non_emergency,14.9,2.49,5.71,20,10,3.0,80,250,8,4,1640
large_non_emergency,19.58,2.12,3.5,20,10,3.0,80,250,12,7,2710
large_non_emergency,20.18,2.77,3.87,20,10,3.0,80,250,9,7,2470
large_non_emergency,17.2,3.16,4.82,20,10,3.0,80,250,7,5,1810
large_non_emergency,10.6,2.51,4.37,20,10,3.0,80,250,6,4,1480
large_non_emergency,19.92,3.54,3.33,20,10,3.0,80,250,8,8,2640
large_non_emergency,9.61,2.21,5.78,20,10,3.0,80,250,6,3,1230
large_non_emergency,19.56,2.4,4.88,20,10,3.0,80,250,10,6,2300
large_non_emergency,21.69,3.63,4.05,20,10,3.0,80,250,8,7,2390
large_non_emergency,21.25,2.92,5.95,20,10,3.0,80,250,9,5,1970
large_non_emergency,7.11,4.05,4.66,20,10,3.0,80,250,3,3,990
large_non_emergency,23.71,4.21,5.27,20,10,3.0,80,250,8,6,2140
large_non_emergency,16.56,2.72,4.16,20,10,3.0,80,250,8,6,2140
large_non_emergency,20.73,2.7,4.42,20,10,3.0,80,250,10,6,2300
large_non_emergency,8.29,3.29,3.64,20,10,3.0,80,250,4,4,1320
large_non_emergency,6.98,4.67,4.09,20,10,3.0,80,250,3,3,990
large_non_emergency,22.4,2.73,3.88,20,10,3.0,80,250,10,8,2800
large_non_emergency,24.88,3.2,3.68,20,10,3.0,80,250,10,9,3050
large_non_emergency,23.13,3.92,3.86,20,10,3.0,80,250,8,8,2640
large_non_emergency,12.89,3.48,4.42,20,10,3.0,80,250,6,4,1480
large_non_emergency,20.15,4.73,3.22,20,10,3.0,80,250,6,8,2480
large_non_emergency,24.45,4.72,4.92,20,10,3.0,80,250,7,7,2310
large_non_emergency,5.51,2.65,5.51,20,10,3.0,80,250,4,2,820
large_non_emergency,20.91,2.18,3.96,20,10,3.0,80,250,12,7,2710
large_non_emergency,8.17,2.96,5.04,20,10,3.0,80,250,4,3,1070
large_non_emergency,18.46,3.49,3.6,20,10,3.0,80,250,7,7,2310
large_non_emergency,14.69,4.01,4.83,20,10,3.0,80,250,5,5,1650
large_non_emergency,23.26,3.58,5.62,20,10,3.0,80,250,8,6,2140
large_non_emergency,20.46,2.48,5.58,20,10,3.0,80,250,11,5,2130
large_non_emergency,9.13,4.19,4.4,20,10,3.0,80,250,4,4,1320
large_non_emergency,21.45,3.97,4.98,20,10,3.0,80,250,7,6,2060
large_non_emergency,13.25,2.09,3.16,20,10,3.0,80,250,8,6,2140
large_non_emergency,23.73,2.14,4.95,20,10,3.0,80,250,15,6,2700
large_non_emergency,23.09,2.94,4.42,20,10,3.0,80,250,10,7,2550
large_non_emergency,13.42,2.53,4.8,20,10,3.0,80,250,7,4,1560
large_non_emergency,9.61,4.15,4.55,20,10,3.0,80,250,4,4,1320
large_non_emergency,23.31,3.14,4.12,20,10,3.0,80,250,10,7,2550
large_non_emergency,21.07,4.51,5.14,20,10,3.0,80,250,6,6,1980
large_non_emergency,14.15,4.21,5.29,20,10,3.0,80,250,5,4,1400
large_non_emergency,11.71,2.71,5.02,20,10,3.0,80,250,6,4,1480
large_non_emergency,20.0,4.73,3.62,20,10,3.0,80,250,6,7,2230
large_non_emergency,8.68,4.33,5.96,20,10,3.0,80,250,4,3,1070
large_non_emergency,16.96,2.61,5.8,20,10,3.0,80,250,9,4,1720
large_non_emergency,9.2,2.91,3.44,20,10,3.0,80,250,5,4,1400
large_non_emergency,21.92,2.67,3.94,20,10,3.0,80,250,11,7,2630
large_non_emergency,15.21,4.52,5.58,20,10,3.0,80,250,5,4,1400
large_non_emergency,11.61,2.66,4.66,20,10,3.0,80,250,6,4,1480
large_non_emergency,6.49,2.27,3.85,20,10,3.0,80,250,4,3,1070
large_non_emergency,21.8,2.14,3.45,20,10,3.0,80,250,13,8,3040
large_non_emergency,14.26,4.32,4.85,20,10,3.0,80,250,5,4,1400
large_non_emergency,17.48,3.05,4.06,20,10,3.0,80,250,8,6,2140
large_non_emergency,24.54,2.12,3.58,20,10,3.0,80,250,14,9,3370
large_non_emergency,15.98,2.8,3.74,20,10,3.0,80,250,8,6,2140
large_non_emergency,22.1,3.31,5.89,20,10,3.0,80,250,9,5,1970
large_non_emergency,23.94,3.31,3.79,20,10,3.0,80,250,10,8,2800
large_non_emergency,20.14,2.54,3.79,20,10,3.0,80,250,10,7,2550
large_non_emergency,8.37,3.84,3.12,20,10,3.0,80,250,4,4,1320
large_non_emergency,22.68,3.58,3.45,20,10,3.0,80,250,9,8,2720
large_non_emergency,16.39,2.1,5.62,20,10,3.0,80,250,11,4,1880
large_non_emergency,13.72,4.87,4.65,20,10,3.0,80,250,5,4,1400
large_non_emergency,19.65,4.08,4.83,20,10,3.0,80,250,7,6,2060
large_non_emergency,13.15,2.24,4.87,20,10,3.0,80,250,8,4,1640
large_non_emergency,9.27,2.67,5.67,20,10,3.0,80,250,5,3,1150
large_non_emergency,16.43,2.99,4.9,20,10,3.0,80,250,7,5,1810
large_non_emergency,7.5,3.11,4.6,20,10,3.0,80,250,4,3,1070
large_non_emergency,15.8,3.38,5.77,20,10,3.0,80,250,7,4,1560
large_non_emergency,10.8,2.12,4.06,20,10,3.0,80,250,7,4,1560
large_non_emergency,15.31,4.44,5.57,20,10,3.0,80,250,5,4,1400
large_non_emergency,23.14,2.04,3.07,20,10,3.0,80,250,14,10,3620
large_non_emergency,13.04,3.29,5.16,20,10,3.0,80,250,6,4,1480
large_non_emergency,6.91,3.0,3.75,20,10,3.0,80,250,4,3,1070
large_non_emergency,15.75,3.82,3.57,20,10,3.0,80,250,6,6,1980
large_non_emergency,10.46,3.09,4.52,20,10,3.0,80,250,5,4,1400
large_non_emergency,16.18,4.69,5.69,20,10,3.0,80,250,5,4,1400
large_non_emergency,9.88,2.06,4.93,20,10,3.0,80,250,6,4,1480
large_non_emergency,11.4,2.21,4.31,20,10,3.0,80,250,7,4,1560
large_non_emergency,21.86,4.92,3.74,20,10,3.0,80,250,6,8,2480
large_non_emergency,19.47,3.62,4.7,20,10,3.0,80,250,7,6,2060
large_non_emergency,16.1,3.19,3.9,20,10,3.0,80,250,7,6,2060
large_non_emergency,14.48,2.63,5.74,20,10,3.0,80,250,7,4,1560
large_non_emergency,17.4,4.72,5.0,20,10,3.0,80,250,5,5,1650
large_non_emergency,5.07,2.67,4.51,20,10,3.0,80,250,3,3,990
large_non_emergency,5.15,2.72,4.5,20,10,3.0,80,250,3,3,990
large_non_emergency,9.34,3.59,4.36,20,10,3.0,80,250,4,4,1320
large_non_emergency,7.22,4.68,3.9,20,10,3.0,80,250,3,3,990
large_non_emergency,6.16,4.89,5.0,20,10,3.0,80,250,3,3,990
large_non_emergency,19.41,2.61,5.65,20,10,3.0,80,250,10,5,2050
large_non_emergency,20.71,4.9,5.0,20,10,3.0,80,250,6,6,1980
large_non_emergency,21.12,3.79,5.75,20,10,3.0,80,250,8,5,1890
large_non_emergency,11.84,3.3,5.63,20,10,3.0,80,250,5,4,1400
large_non_emergency,23.39,3.44,4.09,20,10,3.0,80,250,10,7,2550
large_non_emergency,6.44,3.2,3.73,20,10,3.0,80,250,4,3,1070
large_non_emergency,19.87,3.85,4.6,20,10,3.0,80,250,7,6,2060
large_non_emergency,13.77,4.57,5.02,20,10,3.0,80,250,5,4,1400
large_non_emergency,16.82,4.89,3.03,20,10,3.0,80,250,5,7,2150
large_non_emergency,22.55,4.31,5.71,20,10,3.0,80,250,9,5,1970
large_non_emergency,5.53,2.52,3.1,20,10,3.0,80,250,4,3,1070
large_non_emergency,10.07,3.91,5.43,20,10,3.0,80,250,4,3,1070
large_non_emergency,22.02,2.69,4.11,20,10,3.0,80,250,11,7,2630
large_non_emergency,7.64,4.72,4.13,20,10,3.0,80,250,3,3,990
large_non_emergency,8.62,3.58,4.3,20,10,3.0,80,250,4,4,1320
large_non_emergency,24.22,3.42,3.77,20,10,3.0,80,250,10,8,2800
large_non_emergency,20.91,4.77,4.6,20,10,3.0,80,250,6,6,1980
large_non_emergency,16.7,3.6,4.73,20,10,3.0,80,250,6,5,1730
large_non_emergency,7.3,3.39,3.27,20,10,3.0,80,250,4,4,1320
large_non_emergency,24.2,2.25,4.91,20,10,3.0,80,250,13,7,2790
large_non_emergency,20.27,4.2,5.4,20,10,3.0,80,250,7,5,1810
large_non_emergency,12.7,3.47,4.78,20,10,3.0,80,250,5,4,1400
large_non_emergency,23.28,4.42,3.94,20,10,3.0,80,250,7,8,2560
large_non_emergency,22.89,3.26,3.93,20,10,3.0,80,250,9,8,2720
large_non_emergency,16.49,2.73,4.65,20,10,3.0,80,250,8,5,1890
large_non_emergency,14.65,2.16,3.07,20,10,3.0,80,250,11,6,2380
large_non_emergency,24.35,4.61,3.02,20,10,3.0,80,250,7,10,3060
large_non_emergency,19.74,4.35,4.58,20,10,3.0,80,250,6,6,1980
large_non_emergency,9.07,4.42,3.69,20,10,3.0,80,250,4,4,1320
large_non_emergency,21.13,4.16,4.06,20,10,3.0,80,250,7,7,2310
large_non_emergency,6.86,2.79,4.56,20,10,3.0,80,250,4,3,1070
large_non_emergency,14.92,3.78,5.51,20,10,3.0,80,250,6,4,1480
large_non_emergency,18.85,4.42,5.05,20,10,3.0,80,250,6,5,1730
large_non_emergency,5.46,2.66,5.12,20,10,3.0,80,250,4,3,1070
large_non_emergency,13.68,2.01,3.72,20,10,3.0,80,250,9,5,1970
large_non_emergency,14.33,4.54,3.25,20,10,3.0,80,250,5,6,1900
large_non_emergency,15.84,2.62,4.42,20,10,3.0,80,250,8,5,1890
large_non_emergency,9.55,3.55,5.79,20,10,3.0,80,250,4,3,1070
large_non_emergency,15.1,4.66,3.6,20,10,3.0,80,250,5,6,1900
large_non_emergency,13.45,4.07,5.48,20,10,3.0,80,250,5,4,1400
large_non_emergency,18.36,2.21,4.22,20,10,3.0,80,250,11,6,2380
large_non_emergency,10.05,2.25,4.59,20,10,3.0,80,250,6,4,1480
large_non_emergency,15.79,3.54,3.3,20,10,3.0,80,250,7,6,2060
large_non_emergency,14.67,3.84,4.32,20,10,3.0,80,250,5,5,1650
large_non_emergency,24.05,2.72,4.01,20,10,3.0,80,250,11,8,2880
large_non_emergency,17.67,2.05,3.84,20,10,3.0,80,250,11,6,2380
large_non_emergency,23.19,3.47,4.7,20,10,3.0,80,250,9,7,2470
large_non_emergency,23.86,2.29,5.41,20,10,3.0,80,250,13,6,2540
large_non_emergency,19.64,4.51,3.83,20,10,3.0,80,250,6,7,2230
large_non_emergency,14.39,4.53,4.92,20,10,3.0,80,250,5,4,1400
large_non_emergency,8.57,4.51,4.65,20,10,3.0,80,250,3,3,990
large_non_emergency,7.29,3.23,5.12,20,10,3.0,80,250,4,3,1070
large_non_emergency,18.98,4.09,5.17,20,10,3.0,80,250,7,5,1810
large_non_emergency,9.97,4.62,3.39,20,10,3.0,80,250,4,4,1320
large_non_emergency,13.49,4.54,4.51,20,10,3.0,80,250,5,4,1400
large_non_emergency,12.04,4.32,5.89,20,10,3.0,80,250,4,4,1320
large_non_emergency,22.7,3.17,3.38,20,10,3.0,80,250,9,9,2970
large_non_emergency,13.45,4.28,3.05,20,10,3.0,80,250,5,6,1900
large_non_emergency,19.24,3.9,3.68,20,10,3.0,80,250,7,7,2310
large_non_emergency,13.1,2.07,4.73,20,10,3.0,80,250,9,4,1720
large_non_emergency,19.51,3.71,5.21,20,10,3.0,80,250,7,5,1810
large_non_emergency,12.79,3.06,3.0,20,10,3.0,80,250,6,6,1980
large_non_emergency,6.65,3.69,3.58,20,10,3.0,80,250,3,3,990
large_non_emergency,17.76,2.57,3.7,20,10,3.0,80,250,11,6,2380
large_non_emergency,8.19,4.61,5.05,20,10,3.0,80,250,3,3,990
large_non_emergency,24.26,4.16,4.16,20,10,3.0,80,250,8,8,2640
large_non_emergency,9.8,3.19,3.96,20,10,3.0,80,250,5,4,1400
large_non_emergency,7.96,4.74,4.97,20,10,3.0,80,250,3,3,990
large_non_emergency,18.36,2.56,4.89,20,10,3.0,80,250,10,5,2050
large_non_emergency,21.19,4.09,3.39,20,10,3.0,80,250,7,8,2560
large_non_emergency,18.67,4.99,5.21,20,10,3.0,80,250,5,5,1650
large_non_emergency,22.06,4.59,3.4,20,10,3.0,80,250,7,8,2560
large_non_emergency,12.24,2.81,3.55,20,10,3.0,80,250,6,5,1730
large_non_emergency,20.94,3.05,5.99,20,10,3.0,80,250,9,5,1970
large_non_emergency,6.51,3.23,3.62,20,10,3.0,80,250,4,3,1070
large_non_emergency,11.12,2.69,3.74,20,10,3.0,80,250,7,4,1560
large_non_emergency,12.57,4.57,5.17,20,10,3.0,80,250,4,4,1320
large_non_emergency,13.2,2.72,3.35,20,10,3.0,80,250,7,6,2060
large_non_emergency,9.82,2.5,3.47,20,10,3.0,80,250,6,4,1480
large_non_emergency,12.11,3.63,3.25,20,10,3.0,80,250,5,5,1650
large_non_emergency,18.04,2.06,3.88,20,10,3.0,80,250,12,6,2460
large_non_emergency,7.84,2.47,5.73,20,10,3.0,80,250,5,3,1150
large_non_emergency,18.76,4.24,5.59,20,10,3.0,80,250,6,5,1730
large_non_emergency,19.23,2.09,5.59,20,10,3.0,80,250,11,5,2130
large_non_emergency,24.54,3.63,5.71,20,10,3.0,80,250,9,6,2220
large_non_emergency,10.76,4.44,4.18,20,10,3.0,80,250,4,4,1320
large_non_emergency,12.26,4.42,3.03,20,10,3.0,80,250,4,6,1820
large_non_emergency,22.57,4.09,5.56,20,10,3.0,80,250,7,6,2060
large_non_emergency,15.67,3.36,4.6,20,10,3.0,80,250,6,5,1730
large_non_emergency,8.46,2.92,4.99,20,10,3.0,80,250,4,3,1070
large_non_emergency,19.19,2.69,3.71,20,10,3.0,80,250,9,7,2470
large_non_emergency,17.93,3.47,3.34,20,10,3.0,80,250,7,7,2310
large_non_emergency,9.51,2.54,5.04,20,10,3.0,80,250,6,3,1230
large_non_emergency,14.97,4.01,4.63,20,10,3.0,80,250,5,5,1650
large_non_emergency,24.24,4.14,4.63,20,10,3.0,80,250,8,7,2390
large_non_emergency,20.27,3.68,4.75,20,10,3.0,80,250,7,6,2060
large_non_emergency,20.15,4.29,3.72,20,10,3.0,80,250,7,7,2310
large_non_emergency,10.5,3.28,5.55,20,10,3.0,80,250,5,3,1150
large_non_emergency,13.72,3.05,5.54,20,10,3.0,80,250,6,4,1480
large_non_emergency,11.67,2.33,5.62,20,10,3.0,80,250,7,4,1560
large_non_emergency,20.46,3.94,4.45,20,10,3.0,80,250,7,6,2060
large_non_emergency,19.37,2.57,5.71,20,10,3.0,80,250,10,5,2050
large_non_emergency,13.17,2.21,4.98,20,10,3.0,80,250,8,4,1640
large_non_emergency,5.02,2.2,4.63,20,10,3.0,80,250,4,3,1070
large_non_emergency,16.74,2.32,4.65,20,10,3.0,80,250,9,5,1970
large_non_emergency,9.84,2.62,3.41,20,10,3.0,80,250,6,4,1480
large_non_emergency,12.72,3.39,3.09,20,10,3.0,80,250,5,6,1900
large_non_emergency,8.02,2.67,5.91,20,10,3.0,80,250,5,3,1150
large_non_emergency,24.91,3.79,3.08,20,10,3.0,80,250,9,10,3220
large_non_emergency,21.54,4.22,4.11,20,10,3.0,80,250,7,7,2310
large_non_emergency,17.58,4.08,5.35,20,10,3.0,80,250,6,5,1730
large_non_emergency,7.85,2.12,4.95,20,10,3.0,80,250,5,3,1150
large_non_emergency,15.49,3.12,5.83,20,10,3.0,80,250,7,4,1560
large_non_emergency,13.14,4.62,4.77,20,10,3.0,80,250,4,4,1320
large_non_emergency,19.59,4.99,3.53,20,10,3.0,80,250,6,7,2230
large_non_emergency,16.85,3.62,5.52,20,10,3.0,80,250,6,5,1730
large_non_emergency,6.29,2.56,4.03,20,10,3.0,80,250,4,3,1070
large_non_emergency,11.42,3.26,5.99,20,10,3.0,80,250,5,3,1150
large_non_emergency,9.11,2.74,5.64,20,10,3.0,80,250,5,3,1150
large_non_emergency,13.12,2.96,3.17,20,10,3.0,80,250,6,6,1980
large_non_emergency,15.75,4.73,5.81,20,10,3.0,80,250,5,4,1400
large_non_emergency,15.67,4.43,4.73,20,10,3.0,80,250,5,5,1650
large_non_emergency,16.3,4.43,3.61,20,10,3.0,80,250,5,6,1900
large_non_emergency,24.1,3.66,3.71,20,10,3.0,80,250,9,8,2720
large_non_emergency,13.27,3.0,3.49,20,10,3.0,80,250,7,5,1810
large_non_emergency,17.25,2.15,5.0,20,10,3.0,80,250,10,5,2050
large_non_emergency,8.04,2.75,4.7,20,10,3.0,80,250,4,3,1070
large_non_emergency,19.42,2.97,3.87,20,10,3.0,80,250,9,7,2470
large_non_emergency,15.59,4.33,3.16,20,10,3.0,80,250,5,7,2150
large_non_emergency,20.82,4.58,3.86,20,10,3.0,80,250,6,7,2230
large_non_emergency,12.66,2.09,3.95,20,10,3.0,80,250,8,5,1890
large_non_emergency,6.66,4.97,3.23,20,10,3.0,80,250,3,4,1240
large_non_emergency,8.06,3.83,4.81,20,10,3.0,80,250,4,3,1070
large_non_emergency,11.1,4.49,3.95,20,10,3.0,80,250,4,4,1320
large_non_emergency,9.24,4.73,4.73,20,10,3.0,80,250,3,3,990
large_non_emergency,7.39,3.81,4.27,20,10,3.0,80,250,3,3,990
large_non_emergency,5.82,2.24,3.4,20,10,3.0,80,250,4,3,1070
large_non_emergency,19.89,4.75,4.14,20,10,3.0,80,250,7,6,2060
large_non_emergency,12.87,4.21,5.85,20,10,3.0,80,250,5,4,1400
large_non_emergency,19.36,4.29,3.83,20,10,3.0,80,250,6,7,2230
large_non_emergency,19.22,2.37,5.45,20,10,3.0,80,250,10,5,2050
large_non_emergency,6.68,2.43,3.71,20,10,3.0,80,250,4,3,1070
large_non_emergency,24.71,3.79,5.94,20,10,3.0,80,250,8,6,2140
large_non_emergency,17.48,2.85,3.05,20,10,3.0,80,250,10,7,2550
large_non_emergency,23.53,4.14,4.08,20,10,3.0,80,250,11,7,2630
large_non_emergency,20.58,4.28,3.59,20,10,3.0,80,250,8,7,2390
large_non_emergency,8.66,3.83,5.71,20,10,3.0,80,250,4,3,1070
large_non_emergency,23.15,2.26,4.26,20,10,3.0,80,250,13,7,2790
large_non_emergency,12.81,2.21,3.4,20,10,3.0,80,250,8,5,1890
large_non_emergency,15.35,4.9,4.15,20,10,3.0,80,250,5,5,1650
large_non_emergency,13.24,4.66,5.29,20,10,3.0,80,250,4,4,1320
large_non_emergency,9.49,3.69,3.22,20,10,3.0,80,250,5,4,1400
large_non_emergency,18.8,3.08,5.8,20,10,3.0,80,250,8,5,1890
large_non_emergency,23.74,3.86,3.93,20,10,3.0,80,250,8,8,2640
large_non_emergency,17.83,2.55,4.65,20,10,3.0,80,250,10,5,2050
large_non_emergency,24.27,4.17,3.15,20,10,3.0,80,250,8,10,3140
large_non_emergency,12.08,2.11,3.01,20,10,3.0,80,250,8,6,2140
large_non_emergency,19.31,2.56,5.82,20,10,3.0,80,250,10,5,2050
large_non_emergency,5.97,3.47,5.22,20,10,3.0,80,250,3,3,990
large_non_emergency,9.78,3.47,3.4,20,10,3.0,80,250,5,4,1400
large_non_emergency,5.55,3.2,5.48,20,10,3.0,80,250,3,3,990
large_non_emergency,16.18,4.24,4.41,20,10,3.0,80,250,6,5,1730
large_non_emergency,9.48,2.98,3.27,20,10,3.0,80,250,5,4,1400
large_non_emergency,5.74,3.72,3.36,20,10,3.0,80,250,3,3,990
large_non_emergency,22.32,3.49,3.73,20,10,3.0,80,250,8,8,2640
large_non_emergency,19.35,2.5,4.74,20,10,3.0,80,250,10,6,2300
large_non_emergency,7.45,4.35,3.46,20,10,3.0,80,250,3,4,1240
large_non_emergency,15.02,4.13,5.65,20,10,3.0,80,250,5,4,1400
large_non_emergency,5.13,2.36,5.32,20,10,3.0,80,250,4,2,820
large_non_emergency,24.01,4.83,5.25,20,10,3.0,80,250,7,6,2060
large_non_emergency,5.65,4.61,5.4,20,10,3.0,80,250,3,3,990
large_non_emergency,21.45,2.98,5.66,20,10,3.0,80,250,10,5,2050
large_non_emergency,15.55,4.34,3.65,20,10,3.0,80,250,5,6,1900
large_non_emergency,16.33,4.79,3.24,20,10,3.0,80,250,5,7,2150
large_non_emergency,5.21,4.79,5.14,20,10,3.0,80,250,3,3,990
large_non_emergency,8.56,4.69,4.41,20,10,3.0,80,250,3,3,990
large_non_emergency,7.68,4.66,5.21,20,10,3.0,80,250,3,3,990
large_non_emergency,11.32,2.51,4.45,20,10,3.0,80,250,6,4,1480
large_non_emergency,23.61,3.94,3.56,20,10,3.0,80,250,10,8,2800
large_non_emergency,23.49,4.2,3.4,20,10,3.0,80,250,7,9,2810
large_non_emergency,14.91,4.25,5.41,20,10,3.0,80,250,5,4,1400
large_non_emergency,8.66,4.86,5.23,20,10,3.0,80,250,3,3,990
large_non_emergency,24.12,4.64,3.4,20,10,3.0,80,250,7,9,2810
large_non_emergency,21.55,4.04,4.88,20,10,3.0,80,250,7,6,2060
large_non_emergency,10.57,2.44,5.41,20,10,3.0,80,250,6,3,1230
large_non_emergency,6.98,3.92,3.71,20,10,3.0,80,250,3,3,990
large_non_emergency,11.81,3.85,4.83,20,10,3.0,80,250,5,4,1400
large_non_emergency,15.2,2.1,3.11,20,10,3.0,80,250,9,7,2470
large_non_emergency,10.54,2.72,5.48,20,10,3.0,80,250,6,3,1230
large_non_emergency,11.13,4.83,4.1,20,10,3.0,80,250,4,4,1320
large_non_emergency,17.5,2.55,4.37,20,10,3.0,80,250,9,6,2220
large_non_emergency,10.91,2.46,3.46,20,10,3.0,80,250,6,5,1730
large_non_emergency,15.58,3.6,4.67,20,10,3.0,80,250,6,5,1730
large_non_emergency,14.81,3.82,5.25,20,10,3.0,80,250,6,4,1480
large_non_emergency,23.86,4.06,3.41,20,10,3.0,80,250,8,9,2890
large_non_emergency,24.11,3.2,3.09,20,10,3.0,80,250,10,10,3300
large_non_emergency,18.85,4.34,3.52,20,10,3.0,80,250,6,7,2230
large_non_emergency,10.58,3.59,3.89,20,10,3.0,80,250,5,4,1400
large_non_emergency,21.72,4.74,5.48,20,10,3.0,80,250,8,5,1890
large_non_emergency,10.1,3.74,5.63,20,10,3.0,80,250,4,3,1070
large_non_emergency,23.56,3.14,3.86,20,10,3.0,80,250,10,8,2800
large_non_emergency,8.16,2.15,5.05,20,10,3.0,80,250,5,3,1150
large_non_emergency,13.35,4.54,4.63,20,10,3.0,80,250,5,4,1400
large_non_emergency,11.81,2.44,4.93,20,10,3.0,80,250,7,4,1560
large_non_emergency,24.67,2.75,3.54,20,10,3.0,80,250,11,9,3130
large_non_emergency,5.96,4.93,3.64,20,10,3.0,80,250,3,3,990
large_non_emergency,20.99,2.98,4.37,20,10,3.0,80,250,11,6,2380
large_non_emergency,6.62,2.56,5.93,20,10,3.0,80,250,4,3,1070
large_non_emergency,18.99,4.99,4.98,20,10,3.0,80,250,6,5,1730
large_non_emergency,6.87,3.36,3.97,20,10,3.0,80,250,4,3,1070
large_non_emergency,6.63,3.77,4.87,20,10,3.0,80,250,3,3,990
large_non_emergency,19.05,4.16,3.14,20,10,3.0,80,250,6,8,2480
large_non_emergency,5.56,2.61,3.15,20,10,3.0,80,250,4,3,1070
large_non_emergency,14.25,2.18,4.09,20,10,3.0,80,250,9,5,1970
large_non_emergency,14.6,4.77,5.22,20,10,3.0,80,250,5,4,1400
large_non_emergency,17.13,4.02,3.03,20,10,3.0,80,250,7,7,2310
large_non_emergency,22.06,4.17,5.98,20,10,3.0,80,250,7,5,1810
large_non_emergency,6.65,4.23,4.83,20,10,3.0,80,250,3,3,990
large_non_emergency,13.04,3.82,5.29,20,10,3.0,80,250,5,4,1400
large_non_emergency,20.88,2.32,3.3,20,10,3.0,80,250,12,8,2960
large_non_emergency,10.51,2.55,4.02,20,10,3.0,80,250,6,4,1480
large_non_emergency,12.08,2.32,5.8,20,10,3.0,80,250,7,4,1560
large_non_emergency,18.05,3.45,3.87,20,10,3.0,80,250,8,6,2140
large_non_emergency,13.44,2.6,5.18,20,10,3.0,80,250,7,4,1560
large_non_emergency,13.32,2.87,5.34,20,10,3.0,80,250,6,4,1480
large_non_emergency,6.61,4.74,5.49,20,10,3.0,80,250,3,3,990
large_non_emergency,12.27,4.94,3.94,20,10,3.0,80,250,4,5,1570
large_non_emergency,16.24,4.7,4.4,20,10,3.0,80,250,5,5,1650
large_non_emergency,5.79,3.66,3.79,20,10,3.0,80,250,3,3,990
large_non_emergency,6.25,2.24,5.98,20,10,3.0,80,250,4,3,1070
large_non_emergency,24.49,4.86,5.68,20,10,3.0,80,250,7,6,2060
large_non_emergency,9.26,2.07,3.57,20,10,3.0,80,250,6,4,1480
large_non_emergency,5.81,4.62,4.8,20,10,3.0,80,250,3,3,990
large_non_emergency,5.67,3.72,3.9,20,10,3.0,80,250,3,3,990
large_non_emergency,12.1,4.42,3.49,20,10,3.0,80,250,4,5,1570
large_non_emergency,24.71,3.03,5.73,20,10,3.0,80,250,10,6,2300
large_non_emergency,10.82,4.7,5.15,20,10,3.0,80,250,4,4,1320
large_non_emergency,21.56,3.03,4.19,20,10,3.0,80,250,9,7,2470
large_non_emergency,8.67,4.61,3.14,20,10,3.0,80,250,3,4,1240
large_non_emergency,8.52,2.03,5.42,20,10,3.0,80,250,6,3,1230
large_non_emergency,5.03,2.08,5.76,20,10,3.0,80,250,4,2,820
large_non_emergency,23.82,3.91,6.0,20,10,3.0,80,250,8,6,2140
large_non_emergency,16.53,2.39,5.67,20,10,3.0,80,250,9,4,1720
large_non_emergency,18.91,4.41,5.05,20,10,3.0,80,250,6,5,1730
large_non_emergency,16.72,2.67,4.36,20,10,3.0,80,250,9,5,1970
large_non_emergency,14.02,4.2,4.98,20,10,3.0,80,250,5,4,1400
large_non_emergency,8.25,2.29,3.28,20,10,3.0,80,250,5,4,1400
large_non_emergency,9.37,4.15,5.65,20,10,3.0,80,250,4,3,1070
large_non_emergency,24.82,3.26,3.49,20,10,3.0,80,250,10,9,3050
large_non_emergency,19.98,2.46,3.45,20,10,3.0,80,250,10,8,2800
large_non_emergency,6.07,4.92,5.31,20,10,3.0,80,250,3,3,990
large_non_emergency,23.69,3.79,4.05,20,10,3.0,80,250,8,8,2640
large_non_emergency,7.87,2.59,4.63,20,10,3.0,80,250,5,3,1150
large_non_emergency,12.53,3.07,4.38,20,10,3.0,80,250,6,4,1480
large_non_emergency,10.17,3.75,5.29,20,10,3.0,80,250,4,3,1070
large_non_emergency,24.43,2.81,5.97,20,10,3.0,80,250,11,6,2380
large_non_emergency,7.35,2.69,5.96,20,10,3.0,80,250,4,3,1070
large_non_emergency,14.22,4.32,3.49,20,10,3.0,80,250,5,6,1900
large_non_emergency,11.21,4.37,3.02,20,10,3.0,80,250,4,5,1570
large_non_emergency,9.91,3.63,4.44,20,10,3.0,80,250,4,4,1320
large_non_emergency,10.77,2.95,3.82,20,10,3.0,80,250,6,4,1480
large_non_emergency,7.94,2.11,5.0,20,10,3.0,80,250,5,3,1150
large_non_emergency,11.51,4.72,3.5,20,10,3.0,80,250,4,5,1570
large_non_emergency,7.6,3.92,5.53,20,10,3.0,80,250,3,3,990
large_non_emergency,14.84,4.42,4.03,20,10,3.0,80,250,5,5,1650
large_non_emergency,23.54,2.37,5.5,20,10,3.0,80,250,12,6,2460
large_non_emergency,9.63,3.45,3.03,20,10,3.0,80,250,4,5,1570
large_non_emergency,14.53,3.08,5.34,20,10,3.0,80,250,7,4,1560
large_non_emergency,6.75,2.56,4.9,20,10,3.0,80,250,4,3,1070
large_non_emergency,23.81,4.9,3.05,20,10,3.0,80,250,7,10,3060
large_non_emergency,7.27,2.76,5.93,20,10,3.0,80,250,4,3,1070
large_non_emergency,19.75,3.31,4.99,20,10,3.0,80,250,8,6,2140
large_non_emergency,9.54,3.84,3.23,20,10,3.0,80,250,4,4,1320
large_non_emergency,16.32,2.11,3.62,20,10,3.0,80,250,10,6,2300
large_non_emergency,20.37,3.9,3.75,20,10,3.0,80,250,7,7,2310
large_non_emergency,17.73,2.32,3.31,20,10,3.0,80,250,10,7,2550
large_non_emergency,9.51,3.58,5.56,20,10,3.0,80,250,4,3,1070
large_non_emergency,16.0,2.67,5.88,20,10,3.0,80,250,8,4,1640
large_non_emergency,13.72,3.9,5.99,20,10,3.0,80,250,5,4,1400
large_non_emergency,19.47,3.91,3.56,20,10,3.0,80,250,7,7,2310
large_non_emergency,17.18,2.51,5.49,20,10,3.0,80,250,9,5,1970
large_non_emergency,9.22,3.34,3.16,20,10,3.0,80,250,5,4,1400
large_non_emergency,20.12,3.17,5.7,20,10,3.0,80,250,8,5,1890
large_non_emergency,14.08,4.84,4.04,20,10,3.0,80,250,4,5,1570
large_non_emergency,22.9,2.44,5.76,20,10,3.0,80,250,12,6,2460
large_non_emergency,23.61,2.36,5.65,20,10,3.0,80,250,12,6,2460
large_non_emergency,16.94,3.08,5.83,20,10,3.0,80,250,8,4,1640
large_non_emergency,8.71,2.45,3.04,20,10,3.0,80,250,6,4,1480
large_non_emergency,5.47,4.11,4.21,20,10,3.0,80,250,3,3,990
large_non_emergency,14.48,2.65,4.5,20,10,3.0,80,250,7,5,1810
large_non_emergency,23.89,2.99,3.13,20,10,3.0,80,250,10,10,3300
large_non_emergency,9.01,4.79,3.42,20,10,3.0,80,250,3,4,1240
large_non_emergency,15.38,3.96,4.11,20,10,3.0,80,250,6,5,1730
large_non_emergency,13.54,3.83,4.73,20,10,3.0,80,250,5,4,1400
large_non_emergency,18.7,3.98,4.83,20,10,3.0,80,250,7,5,1810
large_non_emergency,17.25,2.68,3.02,20,10,3.0,80,250,10,7,2550
large_non_emergency,10.43,4.35,4.75,20,10,3.0,80,250,4,4,1320
large_non_emergency,24.41,3.55,3.14,20,10,3.0,80,250,9,10,3220
large_non_emergency,15.3,3.44,5.33,20,10,3.0,80,250,6,4,1480
large_non_emergency,21.52,2.13,4.05,20,10,3.0,80,250,13,7,2790
large_non_emergency,8.02,2.16,4.61,20,10,3.0,80,250,5,3,1150
large_non_emergency,9.28,3.25,4.59,20,10,3.0,80,250,4,4,1320
large_non_emergency,18.27,4.37,5.05,20,10,3.0,80,250,6,5,1730
large_non_emergency,22.98,4.13,3.53,20,10,3.0,80,250,8,8,2640
large_non_emergency,22.18,2.66,4.33,20,10,3.0,80,250,11,7,2630
large_non_emergency,19.48,2.84,3.83,20,10,3.0,80,250,9,7,2470
large_non_emergency,5.45,2.17,4.08,20,10,3.0,80,250,4,3,1070
large_non_emergency,14.86,3.0,4.26,20,10,3.0,80,250,7,5,1810
large_non_emergency,5.54,2.49,5.48,20,10,3.0,80,250,4,3,1070
large_non_emergency,6.78,3.5,4.37,20,10,3.0,80,250,3,3,990
large_non_emergency,23.32,2.43,3.05,20,10,3.0,80,250,12,10,3460
large_non_emergency,24.28,2.95,4.3,20,10,3.0,80,250,11,7,2630
large_non_emergency,21.21,4.89,3.72,20,10,3.0,80,250,7,7,2310
large_non_emergency,17.86,4.72,3.14,20,10,3.0,80,250,6,7,2230
large_non_emergency,15.41,2.3,3.24,20,10,3.0,80,250,10,6,2300
large_non_emergency,10.96,3.55,4.12,20,10,3.0,80,250,5,4,1400
large_non_emergency,9.83,3.72,5.03,20,10,3.0,80,250,4,3,1070
large_non_emergency,5.88,4.35,4.23,20,10,3.0,80,250,3,3,990
large_non_emergency,13.72,4.38,5.18,20,10,3.0,80,250,5,4,1400
large_non_emergency,14.57,4.98,5.78,20,10,3.0,80,250,4,4,1320
large_non_emergency,16.97,4.94,3.58,20,10,3.0,80,250,6,6,1980
large_non_emergency,13.53,2.23,3.98,20,10,3.0,80,250,8,5,1890
large_non_emergency,24.66,3.03,4.61,20,10,3.0,80,250,10,7,2550
large_non_emergency,18.9,2.36,4.03,20,10,3.0,80,250,11,6,2380
large_non_emergency,7.84,4.87,4.73,20,10,3.0,80,250,3,3,990
large_non_emergency,15.99,3.07,4.02,20,10,3.0,80,250,7,6,2060
large_non_emergency,7.73,4.49,4.68,20,10,3.0,80,250,3,3,990
large_non_emergency,21.91,3.58,4.56,20,10,3.0,80,250,9,6,2220
large_non_emergency,22.7,2.68,4.79,20,10,3.0,80,250,12,6,2460
large_non_emergency,7.61,4.06,3.97,20,10,3.0,80,250,3,3,990
large_non_emergency,6.27,3.13,4.72,20,10,3.0,80,250,4,3,1070
large_non_emergency,12.59,2.02,5.02,20,10,3.0,80,250,8,4,1640
large_non_emergency,19.25,3.3,5.65,20,10,3.0,80,250,8,5,1890
large_non_emergency,5.09,4.19,3.45,20,10,3.0,80,250,3,3,990
large_non_emergency,15.88,3.45,5.09,20,10,3.0,80,250,6,5,1730
large_non_emergency,22.73,4.22,5.71,20,10,3.0,80,250,7,6,2060
large_non_emergency,10.22,3.67,5.47,20,10,3.0,80,250,4,3,1070
large_non_emergency,19.23,3.29,4.37,20,10,3.0,80,250,8,6,2140
large_non_emergency,8.44,2.89,3.75,20,10,3.0,80,250,4,4,1320
large_non_emergency,14.16,4.22,3.35,20,10,3.0,80,250,5,6,1900
large_non_emergency,18.77,3.83,3.55,20,10,3.0,80,250,7,7,2310
large_non_emergency,10.05,3.63,3.9,20,10,3.0,80,250,4,4,1320
large_non_emergency,10.4,2.14,4.46,20,10,3.0,80,250,7,4,1560
large_non_emergency,11.18,2.12,5.94,20,10,3.0,80,250,7,3,1310
large_non_emergency,9.28,2.99,5.48,20,10,3.0,80,250,5,3,1150
large_non_emergency,12.82,4.43,4.09,20,10,3.0,80,250,4,5,1570
large_non_emergency,21.57,2.93,5.76,20,10,3.0,80,250,10,5,2050
large_non_emergency,8.22,2.12,4.16,20,10,3.0,80,250,6,3,1230
large_non_emergency,9.7,2.56,4.81,20,10,3.0,80,250,5,4,1400
large_non_emergency,12.36,2.65,5.93,20,10,3.0,80,250,6,4,1480
large_non_emergency,14.1,4.37,5.48,20,10,3.0,80,250,5,4,1400
large_non_emergency,23.1,3.82,5.1,20,10,3.0,80,250,8,6,2140
large_non_emergency,12.14,3.27,3.08,20,10,3.0,80,250,8,5,1890
large_non_emergency,10.28,2.73,4.53,20,10,3.0,80,250,5,4,1400
large_non_emergency,15.55,2.43,3.22,20,10,3.0,80,250,8,7,2390
large_non_emergency,7.3,2.15,5.12,20,10,3.0,80,250,5,3,1150
large_non_emergency,13.53,2.19,3.57,20,10,3.0,80,250,9,5,1970
large_non_emergency,6.46,4.31,4.5,20,10,3.0,80,250,3,3,990
large_non_emergency,12.46,4.43,5.71,20,10,3.0,80,250,4,4,1320
large_non_emergency,16.92,3.12,5.31,20,10,3.0,80,250,7,5,1810
large_non_emergency,17.41,2.65,5.74,20,10,3.0,80,250,8,5,1890
large_non_emergency,13.09,3.7,5.49,20,10,3.0,80,250,5,4,1400
large_non_emergency,7.59,2.23,4.99,20,10,3.0,80,250,5,3,1150
large_non_emergency,19.95,4.36,3.47,20,10,3.0,80,250,9,7,2470
large_non_emergency,9.65,3.3,3.41,20,10,3.0,80,250,5,4,1400
large_non_emergency,22.23,4.91,4.34,20,10,3.0,80,250,6,7,2230
large_non_emergency,11.61,3.33,4.9,20,10,3.0,80,250,5,4,1400
large_non_emergency,14.1,2.34,4.0,20,10,3.0,80,250,8,5,1890
large_non_emergency,15.4,2.06,5.96,20,10,3.0,80,250,10,4,1800
large_non_emergency,21.2,4.62,5.86,20,10,3.0,80,250,6,5,1730
large_non_emergency,21.19,3.31,5.46,20,10,3.0,80,250,9,5,1970
large_non_emergency,23.37,3.02,3.19,20,10,3.0,80,250,10,9,3050
large_non_emergency,7.51,4.84,4.91,20,10,3.0,80,250,3,3,990
large_non_emergency,15.29,2.89,4.71,20,10,3.0,80,250,7,5,1810
large_non_emergency,7.45,4.93,5.15,20,10,3.0,80,250,3,3,990
large_non_emergency,15.79,2.87,3.41,20,10,3.0,80,250,8,6,2140
large_non_emergency,6.39,4.98,5.45,20,10,3.0,80,250,3,3,990
large_non_emergency,11.56,4.91,3.17,20,10,3.0,80,250,4,5,1570
large_non_emergency,23.25,4.58,4.86,20,10,3.0,80,250,8,6,2140
large_non_emergency,12.54,3.09,4.95,20,10,3.0,80,250,6,4,1480
large_non_emergency,6.39,2.35,5.38,20,10,3.0,80,250,4,3,1070
large_non_emergency,8.48,4.19,3.09,20,10,3.0,80,250,4,4,1320
large_non_emergency,16.87,3.92,3.26,20,10,3.0,80,250,6,7,2230
large_non_emergency,14.51,4.69,5.2,20,10,3.0,80,250,5,4,1400
large_non_emergency,8.79,3.15,3.58,20,10,3.0,80,250,4,4,1320
large_non_emergency,24.02,2.35,5.24,20,10,3.0,80,250,13,6,2540
large_non_emergency,6.98,4.93,4.19,20,10,3.0,80,250,3,3,990
large_non_emergency,19.49,4.38,3.53,20,10,3.0,80,250,7,7,2310
large_non_emergency,21.38,4.08,5.34,20,10,3.0,80,250,7,6,2060
large_non_emergency,22.31,2.86,3.38,20,10,3.0,80,250,11,8,2880
large_non_emergency,10.51,4.03,5.05,20,10,3.0,80,250,4,4,1320
large_non_emergency,14.29,4.06,4.55,20,10,3.0,80,250,5,5,1650
large_non_emergency,6.99,4.43,4.23,20,10,3.0,80,250,3,3,990
large_non_emergency,15.65,3.62,5.47,20,10,3.0,80,250,6,4,1480
large_non_emergency,18.3,3.94,4.83,20,10,3.0,80,250,7,5,1810
large_non_emergency,19.86,2.46,4.1,20,10,3.0,80,250,10,7,2550
large_non_emergency,11.05,2.11,3.33,20,10,3.0,80,250,7,5,1810
large_non_emergency,12.02,4.66,4.42,20,10,3.0,80,250,4,4,1320
large_non_emergency,10.54,2.43,3.64,20,10,3.0,80,250,7,4,1560
large_non_emergency,14.09,2.14,4.68,20,10,3.0,80,250,9,5,1970
large_non_emergency,21.91,3.46,3.82,20,10,3.0,80,250,10,7,2550
large_non_emergency,20.82,4.22,5.62,20,10,3.0,80,250,7,5,1810
large_non_emergency,9.95,2.69,3.59,20,10,3.0,80,250,6,4,1480
large_non_emergency,17.61,3.53,4.31,20,10,3.0,80,250,7,6,2060
large_non_emergency,15.87,3.88,4.97,20,10,3.0,80,250,6,5,1730
large_non_emergency,11.36,2.56,4.31,20,10,3.0,80,250,6,4,1480
large_non_emergency,21.07,3.96,5.18,20,10,3.0,80,250,7,6,2060
large_non_emergency,18.9,2.01,3.56,20,10,3.0,80,250,12,7,2710
large_non_emergency,17.67,2.56,5.89,20,10,3.0,80,250,9,5,1970
large_non_emergency,6.71,4.8,5.77,20,10,3.0,80,250,3,3,990
large_non_emergency,21.87,2.15,5.29,20,10,3.0,80,250,12,6,2460
large_non_emergency,22.33,3.06,5.17,20,10,3.0,80,250,9,6,2220
large_non_emergency,5.35,4.32,3.55,20,10,3.0,80,250,3,3,990
large_non_emergency,24.89,2.02,5.51,20,10,3.0,80,250,15,6,2700
large_non_emergency,7.83,2.99,5.78,20,10,3.0,80,250,4,3,1070
large_non_emergency,22.53,4.11,4.72,20,10,3.0,80,250,8,6,2140
large_non_emergency,18.49,3.72,3.82,20,10,3.0,80,250,9,6,2220
large_non_emergency,16.46,4.26,4.16,20,10,3.0,80,250,8,5,1890
large_non_emergency,8.94,2.4,3.4,20,10,3.0,80,250,5,4,1400
large_non_emergency,18.91,3.51,3.61,20,10,3.0,80,250,7,7,2310
large_non_emergency,11.81,3.58,3.54,20,10,3.0,80,250,5,5,1650
large_non_emergency,11.43,2.56,3.7,20,10,3.0,80,250,6,5,1730
large_non_emergency,17.17,4.03,5.38,20,10,3.0,80,250,6,5,1730
large_non_emergency,8.56,4.56,3.19,20,10,3.0,80,250,3,4,1240
large_non_emergency,16.02,4.94,5.0,20,10,3.0,80,250,5,5,1650
large_non_emergency,16.22,2.1,3.86,20,10,3.0,80,250,10,6,2300
large_non_emergency,22.44,3.26,3.24,20,10,3.0,80,250,9,9,2970
large_non_emergency,9.68,3.01,5.76,20,10,3.0,80,250,5,3,1150
large_non_emergency,16.5,4.5,4.15,20,10,3.0,80,250,5,6,1900
large_non_emergency,8.24,3.95,3.93,20,10,3.0,80,250,4,4,1320
large_non_emergency,22.67,3.55,4.47,20,10,3.0,80,250,8,7,2390
large_non_emergency,7.18,3.34,3.38,20,10,3.0,80,250,4,4,1320
large_non_emergency,5.68,2.62,3.61,20,10,3.0,80,250,4,3,1070
large_non_emergency,9.72,3.23,3.16,20,10,3.0,80,250,5,5,1650
large_non_emergency,12.29,4.17,5.02,20,10,3.0,80,250,4,4,1320
large_non_emergency,12.63,2.13,3.12,20,10,3.0,80,250,8,6,2140
large_non_emergency,23.73,2.48,5.46,20,10,3.0,80,250,12,6,2460
large_non_emergency,18.57,3.48,3.73,20,10,3.0,80,250,7,7,2310
large_non_emergency,8.97,2.27,5.05,20,10,3.0,80,250,6,3,1230
large_non_emergency,24.99,4.09,5.87,20,10,3.0,80,250,8,6,2140
large_non_emergency,17.35,2.25,5.63,20,10,3.0,80,250,10,5,2050
large_non_emergency,6.23,4.3,4.72,20,10,3.0,80,250,3,3,990
large_non_emergency,14.18,4.96,3.48,20,10,3.0,80,250,4,6,1820
large_non_emergency,18.86,3.61,4.04,20,10,3.0,80,250,7,6,2060
large_non_emergency,16.6,4.29,5.15,20,10,3.0,80,250,5,5,1650
large_non_emergency,15.87,4.35,3.91,20,10,3.0,80,250,5,6,1900
large_non_emergency,5.64,2.19,5.69,20,10,3.0,80,250,4,2,820
large_non_emergency,6.18,2.86,3.11,20,10,3.0,80,250,4,3,1070
large_non_emergency,22.48,3.43,5.29,20,10,3.0,80,250,9,6,2220
large_non_emergency,14.73,2.19,5.52,20,10,3.0,80,250,9,4,1720
large_non_emergency,11.38,4.38,5.35,20,10,3.0,80,250,4,4,1320
large_non_emergency,23.44,2.54,4.1,20,10,3.0,80,250,14,7,2870
large_non_emergency,13.75,4.35,3.88,20,10,3.0,80,250,5,5,1650
large_non_emergency,18.82,4.01,3.56,20,10,3.0,80,250,7,7,2310
large_non_emergency,14.13,3.83,3.46,20,10,3.0,80,250,5,6,1900
large_non_emergency,19.7,4.81,5.84,20,10,3.0,80,250,6,5,1730
large_non_emergency,13.69,2.11,4.18,20,10,3.0,80,250,8,5,1890
large_non_emergency,8.82,4.82,4.25,20,10,3.0,80,250,3,4,1240
large_non_emergency,20.8,4.55,5.96,20,10,3.0,80,250,6,5,1730
large_non_emergency,21.21,4.82,3.3,20,10,3.0,80,250,6,8,2480
large_non_emergency,8.58,3.26,4.95,20,10,3.0,80,250,4,3,1070
large_non_emergency,19.43,4.97,3.88,20,10,3.0,80,250,6,7,2230
large_non_emergency,23.69,4.57,3.53,20,10,3.0,80,250,7,9,2810
large_non_emergency,5.87,4.3,3.71,20,10,3.0,80,250,3,3,990
large_non_emergency,18.13,3.76,5.58,20,10,3.0,80,250,7,5,1810
large_non_emergency,12.01,3.66,5.14,20,10,3.0,80,250,5,4,1400
large_non_emergency,18.97,4.89,4.58,20,10,3.0,80,250,6,6,1980
large_non_emergency,9.11,2.84,4.61,20,10,3.0,80,250,5,3,1150
large_non_emergency,13.88,3.09,3.69,20,10,3.0,80,250,7,5,1810
large_non_emergency,15.66,3.19,4.05,20,10,3.0,80,250,7,5,1810
large_non_emergency,14.25,2.91,4.51,20,10,3.0,80,250,7,5,1810
large_non_emergency,15.32,2.51,5.52,20,10,3.0,80,250,8,4,1640
large_non_emergency,8.59,3.25,3.87,20,10,3.0,80,250,4,4,1320
large_non_emergency,17.44,4.96,4.01,20,10,3.0,80,250,5,6,1900
large_non_emergency,20.2,2.16,4.61,20,10,3.0,80,250,12,6,2460
large_non_emergency,9.92,2.35,3.61,20,10,3.0,80,250,6,4,1480
large_non_emergency,18.08,3.69,5.99,20,10,3.0,80,250,7,5,1810
large_non_emergency,23.16,2.89,3.83,20,10,3.0,80,250,10,8,2800
large_non_emergency,17.71,3.53,4.88,20,10,3.0,80,250,7,5,1810
large_non_emergency,24.93,4.86,5.21,20,10,3.0,80,250,8,6,2140
large_non_emergency,12.89,3.06,3.2,20,10,3.0,80,250,6,6,1980
large_non_emergency,16.96,4.17,5.93,20,10,3.0,80,250,6,4,1480
large_non_emergency,14.2,4.76,4.32,20,10,3.0,80,250,4,5,1570
large_non_emergency,21.82,3.06,4.4,20,10,3.0,80,250,9,7,2470
large_non_emergency,18.31,3.59,4.75,20,10,3.0,80,250,8,5,1890
large_non_emergency,15.07,2.72,4.74,20,10,3.0,80,250,7,5,1810
large_non_emergency,10.13,2.17,4.8,20,10,3.0,80,250,6,4,1480
large_non_emergency,22.23,3.15,5.8,20,10,3.0,80,250,10,5,2050
large_non_emergency,6.76,3.62,5.54,20,10,3.0,80,250,3,3,990
large_non_emergency,19.57,2.56,5.8,20,10,3.0,80,250,10,5,2050
large_non_emergency,18.41,3.26,5.07,20,10,3.0,80,250,8,5,1890
large_non_emergency,7.81,4.42,5.0,20,10,3.0,80,250,3,3,990
large_non_emergency,5.04,2.99,5.62,20,10,3.0,80,250,3,2,740
large_non_emergency,12.4,3.02,3.87,20,10,3.0,80,250,6,5,1730
large_non_emergency,8.45,4.06,3.86,20,10,3.0,80,250,4,4,1320
large_non_emergency,23.88,2.9,3.8,20,10,3.0,80,250,11,8,2880
large_non_emergency,7.3,3.95,5.91,20,10,3.0,80,250,3,3,990
large_non_emergency,11.81,3.65,3.28,20,10,3.0,80,250,5,5,1650
large_non_emergency,14.65,3.09,4.44,20,10,3.0,80,250,6,5,1730
large_non_emergency,17.18,2.72,4.7,20,10,3.0,80,250,8,5,1890
large_non_emergency,19.03,2.44,4.66,20,10,3.0,80,250,10,6,2300
large_non_emergency,23.47,4.67,4.92,20,10,3.0,80,250,8,6,2140
large_non_emergency,13.01,2.39,3.25,20,10,3.0,80,250,7,6,2060
large_non_emergency,24.81,3.53,4.37,20,10,3.0,80,250,10,7,2550
large_non_emergency,12.47,2.86,5.66,20,10,3.0,80,250,6,4,1480
large_non_emergency,18.32,3.06,5.15,20,10,3.0,80,250,8,5,1890
large_non_emergency,8.16,3.72,4.53,20,10,3.0,80,250,4,3,1070
large_non_emergency,16.75,3.6,5.05,20,10,3.0,80,250,6,5,1730
large_non_emergency,15.99,3.26,3.81,20,10,3.0,80,250,7,6,2060
large_non_emergency,24.85,4.45,5.95,20,10,3.0,80,250,7,6,2060
large_non_emergency,16.05,4.5,4.41,20,10,3.0,80,250,5,5,1650
large_non_emergency,7.34,4.96,4.04,20,10,3.0,80,250,3,3,990
large_non_emergency,20.97,2.13,3.88,20,10,3.0,80,250,12,7,2710
large_non_emergency,15.78,4.18,5.95,20,10,3.0,80,250,5,4,1400
large_non_emergency,6.55,2.46,3.07,20,10,3.0,80,250,4,4,1320
large_non_emergency,16.98,4.6,4.8,20,10,3.0,80,250,5,5,1650
large_non_emergency,17.16,2.06,4.38,20,10,3.0,80,250,13,5,2290
large_non_emergency,13.17,3.11,3.38,20,10,3.0,80,250,7,5,1810
large_non_emergency,11.31,3.64,4.45,20,10,3.0,80,250,5,4,1400
large_non_emergency,20.16,2.48,5.77,20,10,3.0,80,250,10,5,2050
large_non_emergency,23.9,3.8,4.34,20,10,3.0,80,250,9,7,2470
large_non_emergency,8.7,2.31,4.21,20,10,3.0,80,250,5,4,1400
large_non_emergency,6.67,4.45,3.33,20,10,3.0,80,250,3,4,1240
large_non_emergency,8.25,3.93,4.22,20,10,3.0,80,250,4,3,1070
large_non_emergency,14.92,2.44,3.77,20,10,3.0,80,250,8,6,2140
large_non_emergency,11.62,4.0,4.4,20,10,3.0,80,250,4,4,1320
large_non_emergency,23.3,4.66,3.76,20,10,3.0,80,250,7,8,2560
large_non_emergency,11.9,3.8,4.23,20,10,3.0,80,250,5,4,1400
large_non_emergency,5.05,4.71,4.94,20,10,3.0,80,250,3,3,990
large_non_emergency,20.01,4.18,5.93,20,10,3.0,80,250,7,5,1810
large_non_emergency,10.43,2.92,3.01,20,10,3.0,80,250,5,5,1650
large_non_emergency,20.69,2.7,4.97,20,10,3.0,80,250,10,6,2300
large_non_emergency,8.62,4.31,5.65,20,10,3.0,80,250,3,3,990
large_non_emergency,15.06,2.58,5.5,20,10,3.0,80,250,8,4,1640
large_non_emergency,22.44,2.27,4.49,20,10,3.0,80,250,12,7,2710
large_non_emergency,18.84,2.9,5.77,20,10,3.0,80,250,8,5,1890
large_non_emergency,9.29,2.11,3.11,20,10,3.0,80,250,7,4,1560
large_non_emergency,20.75,4.76,4.26,20,10,3.0,80,250,6,7,2230
large_non_emergency,8.01,2.49,5.11,20,10,3.0,80,250,5,3,1150
large_non_emergency,23.78,4.37,3.38,20,10,3.0,80,250,7,9,2810
large_non_emergency,22.35,2.46,4.15,20,10,3.0,80,250,12,7,2710
large_non_emergency,19.49,3.05,5.61,20,10,3.0,80,250,8,5,1890
large_non_emergency,20.34,4.8,4.72,20,10,3.0,80,250,6,6,1980
large_non_emergency,22.79,3.56,3.42,20,10,3.0,80,250,11,8,2880
large_non_emergency,7.85,2.86,3.58,20,10,3.0,80,250,4,4,1320
large_non_emergency,20.37,4.85,3.48,20,10,3.0,80,250,6,8,2480
large_non_emergency,7.61,3.13,3.09,20,10,3.0,80,250,4,4,1320
large_non_emergency,18.54,2.62,4.18,20,10,3.0,80,250,9,6,2220
large_non_emergency,14.93,4.06,5.25,20,10,3.0,80,250,6,4,1480
large_non_emergency,10.58,3.37,3.79,20,10,3.0,80,250,5,4,1400
large_non_emergency,7.09,3.28,5.7,20,10,3.0,80,250,4,3,1070
large_non_emergency,17.17,3.59,5.06,20,10,3.0,80,250,7,5,1810
large_non_emergency,7.37,2.45,3.05,20,10,3.0,80,250,5,4,1400
large_non_emergency,7.98,2.34,5.4,20,10,3.0,80,250,5,3,1150
large_non_emergency,5.02,2.68,4.93,20,10,3.0,80,250,3,3,990
large_non_emergency,19.65,2.04,3.75,20,10,3.0,80,250,12,7,2710
large_non_emergency,15.11,4.99,5.49,20,10,3.0,80,250,5,4,1400
large_non_emergency,13.24,2.89,4.13,20,10,3.0,80,250,6,5,1730
large_non_emergency,22.79,2.9,5.71,20,10,3.0,80,250,10,6,2300
large_non_emergency,18.51,2.03,3.04,20,10,3.0,80,250,12,8,2960
large_non_emergency,14.33,3.09,5.9,20,10,3.0,80,250,6,4,1480
large_non_emergency,14.28,3.33,5.51,20,10,3.0,80,250,6,4,1480
large_non_emergency,11.96,3.0,5.33,20,10,3.0,80,250,6,4,1480
large_non_emergency,20.1,3.05,5.41,20,10,3.0,80,250,9,5,1970
large_non_emergency,18.81,4.54,4.45,20,10,3.0,80,250,6,6,1980
large_non_emergency,19.4,3.54,5.5,20,10,3.0,80,250,7,5,1810
large_non_emergency,20.25,4.91,5.8,20,10,3.0,80,250,6,5,1730
large_non_emergency,7.99,3.7,4.41,20,10,3.0,80,250,4,3,1070
large_non_emergency,19.73,3.31,5.74,20,10,3.0,80,250,8,5,1890
large_non_emergency,24.12,4.59,5.13,20,10,3.0,80,250,8,6,2140
large_non_emergency,21.05,4.63,4.39,20,10,3.0,80,250,7,6,2060
large_non_emergency,19.73,4.49,4.97,20,10,3.0,80,250,9,5,1970
large_non_emergency,18.41,2.48,5.38,20,10,3.0,80,250,10,5,2050
large_non_emergency,12.17,2.6,4.42,20,10,3.0,80,250,7,4,1560
large_non_emergency,21.49,3.26,3.26,20,10,3.0,80,250,10,8,2800
large_non_emergency,5.29,2.52,4.07,20,10,3.0,80,250,4,3,1070
large_non_emergency,13.82,2.41,3.4,20,10,3.0,80,250,8,6,2140
large_non_emergency,12.71,2.66,3.53,20,10,3.0,80,250,7,5,1810
large_non_emergency,5.57,2.89,3.48,20,10,3.0,80,250,3,3,990
large_non_emergency,18.98,3.52,4.63,20,10,3.0,80,250,7,6,2060
large_non_emergency,19.09,4.75,5.05,20,10,3.0,80,250,6,5,1730
large_non_emergency,16.84,3.81,3.07,20,10,3.0,80,250,6,7,2230
large_non_emergency,21.91,2.92,4.56,20,10,3.0,80,250,11,6,2380
large_non_emergency,21.84,2.44,3.11,20,10,3.0,80,250,11,9,3130
large_non_emergency,24.02,4.82,5.8,20,10,3.0,80,250,7,6,2060
large_non_emergency,11.44,2.88,4.88,20,10,3.0,80,250,6,4,1480
large_non_emergency,20.51,2.61,5.39,20,10,3.0,80,250,11,5,2130
large_non_emergency,11.89,2.36,5.3,20,10,3.0,80,250,7,4,1560
large_non_emergency,14.99,4.63,3.02,20,10,3.0,80,250,5,7,2150
large_non_emergency,7.62,2.48,3.5,20,10,3.0,80,250,5,4,1400
large_non_emergency,21.33,3.9,5.72,20,10,3.0,80,250,8,5,1890
large_non_emergency,10.22,4.46,4.73,20,10,3.0,80,250,4,4,1320
large_non_emergency,11.28,3.16,5.45,20,10,3.0,80,250,5,4,1400
large_non_emergency,23.8,3.46,4.85,20,10,3.0,80,250,9,7,2470
large_non_emergency,7.13,3.28,4.41,20,10,3.0,80,250,4,3,1070
large_non_emergency,5.08,2.89,4.06,20,10,3.0,80,250,3,3,990
large_non_emergency,20.42,2.58,3.84,20,10,3.0,80,250,10,7,2550
large_non_emergency,15.08,2.86,4.03,20,10,3.0,80,250,7,5,1810
large_non_emergency,18.7,2.98,5.19,20,10,3.0,80,250,8,5,1890
large_non_emergency,12.25,4.2,4.25,20,10,3.0,80,250,5,4,1400
large_non_emergency,5.76,4.7,4.95,20,10,3.0,80,250,3,3,990
large_non_emergency,13.98,2.19,4.63,20,10,3.0,80,250,8,5,1890
large_non_emergency,19.23,3.33,4.89,20,10,3.0,80,250,9,5,1970
large_non_emergency,16.6,3.45,4.54,20,10,3.0,80,250,7,5,1810
large_non_emergency,21.92,3.62,5.15,20,10,3.0,80,250,8,6,2140
large_non_emergency,21.91,3.15,3.36,20,10,3.0,80,250,10,8,2800
large_non_emergency,23.79,4.96,3.15,20,10,3.0,80,250,8,9,2890
large_non_emergency,18.9,3.03,3.85,20,10,3.0,80,250,8,7,2390
large_non_emergency,7.52,2.8,3.44,20,10,3.0,80,250,4,4,1320
large_non_emergency,19.32,3.88,5.52,20,10,3.0,80,250,7,5,1810
large_non_emergency,10.61,4.4,3.09,20,10,3.0,80,250,4,5,1570
large_non_emergency,24.99,4.73,4.86,20,10,3.0,80,250,7,7,2310
large_non_emergency,8.86,4.41,3.26,20,10,3.0,80,250,4,4,1320
large_non_emergency,6.45,2.14,3.93,20,10,3.0,80,250,5,3,1150
large_non_emergency,9.85,2.09,3.97,20,10,3.0,80,250,7,4,1560
large_non_emergency,14.89,3.88,4.63,20,10,3.0,80,250,5,5,1650
large_non_emergency,17.56,2.78,5.43,20,10,3.0,80,250,8,5,1890
large_non_emergency,22.22,2.14,5.24,20,10,3.0,80,250,13,6,2540
large_non_emergency,9.31,2.02,3.95,20,10,3.0,80,250,6,4,1480
large_non_emergency,19.56,4.89,4.92,20,10,3.0,80,250,6,6,1980
large_non_emergency,22.29,2.5,4.3,20,10,3.0,80,250,11,7,2630
large_non_emergency,21.05,4.47,5.94,20,10,3.0,80,250,7,5,1810
large_non_emergency,9.84,3.51,5.57,20,10,3.0,80,250,4,3,1070
large_non_emergency,21.77,3.55,4.19,20,10,3.0,80,250,8,7,2390
large_non_emergency,24.82,4.88,5.96,20,10,3.0,80,250,7,6,2060
large_non_emergency,12.96,2.96,3.64,20,10,3.0,80,250,6,5,1730
large_non_emergency,23.85,2.91,3.1,20,10,3.0,80,250,10,10,3300
large_non_emergency,21.31,2.76,3.63,20,10,3.0,80,250,10,8,2800
large_non_emergency,11.25,2.49,5.28,20,10,3.0,80,250,6,4,1480
large_non_emergency,19.38,4.71,5.99,20,10,3.0,80,250,6,5,1730
large_non_emergency,7.79,2.89,4.49,20,10,3.0,80,250,4,3,1070
large_non_emergency,17.59,2.05,3.82,20,10,3.0,80,250,11,6,2380
large_non_emergency,5.03,4.63,3.16,20,10,3.0,80,250,3,3,990
large_non_emergency,10.86,2.48,3.22,20,10,3.0,80,250,6,5,1730
large_non_emergency,7.01,4.67,5.32,20,10,3.0,80,250,3,3,990
large_non_emergency,6.2,4.21,4.88,20,10,3.0,80,250,3,3,990
large_non_emergency,16.17,3.39,3.43,20,10,3.0,80,250,7,6,2060
large_non_emergency,20.63,4.52,3.7,20,10,3.0,80,250,7,7,2310
large_non_emergency,10.02,2.53,4.15,20,10,3.0,80,250,6,4,1480
large_non_emergency,6.66,2.2,3.75,20,10,3.0,80,250,5,3,1150
large_non_emergency,15.6,2.49,5.08,20,10,3.0,80,250,8,5,1890
large_non_emergency,18.07,3.98,5.49,20,10,3.0,80,250,6,5,1730
large_non_emergency,7.2,2.67,3.44,20,10,3.0,80,250,4,4,1320
large_non_emergency,19.97,3.81,4.87,20,10,3.0,80,250,7,6,2060
large_non_emergency,6.57,2.91,3.42,20,10,3.0,80,250,4,3,1070
large_non_emergency,6.72,3.02,5.91,20,10,3.0,80,250,4,3,1070
large_non_emergency,20.44,2.19,5.36,20,10,3.0,80,250,12,5,2210
large_non_emergency,13.6,2.77,3.0,20,10,3.0,80,250,7,6,2060
large_non_emergency,17.32,2.22,3.08,20,10,3.0,80,250,11,7,2630
large_non_emergency,10.87,2.12,4.65,20,10,3.0,80,250,7,4,1560
large_non_emergency,15.03,4.2,3.65,20,10,3.0,80,250,5,6,1900
large_non_emergency,16.66,2.26,3.18,20,10,3.0,80,250,10,7,2550
large_non_emergency,5.77,4.53,5.2,20,10,3.0,80,250,3,3,990
large_non_emergency,24.5,4.25,5.29,20,10,3.0,80,250,8,6,2140
large_non_emergency,18.1,4.92,5.1,20,10,3.0,80,250,5,5,1650
large_non_emergency,6.56,4.99,4.65,20,10,3.0,80,250,3,3,990
large_non_emergency,22.99,2.54,3.51,20,10,3.0,80,250,12,8,2960
large_non_emergency,22.24,2.33,3.52,20,10,3.0,80,250,12,8,2960
large_non_emergency,6.84,2.89,4.21,20,10,3.0,80,250,4,3,1070
large_non_emergency,16.56,4.06,3.42,20,10,3.0,80,250,8,6,2140
large_non_emergency,14.74,2.26,4.67,20,10,3.0,80,250,8,5,1890
large_non_emergency,23.44,2.04,5.08,20,10,3.0,80,250,14,6,2620
large_non_emergency,5.22,4.04,4.06,20,10,3.0,80,250,3,3,990
large_non_emergency,12.48,3.06,5.55,20,10,3.0,80,250,6,4,1480
large_non_emergency,22.8,2.43,3.58,20,10,3.0,80,250,12,8,2960
large_non_emergency,5.86,2.62,3.92,20,10,3.0,80,250,4,3,1070
large_non_emergency,24.82,4.85,3.23,20,10,3.0,80,250,7,10,3060
large_non_emergency,19.56,3.74,4.16,20,10,3.0,80,250,8,6,2140
large_non_emergency,8.14,3.92,4.02,20,10,3.0,80,250,4,4,1320
large_non_emergency,8.38,3.66,3.16,20,10,3.0,80,250,4,4,1320
large_non_emergency,22.48,2.78,3.76,20,10,3.0,80,250,10,8,2800
large_non_emergency,16.83,2.93,5.4,20,10,3.0,80,250,8,5,1890
large_non_emergency,20.58,4.29,5.05,20,10,3.0,80,250,7,6,2060
large_non_emergency,14.71,2.06,5.51,20,10,3.0,80,250,9,4,1720
large_non_emergency,21.49,3.32,4.58,20,10,3.0,80,250,9,6,2220
large_non_emergency,6.94,4.87,3.59,20,10,3.0,80,250,3,3,990
large_non_emergency,7.06,2.63,5.03,20,10,3.0,80,250,4,3,1070
large_non_emergency,10.71,2.78,3.66,20,10,3.0,80,250,6,4,1480
large_non_emergency,19.68,4.73,4.21,20,10,3.0,80,250,6,6,1980
large_non_emergency,20.59,3.47,5.7,20,10,3.0,80,250,8,5,1890
large_non_emergency,14.25,4.07,3.11,20,10,3.0,80,250,5,6,1900
large_non_emergency,19.27,3.28,4.43,20,10,3.0,80,250,8,6,2140
large_non_emergency,18.57,2.65,4.72,20,10,3.0,80,250,11,5,2130
large_non_emergency,18.11,4.04,4.87,20,10,3.0,80,250,6,5,1730
large_non_emergency,15.9,2.71,5.42,20,10,3.0,80,250,8,4,1640
large_non_emergency,24.32,2.33,3.35,20,10,3.0,80,250,13,9,3290
large_non_emergency,14.03,4.84,4.71,20,10,3.0,80,250,5,4,1400
large_non_emergency,7.34,2.22,5.97,20,10,3.0,80,250,5,3,1150
large_non_emergency,10.85,2.72,5.73,20,10,3.0,80,250,6,3,1230
large_non_emergency,16.07,4.58,3.1,20,10,3.0,80,250,5,7,2150
large_non_emergency,12.76,2.66,5.65,20,10,3.0,80,250,7,4,1560
large_non_emergency,21.1,4.05,4.05,20,10,3.0,80,250,7,7,2310
large_non_emergency,22.51,3.69,5.63,20,10,3.0,80,250,8,6,2140
large_non_emergency,14.6,3.47,5.09,20,10,3.0,80,250,6,4,1480
large_non_emergency,14.23,2.47,5.41,20,10,3.0,80,250,8,4,1640
large_non_emergency,17.07,4.99,5.95,20,10,3.0,80,250,5,4,1400
large_non_emergency,20.15,4.8,5.56,20,10,3.0,80,250,6,5,1730
large_non_emergency,19.26,2.91,3.0,20,10,3.0,80,250,9,8,2720
large_non_emergency,21.18,2.22,4.61,20,10,3.0,80,250,12,6,2460
large_non_emergency,8.15,3.92,4.31,20,10,3.0,80,250,4,3,1070
large_non_emergency,18.72,4.92,5.71,20,10,3.0,80,250,5,5,1650
large_non_emergency,14.78,3.77,3.36,20,10,3.0,80,250,6,6,1980
large_non_emergency,13.47,4.23,3.62,20,10,3.0,80,250,5,5,1650
large_non_emergency,10.44,4.24,5.41,20,10,3.0,80,250,4,3,1070
large_non_emergency,8.58,4.49,4.49,20,10,3.0,80,250,3,3,990
large_non_emergency,22.48,3.18,4.96,20,10,3.0,80,250,9,6,2220
large_non_emergency,18.74,3.38,4.4,20,10,3.0,80,250,7,6,2060
large_non_emergency,5.86,3.54,4.72,20,10,3.0,80,250,3,3,990
large_non_emergency,17.01,2.17,5.67,20,10,3.0,80,250,11,4,1880
large_non_emergency,23.24,2.34,3.48,20,10,3.0,80,250,12,9,3210
large_non_emergency,16.94,4.53,4.29,20,10,3.0,80,250,7,5,1810
large_non_emergency,19.77,2.66,5.37,20,10,3.0,80,250,10,5,2050
large_non_emergency,14.45,2.02,5.66,20,10,3.0,80,250,9,4,1720
large_non_emergency,9.02,2.1,5.0,20,10,3.0,80,250,6,3,1230
large_non_emergency,8.99,4.64,4.96,20,10,3.0,80,250,3,3,990
large_non_emergency,6.98,3.55,3.62,20,10,3.0,80,250,3,3,990
large_non_emergency,10.56,4.8,4.74,20,10,3.0,80,250,4,4,1320
large_non_emergency,19.29,3.51,4.2,20,10,3.0,80,250,8,6,2140
large_non_emergency,6.49,4.95,5.66,20,10,3.0,80,250,3,3,990
large_non_emergency,6.66,4.5,5.37,20,10,3.0,80,250,3,3,990
large_non_emergency,9.5,3.76,3.75,20,10,3.0,80,250,4,4,1320
large_non_emergency,9.56,3.9,5.31,20,10,3.0,80,250,4,3,1070
large_non_emergency,20.2,4.15,4.78,20,10,3.0,80,250,7,6,2060
large_non_emergency,18.98,4.26,5.33,20,10,3.0,80,250,6,5,1730
large_non_emergency,14.06,4.08,5.37,20,10,3.0,80,250,5,4,1400
large_non_emergency,21.13,4.48,3.78,20,10,3.0,80,250,7,7,2310
large_non_emergency,15.96,4.38,5.02,20,10,3.0,80,250,5,5,1650
large_non_emergency,16.54,3.91,4.38,20,10,3.0,80,250,6,5,1730
large_non_emergency,14.31,3.19,5.95,20,10,3.0,80,250,6,4,1480
large_non_emergency,6.69,3.08,4.06,20,10,3.0,80,250,4,3,1070
large_non_emergency,11.08,3.23,3.77,20,10,3.0,80,250,6,4,1480
large_non_emergency,20.29,3.87,3.36,20,10,3.0,80,250,7,8,2560
large_non_emergency,15.79,2.01,5.49,20,10,3.0,80,250,10,4,1800
large_non_emergency,10.01,4.52,3.25,20,10,3.0,80,250,4,5,1570
large_non_emergency,5.79,4.4,5.17,20,10,3.0,80,250,3,3,990
large_non_emergency,20.58,2.37,3.62,20,10,3.0,80,250,13,7,2790
large_non_emergency,17.04,4.21,3.38,20,10,3.0,80,250,6,7,2230
large_non_emergency,23.85,2.21,4.88,20,10,3.0,80,250,13,7,2790
large_non_emergency,16.86,3.93,5.33,20,10,3.0,80,250,6,5,1730
large_non_emergency,11.49,4.71,3.17,20,10,3.0,80,250,4,5,1570
large_non_emergency,20.49,3.58,3.1,20,10,3.0,80,250,9,8,2720
large_non_emergency,5.87,4.59,4.58,20,10,3.0,80,250,3,3,990
large_non_emergency,24.84,3.94,3.72,20,10,3.0,80,250,11,8,2880
large_non_emergency,6.72,3.99,4.09,20,10,3.0,80,250,3,3,990
large_non_emergency,8.33,3.49,4.08,20,10,3.0,80,250,4,4,1320
large_non_emergency,13.58,4.9,4.42,20,10,3.0,80,250,4,5,1570
large_non_emergency,14.19,4.23,5.42,20,10,3.0,80,250,5,4,1400
large_non_emergency,22.07,4.05,5.97,20,10,3.0,80,250,8,5,1890
large_non_emergency,18.09,3.46,4.26,20,10,3.0,80,250,7,6,2060
large_non_emergency,9.97,2.39,5.8,20,10,3.0,80,250,6,3,1230
large_non_emergency,21.57,4.83,3.14,20,10,3.0,80,250,6,9,2730
large_non_emergency,24.42,2.72,5.91,20,10,3.0,80,250,11,6,2380
large_non_emergency,19.17,4.38,5.34,20,10,3.0,80,250,6,5,1730
large_non_emergency,14.72,3.56,3.39,20,10,3.0,80,250,6,6,1980
large_non_emergency,21.42,4.39,5.09,20,10,3.0,80,250,7,6,2060
large_non_emergency,6.2,3.44,3.96,20,10,3.0,80,250,3,3,990
large_non_emergency,17.75,3.46,4.48,20,10,3.0,80,250,7,6,2060
large_non_emergency,19.63,4.53,3.1,20,10,3.0,80,250,6,8,2480
large_non_emergency,15.23,5.0,4.95,20,10,3.0,80,250,5,5,1650
large_non_emergency,23.38,3.73,3.25,20,10,3.0,80,250,8,9,2890
large_non_emergency,8.06,4.0,5.57,20,10,3.0,80,250,4,3,1070
large_non_emergency,10.08,2.35,3.59,20,10,3.0,80,250,6,4,1480
large_non_emergency,8.7,3.09,3.7,20,10,3.0,80,250,4,4,1320
large_non_emergency,13.09,3.43,3.97,20,10,3.0,80,250,5,5,1650
large_non_emergency,14.63,2.16,5.27,20,10,3.0,80,250,9,4,1720
large_non_emergency,10.72,2.96,4.44,20,10,3.0,80,250,5,4,1400
large_non_emergency,13.67,4.76,4.66,20,10,3.0,80,250,5,4,1400
large_non_emergency,24.83,2.3,4.76,20,10,3.0,80,250,13,7,2790
large_non_emergency,20.32,4.85,5.14,20,10,3.0,80,250,8,5,1890
large_non_emergency,12.03,2.93,3.85,20,10,3.0,80,250,6,5,1730
large_non_emergency,13.32,3.15,3.96,20,10,3.0,80,250,6,5,1730
large_non_emergency,15.01,4.35,4.45,20,10,3.0,80,250,5,5,1650
large_non_emergency,7.76,4.49,4.45,20,10,3.0,80,250,3,3,990
large_non_emergency,12.53,4.71,3.22,20,10,3.0,80,250,5,5,1650
large_non_emergency,8.15,2.27,5.62,20,10,3.0,80,250,5,3,1150
large_non_emergency,19.08,3.17,3.79,20,10,3.0,80,250,8,7,2390
large_non_emergency,5.85,2.56,5.47,20,10,3.0,80,250,4,3,1070
large_non_emergency,5.5,4.97,5.73,20,10,3.0,80,250,3,2,740
large_non_emergency,6.03,2.06,4.99,20,10,3.0,80,250,4,3,1070
large_non_emergency,15.34,2.22,3.84,20,10,3.0,80,250,9,6,2220
large_non_emergency,10.71,2.42,3.41,20,10,3.0,80,250,6,5,1730
large_non_emergency,18.25,3.96,3.95,20,10,3.0,80,250,7,6,2060
large_non_emergency,8.0,4.36,3.67,20,10,3.0,80,250,3,4,1240
large_non_emergency,19.41,4.88,5.3,20,10,3.0,80,250,6,5,1730
large_non_emergency,13.83,2.05,3.11,20,10,3.0,80,250,9,6,2220
large_non_emergency,21.94,2.22,5.25,20,10,3.0,80,250,12,6,2460
large_non_emergency,16.54,2.79,5.34,20,10,3.0,80,250,8,5,1890
large_non_emergency,7.19,4.52,5.14,20,10,3.0,80,250,3,3,990
large_non_emergency,10.68,3.07,5.78,20,10,3.0,80,250,5,3,1150
large_non_emergency,16.4,4.86,4.43,20,10,3.0,80,250,5,5,1650
large_non_emergency,18.83,3.83,3.11,20,10,3.0,80,250,7,8,2560
large_non_emergency,24.38,3.03,3.35,20,10,3.0,80,250,11,9,3130
large_non_emergency,22.67,2.2,4.61,20,10,3.0,80,250,13,7,2790
large_non_emergency,15.82,4.34,4.4,20,10,3.0,80,250,5,5,1650
large_non_emergency,14.69,4.59,4.62,20,10,3.0,80,250,5,5,1650
large_non_emergency,16.17,2.98,5.86,20,10,3.0,80,250,7,4,1560
large_non_emergency,10.87,4.8,4.25,20,10,3.0,80,250,4,4,1320
large_non_emergency,12.9,4.12,5.82,20,10,3.0,80,250,5,4,1400
large_non_emergency,18.91,2.65,5.84,20,10,3.0,80,250,9,5,1970
large_non_emergency,10.72,4.78,5.74,20,10,3.0,80,250,4,3,1070
large_non_emergency,11.37,3.99,4.08,20,10,3.0,80,250,5,4,1400
large_non_emergency,15.06,3.66,3.19,20,10,3.0,80,250,6,6,1980
large_non_emergency,15.72,2.17,4.75,20,10,3.0,80,250,9,5,1970
large_non_emergency,5.04,2.42,4.89,20,10,3.0,80,250,4,3,1070
large_non_emergency,12.55,3.47,5.14,20,10,3.0,80,250,5,4,1400
large_non_emergency,8.73,3.12,3.75,20,10,3.0,80,250,4,4,1320
large_non_emergency,7.16,2.58,5.01,20,10,3.0,80,250,4,3,1070
large_non_emergency,12.81,4.07,4.42,20,10,3.0,80,250,5,4,1400
large_non_emergency,6.73,4.62,3.55,20,10,3.0,80,250,3,3,990
large_non_emergency,21.06,3.36,4.56,20,10,3.0,80,250,9,6,2220
large_non_emergency,16.23,3.54,4.27,20,10,3.0,80,250,7,5,1810
large_non_emergency,7.74,2.37,5.37,20,10,3.0,80,250,5,3,1150
large_non_emergency,23.82,3.99,4.78,20,10,3.0,80,250,8,7,2390
large_non_emergency,9.85,3.7,4.21,20,10,3.0,80,250,4,4,1320
large_non_emergency,23.69,4.52,3.84,20,10,3.0,80,250,7,8,2560
large_non_emergency,11.54,3.64,3.24,20,10,3.0,80,250,5,5,1650
large_non_emergency,20.72,2.05,4.99,20,10,3.0,80,250,12,6,2460
large_non_emergency,7.04,3.4,3.26,20,10,3.0,80,250,4,4,1320
large_non_emergency,20.45,4.86,4.56,20,10,3.0,80,250,6,6,1980
large_non_emergency,5.25,4.3,3.01,20,10,3.0,80,250,3,3,990
large_non_emergency,5.12,2.16,5.28,20,10,3.0,80,250,4,2,820
large_non_emergency,7.11,4.8,3.93,20,10,3.0,80,250,3,3,990
large_non_emergency,16.7,4.72,4.02,20,10,3.0,80,250,5,6,1900
large_non_emergency,19.51,4.03,4.67,20,10,3.0,80,250,7,6,2060
large_non_emergency,24.27,4.58,4.49,20,10,3.0,80,250,7,7,2310
large_non_emergency,21.96,2.64,5.41,20,10,3.0,80,250,10,6,2300
large_non_emergency,8.78,2.67,5.08,20,10,3.0,80,250,5,3,1150
large_non_emergency,9.51,4.28,4.28,20,10,3.0,80,250,4,4,1320
large_non_emergency,11.42,2.89,5.44,20,10,3.0,80,250,6,4,1480
large_non_emergency,15.82,4.13,5.99,20,10,3.0,80,250,6,4,1480
large_non_emergency,11.39,3.02,4.54,20,10,3.0,80,250,5,4,1400
large_non_emergency,12.92,3.37,5.42,20,10,3.0,80,250,5,4,1400
large_non_emergency,24.07,3.52,4.13,20,10,3.0,80,250,9,8,2720
large_non_emergency,12.99,2.84,4.19,20,10,3.0,80,250,6,5,1730
large_non_emergency,19.95,4.48,5.84,20,10,3.0,80,250,6,5,1730
large_non_emergency,15.33,2.4,3.29,20,10,3.0,80,250,9,6,2220
large_non_emergency,13.44,4.01,3.55,20,10,3.0,80,250,5,5,1650
large_non_emergency,9.59,3.46,4.15,20,10,3.0,80,250,4,4,1320
large_non_emergency,8.22,2.32,3.01,20,10,3.0,80,250,5,4,1400
large_non_emergency,15.73,2.23,5.38,20,10,3.0,80,250,10,4,1800
large_non_emergency,17.13,2.3,4.36,20,10,3.0,80,250,9,6,2220
large_non_emergency,14.75,4.82,5.94,20,10,3.0,80,250,5,4,1400
large_non_emergency,23.35,2.65,3.96,20,10,3.0,80,250,11,8,2880
large_non_emergency,17.85,2.79,5.64,20,10,3.0,80,250,8,5,1890
large_non_emergency,24.48,4.38,3.19,20,10,3.0,80,250,7,10,3060
large_non_emergency,8.05,4.27,3.65,20,10,3.0,80,250,3,4,1240
large_non_emergency,23.29,4.36,5.05,20,10,3.0,80,250,7,6,2060
large_non_emergency,18.45,2.87,5.02,20,10,3.0,80,250,9,5,1970
large_non_emergency,9.48,2.52,3.68,20,10,3.0,80,250,5,4,1400
large_non_emergency,17.29,2.45,5.98,20,10,3.0,80,250,10,4,1800
large_non_emergency,6.05,3.06,4.59,20,10,3.0,80,250,3,3,990
large_non_emergency,13.24,4.89,5.75,20,10,3.0,80,250,4,4,1320
large_non_emergency,13.66,3.96,4.95,20,10,3.0,80,250,5,4,1400
large_non_emergency,11.07,2.5,3.01,20,10,3.0,80,250,6,5,1730
large_non_emergency,5.42,2.83,4.95,20,10,3.0,80,250,3,3,990
large_non_emergency,14.71,3.54,5.1,20,10,3.0,80,250,6,4,1480
large_non_emergency,22.34,3.14,5.87,20,10,3.0,80,250,10,5,2050
large_non_emergency,19.1,3.15,3.75,20,10,3.0,80,250,8,7,2390
large_non_emergency,23.15,4.65,5.26,20,10,3.0,80,250,7,6,2060
large_non_emergency,15.38,4.15,4.79,20,10,3.0,80,250,5,5,1650
large_non_emergency,5.33,3.48,3.02,20,10,3.0,80,250,3,3,990
large_non_emergency,8.31,3.16,3.27,20,10,3.0,80,250,4,4,1320
large_non_emergency,18.74,2.01,3.79,20,10,3.0,80,250,12,7,2710
large_non_emergency,6.21,3.67,5.75,20,10,3.0,80,250,3,3,990
large_non_emergency,17.85,4.99,3.41,20,10,3.0,80,250,5,7,2150
large_non_emergency,12.15,2.92,4.93,20,10,3.0,80,250,6,4,1480
large_non_emergency,17.87,4.93,3.71,20,10,3.0,80,250,6,6,1980
large_non_emergency,17.15,2.95,4.51,20,10,3.0,80,250,8,5,1890
large_non_emergency,19.97,2.83,4.82,20,10,3.0,80,250,9,6,2220
large_non_emergency,16.96,4.8,5.75,20,10,3.0,80,250,6,4,1480
large_non_emergency,17.4,3.0,5.25,20,10,3.0,80,250,8,5,1890
large_non_emergency,24.64,3.47,5.25,20,10,3.0,80,250,10,6,2300
large_non_emergency,8.45,3.04,3.38,20,10,3.0,80,250,4,4,1320
large_non_emergency,7.19,4.97,3.72,20,10,3.0,80,250,3,3,990
large_non_emergency,13.44,3.96,4.96,20,10,3.0,80,250,5,4,1400
large_non_emergency,20.11,4.65,3.87,20,10,3.0,80,250,6,7,2230
large_non_emergency,11.19,4.78,3.46,20,10,3.0,80,250,4,5,1570
large_non_emergency,10.72,4.08,3.87,20,10,3.0,80,250,4,4,1320
large_non_emergency,13.5,4.96,3.57,20,10,3.0,80,250,5,5,1650
large_non_emergency,11.52,4.2,4.31,20,10,3.0,80,250,4,4,1320
large_non_emergency,6.74,4.25,5.75,20,10,3.0,80,250,3,3,990
large_non_emergency,6.24,2.0,3.24,20,10,3.0,80,250,5,3,1150
large_non_emergency,8.04,4.65,3.58,20,10,3.0,80,250,3,4,1240
large_non_emergency,14.73,2.46,3.98,20,10,3.0,80,250,8,5,1890
large_non_emergency,14.8,2.14,4.81,20,10,3.0,80,250,9,5,1970
large_non_emergency,20.78,3.45,3.06,20,10,3.0,80,250,8,9,2890
large_non_emergency,9.82,4.49,3.7,20,10,3.0,80,250,4,4,1320
large_non_emergency,24.77,3.58,4.54,20,10,3.0,80,250,9,7,2470
large_non_emergency,9.45,3.57,5.07,20,10,3.0,80,250,4,3,1070
large_non_emergency,15.06,2.15,5.12,20,10,3.0,80,250,10,4,1800
large_non_emergency,22.79,3.44,4.44,20,10,3.0,80,250,9,7,2470
large_non_emergency,21.06,4.82,5.98,20,10,3.0,80,250,6,5,1730
large_non_emergency,8.93,4.78,5.23,20,10,3.0,80,250,3,3,990
large_non_emergency,8.48,2.32,4.33,20,10,3.0,80,250,6,3,1230
large_non_emergency,17.92,2.66,4.42,20,10,3.0,80,250,9,6,2220
large_non_emergency,13.69,3.04,4.87,20,10,3.0,80,250,6,4,1480
large_non_emergency,24.03,2.17,5.22,20,10,3.0,80,250,14,6,2620
large_non_emergency,22.57,4.65,3.94,20,10,3.0,80,250,8,7,2390
large_non_emergency,12.78,4.43,5.9,20,10,3.0,80,250,4,4,1320
large_non_emergency,22.41,4.91,5.38,20,10,3.0,80,250,6,6,1980
large_non_emergency,5.37,2.91,5.01,20,10,3.0,80,250,3,3,990
large_non_emergency,9.23,3.5,4.84,20,10,3.0,80,250,4,3,1070
large_non_emergency,10.45,3.25,3.78,20,10,3.0,80,250,5,4,1400
large_non_emergency,22.39,4.23,4.75,20,10,3.0,80,250,8,6,2140
large_non_emergency,11.67,2.44,3.48,20,10,3.0,80,250,7,5,1810
large_non_emergency,23.41,3.58,3.04,20,10,3.0,80,250,9,10,3220
large_non_emergency,13.19,3.01,4.63,20,10,3.0,80,250,6,4,1480
large_non_emergency,15.71,4.04,4.58,20,10,3.0,80,250,6,5,1730
large_non_emergency,6.56,2.47,4.89,20,10,3.0,80,250,4,3,1070
large_non_emergency,8.95,4.18,3.43,20,10,3.0,80,250,4,4,1320
large_non_emergency,19.47,2.33,3.57,20,10,3.0,80,250,11,7,2630
large_non_emergency,8.52,2.22,3.33,20,10,3.0,80,250,6,4,1480
large_non_emergency,15.06,3.39,5.18,20,10,3.0,80,250,7,4,1560
large_non_emergency,6.6,4.65,4.49,20,10,3.0,80,250,3,3,990
large_non_emergency,19.06,3.26,5.84,20,10,3.0,80,250,8,5,1890
large_non_emergency,6.34,4.43,4.03,20,10,3.0,80,250,3,3,990
large_non_emergency,24.8,2.63,3.65,20,10,3.0,80,250,12,9,3210
large_non_emergency,19.31,2.72,4.82,20,10,3.0,80,250,9,6,2220
large_non_emergency,6.2,4.91,4.89,20,10,3.0,80,250,3,3,990
large_non_emergency,10.82,2.76,5.52,20,10,3.0,80,250,6,3,1230
large_non_emergency,6.96,4.27,3.99,20,10,3.0,80,250,3,3,990
large_non_emergency,24.19,2.65,3.52,20,10,3.0,80,250,11,9,3130
large_non_emergency,11.75,3.8,4.5,20,10,3.0,80,250,5,4,1400
large_non_emergency,5.47,4.56,5.19,20,10,3.0,80,250,3,3,990
large_non_emergency,16.07,2.22,3.17,20,10,3.0,80,250,9,7,2470
large_non_emergency,21.25,2.94,3.61,20,10,3.0,80,250,9,8,2720
large_non_emergency,22.11,2.73,4.66,20,10,3.0,80,250,11,6,2380
large_non_emergency,19.35,2.53,3.68,20,10,3.0,80,250,10,7,2550
large_non_emergency,6.76,4.53,4.62,20,10,3.0,80,250,3,3,990
large_non_emergency,18.96,2.17,4.88,20,10,3.0,80,250,13,5,2290
large_non_emergency,6.47,3.17,5.36,20,10,3.0,80,250,4,3,1070
large_non_emergency,7.86,2.94,3.73,20,10,3.0,80,250,4,4,1320
large_non_emergency,17.32,3.22,3.07,20,10,3.0,80,250,8,7,2390
large_non_emergency,12.16,2.77,4.03,20,10,3.0,80,250,6,5,1730
large_non_emergency,7.21,2.65,5.3,20,10,3.0,80,250,4,3,1070
large_non_emergency,15.45,2.93,5.52,20,10,3.0,80,250,7,4,1560
large_non_emergency,16.71,2.1,4.9,20,10,3.0,80,250,10,5,2050
large_non_emergency,6.63,3.64,4.33,20,10,3.0,80,250,3,3,990
large_non_emergency,24.94,4.73,3.98,20,10,3.0,80,250,7,8,2560
large_non_emergency,6.79,3.36,4.53,20,10,3.0,80,250,4,3,1070
large_non_emergency,13.07,3.36,4.3,20,10,3.0,80,250,5,5,1650
large_non_emergency,5.45,2.36,3.79,20,10,3.0,80,250,4,3,1070
large_non_emergency,22.94,2.25,3.73,20,10,3.0,80,250,13,8,3040
large_non_emergency,13.45,3.29,3.46,20,10,3.0,80,250,7,5,1810
large_non_emergency,19.88,3.81,3.12,20,10,3.0,80,250,7,8,2560
large_non_emergency,7.99,3.59,4.95,20,10,3.0,80,250,4,3,1070
large_non_emergency,14.71,4.25,3.31,20,10,3.0,80,250,5,6,1900
large_non_emergency,13.34,2.7,4.75,20,10,3.0,80,250,7,4,1560
large_non_emergency,18.23,2.89,5.28,20,10,3.0,80,250,8,5,1890
large_non_emergency,5.22,3.3,3.0,20,10,3.0,80,250,3,3,990
large_non_emergency,22.94,2.72,4.98,20,10,3.0,80,250,11,6,2380
large_non_emergency,15.69,3.45,3.71,20,10,3.0,80,250,6,6,1980
large_non_emergency,22.77,4.24,4.21,20,10,3.0,80,250,7,7,2310
large_non_emergency,21.78,2.93,4.32,20,10,3.0,80,250,10,7,2550
large_non_emergency,5.19,2.84,5.45,20,10,3.0,80,250,3,2,740
large_non_emergency,12.78,2.6,4.79,20,10,3.0,80,250,7,4,1560
large_non_emergency,14.99,3.56,5.4,20,10,3.0,80,250,6,4,1480
large_non_emergency,8.87,2.28,4.86,20,10,3.0,80,250,6,3,1230
large_non_emergency,18.47,4.52,5.34,20,10,3.0,80,250,6,5,1730
large_non_emergency,6.64,3.8,5.66,20,10,3.0,80,250,3,3,990
large_non_emergency,11.41,3.53,4.16,20,10,3.0,80,250,5,4,1400
large_non_emergency,9.25,4.94,5.84,20,10,3.0,80,250,3,3,990
large_non_emergency,10.0,2.56,3.07,20,10,3.0,80,250,6,5,1730
large_non_emergency,13.78,4.65,4.37,20,10,3.0,80,250,4,5,1570
large_non_emergency,15.38,2.34,5.42,20,10,3.0,80,250,9,4,1720
large_non_emergency,15.45,2.05,4.11,20,10,3.0,80,250,10,5,2050
large_non_emergency,6.95,2.39,3.11,20,10,3.0,80,250,4,4,1320
large_non_emergency,24.66,3.72,3.31,20,10,3.0,80,250,9,9,2970
large_non_emergency,22.25,4.72,5.38,20,10,3.0,80,250,6,6,1980
large_non_emergency,21.84,3.14,5.96,20,10,3.0,80,250,9,5,1970
large_non_emergency,11.89,4.73,3.54,20,10,3.0,80,250,4,5,1570
large_non_emergency,24.6,2.44,3.57,20,10,3.0,80,250,12,9,3210
large_non_emergency,18.84,3.02,3.01,20,10,3.0,80,250,8,8,2640
large_non_emergency,9.97,4.01,4.37,20,10,3.0,80,250,4,4,1320
large_non_emergency,22.91,3.69,3.43,20,10,3.0,80,250,8,9,2890
large_non_emergency,15.89,2.11,4.54,20,10,3.0,80,250,10,5,2050
large_non_emergency,19.91,3.89,4.93,20,10,3.0,80,250,7,6,2060
large_non_emergency,7.8,4.56,4.91,20,10,3.0,80,250,3,3,990
large_non_emergency,15.86,4.04,4.11,20,10,3.0,80,250,6,5,1730
large_non_emergency,12.21,4.47,5.41,20,10,3.0,80,250,4,4,1320
large_non_emergency,17.97,2.46,3.82,20,10,3.0,80,250,10,6,2300
large_non_emergency,9.41,3.91,4.48,20,10,3.0,80,250,4,4,1320
large_non_emergency,9.64,2.15,5.15,20,10,3.0,80,250,6,3,1230
large_non_emergency,5.64,3.34,5.12,20,10,3.0,80,250,3,3,990
large_non_emergency,14.11,2.53,3.79,20,10,3.0,80,250,8,5,1890
large_non_emergency,18.05,3.68,4.22,20,10,3.0,80,250,7,6,2060
large_non_emergency,18.46,2.23,5.42,20,10,3.0,80,250,10,5,2050
large_non_emergency,17.37,4.45,3.98,20,10,3.0,80,250,6,6,1980
large_non_emergency,13.19,2.81,5.32,20,10,3.0,80,250,6,4,1480
large_non_emergency,8.29,2.24,4.41,20,10,3.0,80,250,5,3,1150
large_non_emergency,10.53,4.22,4.26,20,10,3.0,80,250,4,4,1320
large_non_emergency,22.18,2.03,3.24,20,10,3.0,80,250,13,9,3290
large_non_emergency,11.9,3.14,5.11,20,10,3.0,80,250,5,4,1400
large_non_emergency,16.37,4.37,5.47,20,10,3.0,80,250,6,4,1480
large_non_emergency,6.82,2.27,3.38,20,10,3.0,80,250,5,4,1400
large_non_emergency,8.91,4.22,4.73,20,10,3.0,80,250,4,3,1070
large_non_emergency,9.19,4.89,4.43,20,10,3.0,80,250,3,4,1240
large_non_emergency,15.79,2.59,4.33,20,10,3.0,80,250,8,5,1890
large_non_emergency,21.44,3.93,5.8,20,10,3.0,80,250,8,5,1890
large_non_emergency,10.54,4.17,3.03,20,10,3.0,80,250,4,5,1570
large_non_emergency,23.33,2.67,4.21,20,10,3.0,80,250,11,7,2630
large_non_emergency,22.45,4.16,4.68,20,10,3.0,80,250,8,6,2140
large_non_emergency,13.17,2.39,3.67,20,10,3.0,80,250,8,5,1890
large_non_emergency,22.63,3.49,4.17,20,10,3.0,80,250,9,7,2470
large_non_emergency,5.2,2.98,3.33,20,10,3.0,80,250,3,3,990
large_non_emergency,20.85,3.14,3.33,20,10,3.0,80,250,9,8,2720
large_non_emergency,19.01,4.51,3.75,20,10,3.0,80,250,6,7,2230
large_non_emergency,18.06,2.84,4.6,20,10,3.0,80,250,10,5,2050
large_non_emergency,16.53,4.8,4.0,20,10,3.0,80,250,5,6,1900
large_non_emergency,22.44,4.72,4.19,20,10,3.0,80,250,7,7,2310
large_non_emergency,6.7,3.43,4.95,20,10,3.0,80,250,3,3,990
large_non_emergency,16.22,4.6,3.99,20,10,3.0,80,250,5,6,1900
large_non_emergency,15.76,4.59,5.9,20,10,3.0,80,250,5,4,1400
large_non_emergency,11.16,2.31,3.39,20,10,3.0,80,250,7,5,1810
large_non_emergency,13.56,3.91,4.33,20,10,3.0,80,250,5,5,1650
large_non_emergency,18.29,4.42,3.21,20,10,3.0,80,250,7,7,2310
large_non_emergency,8.92,3.53,4.53,20,10,3.0,80,250,4,3,1070
large_non_emergency,17.69,4.39,4.0,20,10,3.0,80,250,6,6,1980
large_non_emergency,15.46,2.18,4.98,20,10,3.0,80,250,9,5,1970
large_non_emergency,8.35,3.14,5.06,20,10,3.0,80,250,4,3,1070
large_non_emergency,21.31,2.18,4.27,20,10,3.0,80,250,12,7,2710
large_non_emergency,17.23,2.69,3.38,20,10,3.0,80,250,8,7,2390
large_non_emergency,18.28,2.09,4.16,20,10,3.0,80,250,11,6,2380
large_non_emergency,22.26,3.42,4.09,20,10,3.0,80,250,9,7,2470
large_non_emergency,18.92,3.58,3.25,20,10,3.0,80,250,7,8,2560
large_non_emergency,20.07,2.59,4.54,20,10,3.0,80,250,10,6,2300
large_non_emergency,22.04,2.73,3.52,20,10,3.0,80,250,10,8,2800
large_non_emergency,22.74,2.57,3.53,20,10,3.0,80,250,12,8,2960
large_non_emergency,14.94,4.12,3.63,20,10,3.0,80,250,5,6,1900
large_non_emergency,19.08,3.19,3.7,20,10,3.0,80,250,8,7,2390
large_non_emergency,18.25,3.52,4.93,20,10,3.0,80,250,7,5,1810
large_non_emergency,8.09,3.72,4.44,20,10,3.0,80,250,4,3,1070
large_non_emergency,16.47,2.42,4.31,20,10,3.0,80,250,10,5,2050
large_non_emergency,8.17,3.27,4.2,20,10,3.0,80,250,4,3,1070
large_non_emergency,24.76,4.3,5.35,20,10,3.0,80,250,8,6,2140
large_non_emergency,17.24,2.23,4.75,20,10,3.0,80,250,10,5,2050
large_non_emergency,18.65,3.53,3.18,20,10,3.0,80,250,7,8,2560
large_non_emergency,8.47,2.93,3.4,20,10,3.0,80,250,4,4,1320
large_non_emergency,18.22,3.41,4.8,20,10,3.0,80,250,8,5,1890
large_non_emergency,22.99,3.57,5.98,20,10,3.0,80,250,9,5,1970
large_non_emergency,13.79,4.44,5.35,20,10,3.0,80,250,5,4,1400
large_non_emergency,15.34,3.19,5.08,20,10,3.0,80,250,6,5,1730
large_non_emergency,15.9,2.66,3.8,20,10,3.0,80,250,8,6,2140
large_non_emergency,24.09,4.58,5.16,20,10,3.0,80,250,7,6,2060
large_non_emergency,23.82,2.94,3.36,20,10,3.0,80,250,10,9,3050
large_non_emergency,24.93,2.55,3.51,20,10,3.0,80,250,12,9,3210
large_non_emergency,6.82,2.39,4.96,20,10,3.0,80,250,4,3,1070
large_non_emergency,9.2,2.37,3.55,20,10,3.0,80,250,6,4,1480
large_non_emergency,18.66,2.87,3.88,20,10,3.0,80,250,10,6,2300
large_non_emergency,20.71,2.12,5.93,20,10,3.0,80,250,12,5,2210
large_non_emergency,10.8,4.12,3.69,20,10,3.0,80,250,4,4,1320
large_non_emergency,21.26,3.1,5.65,20,10,3.0,80,250,9,5,1970
large_non_emergency,24.21,2.24,5.56,20,10,3.0,80,250,13,6,2540
large_non_emergency,13.59,4.82,4.66,20,10,3.0,80,250,5,4,1400
large_non_emergency,10.07,3.44,3.35,20,10,3.0,80,250,4,5,1570
large_non_emergency,10.7,2.47,3.76,20,10,3.0,80,250,6,4,1480
large_non_emergency,19.52,4.93,3.42,20,10,3.0,80,250,7,7,2310
large_non_emergency,10.46,3.75,4.57,20,10,3.0,80,250,4,4,1320
large_non_emergency,8.68,3.66,3.46,20,10,3.0,80,250,4,4,1320
large_non_emergency,16.24,4.68,4.54,20,10,3.0,80,250,5,5,1650
large_non_emergency,9.85,4.29,5.89,20,10,3.0,80,250,4,3,1070
large_non_emergency,15.96,2.03,5.36,20,10,3.0,80,250,11,4,1880
large_non_emergency,15.08,2.78,3.43,20,10,3.0,80,250,7,6,2060
large_non_emergency,22.75,3.95,5.73,20,10,3.0,80,250,8,6,2140
large_non_emergency,18.97,4.58,3.17,20,10,3.0,80,250,6,8,2480
large_non_emergency,24.52,2.54,5.42,20,10,3.0,80,250,12,6,2460
large_non_emergency,23.94,4.11,4.16,20,10,3.0,80,250,10,7,2550
large_non_emergency,11.67,2.77,5.09,20,10,3.0,80,250,6,4,1480
large_non_emergency,6.65,4.34,3.91,20,10,3.0,80,250,3,3,990
large_non_emergency,6.5,2.98,4.05,20,10,3.0,80,250,4,3,1070
large_non_emergency,15.95,3.55,3.99,20,10,3.0,80,250,6,6,1980
large_non_emergency,19.32,4.25,3.01,20,10,3.0,80,250,7,8,2560
large_non_emergency,22.58,4.9,5.54,20,10,3.0,80,250,6,6,1980
large_non_emergency,7.94,4.48,4.58,20,10,3.0,80,250,3,3,990
large_non_emergency,22.11,2.94,4.47,20,10,3.0,80,250,10,7,2550
large_non_emergency,8.1,4.21,3.19,20,10,3.0,80,250,3,4,1240
large_non_emergency,9.04,3.72,4.84,20,10,3.0,80,250,4,3,1070
large_non_emergency,15.75,4.29,5.53,20,10,3.0,80,250,5,4,1400
large_non_emergency,15.91,2.78,4.67,20,10,3.0,80,250,8,5,1890
large_non_emergency,10.88,2.57,4.89,20,10,3.0,80,250,6,4,1480
large_non_emergency,20.18,3.36,4.0,20,10,3.0,80,250,8,7,2390
large_non_emergency,7.97,4.71,5.21,20,10,3.0,80,250,3,3,990
large_non_emergency,24.88,2.05,5.0,20,10,3.0,80,250,15,7,2950
large_non_emergency,9.9,3.72,5.48,20,10,3.0,80,250,4,3,1070
large_non_emergency,8.95,4.92,5.99,20,10,3.0,80,250,3,3,990
large_non_emergency,24.18,2.28,4.04,20,10,3.0,80,250,13,8,3040
large_non_emergency,20.45,3.28,3.34,20,10,3.0,80,250,8,8,2640
large_non_emergency,7.49,3.3,5.4,20,10,3.0,80,250,4,3,1070
large_non_emergency,21.87,2.62,4.69,20,10,3.0,80,250,11,6,2380
large_non_emergency,21.04,3.28,3.43,20,10,3.0,80,250,8,8,2640
large_non_emergency,18.05,2.4,4.76,20,10,3.0,80,250,10,5,2050
large_non_emergency,6.81,3.02,3.32,20,10,3.0,80,250,4,4,1320
large_non_emergency,17.45,2.93,5.8,20,10,3.0,80,250,8,5,1890
large_non_emergency,13.98,2.34,4.34,20,10,3.0,80,250,8,5,1890
large_non_emergency,15.82,4.95,5.88,20,10,3.0,80,250,5,4,1400
large_non_emergency,6.81,2.22,5.59,20,10,3.0,80,250,5,3,1150
large_non_emergency,22.97,3.26,3.78,20,10,3.0,80,250,9,8,2720
large_non_emergency,24.21,3.6,3.94,20,10,3.0,80,250,9,8,2720
large_non_emergency,12.49,3.5,4.85,20,10,3.0,80,250,5,4,1400
large_non_emergency,15.79,3.49,5.56,20,10,3.0,80,250,6,4,1480
large_non_emergency,15.33,2.05,4.52,20,10,3.0,80,250,10,5,2050
large_non_emergency,12.38,2.77,3.09,20,10,3.0,80,250,6,6,1980
large_non_emergency,13.58,3.76,4.17,20,10,3.0,80,250,5,5,1650
large_non_emergency,18.15,3.0,3.99,20,10,3.0,80,250,8,6,2140
large_non_emergency,18.1,2.03,4.03,20,10,3.0,80,250,11,6,2380
large_non_emergency,22.46,3.75,4.2,20,10,3.0,80,250,8,7,2390
large_non_emergency,9.88,3.7,5.72,20,10,3.0,80,250,4,3,1070
large_non_emergency,11.0,3.87,4.68,20,10,3.0,80,250,4,4,1320
large_non_emergency,17.2,2.65,3.43,20,10,3.0,80,250,8,7,2390
large_non_emergency,20.35,2.62,4.19,20,10,3.0,80,250,10,7,2550
large_non_emergency,10.22,4.45,4.48,20,10,3.0,80,250,4,4,1320
large_non_emergency,22.87,2.24,3.11,20,10,3.0,80,250,13,9,3290
large_non_emergency,15.45,3.67,5.85,20,10,3.0,80,250,6,4,1480
large_non_emergency,24.69,4.1,3.25,20,10,3.0,80,250,8,10,3140
large_non_emergency,15.92,3.5,5.33,20,10,3.0,80,250,7,4,1560
large_non_emergency,14.24,4.57,3.96,20,10,3.0,80,250,5,5,1650
large_non_emergency,14.62,3.44,3.89,20,10,3.0,80,250,6,5,1730
large_non_emergency,13.8,2.98,4.63,20,10,3.0,80,250,7,4,1560
large_non_emergency,18.49,2.75,4.85,20,10,3.0,80,250,9,5,1970
large_non_emergency,10.95,3.9,5.98,20,10,3.0,80,250,4,3,1070
large_non_emergency,14.71,4.98,5.49,20,10,3.0,80,250,5,4,1400
large_non_emergency,13.34,4.73,5.89,20,10,3.0,80,250,4,4,1320
large_non_emergency,6.15,4.46,3.14,20,10,3.0,80,250,3,3,990
large_non_emergency,16.99,3.94,4.83,20,10,3.0,80,250,6,5,1730
large_non_emergency,18.2,3.06,4.99,20,10,3.0,80,250,8,5,1890
large_non_emergency,18.41,3.49,5.28,20,10,3.0,80,250,7,5,1810
large_non_emergency,8.47,4.93,3.77,20,10,3.0,80,250,3,4,1240
large_non_emergency,22.92,4.66,5.03,20,10,3.0,80,250,7,6,2060
large_non_emergency,5.65,2.43,3.92,20,10,3.0,80,250,4,3,1070
large_non_emergency,15.61,3.71,3.82,20,10,3.0,80,250,6,6,1980
large_non_emergency,23.92,3.83,3.76,20,10,3.0,80,250,8,8,2640
large_non_emergency,17.42,4.29,3.15,20,10,3.0,80,250,6,7,2230
large_non_emergency,23.32,3.41,4.53,20,10,3.0,80,250,9,7,2470
large_non_emergency,24.92,4.47,5.37,20,10,3.0,80,250,8,6,2140
large_non_emergency,22.16,4.95,4.63,20,10,3.0,80,250,7,6,2060
large_non_emergency,20.4,2.34,3.96,20,10,3.0,80,250,11,7,2630
large_non_emergency,10.43,4.84,3.99,20,10,3.0,80,250,4,4,1320
large_non_emergency,8.88,3.72,3.44,20,10,3.0,80,250,4,4,1320
large_non_emergency,18.38,2.36,3.01,20,10,3.0,80,250,10,8,2800
large_non_emergency,11.61,4.69,4.99,20,10,3.0,80,250,4,4,1320
large_non_emergency,12.45,4.79,3.07,20,10,3.0,80,250,4,6,1820
large_non_emergency,9.51,4.18,4.94,20,10,3.0,80,250,4,3,1070
large_non_emergency,10.53,3.53,3.23,20,10,3.0,80,250,5,5,1650
large_non_emergency,23.36,2.91,3.37,20,10,3.0,80,250,10,9,3050
large_non_emergency,10.96,4.36,3.25,20,10,3.0,80,250,4,5,1570
large_non_emergency,9.22,2.75,5.17,20,10,3.0,80,250,5,3,1150
large_non_emergency,12.87,4.8,5.43,20,10,3.0,80,250,4,4,1320
large_non_emergency,18.61,3.58,5.33,20,10,3.0,80,250,7,5,1810
large_non_emergency,9.4,3.8,3.29,20,10,3.0,80,250,4,4,1320
large_non_emergency,18.68,4.08,5.42,20,10,3.0,80,250,6,5,1730
large_non_emergency,13.95,4.85,4.57,20,10,3.0,80,250,4,5,1570
large_non_emergency,9.16,2.93,3.57,20,10,3.0,80,250,5,4,1400
large_non_emergency,16.45,3.97,4.55,20,10,3.0,80,250,6,5,1730
large_non_emergency,18.56,2.78,5.88,20,10,3.0,80,250,9,5,1970
large_non_emergency,16.52,3.62,4.47,20,10,3.0,80,250,7,5,1810
large_non_emergency,19.08,4.76,4.76,20,10,3.0,80,250,6,6,1980
large_non_emergency,16.23,3.8,4.38,20,10,3.0,80,250,6,5,1730
large_non_emergency,7.69,3.89,5.81,20,10,3.0,80,250,3,3,990
large_non_emergency,15.29,4.82,5.87,20,10,3.0,80,250,5,4,1400
large_non_emergency,9.79,4.25,4.51,20,10,3.0,80,250,4,4,1320
large_non_emergency,17.73,2.12,4.23,20,10,3.0,80,250,11,6,2380
large_non_emergency,11.38,2.21,3.81,20,10,3.0,80,250,8,4,1640
large_non_emergency,18.24,2.25,3.17,20,10,3.0,80,250,10,8,2800
large_non_emergency,14.68,2.94,3.85,20,10,3.0,80,250,7,5,1810
large_non_emergency,14.93,4.07,4.85,20,10,3.0,80,250,5,5,1650
large_non_emergency,7.9,4.28,4.22,20,10,3.0,80,250,3,3,990
large_non_emergency,16.57,4.01,5.33,20,10,3.0,80,250,6,5,1730
large_non_emergency,23.7,2.19,5.43,20,10,3.0,80,250,13,6,2540
large_non_emergency,10.11,2.43,4.87,20,10,3.0,80,250,6,4,1480
large_non_emergency,23.46,4.86,4.53,20,10,3.0,80,250,7,7,2310
large_non_emergency,13.94,3.26,4.37,20,10,3.0,80,250,6,5,1730
large_non_emergency,5.49,2.71,5.44,20,10,3.0,80,250,4,3,1070
large_non_emergency,19.98,4.65,5.79,20,10,3.0,80,250,6,5,1730
large_non_emergency,21.09,4.92,5.69,20,10,3.0,80,250,6,5,1730
large_non_emergency,24.46,2.92,4.32,20,10,3.0,80,250,12,7,2710
large_non_emergency,18.01,3.51,3.06,20,10,3.0,80,250,7,8,2560
large_non_emergency,15.51,4.44,4.25,20,10,3.0,80,250,5,5,1650
large_non_emergency,9.37,4.48,5.58,20,10,3.0,80,250,4,3,1070
large_non_emergency,17.46,2.42,4.25,20,10,3.0,80,250,9,6,2220
large_non_emergency,14.32,4.76,5.33,20,10,3.0,80,250,5,4,1400
large_non_emergency,17.43,4.11,3.68,20,10,3.0,80,250,7,6,2060
large_non_emergency,5.16,2.07,5.59,20,10,3.0,80,250,4,2,820
large_non_emergency,8.56,2.69,3.74,20,10,3.0,80,250,5,4,1400
large_non_emergency,22.85,4.36,5.22,20,10,3.0,80,250,7,6,2060
large_non_emergency,21.73,4.06,5.35,20,10,3.0,80,250,7,6,2060
large_non_emergency,6.52,2.14,4.31,20,10,3.0,80,250,5,3,1150
large_non_emergency,8.16,4.25,3.05,20,10,3.0,80,250,3,4,1240
large_non_emergency,17.3,3.13,3.49,20,10,3.0,80,250,7,7,2310
large_non_emergency,6.71,3.22,3.36,20,10,3.0,80,250,4,3,1070
large_non_emergency,7.08,3.02,4.51,20,10,3.0,80,250,4,3,1070
large_non_emergency,19.03,4.1,5.2,20,10,3.0,80,250,7,5,1810
large_non_emergency,17.63,4.93,3.76,20,10,3.0,80,250,6,6,1980
large_non_emergency,13.93,4.97,4.69,20,10,3.0,80,250,5,4,1400
large_non_emergency,20.9,4.19,3.5,20,10,3.0,80,250,7,8,2560
large_non_emergency,21.71,3.3,5.38,20,10,3.0,80,250,8,6,2140
large_non_emergency,8.85,4.55,5.35,20,10,3.0,80,250,3,3,990
large_non_emergency,22.63,2.3,3.22,20,10,3.0,80,250,12,9,3210
large_non_emergency,10.12,4.29,5.25,20,10,3.0,80,250,4,3,1070
large_non_emergency,14.73,3.46,5.95,20,10,3.0,80,250,6,4,1480
large_non_emergency,20.42,2.29,5.51,20,10,3.0,80,250,12,5,2210
large_non_emergency,13.42,4.02,5.19,20,10,3.0,80,250,5,4,1400
large_non_emergency,11.81,2.63,5.03,20,10,3.0,80,250,6,4,1480
large_non_emergency,17.06,3.12,4.52,20,10,3.0,80,250,8,5,1890
large_non_emergency,11.68,2.48,3.66,20,10,3.0,80,250,6,5,1730
large_non_emergency,9.15,4.34,5.5,20,10,3.0,80,250,4,3,1070
large_non_emergency,5.31,4.3,4.61,20,10,3.0,80,250,3,3,990
large_non_emergency,8.06,3.95,3.37,20,10,3.0,80,250,4,4,1320
large_non_emergency,19.76,4.06,4.92,20,10,3.0,80,250,7,6,2060
large_non_emergency,18.34,2.99,3.96,20,10,3.0,80,250,8,6,2140
large_non_emergency,19.49,4.58,5.57,20,10,3.0,80,250,6,5,1730
large_non_emergency,17.73,4.57,5.47,20,10,3.0,80,250,5,5,1650
large_non_emergency,20.9,3.54,5.04,20,10,3.0,80,250,8,6,2140
large_non_emergency,15.48,4.8,4.41,20,10,3.0,80,250,5,5,1650
large_non_emergency,21.21,4.19,5.6,20,10,3.0,80,250,7,5,1810
large_non_emergency,9.74,2.72,5.7,20,10,3.0,80,250,5,3,1150
large_non_emergency,20.62,2.27,4.73,20,10,3.0,80,250,11,6,2380
large_non_emergency,18.43,4.35,3.07,20,10,3.0,80,250,6,8,2480
large_non_emergency,21.52,4.66,5.56,20,10,3.0,80,250,7,5,1810
large_non_emergency,16.15,4.94,4.61,20,10,3.0,80,250,5,5,1650
large_non_emergency,13.44,2.44,3.58,20,10,3.0,80,250,8,5,1890
large_non_emergency,14.21,2.81,4.06,20,10,3.0,80,250,7,5,1810
large_non_emergency,19.68,3.99,4.06,20,10,3.0,80,250,9,6,2220
large_non_emergency,5.46,3.19,5.64,20,10,3.0,80,250,3,2,740
large_non_emergency,14.06,4.27,3.06,20,10,3.0,80,250,5,6,1900
large_non_emergency,14.05,4.59,3.6,20,10,3.0,80,250,5,5,1650
large_non_emergency,9.93,2.75,5.41,20,10,3.0,80,250,5,3,1150
large_non_emergency,7.13,4.63,5.0,20,10,3.0,80,250,3,3,990
large_non_emergency,10.75,3.62,3.61,20,10,3.0,80,250,5,4,1400
large_non_emergency,13.21,2.65,5.52,20,10,3.0,80,250,7,4,1560
large_non_emergency,5.95,2.77,4.45,20,10,3.0,80,250,4,3,1070
large_non_emergency,10.42,3.6,3.02,20,10,3.0,80,250,4,5,1570
large_non_emergency,15.93,4.55,5.89,20,10,3.0,80,250,5,4,1400
large_non_emergency,20.36,4.01,5.18,20,10,3.0,80,250,8,5,1890
large_non_emergency,7.47,2.73,3.68,20,10,3.0,80,250,4,4,1320
large_non_emergency,10.07,2.29,4.73,20,10,3.0,80,250,6,4,1480
large_non_emergency,20.49,2.54,5.6,20,10,3.0,80,250,10,5,2050
large_non_emergency,16.22,2.99,4.83,20,10,3.0,80,250,7,5,1810
large_non_emergency,24.95,4.11,3.44,20,10,3.0,80,250,8,9,2890
large_non_emergency,13.02,3.8,5.62,20,10,3.0,80,250,5,4,1400
large_non_emergency,8.84,4.17,3.76,20,10,3.0,80,250,4,4,1320
large_non_emergency,22.11,4.61,5.74,20,10,3.0,80,250,7,5,1810
large_non_emergency,10.62,4.41,3.83,20,10,3.0,80,250,4,4,1320
large_non_emergency,9.68,2.12,4.26,20,10,3.0,80,250,6,4,1480
large_non_emergency,13.98,2.77,5.0,20,10,3.0,80,250,7,4,1560
large_non_emergency,14.12,3.68,4.32,20,10,3.0,80,250,5,5,1650
large_non_emergency,18.52,2.09,5.66,20,10,3.0,80,250,11,5,2130
large_non_emergency,14.68,4.01,5.76,20,10,3.0,80,250,5,4,1400
large_non_emergency,16.16,2.73,5.97,20,10,3.0,80,250,8,4,1640
large_non_emergency,17.98,2.82,3.6,20,10,3.0,80,250,8,7,2390
large_non_emergency,8.32,3.99,4.46,20,10,3.0,80,250,4,3,1070
large_non_emergency,13.94,4.63,5.28,20,10,3.0,80,250,5,4,1400
large_non_emergency,5.73,2.7,4.77,20,10,3.0,80,250,4,3,1070
large_non_emergency,19.04,3.85,3.33,20,10,3.0,80,250,8,7,2390
large_non_emergency,18.31,4.03,3.72,20,10,3.0,80,250,6,7,2230
large_non_emergency,11.94,4.34,5.66,20,10,3.0,80,250,4,4,1320
large_non_emergency,14.21,4.38,5.45,20,10,3.0,80,250,5,4,1400
large_non_emergency,20.0,4.83,3.99,20,10,3.0,80,250,6,7,2230
large_non_emergency,17.49,3.24,4.35,20,10,3.0,80,250,7,6,2060
large_non_emergency,8.67,3.19,4.84,20,10,3.0,80,250,4,3,1070
large_non_emergency,15.45,2.08,5.22,20,10,3.0,80,250,10,4,1800
large_non_emergency,9.35,2.8,4.85,20,10,3.0,80,250,5,3,1150
large_non_emergency,20.31,4.7,4.79,20,10,3.0,80,250,6,6,1980
large_non_emergency,20.13,4.25,3.78,20,10,3.0,80,250,7,7,2310
large_non_emergency,18.19,2.09,4.23,20,10,3.0,80,250,11,6,2380
large_non_emergency,18.43,3.54,5.83,20,10,3.0,80,250,7,5,1810
large_non_emergency,16.92,2.2,4.9,20,10,3.0,80,250,10,5,2050
large_non_emergency,21.91,2.54,3.9,20,10,3.0,80,250,12,7,2710
large_non_emergency,11.63,2.06,4.66,20,10,3.0,80,250,8,4,1640
large_non_emergency,8.66,4.53,5.41,20,10,3.0,80,250,3,3,990
large_non_emergency,8.77,2.82,3.15,20,10,3.0,80,250,5,4,1400
large_non_emergency,22.28,2.37,3.34,20,10,3.0,80,250,12,9,3210
large_non_emergency,12.33,2.7,4.66,20,10,3.0,80,250,6,4,1480
large_non_emergency,12.81,3.39,5.79,20,10,3.0,80,250,5,4,1400
large_non_emergency,15.65,3.46,5.18,20,10,3.0,80,250,6,5,1730
large_non_emergency,8.44,3.39,4.02,20,10,3.0,80,250,4,4,1320
large_non_emergency,21.87,3.7,5.48,20,10,3.0,80,250,8,6,2140
large_non_emergency,19.07,3.25,3.99,20,10,3.0,80,250,9,6,2220
large_non_emergency,24.07,4.72,4.95,20,10,3.0,80,250,9,6,2220
large_non_emergency,21.98,4.22,3.08,20,10,3.0,80,250,7,9,2810
large_non_emergency,10.11,4.26,4.14,20,10,3.0,80,250,4,4,1320
large_non_emergency,12.32,3.26,5.79,20,10,3.0,80,250,5,4,1400
large_non_emergency,9.89,3.81,4.31,20,10,3.0,80,250,4,4,1320
large_non_emergency,5.79,2.02,4.69,20,10,3.0,80,250,4,3,1070
large_non_emergency,20.83,2.0,4.23,20,10,3.0,80,250,13,7,2790
large_non_emergency,6.47,3.62,5.23,20,10,3.0,80,250,3,3,990
large_non_emergency,24.53,3.95,5.58,20,10,3.0,80,250,8,6,2140
large_non_emergency,5.62,2.38,5.05,20,10,3.0,80,250,4,3,1070
large_non_emergency,7.11,4.61,4.25,20,10,3.0,80,250,3,3,990
large_non_emergency,5.49,3.79,3.34,20,10,3.0,80,250,3,3,990
large_non_emergency,22.25,3.76,5.6,20,10,3.0,80,250,8,6,2140
large_non_emergency,24.75,2.3,3.79,20,10,3.0,80,250,14,8,3120
large_non_emergency,24.28,3.34,4.46,20,10,3.0,80,250,10,7,2550
large_non_emergency,21.13,2.92,4.29,20,10,3.0,80,250,9,7,2470
large_non_emergency,12.54,4.27,5.79,20,10,3.0,80,250,4,4,1320
large_non_emergency,11.08,3.62,5.49,20,10,3.0,80,250,5,4,1400
large_non_emergency,5.58,4.52,3.85,20,10,3.0,80,250,3,3,990
large_non_emergency,8.56,4.85,3.61,20,10,3.0,80,250,3,4,1240
large_non_emergency,15.79,4.24,3.79,20,10,3.0,80,250,5,6,1900
large_non_emergency,17.24,3.76,5.84,20,10,3.0,80,250,7,4,1560
large_non_emergency,22.0,4.01,5.96,20,10,3.0,80,250,8,5,1890
large_non_emergency,18.07,4.65,4.66,20,10,3.0,80,250,6,5,1730
large_non_emergency,5.2,4.4,3.99,20,10,3.0,80,250,3,3,990
large_non_emergency,10.66,2.36,3.88,20,10,3.0,80,250,6,4,1480
large_non_emergency,6.71,2.06,3.44,20,10,3.0,80,250,5,3,1150
large_non_emergency,22.0,4.54,4.93,20,10,3.0,80,250,7,6,2060
large_non_emergency,16.01,3.1,5.67,20,10,3.0,80,250,7,4,1560
large_non_emergency,17.25,2.55,3.23,20,10,3.0,80,250,9,7,2470
large_non_emergency,18.4,3.32,3.29,20,10,3.0,80,250,8,7,2390
large_non_emergency,24.11,2.42,4.34,20,10,3.0,80,250,13,7,2790
large_non_emergency,8.11,4.05,5.97,20,10,3.0,80,250,4,3,1070
large_non_emergency,6.73,2.46,3.94,20,10,3.0,80,250,4,3,1070
large_non_emergency,24.67,2.37,3.3,20,10,3.0,80,250,14,9,3370
large_non_emergency,5.74,2.94,5.86,20,10,3.0,80,250,3,2,740
large_non_emergency,8.59,4.08,5.75,20,10,3.0,80,250,4,3,1070
large_non_emergency,19.32,4.01,5.4,20,10,3.0,80,250,7,5,1810
large_non_emergency,15.52,2.79,3.83,20,10,3.0,80,250,7,6,2060
large_non_emergency,23.47,4.57,3.84,20,10,3.0,80,250,7,8,2560
large_non_emergency,24.48,3.08,5.06,20,10,3.0,80,250,12,6,2460
large_non_emergency,15.84,2.33,5.7,20,10,3.0,80,250,9,4,1720
large_non_emergency,11.26,2.86,3.0,20,10,3.0,80,250,6,5,1730
large_non_emergency,6.99,4.51,3.12,20,10,3.0,80,250,3,4,1240
large_non_emergency,6.31,2.89,4.18,20,10,3.0,80,250,4,3,1070
large_non_emergency,21.78,4.42,5.95,20,10,3.0,80,250,7,5,1810
large_non_emergency,11.5,3.98,3.37,20,10,3.0,80,250,4,5,1570
large_non_emergency,20.33,4.02,3.61,20,10,3.0,80,250,8,7,2390
large_non_emergency,15.5,3.14,4.32,20,10,3.0,80,250,7,5,1810
large_non_emergency,6.68,4.88,4.85,20,10,3.0,80,250,3,3,990
large_non_emergency,13.97,2.28,3.54,20,10,3.0,80,250,8,6,2140
large_non_emergency,11.19,3.47,4.2,20,10,3.0,80,250,5,4,1400
large_non_emergency,24.72,2.72,5.71,20,10,3.0,80,250,11,6,2380
large_non_emergency,7.73,2.32,3.06,20,10,3.0,80,250,5,4,1400
large_non_emergency,21.89,4.83,4.64,20,10,3.0,80,250,7,6,2060
large_non_emergency,5.18,4.72,4.26,20,10,3.0,80,250,3,3,990
large_non_emergency,19.62,2.71,5.59,20,10,3.0,80,250,9,5,1970
large_emergency,108.17,10.3,8.37,30,20,0.75,200,800,14,17,16400
large_emergency,111.94,6.92,12.44,30,20,0.75,200,800,21,12,13800
large_emergency,53.41,5.26,9.46,30,20,0.75,200,800,16,8,9600
large_emergency,84.83,7.3,10.01,30,20,0.75,200,800,16,12,12800
large_emergency,77.3,10.36,7.43,30,20,0.75,200,800,11,14,13400
large_emergency,70.9,6.79,12.98,30,20,0.75,200,800,15,8,9400
large_emergency,113.85,5.13,11.43,30,20,0.75,200,800,29,13,16200
large_emergency,64.09,8.23,12.27,30,20,0.75,200,800,11,8,8600
large_emergency,57.42,6.45,9.98,30,20,0.75,200,800,12,9,9600
large_emergency,61.45,7.64,13.04,30,20,0.75,200,800,12,7,8000
large_emergency,87.17,10.55,13.76,30,20,0.75,200,800,12,9,9600
large_emergency,70.83,5.53,9.75,30,20,0.75,200,800,18,10,11600
large_emergency,85.0,9.31,10.6,30,20,0.75,200,800,13,11,11400
large_emergency,114.04,7.14,7.6,30,20,0.75,200,800,21,19,19400
large_emergency,55.59,5.15,10.39,30,20,0.75,200,800,15,8,9400
large_emergency,63.11,8.81,8.74,30,20,0.75,200,800,11,10,10200
large_emergency,75.27,6.24,13.61,30,20,0.75,200,800,17,8,9800
large_emergency,90.59,9.85,7.52,30,20,0.75,200,800,13,16,15400
large_emergency,75.83,11.81,12.58,30,20,0.75,200,800,9,9,9000
large_emergency,80.32,5.5,13.59,30,20,0.75,200,800,19,9,11000
large_emergency,90.72,11.83,10.51,30,20,0.75,200,800,11,12,11800
large_emergency,68.37,8.51,13.48,30,20,0.75,200,800,11,8,8600
large_emergency,107.24,9.07,13.25,30,20,0.75,200,800,16,11,12000
large_emergency,70.94,5.89,8.81,30,20,0.75,200,800,17,11,12200
large_emergency,50.42,10.01,7.22,30,20,0.75,200,800,8,10,9600
large_emergency,80.1,8.17,13.46,30,20,0.75,200,800,13,9,9800
large_emergency,107.4,11.92,6.97,30,20,0.75,200,800,14,19,18000
large_emergency,101.81,9.14,13.85,30,20,0.75,200,800,16,10,11200
large_emergency,62.87,6.11,6.46,30,20,0.75,200,800,15,13,13400
large_emergency,77.01,10.58,13.17,30,20,0.75,200,800,13,8,9000
large_emergency,83.18,8.9,11.98,30,20,0.75,200,800,13,10,10600
large_emergency,65.08,11.27,10.78,30,20,0.75,200,800,9,9,9000
large_emergency,81.87,6.03,8.73,30,20,0.75,200,800,18,13,14000
large_emergency,104.73,11.37,13.58,30,20,0.75,200,800,13,11,11400
large_emergency,95.13,11.72,11.32,30,20,0.75,200,800,13,11,11400
large_emergency,105.44,6.39,7.59,30,20,0.75,200,800,21,18,18600
large_emergency,76.83,5.01,9.84,30,20,0.75,200,800,20,11,12800
large_emergency,90.21,5.54,10.4,30,20,0.75,200,800,21,12,13800
large_emergency,68.56,7.79,6.82,30,20,0.75,200,800,15,13,13400
large_emergency,70.93,7.76,14.25,30,20,0.75,200,800,13,8,9000
large_emergency,50.49,7.97,6.4,30,20,0.75,200,800,10,11,10800
large_emergency,93.54,6.0,12.92,30,20,0.75,200,800,21,10,12200
large_emergency,69.3,7.45,13.44,30,20,0.75,200,800,13,8,9000
large_emergency,107.42,5.89,11.13,30,20,0.75,200,800,23,13,15000
large_emergency,94.18,6.02,11.86,30,20,0.75,200,800,21,11,13000
large_emergency,107.68,9.88,8.02,30,20,0.75,200,800,15,17,16600
large_emergency,88.37,8.46,6.33,30,20,0.75,200,800,15,18,17400
large_emergency,84.29,8.6,6.97,30,20,0.75,200,800,14,16,15600
large_emergency,83.87,7.8,12.82,30,20,0.75,200,800,16,9,10400
large_emergency,80.34,6.75,10.4,30,20,0.75,200,800,16,11,12000
large_emergency,108.09,5.48,14.58,30,20,0.75,200,800,27,10,13400
large_emergency,75.62,11.19,7.17,30,20,0.75,200,800,10,14,13200
large_emergency,86.01,9.52,7.77,30,20,0.75,200,800,13,15,14600
large_emergency,60.67,10.25,14.37,30,20,0.75,200,800,9,7,7400
large_emergency,94.18,7.88,7.26,30,20,0.75,200,800,16,17,16800
large_emergency,97.57,9.97,10.35,30,20,0.75,200,800,13,13,13000
large_emergency,96.1,11.61,11.14,30,20,0.75,200,800,12,12,12000
large_emergency,58.25,10.2,13.78,30,20,0.75,200,800,9,7,7400
large_emergency,68.18,11.55,13.55,30,20,0.75,200,800,9,8,8200
large_emergency,83.14,7.2,13.66,30,20,0.75,200,800,16,9,10400
large_emergency,87.02,7.18,11.39,30,20,0.75,200,800,16,11,12000
large_emergency,68.23,8.56,9.58,30,20,0.75,200,800,12,10,10400
large_emergency,68.73,6.25,7.94,30,20,0.75,200,800,15,12,12600
large_emergency,104.66,9.63,12.21,30,20,0.75,200,800,15,12,12600
large_emergency,58.79,8.25,13.63,30,20,0.75,200,800,10,7,7600
large_emergency,88.72,10.39,12.66,30,20,0.75,200,800,12,10,10400
large_emergency,65.6,11.26,11.12,30,20,0.75,200,800,9,9,9000
large_emergency,50.66,5.67,11.75,30,20,0.75,200,800,13,7,8200
large_emergency,87.31,11.56,11.63,30,20,0.75,200,800,12,10,10400
large_emergency,88.74,10.65,11.12,30,20,0.75,200,800,12,11,11200
large_emergency,111.16,5.69,11.66,30,20,0.75,200,800,25,13,15400
large_emergency,110.25,9.67,10.85,30,20,0.75,200,800,17,13,13800
large_emergency,103.57,10.94,12.88,30,20,0.75,200,800,13,11,11400
large_emergency,107.13,6.75,7.99,30,20,0.75,200,800,21,17,17800
large_emergency,53.58,6.82,6.08,30,20,0.75,200,800,12,12,12000
large_emergency,94.71,10.27,11.02,30,20,0.75,200,800,13,12,12200
large_emergency,63.26,7.99,9.83,30,20,0.75,200,800,12,9,9600
large_emergency,67.1,6.07,10.99,30,20,0.75,200,800,15,9,10200
large_emergency,94.8,5.15,14.2,30,20,0.75,200,800,23,10,12600
large_emergency,68.6,7.3,9.8,30,20,0.75,200,800,13,10,10600
large_emergency,74.37,10.94,13.59,30,20,0.75,200,800,10,8,8400
large_emergency,90.85,10.12,11.06,30,20,0.75,200,800,13,11,11400
large_emergency,63.6,9.98,12.06,30,20,0.75,200,800,9,8,8200
large_emergency,72.82,6.18,14.16,30,20,0.75,200,800,16,8,9600
large_emergency,79.26,9.25,13.95,30,20,0.75,200,800,13,8,9000
large_emergency,63.55,6.09,6.42,30,20,0.75,200,800,16,13,13600
large_emergency,51.17,9.2,10.49,30,20,0.75,200,800,10,7,7600
large_emergency,82.78,8.11,14.84,30,20,0.75,200,800,14,8,9200
large_emergency,108.65,9.29,13.5,30,20,0.75,200,800,16,11,12000
large_emergency,72.84,9.12,8.51,30,20,0.75,200,800,11,12,11800
large_emergency,59.01,6.08,13.99,30,20,0.75,200,800,13,7,8200
large_emergency,80.89,9.62,8.57,30,20,0.75,200,800,12,13,12800
large_emergency,71.2,11.72,7.3,30,20,0.75,200,800,9,13,12200
large_emergency,78.97,9.15,6.19,30,20,0.75,200,800,15,16,15800
large_emergency,57.4,9.58,14.14,30,20,0.75,200,800,10,6,6800
large_emergency,60.53,5.02,6.83,30,20,0.75,200,800,17,12,13000
large_emergency,59.96,7.98,8.67,30,20,0.75,200,800,11,10,10200
large_emergency,112.55,5.6,8.16,30,20,0.75,200,800,25,18,19400
large_emergency,68.64,10.21,10.1,30,20,0.75,200,800,10,10,10000
large_emergency,64.63,5.72,11.23,30,20,0.75,200,800,15,9,10200
large_emergency,85.16,11.26,12.83,30,20,0.75,200,800,12,9,9600
large_emergency,52.11,9.79,9.02,30,20,0.75,200,800,10,8,8400
large_emergency,53.3,8.91,14.85,30,20,0.75,200,800,9,6,6600
large_emergency,108.69,10.72,10.88,30,20,0.75,200,800,15,13,13400
large_emergency,72.04,8.12,12.12,30,20,0.75,200,800,12,9,9600
large_emergency,110.53,8.06,9.23,30,20,0.75,200,800,18,16,16400
large_emergency,61.35,7.58,9.85,30,20,0.75,200,800,12,9,9600
large_emergency,102.38,7.63,10.73,30,20,0.75,200,800,18,13,14000
large_emergency,85.84,6.77,10.98,30,20,0.75,200,800,17,11,12200
large_emergency,107.87,8.5,6.62,30,20,0.75,200,800,19,20,19800
large_emergency,50.61,10.17,6.79,30,20,0.75,200,800,10,10,10000
large_emergency,96.06,7.65,7.82,30,20,0.75,200,800,17,16,16200
large_emergency,75.16,8.05,7.33,30,20,0.75,200,800,13,14,13800
large_emergency,73.0,7.24,13.72,30,20,0.75,200,800,14,8,9200
large_emergency,95.13,10.74,7.2,30,20,0.75,200,800,13,17,16200
large_emergency,72.61,7.87,14.62,30,20,0.75,200,800,16,7,8800
large_emergency,56.28,10.38,6.48,30,20,0.75,200,800,9,12,11400
large_emergency,85.7,7.26,7.22,30,20,0.75,200,800,19,15,15800
large_emergency,81.91,5.92,11.83,30,20,0.75,200,800,18,10,11600
large_emergency,59.9,6.73,7.91,30,20,0.75,200,800,13,11,11400
large_emergency,72.36,10.44,10.4,30,20,0.75,200,800,10,10,10000
large_emergency,101.95,9.37,7.87,30,20,0.75,200,800,15,17,16600
large_emergency,103.07,11.99,6.31,30,20,0.75,200,800,14,20,18800
large_emergency,55.01,10.95,6.95,30,20,0.75,200,800,8,11,10400
large_emergency,111.84,8.12,14.65,30,20,0.75,200,800,18,11,12400
large_emergency,85.83,10.36,10.83,30,20,0.75,200,800,12,11,11200
large_emergency,87.97,10.39,7.8,30,20,0.75,200,800,12,15,14400
large_emergency,92.73,10.63,14.21,30,20,0.75,200,800,13,9,9800
large_emergency,93.18,7.72,9.83,30,20,0.75,200,800,16,13,13600
large_emergency,82.3,10.63,7.97,30,20,0.75,200,800,11,14,13400
large_emergency,53.87,7.6,6.79,30,20,0.75,200,800,11,11,11000
large_emergency,110.32,6.33,8.05,30,20,0.75,200,800,22,18,18800
large_emergency,93.94,6.86,11.31,30,20,0.75,200,800,20,11,12800
large_emergency,69.12,8.26,8.13,30,20,0.75,200,800,12,12,12000
large_emergency,97.94,5.76,7.54,30,20,0.75,200,800,22,17,18000
large_emergency,81.51,8.63,8.33,30,20,0.75,200,800,14,13,13200
large_emergency,95.22,11.03,9.5,30,20,0.75,200,800,13,13,13000
large_emergency,73.04,8.16,7.72,30,20,0.75,200,800,13,13,13000
large_emergency,101.06,9.58,9.27,30,20,0.75,200,800,15,14,14200
large_emergency,52.72,11.3,10.08,30,20,0.75,200,800,7,8,7800
large_emergency,97.25,9.1,7.07,30,20,0.75,200,800,15,18,17400
large_emergency,74.27,9.55,14.46,30,20,0.75,200,800,11,8,8600
large_emergency,55.2,7.88,11.79,30,20,0.75,200,800,11,7,7800
large_emergency,104.3,11.32,13.2,30,20,0.75,200,800,13,11,11400
large_emergency,51.58,7.57,11.24,30,20,0.75,200,800,10,7,7600
large_emergency,101.69,7.31,13.5,30,20,0.75,200,800,21,10,12200
large_emergency,95.33,11.21,7.91,30,20,0.75,200,800,12,16,15200
large_emergency,89.93,9.95,9.91,30,20,0.75,200,800,13,12,12200
large_emergency,101.9,7.51,6.53,30,20,0.75,200,800,18,20,19600
large_emergency,67.06,7.32,8.73,30,20,0.75,200,800,13,11,11400
large_emergency,50.73,8.94,12.26,30,20,0.75,200,800,8,7,7200
large_emergency,69.69,8.95,10.51,30,20,0.75,200,800,13,9,9800
large_emergency,72.76,6.55,9.89,30,20,0.75,200,800,16,10,11200
large_emergency,69.23,8.03,14.35,30,20,0.75,200,800,13,7,8200
large_emergency,111.74,7.63,8.67,30,20,0.75,200,800,19,17,17400
large_emergency,110.19,10.57,13.3,30,20,0.75,200,800,15,11,11800
large_emergency,84.19,6.87,8.73,30,20,0.75,200,800,17,13,13800
large_emergency,75.88,10.47,14.55,30,20,0.75,200,800,10,8,8400
large_emergency,112.87,11.8,7.22,30,20,0.75,200,800,13,20,18600
large_emergency,112.96,9.99,8.42,30,20,0.75,200,800,16,17,16800
large_emergency,71.93,5.67,10.63,30,20,0.75,200,800,17,10,11400
large_emergency,106.39,8.07,10.99,30,20,0.75,200,800,18,13,14000
large_emergency,92.51,8.49,7.63,30,20,0.75,200,800,15,16,15800
large_emergency,85.53,8.59,12.51,30,20,0.75,200,800,14,10,10800
large_emergency,63.28,11.83,12.09,30,20,0.75,200,800,8,8,8000
large_emergency,107.34,10.71,6.54,30,20,0.75,200,800,16,20,19200
large_emergency,110.07,5.05,11.35,30,20,0.75,200,800,28,13,16000
large_emergency,73.48,6.08,13.01,30,20,0.75,200,800,17,8,9800
large_emergency,88.71,7.35,12.23,30,20,0.75,200,800,17,10,11400
large_emergency,85.16,6.44,13.21,30,20,0.75,200,800,18,9,10800
large_emergency,68.19,7.69,13.51,30,20,0.75,200,800,12,8,8800
large_emergency,69.98,11.96,10.11,30,20,0.75,200,800,9,10,9800
large_emergency,105.37,11.4,13.77,30,20,0.75,200,800,13,11,11400
large_emergency,66.9,9.62,8.26,30,20,0.75,200,800,11,11,11000
large_emergency,52.04,8.75,14.9,30,20,0.75,200,800,9,6,6600
large_emergency,55.82,7.74,8.07,30,20,0.75,200,800,11,10,10200
large_emergency,70.76,5.42,8.64,30,20,0.75,200,800,19,11,12600
large_emergency,72.48,11.17,13.08,30,20,0.75,200,800,10,8,8400
large_emergency,91.42,11.64,11.69,30,20,0.75,200,800,11,11,11000
large_emergency,72.3,5.85,7.21,30,20,0.75,200,800,20,13,14400
large_emergency,64.92,10.29,11.12,30,20,0.75,200,800,12,8,8800
large_emergency,51.97,11.95,10.86,30,20,0.75,200,800,8,7,7200
large_emergency,65.72,11.26,12.59,30,20,0.75,200,800,9,8,8200
large_emergency,98.6,11.33,14.94,30,20,0.75,200,800,13,9,9800
large_emergency,109.53,8.88,10.58,30,20,0.75,200,800,16,14,14400
large_emergency,64.13,8.78,7.68,30,20,0.75,200,800,13,11,11400
large_emergency,78.32,11.03,7.52,30,20,0.75,200,800,10,14,13200
large_emergency,94.04,8.17,11.69,30,20,0.75,200,800,16,11,12000
large_emergency,77.78,5.27,8.14,30,20,0.75,200,800,20,13,14400
large_emergency,79.48,11.99,9.54,30,20,0.75,200,800,11,11,11000
large_emergency,70.9,6.14,10.65,30,20,0.75,200,800,15,10,11000
large_emergency,65.84,9.99,12.37,30,20,0.75,200,800,10,8,8400
large_emergency,91.58,7.01,10.29,30,20,0.75,200,800,18,12,13200
large_emergency,70.14,7.6,13.06,30,20,0.75,200,800,13,8,9000
large_emergency,65.04,5.32,14.12,30,20,0.75,200,800,17,7,9000
large_emergency,103.88,10.32,7.02,30,20,0.75,200,800,14,19,18000
large_emergency,60.07,9.47,8.37,30,20,0.75,200,800,10,10,10000
large_emergency,56.16,5.86,6.33,30,20,0.75,200,800,14,12,12400
large_emergency,54.7,9.48,7.43,30,20,0.75,200,800,10,10,10000
large_emergency,95.55,11.59,7.01,30,20,0.75,200,800,13,17,16200
large_emergency,75.77,8.33,10.74,30,20,0.75,200,800,13,10,10600
large_emergency,87.27,8.05,13.6,30,20,0.75,200,800,15,9,10200
large_emergency,80.12,6.22,10.39,30,20,0.75,200,800,17,11,12200
large_emergency,92.03,6.95,9.3,30,20,0.75,200,800,18,13,14000
large_emergency,60.73,5.75,9.85,30,20,0.75,200,800,15,9,10200
large_emergency,97.23,9.45,6.23,30,20,0.75,200,800,14,20,18800
large_emergency,112.33,7.67,8.28,30,20,0.75,200,800,21,17,17800
large_emergency,73.8,11.8,13.41,30,20,0.75,200,800,10,8,8400
large_emergency,77.23,8.24,9.05,30,20,0.75,200,800,13,12,12200
large_emergency,62.05,6.01,13.32,30,20,0.75,200,800,15,7,8600
large_emergency,95.2,5.85,12.69,30,20,0.75,200,800,21,11,13000
large_emergency,53.82,9.2,13.61,30,20,0.75,200,800,9,6,6600
large_emergency,67.42,6.01,12.46,30,20,0.75,200,800,15,8,9400
large_emergency,95.95,5.66,14.61,30,20,0.75,200,800,24,9,12000
large_emergency,101.64,7.93,7.07,30,20,0.75,200,800,18,18,18000
large_emergency,112.01,7.79,8.93,30,20,0.75,200,800,20,16,16800
large_emergency,90.81,7.72,13.94,30,20,0.75,200,800,17,9,10600
large_emergency,71.57,11.93,6.37,30,20,0.75,200,800,9,15,13800
large_emergency,64.83,11.17,8.62,30,20,0.75,200,800,11,10,10200
large_emergency,50.88,10.93,10.49,30,20,0.75,200,800,8,7,7200
large_emergency,101.82,10.38,11.47,30,20,0.75,200,800,14,12,12400
large_emergency,107.85,6.07,13.15,30,20,0.75,200,800,24,11,13600
large_emergency,106.99,10.35,13.41,30,20,0.75,200,800,14,11,11600
large_emergency,106.66,6.9,13.63,30,20,0.75,200,800,20,11,12800
large_emergency,61.36,9.32,6.73,30,20,0.75,200,800,11,12,11800
large_emergency,111.6,5.48,10.33,30,20,0.75,200,800,27,14,16600
large_emergency,53.29,5.59,7.93,30,20,0.75,200,800,13,10,10600
large_emergency,81.17,6.45,10.76,30,20,0.75,200,800,17,11,12200
large_emergency,103.38,8.35,11.83,30,20,0.75,200,800,17,12,13000
large_emergency,103.16,5.8,8.37,30,20,0.75,200,800,23,16,17400
large_emergency,73.62,8.6,8.51,30,20,0.75,200,800,12,12,12000
large_emergency,70.91,5.72,13.16,30,20,0.75,200,800,17,8,9800
large_emergency,60.67,6.31,12.28,30,20,0.75,200,800,13,8,9000
large_emergency,114.98,6.01,14.83,30,20,0.75,200,800,24,11,13600
large_emergency,79.38,8.48,13.9,30,20,0.75,200,800,14,8,9200
large_emergency,100.92,9.37,6.71,30,20,0.75,200,800,15,19,18200
large_emergency,76.49,9.5,11.33,30,20,0.75,200,800,11,10,10200
large_emergency,65.3,9.53,8.59,30,20,0.75,200,800,10,11,10800
large_emergency,112.5,6.62,13.76,30,20,0.75,200,800,23,11,13400
large_emergency,107.49,7.24,9.88,30,20,0.75,200,800,21,14,15400
large_emergency,85.14,6.04,7.1,30,20,0.75,200,800,19,16,16600
large_emergency,84.4,9.58,10.66,30,20,0.75,200,800,12,11,11200
large_emergency,95.49,6.73,9.53,30,20,0.75,200,800,20,13,14400
large_emergency,78.12,10.36,12.27,30,20,0.75,200,800,11,9,9400
large_emergency,113.95,5.95,14.75,30,20,0.75,200,800,24,11,13600
large_emergency,88.22,10.11,10.26,30,20,0.75,200,800,12,12,12000
large_emergency,91.76,11.21,11.07,30,20,0.75,200,800,12,11,11200
large_emergency,96.98,5.48,8.3,30,20,0.75,200,800,24,15,16800
large_emergency,65.93,9.9,11.84,30,20,0.75,200,800,10,8,8400
large_emergency,75.92,9.85,6.76,30,20,0.75,200,800,11,15,14200
large_emergency,99.91,9.41,10.9,30,20,0.75,200,800,16,12,12800
large_emergency,69.04,7.89,12.47,30,20,0.75,200,800,13,8,9000
large_emergency,110.96,7.66,7.13,30,20,0.75,200,800,19,20,19800
large_emergency,74.39,11.72,11.54,30,20,0.75,200,800,10,9,9200
large_emergency,106.48,9.65,7.92,30,20,0.75,200,800,16,17,16800
large_emergency,100.44,8.55,12.81,30,20,0.75,200,800,16,11,12000
large_emergency,110.34,10.89,14.89,30,20,0.75,200,800,15,10,11000
large_emergency,62.24,8.41,11.42,30,20,0.75,200,800,11,8,8600
large_emergency,62.78,7.08,14.53,30,20,0.75,200,800,12,7,8000
large_emergency,52.14,8.6,10.02,30,20,0.75,200,800,9,8,8200
large_emergency,72.58,10.28,10.64,30,20,0.75,200,800,10,10,10000
large_emergency,68.51,9.98,6.19,30,20,0.75,200,800,10,15,14000
large_emergency,60.8,8.47,10.28,30,20,0.75,200,800,10,9,9200
large_emergency,88.9,6.9,7.96,30,20,0.75,200,800,17,15,15400
large_emergency,67.04,7.73,8.44,30,20,0.75,200,800,13,11,11400
large_emergency,109.24,9.59,7.07,30,20,0.75,200,800,17,19,18600
large_emergency,98.36,5.63,6.62,30,20,0.75,200,800,23,19,19800
large_emergency,93.97,9.13,10.76,30,20,0.75,200,800,14,12,12400
large_emergency,110.88,8.03,8.62,30,20,0.75,200,800,18,17,17200
large_emergency,54.54,5.03,9.96,30,20,0.75,200,800,16,8,9600
large_emergency,112.36,5.15,11.51,30,20,0.75,200,800,28,13,16000
large_emergency,107.24,11.12,11.59,30,20,0.75,200,800,15,12,12600
large_emergency,101.22,6.37,9.04,30,20,0.75,200,800,21,15,16200
large_emergency,65.47,5.36,10.25,30,20,0.75,200,800,17,9,10600
large_emergency,91.83,9.94,12.89,30,20,0.75,200,800,13,10,10600
large_emergency,70.25,9.15,14.67,30,20,0.75,200,800,12,7,8000
large_emergency,69.89,9.82,7.7,30,20,0.75,200,800,11,12,11800
large_emergency,67.39,7.83,8.84,30,20,0.75,200,800,12,11,11200
large_emergency,58.85,7.46,13.23,30,20,0.75,200,800,11,7,7800
large_emergency,50.72,7.24,9.82,30,20,0.75,200,800,10,8,8400
large_emergency,58.68,8.92,12.84,30,20,0.75,200,800,10,7,7600
large_emergency,77.87,7.74,9.25,30,20,0.75,200,800,14,12,12400
large_emergency,109.46,9.83,8.47,30,20,0.75,200,800,15,17,16600
large_emergency,63.06,5.04,8.24,30,20,0.75,200,800,17,11,12200
large_emergency,64.37,11.56,10.96,30,20,0.75,200,800,8,9,8800
large_emergency,52.49,6.62,12.95,30,20,0.75,200,800,13,6,7400
large_emergency,88.52,7.14,12.51,30,20,0.75,200,800,17,10,11400
large_emergency,104.19,5.19,7.9,30,20,0.75,200,800,26,17,18800
large_emergency,87.65,5.78,10.87,30,20,0.75,200,800,20,11,12800
large_emergency,106.73,10.3,14.55,30,20,0.75,200,800,15,10,11000
large_emergency,79.08,6.97,7.62,30,20,0.75,200,800,16,14,14400
large_emergency,113.41,6.67,10.13,30,20,0.75,200,800,22,15,16400
large_emergency,102.38,9.34,13.41,30,20,0.75,200,800,15,11,11800
large_emergency,102.54,7.78,7.52,30,20,0.75,200,800,20,17,17600
large_emergency,82.63,10.87,8.6,30,20,0.75,200,800,11,13,12600
large_emergency,67.41,9.55,11.91,30,20,0.75,200,800,11,8,8600
large_emergency,109.05,6.2,14.47,30,20,0.75,200,800,22,11,13200
large_emergency,68.89,5.2,10.09,30,20,0.75,200,800,18,10,11600
large_emergency,56.55,6.48,13.15,30,20,0.75,200,800,12,7,8000
large_emergency,83.2,7.12,14.05,30,20,0.75,200,800,16,9,10400
large_emergency,68.13,5.11,8.35,30,20,0.75,200,800,19,11,12600
large_emergency,77.5,10.22,10.59,30,20,0.75,200,800,11,10,10200
large_emergency,88.11,10.42,8.19,30,20,0.75,200,800,13,14,13800
large_emergency,104.7,5.46,6.64,30,20,0.75,200,800,25,20,21000
large_emergency,89.46,10.86,6.42,30,20,0.75,200,800,12,18,16800
large_emergency,97.61,8.77,12.84,30,20,0.75,200,800,15,11,11800
large_emergency,100.43,9.09,13.81,30,20,0.75,200,800,15,10,11000
large_emergency,109.21,8.57,13.29,30,20,0.75,200,800,18,11,12400
large_emergency,68.99,8.82,8.09,30,20,0.75,200,800,11,12,11800
large_emergency,99.12,11.78,6.52,30,20,0.75,200,800,13,19,17800
large_emergency,113.59,11.55,8.9,30,20,0.75,200,800,15,16,15800
large_emergency,58.55,5.02,11.58,30,20,0.75,200,800,16,8,9600
large_emergency,86.68,10.12,10.29,30,20,0.75,200,800,14,11,11600
large_emergency,51.94,6.4,9.08,30,20,0.75,200,800,14,8,9200
large_emergency,100.33,8.55,14.69,30,20,0.75,200,800,16,10,11200
large_emergency,65.34,10.76,8.26,30,20,0.75,200,800,9,11,10600
large_emergency,78.82,10.42,13.51,30,20,0.75,200,800,13,8,9000
large_emergency,113.85,6.33,7.84,30,20,0.75,200,800,26,18,19600
large_emergency,82.26,8.27,10.66,30,20,0.75,200,800,14,11,11600
large_emergency,71.66,10.55,10.01,30,20,0.75,200,800,10,10,10000
large_emergency,91.21,11.58,14.62,30,20,0.75,200,800,11,9,9400
large_emergency,81.45,5.19,14.12,30,20,0.75,200,800,20,9,11200
large_emergency,81.12,5.25,14.41,30,20,0.75,200,800,21,8,10600
large_emergency,73.31,6.43,14.18,30,20,0.75,200,800,15,8,9400
large_emergency,81.99,9.82,14.23,30,20,0.75,200,800,13,8,9000
large_emergency,75.14,7.74,14.79,30,20,0.75,200,800,13,8,9000
large_emergency,78.25,10.43,9.77,30,20,0.75,200,800,11,11,11000
large_emergency,75.32,6.19,14.71,30,20,0.75,200,800,16,8,9600
large_emergency,64.87,7.82,14.54,30,20,0.75,200,800,12,7,8000
large_emergency,62.44,10.98,14.08,30,20,0.75,200,800,9,7,7400
large_emergency,70.35,7.02,11.67,30,20,0.75,200,800,14,9,10000
large_emergency,93.25,7.51,7.74,30,20,0.75,200,800,17,16,16200
large_emergency,110.34,5.9,7.85,30,20,0.75,200,800,24,18,19200
large_emergency,103.42,9.5,13.6,30,20,0.75,200,800,15,11,11800
large_emergency,74.27,9.88,6.51,30,20,0.75,200,800,11,15,14200
large_emergency,97.85,6.86,8.54,30,20,0.75,200,800,19,15,15800
large_emergency,112.81,6.71,8.91,30,20,0.75,200,800,23,16,17400
large_emergency,114.62,8.02,10.41,30,20,0.75,200,800,21,14,15400
large_emergency,74.95,7.87,12.05,30,20,0.75,200,800,13,9,9800
large_emergency,57.37,10.99,10.5,30,20,0.75,200,800,8,8,8000
large_emergency,104.59,10.94,8.72,30,20,0.75,200,800,13,16,15400
large_emergency,87.68,6.47,14.48,30,20,0.75,200,800,18,9,10800
large_emergency,81.21,8.88,9.62,30,20,0.75,200,800,13,12,12200
large_emergency,74.05,5.45,9.72,30,20,0.75,200,800,18,11,12400
large_emergency,77.09,8.48,13.41,30,20,0.75,200,800,14,8,9200
large_emergency,105.92,10.06,14.67,30,20,0.75,200,800,15,10,11000
large_emergency,80.08,6.45,6.05,30,20,0.75,200,800,17,17,17000
large_emergency,83.4,8.87,12.44,30,20,0.75,200,800,13,10,10600
large_emergency,65.01,8.5,9.25,30,20,0.75,200,800,11,10,10200
large_emergency,65.72,6.38,11.13,30,20,0.75,200,800,14,9,10000
large_emergency,56.31,9.41,12.33,30,20,0.75,200,800,9,7,7400
large_emergency,74.77,8.04,7.66,30,20,0.75,200,800,13,13,13000
large_emergency,52.73,8.6,11.34,30,20,0.75,200,800,10,7,7600
large_emergency,70.75,11.27,9.8,30,20,0.75,200,800,10,10,10000
large_emergency,71.82,6.82,14.27,30,20,0.75,200,800,14,8,9200
large_emergency,85.36,7.07,13.47,30,20,0.75,200,800,17,9,10600
large_emergency,70.73,11.63,6.28,30,20,0.75,200,800,9,15,13800
large_emergency,54.0,9.84,10.49,30,20,0.75,200,800,8,8,8000
large_emergency,81.27,10.41,13.48,30,20,0.75,200,800,11,9,9400
large_emergency,97.76,10.09,9.77,30,20,0.75,200,800,14,13,13200
large_emergency,80.58,5.21,8.5,30,20,0.75,200,800,20,13,14400
large_emergency,65.79,10.18,10.44,30,20,0.75,200,800,10,9,9200
large_emergency,89.87,9.33,11.79,30,20,0.75,200,800,13,11,11400
large_emergency,52.3,10.51,13.85,30,20,0.75,200,800,8,6,6400
large_emergency,97.26,10.31,10.43,30,20,0.75,200,800,16,12,12800
large_emergency,102.8,10.09,13.85,30,20,0.75,200,800,15,10,11000
large_emergency,67.63,10.81,12.17,30,20,0.75,200,800,10,8,8400
large_emergency,96.49,11.57,12.62,30,20,0.75,200,800,12,11,11200
large_emergency,75.98,11.85,11.86,30,20,0.75,200,800,10,9,9200
large_emergency,77.03,8.13,12.94,30,20,0.75,200,800,13,9,9800
large_emergency,99.6,9.57,11.63,30,20,0.75,200,800,14,12,12400
large_emergency,56.22,10.71,14.1,30,20,0.75,200,800,9,6,6600
large_emergency,76.12,10.56,9.73,30,20,0.75,200,800,11,11,11000
large_emergency,62.39,7.33,10.29,30,20,0.75,200,800,12,9,9600
large_emergency,102.5,8.02,13.79,30,20,0.75,200,800,18,10,11600
large_emergency,58.55,11.9,10.43,30,20,0.75,200,800,8,8,8000
large_emergency,85.77,8.43,12.95,30,20,0.75,200,800,16,9,10400
large_emergency,114.54,5.44,10.73,30,20,0.75,200,800,27,14,16600
large_emergency,63.57,6.0,9.23,30,20,0.75,200,800,15,10,11000
large_emergency,71.22,9.44,8.76,30,20,0.75,200,800,11,11,11000
large_emergency,76.03,7.82,14.11,30,20,0.75,200,800,14,8,9200
large_emergency,68.54,7.15,8.23,30,20,0.75,200,800,16,11,12000
large_emergency,70.31,5.36,12.6,30,20,0.75,200,800,18,8,10000
large_emergency,110.65,6.15,12.36,30,20,0.75,200,800,24,12,14400
large_emergency,94.62,7.62,6.93,30,20,0.75,200,800,20,17,17600
large_emergency,61.37,6.33,8.66,30,20,0.75,200,800,14,10,10800
large_emergency,71.54,5.12,10.09,30,20,0.75,200,800,19,10,11800
large_emergency,83.2,7.1,7.07,30,20,0.75,200,800,18,15,15600
large_emergency,63.56,9.28,12.6,30,20,0.75,200,800,10,8,8400
large_emergency,67.04,8.21,14.51,30,20,0.75,200,800,12,7,8000
large_emergency,84.27,9.94,10.33,30,20,0.75,200,800,13,11,11400
large_emergency,63.22,6.63,8.58,30,20,0.75,200,800,15,10,11000
large_emergency,95.07,9.62,12.79,30,20,0.75,200,800,15,10,11000
large_emergency,84.8,5.92,12.79,30,20,0.75,200,800,19,10,11800
large_emergency,114.12,8.39,13.42,30,20,0.75,200,800,18,12,13200
large_emergency,113.12,5.56,13.04,30,20,0.75,200,800,26,12,14800
large_emergency,85.54,11.44,11.43,30,20,0.75,200,800,12,10,10400
large_emergency,65.65,5.78,7.77,30,20,0.75,200,800,15,12,12600
large_emergency,50.29,8.27,9.65,30,20,0.75,200,800,9,8,8200
large_emergency,53.35,7.3,10.09,30,20,0.75,200,800,11,8,8600
large_emergency,57.11,11.53,9.87,30,20,0.75,200,800,9,8,8200
large_emergency,112.66,11.2,11.93,30,20,0.75,200,800,14,13,13200
large_emergency,112.27,8.51,7.44,30,20,0.75,200,800,18,19,18800
large_emergency,72.25,5.6,8.9,30,20,0.75,200,800,18,11,12400
large_emergency,64.4,5.73,11.68,30,20,0.75,200,800,16,8,9600
large_emergency,110.03,6.03,11.34,30,20,0.75,200,800,24,13,15200
large_emergency,65.63,5.6,12.09,30,20,0.75,200,800,16,8,9600
large_emergency,107.3,7.55,8.58,30,20,0.75,200,800,19,16,16600
large_emergency,89.63,9.22,12.86,30,20,0.75,200,800,13,10,10600
large_emergency,90.58,10.72,12.03,30,20,0.75,200,800,14,10,10800
large_emergency,95.31,6.45,14.91,30,20,0.75,200,800,20,9,11200
large_emergency,71.89,7.57,8.2,30,20,0.75,200,800,13,12,12200
large_emergency,60.05,5.67,6.53,30,20,0.75,200,800,15,13,13400
large_emergency,90.85,5.27,13.02,30,20,0.75,200,800,22,10,12400
large_emergency,107.93,8.42,11.05,30,20,0.75,200,800,17,13,13800
large_emergency,63.05,5.9,12.71,30,20,0.75,200,800,14,8,9200
large_emergency,104.62,9.57,14.46,30,20,0.75,200,800,15,10,11000
large_emergency,105.85,5.1,13.05,30,20,0.75,200,800,27,11,14200
large_emergency,68.5,9.15,14.96,30,20,0.75,200,800,11,7,7800
large_emergency,103.16,9.41,11.38,30,20,0.75,200,800,15,12,12600
large_emergency,54.75,5.39,8.43,30,20,0.75,200,800,16,9,10400
large_emergency,78.44,5.12,9.84,30,20,0.75,200,800,21,11,13000
large_emergency,107.04,9.73,11.87,30,20,0.75,200,800,15,12,12600
large_emergency,101.3,9.0,13.72,30,20,0.75,200,800,16,10,11200
large_emergency,92.32,5.64,6.88,30,20,0.75,200,800,23,17,18200
large_emergency,97.74,10.52,9.13,30,20,0.75,200,800,13,14,13800
large_emergency,50.91,8.02,14.9,30,20,0.75,200,800,9,6,6600
large_emergency,114.14,5.41,9.7,30,20,0.75,200,800,29,15,17800
large_emergency,69.0,11.2,8.25,30,20,0.75,200,800,11,11,11000
large_emergency,100.48,10.42,13.26,30,20,0.75,200,800,16,10,11200
large_emergency,70.44,10.84,9.57,30,20,0.75,200,800,10,10,10000
large_emergency,83.99,7.58,12.66,30,20,0.75,200,800,17,9,10600
large_emergency,92.9,7.78,13.87,30,20,0.75,200,800,16,10,11200
large_emergency,73.76,6.77,9.41,30,20,0.75,200,800,15,11,11800
large_emergency,72.64,10.98,7.37,30,20,0.75,200,800,10,13,12400
large_emergency,55.22,7.58,9.44,30,20,0.75,200,800,11,9,9400
large_emergency,111.68,5.79,11.96,30,20,0.75,200,800,24,13,15200
large_emergency,58.22,8.14,8.79,30,20,0.75,200,800,13,9,9800
large_emergency,78.01,8.21,9.77,30,20,0.75,200,800,13,11,11400
large_emergency,105.25,8.55,7.52,30,20,0.75,200,800,17,18,17800
large_emergency,53.59,5.87,9.11,30,20,0.75,200,800,13,9,9800
large_emergency,85.52,9.41,6.92,30,20,0.75,200,800,13,16,15400
large_emergency,83.02,6.01,10.44,30,20,0.75,200,800,19,11,12600
large_emergency,87.26,10.42,12.36,30,20,0.75,200,800,12,10,10400
large_emergency,87.97,11.5,10.06,30,20,0.75,200,800,11,12,11800
large_emergency,55.49,11.36,11.54,30,20,0.75,200,800,8,7,7200
large_emergency,110.74,9.81,14.96,30,20,0.75,200,800,16,10,11200
large_emergency,93.58,5.18,10.62,30,20,0.75,200,800,24,12,14400
large_emergency,59.37,5.3,12.95,30,20,0.75,200,800,16,7,8800
large_emergency,73.81,10.64,8.78,30,20,0.75,200,800,12,11,11200
large_emergency,111.5,9.81,9.21,30,20,0.75,200,800,15,16,15800
large_emergency,103.95,5.31,13.64,30,20,0.75,200,800,25,11,13800
large_emergency,57.62,11.04,14.58,30,20,0.75,200,800,9,6,6600
large_emergency,68.55,10.15,9.06,30,20,0.75,200,800,10,11,10800
large_emergency,101.3,6.86,11.69,30,20,0.75,200,800,19,12,13400
large_emergency,53.72,10.07,12.38,30,20,0.75,200,800,8,7,7200
large_emergency,111.8,5.07,7.48,30,20,0.75,200,800,28,19,20800
large_emergency,113.37,9.87,9.15,30,20,0.75,200,800,16,16,16000
large_emergency,100.79,10.65,9.21,30,20,0.75,200,800,14,14,14000
large_emergency,101.71,5.14,14.46,30,20,0.75,200,800,25,10,13000
large_emergency,109.85,6.29,8.84,30,20,0.75,200,800,23,16,17400
large_emergency,100.01,9.12,13.35,30,20,0.75,200,800,16,10,11200
large_emergency,114.2,6.01,9.54,30,20,0.75,200,800,24,16,17600
large_emergency,93.87,6.13,9.46,30,20,0.75,200,800,21,13,14600
large_emergency,82.52,10.42,8.18,30,20,0.75,200,800,13,13,13000
large_emergency,76.85,10.07,7.46,30,20,0.75,200,800,11,14,13400
large_emergency,96.44,11.79,12.09,30,20,0.75,200,800,12,11,11200
large_emergency,98.91,10.7,13.31,30,20,0.75,200,800,14,10,10800
large_emergency,75.51,8.9,10.68,30,20,0.75,200,800,12,10,10400
large_emergency,67.94,9.37,12.83,30,20,0.75,200,800,11,8,8600
large_emergency,57.39,6.83,9.66,30,20,0.75,200,800,12,9,9600
large_emergency,75.43,6.83,10.12,30,20,0.75,200,800,17,10,11400
large_emergency,76.12,6.41,14.5,30,20,0.75,200,800,16,8,9600
large_emergency,76.34,5.22,9.89,30,20,0.75,200,800,19,11,12600
large_emergency,76.89,8.68,11.72,30,20,0.75,200,800,14,9,10000
large_emergency,113.04,8.1,11.97,30,20,0.75,200,800,18,13,14000
large_emergency,64.75,6.17,11.55,30,20,0.75,200,800,15,8,9400
large_emergency,69.51,9.21,6.43,30,20,0.75,200,800,12,14,13600
large_emergency,89.0,8.83,13.46,30,20,0.75,200,800,15,9,10200
large_emergency,58.68,9.86,10.93,30,20,0.75,200,800,9,8,8200
large_emergency,78.52,6.39,11.7,30,20,0.75,200,800,16,10,11200
large_emergency,83.74,10.76,6.33,30,20,0.75,200,800,12,17,16000
large_emergency,104.34,8.58,6.71,30,20,0.75,200,800,16,20,19200
large_emergency,99.3,7.41,11.53,30,20,0.75,200,800,18,12,13200
large_emergency,81.65,9.67,9.18,30,20,0.75,200,800,12,12,12000
large_emergency,78.69,7.53,14.14,30,20,0.75,200,800,15,8,9400
large_emergency,77.25,9.03,8.95,30,20,0.75,200,800,12,12,12000
large_emergency,59.17,6.09,9.29,30,20,0.75,200,800,14,9,10000
large_emergency,65.91,11.37,11.98,30,20,0.75,200,800,9,8,8200
large_emergency,88.32,8.21,10.28,30,20,0.75,200,800,15,12,12600
large_emergency,52.12,5.14,6.69,30,20,0.75,200,800,15,11,11800
large_emergency,64.14,6.37,13.66,30,20,0.75,200,800,14,7,8400
large_emergency,55.04,5.48,13.64,30,20,0.75,200,800,16,6,8000
large_emergency,100.44,7.56,9.81,30,20,0.75,200,800,17,14,14600
large_emergency,113.49,9.71,11.99,30,20,0.75,200,800,16,13,13600
large_emergency,111.58,10.5,8.91,30,20,0.75,200,800,15,16,15800
large_emergency,72.65,5.99,6.72,30,20,0.75,200,800,18,14,14800
large_emergency,70.96,7.94,9.13,30,20,0.75,200,800,13,11,11400
large_emergency,53.44,5.32,9.33,30,20,0.75,200,800,14,9,10000
large_emergency,50.2,9.4,14.0,30,20,0.75,200,800,8,6,6400
large_emergency,61.15,9.28,7.28,30,20,0.75,200,800,10,12,11600
large_emergency,81.13,9.82,13.06,30,20,0.75,200,800,12,9,9600
large_emergency,67.99,9.43,11.03,30,20,0.75,200,800,11,9,9400
large_emergency,54.69,8.03,7.12,30,20,0.75,200,800,10,11,10800
large_emergency,108.32,7.86,8.84,30,20,0.75,200,800,18,16,16400
large_emergency,80.37,10.87,7.71,30,20,0.75,200,800,11,14,13400
large_emergency,92.78,8.11,11.65,30,20,0.75,200,800,16,11,12000
large_emergency,58.7,5.36,11.24,30,20,0.75,200,800,15,8,9400
large_emergency,65.43,6.37,14.33,30,20,0.75,200,800,14,7,8400
large_emergency,114.38,7.5,10.03,30,20,0.75,200,800,20,15,16000
large_emergency,59.15,7.25,12.26,30,20,0.75,200,800,13,7,8200
large_emergency,112.01,8.67,14.45,30,20,0.75,200,800,17,11,12200
large_emergency,78.16,11.89,14.32,30,20,0.75,200,800,10,8,8400
large_emergency,72.93,7.57,9.0,30,20,0.75,200,800,14,11,11600
large_emergency,83.64,10.48,9.94,30,20,0.75,200,800,13,11,11400
large_emergency,68.6,6.6,10.94,30,20,0.75,200,800,15,9,10200
large_emergency,57.7,8.87,8.2,30,20,0.75,200,800,10,10,10000
large_emergency,61.63,7.99,13.2,30,20,0.75,200,800,11,7,7800
large_emergency,85.23,11.47,8.47,30,20,0.75,200,800,12,13,12800
large_emergency,88.79,10.65,10.05,30,20,0.75,200,800,12,12,12000
large_emergency,86.29,5.02,10.83,30,20,0.75,200,800,23,11,13400
large_emergency,55.08,6.5,14.27,30,20,0.75,200,800,12,6,7200
large_emergency,63.73,9.32,11.21,30,20,0.75,200,800,11,8,8600
large_emergency,64.43,5.67,11.49,30,20,0.75,200,800,17,8,9800
large_emergency,94.07,6.7,8.92,30,20,0.75,200,800,19,14,15000
large_emergency,61.22,9.05,12.37,30,20,0.75,200,800,12,7,8000
large_emergency,79.45,10.74,13.91,30,20,0.75,200,800,12,8,8800
large_emergency,59.89,8.88,9.58,30,20,0.75,200,800,10,9,9200
large_emergency,87.61,8.18,10.84,30,20,0.75,200,800,15,11,11800
large_emergency,80.72,8.49,10.89,30,20,0.75,200,800,14,10,10800
large_emergency,104.98,9.51,12.9,30,20,0.75,200,800,15,11,11800
large_emergency,74.78,9.38,8.41,30,20,0.75,200,800,12,12,12000
large_emergency,108.42,6.18,13.12,30,20,0.75,200,800,24,11,13600
large_emergency,113.29,8.73,7.47,30,20,0.75,200,800,18,19,18800
large_emergency,52.18,5.87,14.52,30,20,0.75,200,800,13,6,7400
large_emergency,99.11,8.31,14.16,30,20,0.75,200,800,16,10,11200
large_emergency,50.72,10.96,10.75,30,20,0.75,200,800,8,7,7200
large_emergency,67.91,9.94,9.78,30,20,0.75,200,800,10,10,10000
large_emergency,64.02,8.98,8.44,30,20,0.75,200,800,10,11,10800
large_emergency,90.39,7.72,13.34,30,20,0.75,200,800,16,10,11200
large_emergency,66.96,5.23,9.88,30,20,0.75,200,800,17,10,11400
large_emergency,105.34,7.62,9.44,30,20,0.75,200,800,18,15,15600
large_emergency,64.03,8.39,9.26,30,20,0.75,200,800,11,10,10200
large_emergency,59.99,5.19,9.7,30,20,0.75,200,800,16,9,10400
large_emergency,76.71,6.39,10.48,30,20,0.75,200,800,17,10,11400
large_emergency,83.44,5.84,10.51,30,20,0.75,200,800,19,11,12600
large_emergency,84.77,9.29,8.26,30,20,0.75,200,800,13,14,13800
large_emergency,72.28,8.28,7.06,30,20,0.75,200,800,12,14,13600
large_emergency,103.21,8.24,8.7,30,20,0.75,200,800,19,15,15800
large_emergency,88.16,11.63,12.5,30,20,0.75,200,800,11,10,10200
large_emergency,114.63,11.21,10.47,30,20,0.75,200,800,15,14,14200
large_emergency,100.59,11.07,14.98,30,20,0.75,200,800,15,9,10200
large_emergency,113.93,9.16,14.31,30,20,0.75,200,800,17,11,12200
large_emergency,64.25,10.51,9.05,30,20,0.75,200,800,9,10,9800
large_emergency,87.78,11.56,11.04,30,20,0.75,200,800,11,11,11000
large_emergency,98.37,5.98,12.35,30,20,0.75,200,800,21,11,13000
large_emergency,89.16,11.12,10.94,30,20,0.75,200,800,12,11,11200
large_emergency,86.39,6.42,7.95,30,20,0.75,200,800,20,14,15200
large_emergency,90.97,8.69,14.77,30,20,0.75,200,800,14,9,10000
large_emergency,95.43,6.03,7.73,30,20,0.75,200,800,21,16,17000
large_emergency,63.92,9.12,12.43,30,20,0.75,200,800,10,8,8400
large_emergency,99.04,5.35,13.61,30,20,0.75,200,800,24,10,12800
large_emergency,69.29,6.84,6.07,30,20,0.75,200,800,15,15,15000
large_emergency,66.34,9.37,6.72,30,20,0.75,200,800,11,13,12600
large_emergency,103.59,6.76,6.99,30,20,0.75,200,800,20,19,19200
large_emergency,109.58,9.95,7.27,30,20,0.75,200,800,15,19,18200
large_emergency,57.22,10.92,13.69,30,20,0.75,200,800,8,7,7200
large_emergency,60.81,5.1,8.62,30,20,0.75,200,800,17,10,11400
large_emergency,52.2,9.94,9.78,30,20,0.75,200,800,8,8,8000
large_emergency,112.7,8.63,12.51,30,20,0.75,200,800,18,12,13200
large_emergency,55.24,6.88,13.93,30,20,0.75,200,800,12,6,7200
large_emergency,68.4,11.64,7.8,30,20,0.75,200,800,9,12,11400
large_emergency,68.05,11.0,7.35,30,20,0.75,200,800,11,12,11800
large_emergency,51.11,5.33,14.41,30,20,0.75,200,800,13,6,7400
large_emergency,95.75,9.98,12.83,30,20,0.75,200,800,14,10,10800
large_emergency,113.43,9.8,11.7,30,20,0.75,200,800,16,13,13600
large_emergency,66.42,11.96,8.81,30,20,0.75,200,800,11,10,10200
large_emergency,91.98,5.53,7.79,30,20,0.75,200,800,21,16,17000
large_emergency,69.27,8.22,11.49,30,20,0.75,200,800,12,9,9600
large_emergency,114.58,9.47,8.29,30,20,0.75,200,800,16,18,17600
large_emergency,97.23,8.49,9.1,30,20,0.75,200,800,16,14,14400
large_emergency,94.92,7.92,6.55,30,20,0.75,200,800,18,18,18000
large_emergency,106.83,5.18,9.72,30,20,0.75,200,800,26,15,17200
large_emergency,99.62,10.02,10.8,30,20,0.75,200,800,15,12,12600
large_emergency,96.2,5.82,14.3,30,20,0.75,200,800,21,10,12200
large_emergency,95.41,11.58,11.71,30,20,0.75,200,800,12,11,11200
large_emergency,60.91,6.15,7.13,30,20,0.75,200,800,14,12,12400
large_emergency,104.52,10.19,9.15,30,20,0.75,200,800,14,15,14800
large_emergency,62.93,8.53,7.11,30,20,0.75,200,800,11,12,11800
large_emergency,56.55,10.91,11.59,30,20,0.75,200,800,9,7,7400
large_emergency,90.88,10.58,7.95,30,20,0.75,200,800,12,15,14400
large_emergency,59.65,5.54,11.96,30,20,0.75,200,800,15,8,9400
large_emergency,81.83,8.13,10.56,30,20,0.75,200,800,14,11,11600
large_emergency,79.89,11.59,10.72,30,20,0.75,200,800,11,10,10200
large_emergency,71.97,11.83,14.8,30,20,0.75,200,800,10,7,7600
large_emergency,112.12,11.58,9.06,30,20,0.75,200,800,14,16,15600
large_emergency,114.72,11.77,8.72,30,20,0.75,200,800,14,17,16400
large_emergency,85.71,5.93,6.23,30,20,0.75,200,800,19,18,18200
large_emergency,71.62,10.5,6.25,30,20,0.75,200,800,10,15,14000
large_emergency,112.43,10.85,12.82,30,20,0.75,200,800,14,12,12400
large_emergency,68.78,8.37,9.38,30,20,0.75,200,800,13,10,10600
large_emergency,86.7,6.28,14.98,30,20,0.75,200,800,18,9,10800
large_emergency,91.85,10.55,9.02,30,20,0.75,200,800,15,13,13400
large_emergency,114.0,6.3,13.22,30,20,0.75,200,800,23,12,14200
large_emergency,106.33,7.42,6.88,30,20,0.75,200,800,22,19,19600
large_emergency,94.22,7.63,10.77,30,20,0.75,200,800,17,12,13000
large_emergency,76.62,10.25,8.65,30,20,0.75,200,800,11,12,11800
large_emergency,70.12,8.94,9.44,30,20,0.75,200,800,12,10,10400
large_emergency,55.74,7.74,10.6,30,20,0.75,200,800,11,8,8600
large_emergency,73.36,7.34,8.76,30,20,0.75,200,800,14,12,12400
large_emergency,109.08,9.69,8.61,30,20,0.75,200,800,16,16,16000
large_emergency,107.81,9.92,6.99,30,20,0.75,200,800,16,19,18400
large_emergency,113.1,11.44,13.46,30,20,0.75,200,800,15,11,11800
large_emergency,99.0,5.63,6.24,30,20,0.75,200,800,23,20,20600
large_emergency,57.93,9.55,11.6,30,20,0.75,200,800,9,8,8200
large_emergency,85.49,6.38,11.18,30,20,0.75,200,800,18,11,12400
large_emergency,63.19,11.66,13.34,30,20,0.75,200,800,9,7,7400
large_emergency,53.85,8.23,13.13,30,20,0.75,200,800,12,6,7200
large_emergency,78.47,10.33,9.26,30,20,0.75,200,800,11,12,11800
large_emergency,84.08,5.46,8.19,30,20,0.75,200,800,20,14,15200
large_emergency,99.63,6.31,13.7,30,20,0.75,200,800,21,10,12200
large_emergency,53.59,10.99,12.96,30,20,0.75,200,800,10,6,6800
large_emergency,92.2,9.36,9.69,30,20,0.75,200,800,14,13,13200
large_emergency,104.71,11.91,11.54,30,20,0.75,200,800,13,12,12200
large_emergency,99.85,8.32,10.96,30,20,0.75,200,800,17,12,13000
large_emergency,112.73,10.1,10.5,30,20,0.75,200,800,16,14,14400
large_emergency,107.04,10.98,12.74,30,20,0.75,200,800,15,11,11800
large_emergency,92.83,10.6,11.92,30,20,0.75,200,800,12,11,11200
large_emergency,78.78,8.96,11.26,30,20,0.75,200,800,12,10,10400
large_emergency,92.12,7.84,13.55,30,20,0.75,200,800,16,10,11200
large_emergency,57.29,6.02,6.54,30,20,0.75,200,800,14,12,12400
large_emergency,101.28,5.76,9.08,30,20,0.75,200,800,23,15,16600
large_emergency,88.27,11.69,12.07,30,20,0.75,200,800,11,10,10200
large_emergency,112.92,10.45,12.7,30,20,0.75,200,800,15,12,12600
large_emergency,110.93,11.5,7.49,30,20,0.75,200,800,13,19,17800
large_emergency,81.82,8.42,13.97,30,20,0.75,200,800,13,9,9800
large_emergency,76.01,11.33,11.2,30,20,0.75,200,800,10,10,10000
large_emergency,70.39,7.29,6.83,30,20,0.75,200,800,14,14,14000
large_emergency,108.21,11.49,9.77,30,20,0.75,200,800,15,14,14200
large_emergency,100.81,8.53,14.34,30,20,0.75,200,800,16,10,11200
large_emergency,108.95,8.2,7.35,30,20,0.75,200,800,18,19,18800
large_emergency,62.54,6.98,9.72,30,20,0.75,200,800,13,9,9800
large_emergency,62.19,8.45,9.95,30,20,0.75,200,800,11,9,9400
large_emergency,81.48,6.57,11.42,30,20,0.75,200,800,17,10,11400
large_emergency,50.58,11.19,14.83,30,20,0.75,200,800,7,6,6200
large_emergency,86.44,5.35,9.7,30,20,0.75,200,800,22,12,14000
large_emergency,87.77,6.96,12.67,30,20,0.75,200,800,17,10,11400
large_emergency,93.89,7.63,13.11,30,20,0.75,200,800,17,10,11400
large_emergency,99.1,7.77,7.32,30,20,0.75,200,800,18,17,17200
large_emergency,100.45,6.98,11.91,30,20,0.75,200,800,19,12,13400
large_emergency,99.73,8.08,9.84,30,20,0.75,200,800,19,13,14200
large_emergency,58.04,7.84,8.5,30,20,0.75,200,800,11,10,10200
large_emergency,91.22,5.4,11.92,30,20,0.75,200,800,22,11,13200
large_emergency,103.61,10.29,9.13,30,20,0.75,200,800,14,15,14800
large_emergency,91.98,10.83,7.51,30,20,0.75,200,800,12,16,15200
large_emergency,105.16,5.15,8.05,30,20,0.75,200,800,26,17,18800
large_emergency,77.78,11.69,12.02,30,20,0.75,200,800,10,9,9200
large_emergency,89.33,11.46,11.66,30,20,0.75,200,800,11,11,11000
large_emergency,112.57,8.05,13.18,30,20,0.75,200,800,18,12,13200
large_emergency,87.31,5.06,10.81,30,20,0.75,200,800,23,11,13400
large_emergency,62.88,8.46,7.41,30,20,0.75,200,800,11,12,11800
large_emergency,97.3,8.22,13.53,30,20,0.75,200,800,16,10,11200
large_emergency,50.15,9.53,10.92,30,20,0.75,200,800,8,7,7200
large_emergency,107.87,5.32,6.84,30,20,0.75,200,800,26,20,21200
large_emergency,74.75,8.16,14.13,30,20,0.75,200,800,13,8,9000
large_emergency,59.65,5.65,12.19,30,20,0.75,200,800,14,8,9200
large_emergency,112.25,7.22,12.2,30,20,0.75,200,800,22,12,14000
large_emergency,63.31,9.13,10.67,30,20,0.75,200,800,10,9,9200
large_emergency,85.78,9.34,11.39,30,20,0.75,200,800,15,10,11000
large_emergency,80.05,6.9,13.12,30,20,0.75,200,800,16,9,10400
large_emergency,74.69,8.02,14.01,30,20,0.75,200,800,13,8,9000
large_emergency,94.09,5.25,10.79,30,20,0.75,200,800,23,12,14200
large_emergency,80.34,8.56,7.17,30,20,0.75,200,800,13,15,14600
large_emergency,73.12,7.49,8.18,30,20,0.75,200,800,14,12,12400
large_emergency,52.63,10.52,6.23,30,20,0.75,200,800,8,12,11200
large_emergency,52.68,11.92,6.53,30,20,0.75,200,800,8,11,10400
large_emergency,74.97,9.77,11.76,30,20,0.75,200,800,11,9,9400
large_emergency,113.64,6.84,10.31,30,20,0.75,200,800,21,15,16200
large_emergency,73.08,8.98,11.98,30,20,0.75,200,800,12,9,9600
large_emergency,104.74,6.3,8.34,30,20,0.75,200,800,23,16,17400
large_emergency,53.79,10.13,12.2,30,20,0.75,200,800,8,7,7200
large_emergency,107.61,6.76,12.85,30,20,0.75,200,800,23,11,13400
large_emergency,93.1,11.24,11.35,30,20,0.75,200,800,12,11,11200
large_emergency,77.87,5.11,13.08,30,20,0.75,200,800,20,9,11200
large_emergency,69.93,8.89,14.79,30,20,0.75,200,800,12,7,8000
large_emergency,72.21,9.86,7.03,30,20,0.75,200,800,11,14,13400
large_emergency,61.67,7.34,10.34,30,20,0.75,200,800,12,9,9600
large_emergency,103.57,9.69,14.28,30,20,0.75,200,800,15,10,11000
large_emergency,86.28,7.72,12.37,30,20,0.75,200,800,15,10,11000
large_emergency,70.28,10.32,14.48,30,20,0.75,200,800,11,7,7800
large_emergency,82.58,7.1,8.85,30,20,0.75,200,800,16,13,13600
large_emergency,82.15,7.5,8.03,30,20,0.75,200,800,15,14,14200
large_emergency,113.5,7.86,9.29,30,20,0.75,200,800,19,16,16600
large_emergency,50.12,10.46,10.99,30,20,0.75,200,800,8,7,7200
large_emergency,63.89,11.81,14.75,30,20,0.75,200,800,8,7,7200
large_emergency,83.86,5.5,7.39,30,20,0.75,200,800,20,15,16000
large_emergency,93.77,11.3,14.87,30,20,0.75,200,800,12,9,9600
large_emergency,107.95,9.76,12.16,30,20,0.75,200,800,15,12,12600
large_emergency,57.01,5.9,9.78,30,20,0.75,200,800,13,9,9800
large_emergency,82.18,9.33,14.79,30,20,0.75,200,800,13,8,9000
large_emergency,60.22,7.62,6.68,30,20,0.75,200,800,12,12,12000
large_emergency,86.92,11.3,13.17,30,20,0.75,200,800,12,9,9600
large_emergency,58.1,9.12,9.39,30,20,0.75,200,800,10,9,9200
large_emergency,66.29,8.95,9.33,30,20,0.75,200,800,11,10,10200
large_emergency,88.64,8.94,6.67,30,20,0.75,200,800,14,17,16400
large_emergency,56.87,8.84,7.01,30,20,0.75,200,800,10,11,10800
large_emergency,85.44,6.02,12.99,30,20,0.75,200,800,21,9,11400
large_emergency,109.37,8.53,8.35,30,20,0.75,200,800,17,17,17000
large_emergency,74.02,9.81,10.99,30,20,0.75,200,800,11,10,10200
large_emergency,67.84,10.32,7.16,30,20,0.75,200,800,10,13,12400
large_emergency,71.3,8.18,13.31,30,20,0.75,200,800,12,8,8800
large_emergency,63.84,11.64,6.96,30,20,0.75,200,800,10,12,11600
large_emergency,81.6,11.13,8.99,30,20,0.75,200,800,11,12,11800
large_emergency,64.65,11.8,13.19,30,20,0.75,200,800,9,7,7400
large_emergency,107.3,11.06,11.68,30,20,0.75,200,800,14,12,12400
large_emergency,54.99,5.02,8.09,30,20,0.75,200,800,15,10,11000
large_emergency,76.07,7.51,14.83,30,20,0.75,200,800,14,8,9200
large_emergency,73.3,9.61,9.9,30,20,0.75,200,800,12,10,10400
large_emergency,94.65,6.8,12.8,30,20,0.75,200,800,20,10,12000
large_emergency,55.95,8.74,9.73,30,20,0.75,200,800,11,8,8600
large_emergency,72.48,5.22,11.21,30,20,0.75,200,800,20,9,11200
large_emergency,85.22,9.57,12.48,30,20,0.75,200,800,12,10,10400
large_emergency,50.95,7.71,11.88,30,20,0.75,200,800,10,7,7600
large_emergency,95.32,6.56,14.61,30,20,0.75,200,800,20,9,11200
large_emergency,96.3,5.19,13.81,30,20,0.75,200,800,24,10,12800
large_emergency,90.29,10.85,10.23,30,20,0.75,200,800,12,12,12000
large_emergency,51.81,6.81,13.78,30,20,0.75,200,800,11,6,7000
large_emergency,101.95,5.36,8.05,30,20,0.75,200,800,27,16,18200
large_emergency,99.45,11.87,10.54,30,20,0.75,200,800,12,13,12800
large_emergency,79.8,11.62,14.45,30,20,0.75,200,800,10,8,8400
large_emergency,63.6,7.52,13.93,30,20,0.75,200,800,12,7,8000
large_emergency,85.82,10.66,7.68,30,20,0.75,200,800,12,15,14400
large_emergency,114.88,6.68,11.09,30,20,0.75,200,800,22,14,15600
large_emergency,85.73,8.01,10.46,30,20,0.75,200,800,15,11,11800
large_emergency,70.11,8.0,8.32,30,20,0.75,200,800,12,12,12000
large_emergency,51.75,5.94,7.46,30,20,0.75,200,800,13,10,10600
large_emergency,90.71,11.16,12.26,30,20,0.75,200,800,12,10,10400
large_emergency,82.57,7.37,12.52,30,20,0.75,200,800,17,9,10600
large_emergency,51.55,9.45,12.15,30,20,0.75,200,800,8,7,7200
large_emergency,86.6,6.93,14.27,30,20,0.75,200,800,17,9,10600
large_emergency,60.97,5.76,8.25,30,20,0.75,200,800,17,10,11400
large_emergency,113.89,11.68,10.21,30,20,0.75,200,800,13,15,14600
large_emergency,81.23,11.72,10.97,30,20,0.75,200,800,11,10,10200
large_emergency,93.43,6.09,7.57,30,20,0.75,200,800,21,16,17000
large_emergency,76.49,10.04,14.74,30,20,0.75,200,800,11,8,8600
large_emergency,109.02,8.13,14.29,30,20,0.75,200,800,17,11,12200
large_emergency,51.22,6.57,13.36,30,20,0.75,200,800,12,6,7200
large_emergency,61.68,5.28,6.02,30,20,0.75,200,800,16,14,14400
large_emergency,54.19,9.32,9.82,30,20,0.75,200,800,9,8,8200
large_emergency,90.02,7.96,13.59,30,20,0.75,200,800,17,9,10600
large_emergency,89.22,10.12,9.94,30,20,0.75,200,800,13,12,12200
large_emergency,97.79,10.14,11.75,30,20,0.75,200,800,14,11,11600
large_emergency,77.57,9.59,8.08,30,20,0.75,200,800,12,13,12800
large_emergency,76.28,8.91,8.17,30,20,0.75,200,800,12,13,12800
large_emergency,81.49,9.04,10.76,30,20,0.75,200,800,12,11,11200
large_emergency,62.5,9.8,14.25,30,20,0.75,200,800,9,7,7400
large_emergency,71.09,6.66,14.83,30,20,0.75,200,800,15,7,8600
large_emergency,56.13,6.21,9.67,30,20,0.75,200,800,13,9,9800
large_emergency,82.81,6.51,11.65,30,20,0.75,200,800,17,10,11400
large_emergency,72.21,5.66,11.07,30,20,0.75,200,800,19,9,11000
large_emergency,92.27,11.7,13.82,30,20,0.75,200,800,13,9,9800
large_emergency,82.22,7.58,14.91,30,20,0.75,200,800,15,8,9400
large_emergency,84.87,11.55,10.36,30,20,0.75,200,800,11,11,11000
large_emergency,95.87,10.29,9.71,30,20,0.75,200,800,13,13,13000
large_emergency,95.51,8.1,10.56,30,20,0.75,200,800,17,12,13000
large_emergency,100.88,6.39,12.68,30,20,0.75,200,800,21,11,13000
large_emergency,57.47,10.44,12.16,30,20,0.75,200,800,9,7,7400
large_emergency,102.74,5.65,14.94,30,20,0.75,200,800,23,10,12600
large_emergency,100.28,8.33,12.35,30,20,0.75,200,800,17,11,12200
large_emergency,75.1,10.78,8.48,30,20,0.75,200,800,10,12,11600
large_emergency,72.84,7.36,11.77,30,20,0.75,200,800,14,9,10000
large_emergency,80.37,7.99,9.93,30,20,0.75,200,800,14,11,11600
large_emergency,75.73,9.99,9.29,30,20,0.75,200,800,11,11,11000
large_emergency,100.25,11.46,7.48,30,20,0.75,200,800,13,17,16200
large_emergency,61.23,11.5,12.95,30,20,0.75,200,800,9,7,7400
large_emergency,102.33,8.45,8.86,30,20,0.75,200,800,17,15,15400
large_emergency,55.33,10.58,8.29,30,20,0.75,200,800,11,9,9400
large_emergency,102.96,9.47,11.62,30,20,0.75,200,800,15,12,12600
large_emergency,87.37,11.63,12.85,30,20,0.75,200,800,11,10,10200
large_emergency,95.57,9.7,9.05,30,20,0.75,200,800,14,14,14000
large_emergency,50.08,7.33,11.87,30,20,0.75,200,800,10,7,7600
large_emergency,109.28,11.55,10.09,30,20,0.75,200,800,14,14,14000
large_emergency,108.26,6.31,9.73,30,20,0.75,200,800,22,15,16400
large_emergency,79.78,9.7,12.21,30,20,0.75,200,800,12,9,9600
large_emergency,56.08,8.69,8.64,30,20,0.75,200,800,10,9,9200
large_emergency,101.79,11.58,14.1,30,20,0.75,200,800,13,10,10600
large_emergency,102.94,5.76,10.89,30,20,0.75,200,800,23,13,15000
large_emergency,85.23,6.66,14.55,30,20,0.75,200,800,17,9,10600
large_emergency,89.15,10.4,12.92,30,20,0.75,200,800,12,10,10400
large_emergency,109.41,10.26,10.09,30,20,0.75,200,800,15,14,14200
large_emergency,96.99,11.24,8.61,30,20,0.75,200,800,12,15,14400
large_emergency,71.91,11.19,13.29,30,20,0.75,200,800,10,8,8400
large_emergency,60.3,9.55,12.53,30,20,0.75,200,800,10,7,7600
large_emergency,86.83,9.64,10.13,30,20,0.75,200,800,13,12,12200
large_emergency,73.1,9.42,10.6,30,20,0.75,200,800,11,10,10200
large_emergency,58.98,8.77,8.09,30,20,0.75,200,800,11,10,10200
large_emergency,82.24,6.69,9.0,30,20,0.75,200,800,18,12,13200
large_emergency,56.75,7.29,14.43,30,20,0.75,200,800,12,6,7200
large_emergency,67.63,9.04,12.91,30,20,0.75,200,800,11,8,8600
large_emergency,68.6,10.36,12.45,30,20,0.75,200,800,10,8,8400
large_emergency,81.58,5.54,13.62,30,20,0.75,200,800,19,9,11000
large_emergency,73.34,8.97,9.01,30,20,0.75,200,800,12,11,11200
large_emergency,69.85,6.48,8.44,30,20,0.75,200,800,17,11,12200
large_emergency,68.54,6.08,11.43,30,20,0.75,200,800,15,9,10200
large_emergency,95.65,5.01,11.43,30,20,0.75,200,800,24,12,14400
large_emergency,59.18,7.31,13.94,30,20,0.75,200,800,11,7,7800
large_emergency,105.05,11.93,12.79,30,20,0.75,200,800,13,11,11400
large_emergency,90.21,5.44,14.05,30,20,0.75,200,800,22,9,11600
large_emergency,76.02,7.18,7.61,30,20,0.75,200,800,16,13,13600
large_emergency,78.72,7.81,13.37,30,20,0.75,200,800,14,9,10000
large_emergency,68.68,7.27,9.74,30,20,0.75,200,800,13,10,10600
large_emergency,81.87,9.7,12.94,30,20,0.75,200,800,12,9,9600
large_emergency,102.2,6.1,7.52,30,20,0.75,200,800,21,18,18600
large_emergency,57.42,11.6,13.8,30,20,0.75,200,800,10,6,6800
large_emergency,101.97,10.98,10.79,30,20,0.75,200,800,13,13,13000
large_emergency,51.9,11.63,10.3,30,20,0.75,200,800,7,8,7800
large_emergency,104.28,9.62,8.09,30,20,0.75,200,800,15,17,16600
large_emergency,92.27,7.65,10.09,30,20,0.75,200,800,17,12,13000
large_emergency,61.66,6.86,7.6,30,20,0.75,200,800,13,11,11400
large_emergency,82.14,6.72,12.39,30,20,0.75,200,800,19,9,11000
large_emergency,62.02,9.48,12.92,30,20,0.75,200,800,10,7,7600
large_emergency,108.38,5.74,11.18,30,20,0.75,200,800,24,13,15200
large_emergency,82.16,10.41,8.2,30,20,0.75,200,800,12,13,12800
large_emergency,105.27,6.42,12.54,30,20,0.75,200,800,21,12,13800
large_emergency,59.38,7.65,8.91,30,20,0.75,200,800,11,10,10200
large_emergency,85.14,8.89,6.35,30,20,0.75,200,800,14,17,16400
large_emergency,101.46,7.52,12.08,30,20,0.75,200,800,21,11,13000
large_emergency,58.58,8.15,14.17,30,20,0.75,200,800,10,7,7600
large_emergency,54.48,8.61,8.66,30,20,0.75,200,800,10,9,9200
large_emergency,99.33,9.6,10.56,30,20,0.75,200,800,14,13,13200
large_emergency,60.62,11.44,11.35,30,20,0.75,200,800,8,8,8000
large_emergency,55.21,8.7,8.32,30,20,0.75,200,800,12,9,9600
large_emergency,112.58,7.4,9.58,30,20,0.75,200,800,21,15,16200
large_emergency,92.55,7.99,12.95,30,20,0.75,200,800,16,10,11200
large_emergency,66.88,5.24,11.76,30,20,0.75,200,800,19,8,10200
large_emergency,73.48,6.02,12.07,30,20,0.75,200,800,16,9,10400
large_emergency,86.89,6.79,14.92,30,20,0.75,200,800,17,9,10600
large_emergency,65.44,9.69,10.4,30,20,0.75,200,800,10,9,9200
large_emergency,50.2,8.14,9.5,30,20,0.75,200,800,9,8,8200
large_emergency,84.65,6.59,6.81,30,20,0.75,200,800,18,16,16400
large_emergency,68.72,8.04,11.87,30,20,0.75,200,800,14,8,9200
large_emergency,51.37,5.43,12.23,30,20,0.75,200,800,13,7,8200
large_emergency,90.02,8.26,13.55,30,20,0.75,200,800,17,9,10600
large_emergency,88.16,8.42,12.35,30,20,0.75,200,800,15,10,11000
large_emergency,97.93,8.78,6.15,30,20,0.75,200,800,16,20,19200
large_emergency,88.41,6.9,7.71,30,20,0.75,200,800,18,15,15600
large_emergency,76.01,11.09,8.52,30,20,0.75,200,800,10,12,11600
large_emergency,89.55,10.14,6.95,30,20,0.75,200,800,12,17,16000
large_emergency,94.4,8.66,12.32,30,20,0.75,200,800,15,11,11800
large_emergency,74.07,7.35,10.41,30,20,0.75,200,800,14,10,10800
large_emergency,51.29,5.08,14.27,30,20,0.75,200,800,14,6,7600
large_emergency,102.22,11.27,11.89,30,20,0.75,200,800,13,12,12200
large_emergency,65.04,8.94,11.6,30,20,0.75,200,800,11,8,8600
large_emergency,61.65,9.02,10.76,30,20,0.75,200,800,11,8,8600
large_emergency,68.27,8.83,11.62,30,20,0.75,200,800,11,9,9400
large_emergency,63.66,5.67,7.74,30,20,0.75,200,800,17,11,12200
large_emergency,106.3,10.23,13.87,30,20,0.75,200,800,14,11,11600
large_emergency,85.69,11.4,9.62,30,20,0.75,200,800,11,12,11800
large_emergency,90.84,5.55,12.37,30,20,0.75,200,800,22,10,12400
large_emergency,92.27,10.29,7.54,30,20,0.75,200,800,13,16,15400
large_emergency,112.03,8.9,7.6,30,20,0.75,200,800,17,19,18600
large_emergency,67.95,10.08,14.03,30,20,0.75,200,800,11,7,7800
large_emergency,65.99,5.92,7.32,30,20,0.75,200,800,17,12,13000
large_emergency,90.73,9.02,9.77,30,20,0.75,200,800,17,12,13000
large_emergency,83.83,5.43,12.9,30,20,0.75,200,800,22,9,11600
large_emergency,81.59,7.46,7.89,30,20,0.75,200,800,15,14,14200
large_emergency,62.21,7.27,11.22,30,20,0.75,200,800,13,8,9000
large_emergency,87.91,11.93,12.34,30,20,0.75,200,800,11,10,10200
large_emergency,97.98,11.83,7.61,30,20,0.75,200,800,15,16,15800
large_emergency,60.39,8.93,10.87,30,20,0.75,200,800,10,8,8400
large_emergency,54.59,8.32,8.17,30,20,0.75,200,800,10,10,10000
large_emergency,100.42,7.43,13.6,30,20,0.75,200,800,19,10,11800
large_emergency,104.6,6.81,10.68,30,20,0.75,200,800,20,13,14400
large_emergency,71.1,11.77,10.42,30,20,0.75,200,800,9,10,9800
large_emergency,111.58,10.09,9.96,30,20,0.75,200,800,15,15,15000
large_emergency,64.8,8.94,14.02,30,20,0.75,200,800,11,7,7800
large_emergency,88.59,7.92,12.83,30,20,0.75,200,800,15,10,11000
large_emergency,70.45,11.24,13.57,30,20,0.75,200,800,9,8,8200
large_emergency,71.71,11.23,9.27,30,20,0.75,200,800,10,11,10800
large_emergency,64.48,11.29,11.65,30,20,0.75,200,800,9,8,8200
large_emergency,55.72,10.06,8.15,30,20,0.75,200,800,9,10,9800
large_emergency,114.86,9.32,11.68,30,20,0.75,200,800,17,13,13800
large_emergency,98.96,5.44,7.74,30,20,0.75,200,800,23,17,18200
large_emergency,58.89,8.6,13.3,30,20,0.75,200,800,10,7,7600
large_emergency,84.94,5.24,12.72,30,20,0.75,200,800,21,10,12200
large_emergency,60.24,5.95,8.92,30,20,0.75,200,800,14,10,10800
large_emergency,101.89,11.6,14.47,30,20,0.75,200,800,12,10,10400
large_emergency,66.53,9.06,9.68,30,20,0.75,200,800,11,10,10200
large_emergency,114.56,7.11,13.04,30,20,0.75,200,800,21,12,13800
large_emergency,59.87,11.72,9.33,30,20,0.75,200,800,8,9,8800
large_emergency,68.82,9.64,14.14,30,20,0.75,200,800,11,7,7800
large_emergency,94.34,9.73,12.29,30,20,0.75,200,800,13,11,11400
large_emergency,75.95,9.46,10.01,30,20,0.75,200,800,11,11,11000
large_emergency,98.09,9.66,8.8,30,20,0.75,200,800,14,15,14800
large_emergency,50.22,10.09,14.55,30,20,0.75,200,800,8,6,6400
large_emergency,64.39,7.02,10.68,30,20,0.75,200,800,13,9,9800
large_emergency,50.41,8.53,11.98,30,20,0.75,200,800,9,7,7400
large_emergency,84.72,8.58,10.98,30,20,0.75,200,800,14,11,11600
large_emergency,105.62,6.71,9.35,30,20,0.75,200,800,21,15,16200
large_emergency,83.99,11.66,10.97,30,20,0.75,200,800,10,11,10800
large_emergency,55.3,5.42,10.89,30,20,0.75,200,800,14,8,9200
large_emergency,57.49,10.07,7.12,30,20,0.75,200,800,9,11,10600
large_emergency,83.0,8.73,11.84,30,20,0.75,200,800,13,10,10600
large_emergency,78.72,9.97,8.92,30,20,0.75,200,800,12,12,12000
large_emergency,87.4,10.39,12.71,30,20,0.75,200,800,12,10,10400
large_emergency,85.23,8.71,10.79,30,20,0.75,200,800,14,11,11600
large_emergency,65.41,9.04,8.04,30,20,0.75,200,800,11,11,11000
large_emergency,64.2,11.45,7.28,30,20,0.75,200,800,9,12,11400
large_emergency,105.61,5.19,13.38,30,20,0.75,200,800,26,11,14000
large_emergency,73.9,5.16,13.58,30,20,0.75,200,800,19,8,10200
large_emergency,109.69,9.44,8.84,30,20,0.75,200,800,16,16,16000
large_emergency,93.15,5.4,6.65,30,20,0.75,200,800,23,18,19000
large_emergency,74.95,10.28,8.15,30,20,0.75,200,800,12,12,12000
large_emergency,81.45,6.8,10.43,30,20,0.75,200,800,16,11,12000
large_emergency,103.64,8.3,11.0,30,20,0.75,200,800,17,13,13800
large_emergency,103.98,10.63,14.12,30,20,0.75,200,800,14,10,10800
large_emergency,88.37,9.22,8.97,30,20,0.75,200,800,14,13,13200
large_emergency,85.33,8.18,6.92,30,20,0.75,200,800,15,16,15800
large_emergency,88.93,6.52,7.61,30,20,0.75,200,800,19,15,15800
large_emergency,114.73,10.69,14.85,30,20,0.75,200,800,14,11,11600
large_emergency,71.58,5.73,6.38,30,20,0.75,200,800,17,15,15400
large_emergency,91.19,10.08,8.94,30,20,0.75,200,800,16,13,13600
large_emergency,50.87,7.14,7.24,30,20,0.75,200,800,11,10,10200
large_emergency,91.7,10.23,6.13,30,20,0.75,200,800,13,19,17800
large_emergency,93.35,10.16,12.51,30,20,0.75,200,800,14,10,10800
large_emergency,55.18,8.39,14.42,30,20,0.75,200,800,10,6,6800
large_emergency,86.63,6.96,13.36,30,20,0.75,200,800,17,9,10600
large_emergency,64.32,7.82,13.97,30,20,0.75,200,800,12,7,8000
large_emergency,79.19,9.11,12.78,30,20,0.75,200,800,12,9,9600
large_emergency,102.24,6.48,12.87,30,20,0.75,200,800,21,11,13000
large_emergency,76.47,8.06,14.56,30,20,0.75,200,800,13,8,9000
large_emergency,107.61,11.52,8.78,30,20,0.75,200,800,13,16,15400
large_emergency,82.39,11.08,14.24,30,20,0.75,200,800,12,8,8800
large_emergency,85.74,7.74,6.96,30,20,0.75,200,800,16,16,16000
large_emergency,96.43,10.37,6.09,30,20,0.75,200,800,13,20,18600
large_emergency,100.6,6.33,13.7,30,20,0.75,200,800,22,10,12400
large_emergency,92.83,8.66,11.31,30,20,0.75,200,800,15,11,11800
large_emergency,107.89,11.24,11.76,30,20,0.75,200,800,14,12,12400
large_emergency,64.74,7.04,13.45,30,20,0.75,200,800,14,7,8400
large_emergency,94.05,9.65,10.62,30,20,0.75,200,800,14,12,12400
large_emergency,62.22,7.92,11.77,30,20,0.75,200,800,11,8,8600
large_emergency,77.41,6.53,8.78,30,20,0.75,200,800,16,12,12800
large_emergency,65.38,6.6,8.33,30,20,0.75,200,800,14,11,11600
large_emergency,78.99,5.89,7.33,30,20,0.75,200,800,19,14,15000
large_emergency,112.9,6.7,10.83,30,20,0.75,200,800,22,14,15600
large_emergency,102.99,10.06,6.45,30,20,0.75,200,800,15,20,19000
large_emergency,114.95,7.35,14.89,30,20,0.75,200,800,20,11,12800
large_emergency,71.05,11.95,11.41,30,20,0.75,200,800,9,9,9000
large_emergency,91.88,10.17,7.33,30,20,0.75,200,800,13,16,15400
large_emergency,83.58,6.58,14.12,30,20,0.75,200,800,17,9,10600
large_emergency,65.56,8.32,6.83,30,20,0.75,200,800,12,13,12800
large_emergency,58.55,9.44,13.84,30,20,0.75,200,800,9,7,7400
large_emergency,107.84,11.69,10.87,30,20,0.75,200,800,13,13,13000
large_emergency,51.88,11.56,9.52,30,20,0.75,200,800,7,8,7800
large_emergency,107.49,6.28,13.05,30,20,0.75,200,800,23,11,13400
large_emergency,59.82,6.92,6.28,30,20,0.75,200,800,13,13,13000
large_emergency,69.02,5.77,8.87,30,20,0.75,200,800,16,11,12000
large_emergency,114.56,8.16,13.78,30,20,0.75,200,800,20,11,12800
large_emergency,89.52,11.34,7.67,30,20,0.75,200,800,12,15,14400
large_emergency,81.95,10.51,14.12,30,20,0.75,200,800,13,8,9000
large_emergency,51.25,9.46,10.43,30,20,0.75,200,800,10,7,7600
large_emergency,98.31,6.9,12.9,30,20,0.75,200,800,18,11,12400
large_emergency,106.03,10.18,10.82,30,20,0.75,200,800,15,13,13400
large_emergency,101.36,11.57,8.53,30,20,0.75,200,800,14,15,14800
large_emergency,87.05,8.68,9.84,30,20,0.75,200,800,14,12,12400
large_emergency,64.4,11.76,14.02,30,20,0.75,200,800,9,7,7400
large_emergency,73.4,6.98,8.3,30,20,0.75,200,800,15,12,12600
large_emergency,110.82,10.81,12.03,30,20,0.75,200,800,15,12,12600
large_emergency,101.85,10.79,9.63,30,20,0.75,200,800,13,14,13800
large_emergency,94.01,5.41,9.65,30,20,0.75,200,800,23,13,15000
large_emergency,92.48,11.67,7.76,30,20,0.75,200,800,13,15,14600
large_emergency,70.9,7.4,14.46,30,20,0.75,200,800,15,7,8600
large_emergency,64.14,9.74,12.74,30,20,0.75,200,800,10,8,8400
large_emergency,106.05,10.52,12.06,30,20,0.75,200,800,14,12,12400
large_emergency,108.51,7.01,11.58,30,20,0.75,200,800,20,13,14400
large_emergency,94.66,11.74,10.68,30,20,0.75,200,800,12,12,12000
large_emergency,86.45,8.44,9.77,30,20,0.75,200,800,14,12,12400
large_emergency,93.98,10.48,13.13,30,20,0.75,200,800,13,10,10600
large_emergency,86.81,8.8,9.14,30,20,0.75,200,800,14,13,13200
large_emergency,75.22,11.87,10.63,30,20,0.75,200,800,10,10,10000
large_emergency,65.84,5.42,12.08,30,20,0.75,200,800,17,8,9800
large_emergency,76.39,7.59,11.41,30,20,0.75,200,800,14,10,10800
large_emergency,75.44,10.52,12.66,30,20,0.75,200,800,10,9,9200
large_emergency,99.43,10.43,14.42,30,20,0.75,200,800,13,10,10600
large_emergency,109.08,7.4,9.98,30,20,0.75,200,800,21,14,15400
large_emergency,106.95,11.74,7.27,30,20,0.75,200,800,13,19,17800
large_emergency,108.43,5.21,8.07,30,20,0.75,200,800,28,17,19200
large_emergency,68.06,10.33,12.6,30,20,0.75,200,800,10,8,8400
large_emergency,99.22,11.13,10.12,30,20,0.75,200,800,13,13,13000
large_emergency,113.14,11.71,14.82,30,20,0.75,200,800,13,11,11400
large_emergency,56.7,11.69,10.45,30,20,0.75,200,800,8,8,8000
large_emergency,65.5,11.64,10.2,30,20,0.75,200,800,9,9,9000
large_emergency,99.54,10.14,13.45,30,20,0.75,200,800,14,10,10800
large_emergency,56.24,8.62,6.32,30,20,0.75,200,800,10,12,11600
large_emergency,106.22,8.66,10.24,30,20,0.75,200,800,16,14,14400
large_emergency,94.2,5.42,6.5,30,20,0.75,200,800,22,19,19600
large_emergency,111.41,5.38,13.34,30,20,0.75,200,800,26,12,14800
large_emergency,87.48,8.04,9.6,30,20,0.75,200,800,16,12,12800
large_emergency,52.59,10.34,11.62,30,20,0.75,200,800,8,7,7200
large_emergency,93.82,7.26,6.06,30,20,0.75,200,800,17,20,19400
large_emergency,66.38,10.76,13.56,30,20,0.75,200,800,10,7,7600
large_emergency,62.79,6.89,9.36,30,20,0.75,200,800,13,10,10600
large_emergency,73.47,8.13,14.55,30,20,0.75,200,800,12,8,8800
large_emergency,51.62,9.67,12.16,30,20,0.75,200,800,8,7,7200
large_emergency,70.19,9.6,7.5,30,20,0.75,200,800,11,13,12600
large_emergency,62.79,9.55,13.93,30,20,0.75,200,800,10,7,7600
large_emergency,51.54,7.25,7.71,30,20,0.75,200,800,10,10,10000
large_emergency,98.05,9.69,7.8,30,20,0.75,200,800,15,16,15800
large_emergency,82.49,6.78,6.73,30,20,0.75,200,800,17,16,16200
large_emergency,52.23,9.69,14.23,30,20,0.75,200,800,8,6,6400
large_emergency,54.21,7.02,8.13,30,20,0.75,200,800,11,10,10200
large_emergency,81.04,5.9,10.47,30,20,0.75,200,800,18,11,12400
large_emergency,75.91,10.01,6.25,30,20,0.75,200,800,11,16,15000
large_emergency,108.72,6.25,13.99,30,20,0.75,200,800,22,11,13200
large_emergency,91.76,6.96,13.36,30,20,0.75,200,800,17,10,11400
large_emergency,90.01,11.78,6.7,30,20,0.75,200,800,12,17,16000
large_emergency,57.43,6.27,9.14,30,20,0.75,200,800,13,9,9800
large_emergency,59.7,11.29,13.28,30,20,0.75,200,800,8,7,7200
large_emergency,103.06,7.21,12.22,30,20,0.75,200,800,18,12,13200
large_emergency,97.82,6.63,12.28,30,20,0.75,200,800,20,11,12800
large_emergency,108.09,9.4,8.74,30,20,0.75,200,800,16,16,16000
large_emergency,88.23,5.55,9.99,30,20,0.75,200,800,21,12,13800
large_emergency,83.31,7.57,12.02,30,20,0.75,200,800,15,10,11000
large_emergency,96.65,7.43,14.05,30,20,0.75,200,800,17,10,11400
large_emergency,57.86,9.19,10.9,30,20,0.75,200,800,9,8,8200
large_emergency,96.31,6.88,9.41,30,20,0.75,200,800,18,14,14800
large_emergency,59.99,10.94,14.68,30,20,0.75,200,800,10,6,6800
large_emergency,86.86,6.78,13.96,30,20,0.75,200,800,17,9,10600
large_emergency,90.45,8.58,9.3,30,20,0.75,200,800,15,13,13400
large_emergency,80.05,10.52,13.36,30,20,0.75,200,800,11,9,9400
large_emergency,53.08,11.36,10.75,30,20,0.75,200,800,9,7,7400
large_emergency,97.05,8.89,14.94,30,20,0.75,200,800,15,9,10200
large_emergency,56.02,11.63,7.71,30,20,0.75,200,800,8,10,9600
large_emergency,55.79,8.11,7.49,30,20,0.75,200,800,12,10,10400
large_emergency,91.79,10.52,8.0,30,20,0.75,200,800,13,15,14600
large_emergency,68.34,10.52,9.96,30,20,0.75,200,800,10,10,10000
large_emergency,82.61,10.21,14.59,30,20,0.75,200,800,12,8,8800
large_emergency,96.24,9.68,14.7,30,20,0.75,200,800,14,9,10000
large_emergency,68.81,9.74,6.82,30,20,0.75,200,800,12,13,12800
large_emergency,97.96,9.9,10.4,30,20,0.75,200,800,14,13,13200
large_emergency,65.05,5.11,8.85,30,20,0.75,200,800,19,10,11800
large_emergency,108.4,5.29,8.95,30,20,0.75,200,800,26,16,18000
large_emergency,103.29,9.36,9.78,30,20,0.75,200,800,15,14,14200
large_emergency,95.17,5.56,11.81,30,20,0.75,200,800,23,11,13400
large_emergency,85.42,5.47,12.58,30,20,0.75,200,800,20,10,12000
large_emergency,64.8,9.63,7.37,30,20,0.75,200,800,10,12,11600
large_emergency,77.04,6.39,8.24,30,20,0.75,200,800,16,13,13600
large_emergency,109.74,9.18,12.11,30,20,0.75,200,800,17,12,13000
large_emergency,105.29,11.51,13.31,30,20,0.75,200,800,13,11,11400
large_emergency,80.89,9.14,14.96,30,20,0.75,200,800,13,8,9000
large_emergency,99.41,6.8,14.4,30,20,0.75,200,800,19,10,11800
large_emergency,113.81,6.58,7.12,30,20,0.75,200,800,23,20,20600
large_emergency,81.87,6.43,7.53,30,20,0.75,200,800,19,14,15000
large_emergency,95.42,8.03,13.47,30,20,0.75,200,800,16,10,11200
large_emergency,84.27,9.64,7.56,30,20,0.75,200,800,12,15,14400
large_emergency,56.52,11.11,14.36,30,20,0.75,200,800,8,6,6400
large_emergency,103.31,6.06,14.31,30,20,0.75,200,800,22,10,12400
large_emergency,63.42,5.51,9.43,30,20,0.75,200,800,16,10,11200
large_emergency,86.44,9.48,7.52,30,20,0.75,200,800,13,15,14600
large_emergency,63.93,11.32,7.46,30,20,0.75,200,800,9,12,11400
large_emergency,64.54,5.03,7.23,30,20,0.75,200,800,18,12,13200
large_emergency,57.12,8.28,7.74,30,20,0.75,200,800,11,10,10200
large_emergency,53.2,10.87,9.05,30,20,0.75,200,800,8,9,8800
large_emergency,78.08,5.39,6.93,30,20,0.75,200,800,19,15,15800
large_emergency,55.56,6.7,14.4,30,20,0.75,200,800,12,6,7200
large_emergency,70.35,5.86,12.74,30,20,0.75,200,800,17,8,9800
large_emergency,94.9,8.21,9.07,30,20,0.75,200,800,16,14,14400
large_emergency,83.64,5.52,12.81,30,20,0.75,200,800,21,9,11400
large_emergency,57.63,10.95,12.01,30,20,0.75,200,800,9,7,7400
large_emergency,54.71,8.28,14.1,30,20,0.75,200,800,10,6,6800
large_emergency,89.68,8.15,13.56,30,20,0.75,200,800,16,9,10400
large_emergency,100.83,10.7,8.43,30,20,0.75,200,800,16,15,15200
large_emergency,76.44,5.15,10.99,30,20,0.75,200,800,20,10,12000
large_emergency,79.28,8.75,12.32,30,20,0.75,200,800,13,9,9800
large_emergency,50.21,10.64,7.26,30,20,0.75,200,800,8,10,9600
large_emergency,104.61,11.17,8.68,30,20,0.75,200,800,13,16,15400
large_emergency,95.55,11.3,14.37,30,20,0.75,200,800,13,9,9800
large_emergency,68.93,11.77,7.67,30,20,0.75,200,800,9,12,11400
large_emergency,53.31,8.77,7.36,30,20,0.75,200,800,10,10,10000
large_emergency,114.26,7.58,8.49,30,20,0.75,200,800,21,17,17800
large_emergency,110.78,8.21,9.32,30,20,0.75,200,800,20,15,16000
large_emergency,96.77,6.67,9.94,30,20,0.75,200,800,19,13,14200
large_emergency,80.51,6.81,12.73,30,20,0.75,200,800,16,9,10400
large_emergency,66.28,7.86,7.48,30,20,0.75,200,800,12,12,12000
large_emergency,103.53,5.95,9.62,30,20,0.75,200,800,23,14,15800
large_emergency,55.44,10.12,13.41,30,20,0.75,200,800,11,6,7000
large_emergency,98.81,7.74,8.51,30,20,0.75,200,800,18,15,15600
large_emergency,74.77,11.68,12.98,30,20,0.75,200,800,11,8,8600
large_emergency,82.89,7.95,8.15,30,20,0.75,200,800,14,14,14000
large_emergency,81.82,11.83,14.81,30,20,0.75,200,800,10,8,8400
large_emergency,103.35,6.73,14.4,30,20,0.75,200,800,20,10,12000
large_emergency,111.35,6.02,13.87,30,20,0.75,200,800,24,11,13600
large_emergency,97.98,11.56,10.09,30,20,0.75,200,800,12,13,12800
large_emergency,89.83,11.02,8.1,30,20,0.75,200,800,15,14,14200
large_emergency,58.66,11.27,14.43,30,20,0.75,200,800,9,6,6600
large_emergency,94.63,9.05,7.21,30,20,0.75,200,800,15,17,16600
large_emergency,55.85,6.05,9.75,30,20,0.75,200,800,16,8,9600
large_emergency,105.33,7.98,13.18,30,20,0.75,200,800,18,11,12400
large_emergency,103.09,9.68,13.48,30,20,0.75,200,800,14,11,11600
large_emergency,74.88,10.55,14.09,30,20,0.75,200,800,10,8,8400
large_emergency,73.56,11.25,10.15,30,20,0.75,200,800,10,10,10000
large_emergency,69.23,6.18,7.98,30,20,0.75,200,800,15,12,12600
large_emergency,112.55,10.18,9.46,30,20,0.75,200,800,17,15,15400
large_emergency,64.87,9.19,12.89,30,20,0.75,200,800,10,8,8400
large_emergency,94.27,9.9,10.51,30,20,0.75,200,800,14,12,12400
large_emergency,85.96,8.92,8.98,30,20,0.75,200,800,13,13,13000
large_emergency,70.43,8.51,11.64,30,20,0.75,200,800,12,9,9600
large_emergency,62.34,5.29,11.13,30,20,0.75,200,800,17,8,9800
large_emergency,73.83,8.68,11.86,30,20,0.75,200,800,12,9,9600
large_emergency,95.11,6.44,6.08,30,20,0.75,200,800,20,20,20000
large_emergency,68.16,11.7,13.14,30,20,0.75,200,800,9,8,8200
large_emergency,109.87,11.26,14.54,30,20,0.75,200,800,15,10,11000
large_emergency,98.57,6.06,7.69,30,20,0.75,200,800,21,17,17800
large_emergency,90.09,11.86,14.99,30,20,0.75,200,800,11,9,9400
large_emergency,64.6,5.6,8.24,30,20,0.75,200,800,16,11,12000
large_emergency,97.52,11.83,10.6,30,20,0.75,200,800,13,12,12200
large_emergency,65.95,6.45,14.92,30,20,0.75,200,800,14,7,8400
large_emergency,101.14,6.72,9.55,30,20,0.75,200,800,20,14,15200
large_emergency,51.02,8.64,14.23,30,20,0.75,200,800,9,6,6600
large_emergency,60.52,6.55,8.02,30,20,0.75,200,800,13,11,11400
large_emergency,82.92,9.33,7.91,30,20,0.75,200,800,13,14,13800
large_emergency,81.16,9.33,10.8,30,20,0.75,200,800,14,10,10800
large_emergency,93.52,7.15,11.55,30,20,0.75,200,800,18,11,12400
large_emergency,91.53,6.74,8.64,30,20,0.75,200,800,18,14,14800
large_emergency,100.01,9.11,14.86,30,20,0.75,200,800,15,10,11000
large_emergency,102.98,9.83,13.21,30,20,0.75,200,800,14,11,11600
large_emergency,102.26,7.87,10.6,30,20,0.75,200,800,17,13,13800
large_emergency,67.43,8.0,8.97,30,20,0.75,200,800,15,10,11000
large_emergency,101.13,11.14,10.72,30,20,0.75,200,800,13,13,13000
large_emergency,58.6,8.98,11.51,30,20,0.75,200,800,10,8,8400
large_emergency,57.51,8.37,12.02,30,20,0.75,200,800,11,7,7800
large_emergency,104.45,5.77,7.25,30,20,0.75,200,800,26,18,19600
large_emergency,102.72,11.29,13.76,30,20,0.75,200,800,14,10,10800
large_emergency,77.0,9.41,8.77,30,20,0.75,200,800,12,12,12000
large_emergency,98.38,11.36,9.05,30,20,0.75,200,800,13,14,13800
large_emergency,114.16,9.39,14.2,30,20,0.75,200,800,16,11,12000
large_emergency,110.25,9.02,13.72,30,20,0.75,200,800,17,11,12200
large_emergency,101.9,9.08,6.84,30,20,0.75,200,800,15,19,18200
large_emergency,109.34,11.7,8.63,30,20,0.75,200,800,14,16,15600
large_emergency,58.91,10.5,14.64,30,20,0.75,200,800,9,6,6600
large_emergency,108.89,6.68,11.16,30,20,0.75,200,800,21,13,14600
large_emergency,50.93,5.25,6.43,30,20,0.75,200,800,14,11,11600
large_emergency,97.67,6.08,7.77,30,20,0.75,200,800,22,16,17200
large_emergency,106.32,5.92,12.95,30,20,0.75,200,800,24,11,13600
large_emergency,107.04,10.57,10.54,30,20,0.75,200,800,16,13,13600
large_emergency,79.38,9.25,8.9,30,20,0.75,200,800,13,12,12200
large_emergency,60.2,9.96,14.58,30,20,0.75,200,800,11,6,7000
large_emergency,89.55,5.2,8.03,30,20,0.75,200,800,22,15,16400
large_emergency,113.17,6.6,12.45,30,20,0.75,200,800,23,12,14200
large_emergency,105.76,8.45,13.31,30,20,0.75,200,800,17,11,12200
large_emergency,69.81,7.61,6.36,30,20,0.75,200,800,13,15,14600
large_emergency,67.7,5.4,6.72,30,20,0.75,200,800,17,14,14600
large_emergency,92.42,7.89,7.35,30,20,0.75,200,800,17,16,16200
large_emergency,110.74,10.84,12.36,30,20,0.75,200,800,14,12,12400
large_emergency,66.92,8.16,6.43,30,20,0.75,200,800,12,14,13600
large_emergency,102.57,11.77,7.16,30,20,0.75,200,800,13,18,17000
large_emergency,103.84,8.28,10.68,30,20,0.75,200,800,17,13,13800
large_emergency,59.52,7.05,14.44,30,20,0.75,200,800,12,7,8000
large_emergency,62.31,7.25,12.82,30,20,0.75,200,800,13,7,8200
large_emergency,74.58,5.04,10.18,30,20,0.75,200,800,21,10,12200
large_emergency,52.14,5.37,14.6,30,20,0.75,200,800,13,6,7400
large_emergency,52.12,6.28,9.53,30,20,0.75,200,800,12,8,8800
large_emergency,96.91,11.01,6.71,30,20,0.75,200,800,13,18,17000
large_emergency,97.72,5.59,7.9,30,20,0.75,200,800,23,16,17400
large_emergency,107.71,6.01,10.87,30,20,0.75,200,800,24,13,15200
large_emergency,95.2,9.5,10.77,30,20,0.75,200,800,14,12,12400
large_emergency,100.7,9.36,14.65,30,20,0.75,200,800,14,10,10800
large_emergency,66.73,6.39,9.4,30,20,0.75,200,800,15,10,11000
large_emergency,60.22,10.92,6.85,30,20,0.75,200,800,9,12,11400
large_emergency,105.56,9.2,12.52,30,20,0.75,200,800,18,11,12400
large_emergency,80.63,6.93,6.27,30,20,0.75,200,800,16,17,16800
large_emergency,109.25,7.35,14.05,30,20,0.75,200,800,19,11,12600
large_emergency,108.61,6.08,14.66,30,20,0.75,200,800,24,10,12800
large_emergency,68.61,6.04,11.83,30,20,0.75,200,800,15,9,10200
large_emergency,61.37,8.76,12.39,30,20,0.75,200,800,12,7,8000
large_emergency,67.49,9.29,13.64,30,20,0.75,200,800,12,7,8000
large_emergency,61.24,5.49,13.44,30,20,0.75,200,800,15,7,8600
large_emergency,60.07,6.65,9.71,30,20,0.75,200,800,13,9,9800
large_emergency,95.1,9.18,10.82,30,20,0.75,200,800,14,12,12400
large_emergency,87.65,6.27,7.15,30,20,0.75,200,800,19,16,16600
large_emergency,110.41,6.02,13.27,30,20,0.75,200,800,26,11,14000
large_emergency,75.65,10.39,10.76,30,20,0.75,200,800,11,10,10200
large_emergency,79.1,8.27,13.81,30,20,0.75,200,800,14,8,9200
large_emergency,83.64,6.05,10.39,30,20,0.75,200,800,19,11,12600
large_emergency,62.4,10.29,10.02,30,20,0.75,200,800,9,9,9000
large_emergency,51.18,11.27,10.52,30,20,0.75,200,800,8,7,7200
large_emergency,70.02,11.49,8.98,30,20,0.75,200,800,9,11,10600
large_emergency,98.26,6.6,6.63,30,20,0.75,200,800,20,19,19200
large_emergency,67.28,11.37,9.65,30,20,0.75,200,800,9,10,9800
large_emergency,69.93,7.42,7.76,30,20,0.75,200,800,14,12,12400
large_emergency,107.69,6.33,11.85,30,20,0.75,200,800,23,12,14200
large_emergency,67.38,8.69,10.35,30,20,0.75,200,800,12,9,9600
large_emergency,63.89,8.7,13.61,30,20,0.75,200,800,11,7,7800
large_emergency,56.37,11.37,8.12,30,20,0.75,200,800,8,10,9600
large_emergency,63.17,10.72,6.75,30,20,0.75,200,800,9,13,12200
large_emergency,86.68,9.17,11.92,30,20,0.75,200,800,14,10,10800
large_emergency,81.22,5.77,8.79,30,20,0.75,200,800,18,13,14000
large_emergency,84.23,5.05,12.72,30,20,0.75,200,800,21,10,12200
large_emergency,91.81,9.14,14.22,30,20,0.75,200,800,14,9,10000
large_emergency,111.57,11.72,14.08,30,20,0.75,200,800,13,11,11400
large_emergency,106.24,10.23,11.1,30,20,0.75,200,800,14,13,13200
large_emergency,94.46,10.08,8.85,30,20,0.75,200,800,13,14,13800
large_emergency,95.4,5.58,14.67,30,20,0.75,200,800,23,9,11800
large_emergency,70.21,8.86,8.55,30,20,0.75,200,800,12,11,11200
large_emergency,103.89,7.25,11.9,30,20,0.75,200,800,19,12,13400
large_emergency,109.97,10.38,14.11,30,20,0.75,200,800,14,11,11600
large_emergency,95.92,9.76,10.54,30,20,0.75,200,800,14,12,12400
large_emergency,94.13,5.23,14.88,30,20,0.75,200,800,23,9,11800
large_emergency,114.48,5.76,14.51,30,20,0.75,200,800,25,11,13800
large_emergency,85.98,10.96,11.0,30,20,0.75,200,800,11,11,11000
large_emergency,63.73,11.09,10.6,30,20,0.75,200,800,9,9,9000
large_emergency,97.04,9.66,14.14,30,20,0.75,200,800,14,10,10800
large_emergency,97.08,11.84,6.4,30,20,0.75,200,800,12,19,17600
large_emergency,70.3,5.93,6.83,30,20,0.75,200,800,16,14,14400
large_emergency,92.5,8.24,6.58,30,20,0.75,200,800,16,18,17600
large_emergency,98.31,7.27,13.31,30,20,0.75,200,800,19,10,11800
large_emergency,90.55,7.3,10.67,30,20,0.75,200,800,16,12,12800
large_emergency,93.86,10.63,13.35,30,20,0.75,200,800,12,10,10400
large_emergency,112.48,11.02,14.61,30,20,0.75,200,800,14,11,11600
large_emergency,53.9,8.19,7.58,30,20,0.75,200,800,10,10,10000
large_emergency,107.75,8.87,11.51,30,20,0.75,200,800,16,13,13600
large_emergency,98.54,11.08,6.43,30,20,0.75,200,800,14,19,18000
large_emergency,107.92,11.86,14.03,30,20,0.75,200,800,13,11,11400
large_emergency,90.17,7.8,11.53,30,20,0.75,200,800,16,11,12000
large_emergency,74.11,9.85,8.77,30,20,0.75,200,800,11,12,11800
large_emergency,85.05,5.96,10.24,30,20,0.75,200,800,21,11,13000
large_emergency,92.2,5.96,12.46,30,20,0.75,200,800,22,10,12400
large_emergency,99.5,7.12,6.42,30,20,0.75,200,800,19,20,19800
large_emergency,93.76,11.92,6.9,30,20,0.75,200,800,12,17,16000
large_emergency,51.69,5.14,13.43,30,20,0.75,200,800,15,6,7800
large_emergency,80.16,11.69,7.43,30,20,0.75,200,800,11,14,13400
large_emergency,53.69,9.7,10.22,30,20,0.75,200,800,9,8,8200
large_emergency,97.75,11.29,10.04,30,20,0.75,200,800,12,13,12800
large_emergency,50.72,10.83,8.31,30,20,0.75,200,800,8,9,8800
large_emergency,67.02,10.2,6.51,30,20,0.75,200,800,10,14,13200
large_emergency,56.67,8.79,10.1,30,20,0.75,200,800,10,8,8400
large_emergency,67.36,5.62,7.97,30,20,0.75,200,800,16,12,12800
large_emergency,68.57,9.5,9.76,30,20,0.75,200,800,11,10,10200
large_emergency,91.44,9.44,11.28,30,20,0.75,200,800,14,11,11600
large_emergency,108.34,6.67,8.03,30,20,0.75,200,800,22,17,18000
large_emergency,105.59,7.99,14.54,30,20,0.75,200,800,18,10,11600
large_emergency,51.88,9.76,11.48,30,20,0.75,200,800,8,7,7200
large_emergency,113.14,8.08,10.3,30,20,0.75,200,800,20,14,15200
large_emergency,89.58,6.84,9.08,30,20,0.75,200,800,18,13,14000
large_emergency,64.17,9.97,10.17,30,20,0.75,200,800,10,9,9200
large_emergency,90.85,7.73,14.25,30,20,0.75,200,800,16,9,10400
large_emergency,53.77,6.19,10.86,30,20,0.75,200,800,12,8,8800
large_emergency,85.77,10.5,11.14,30,20,0.75,200,800,12,11,11200
large_emergency,112.15,11.95,14.73,30,20,0.75,200,800,16,10,11200
large_emergency,80.14,8.55,8.89,30,20,0.75,200,800,14,12,12400
large_emergency,103.41,10.91,11.9,30,20,0.75,200,800,13,12,12200
large_emergency,62.27,9.88,10.1,30,20,0.75,200,800,10,9,9200
large_emergency,113.77,11.64,14.87,30,20,0.75,200,800,13,11,11400
large_emergency,109.06,7.67,8.0,30,20,0.75,200,800,21,17,17800
large_emergency,91.55,6.43,6.89,30,20,0.75,200,800,20,17,17600
large_emergency,114.94,11.03,12.06,30,20,0.75,200,800,14,13,13200
large_emergency,87.19,6.1,12.98,30,20,0.75,200,800,19,10,11800
large_emergency,50.63,8.85,8.32,30,20,0.75,200,800,9,9,9000
large_emergency,57.4,8.93,7.52,30,20,0.75,200,800,10,11,10800
large_emergency,62.9,11.05,12.57,30,20,0.75,200,800,12,7,8000
large_emergency,63.51,9.63,9.83,30,20,0.75,200,800,10,9,9200
large_emergency,92.13,9.26,14.31,30,20,0.75,200,800,14,9,10000
large_emergency,89.87,7.25,12.03,30,20,0.75,200,800,18,10,11600
large_emergency,92.01,10.25,6.18,30,20,0.75,200,800,13,19,17800
large_emergency,97.92,11.89,12.15,30,20,0.75,200,800,12,11,11200
large_emergency,57.12,11.25,8.62,30,20,0.75,200,800,9,9,9000
large_emergency,104.71,5.54,9.76,30,20,0.75,200,800,25,14,16200
large_emergency,88.79,7.13,10.73,30,20,0.75,200,800,18,11,12400
large_emergency,51.35,9.3,13.59,30,20,0.75,200,800,9,6,6600
large_emergency,56.81,11.8,14.84,30,20,0.75,200,800,8,6,6400
large_emergency,55.38,9.06,8.52,30,20,0.75,200,800,10,9,9200
large_emergency,70.53,5.63,6.32,30,20,0.75,200,800,17,15,15400
large_emergency,88.28,8.47,11.86,30,20,0.75,200,800,16,10,11200
large_emergency,71.02,7.66,8.65,30,20,0.75,200,800,14,11,11600
large_emergency,53.9,8.55,11.88,30,20,0.75,200,800,10,7,7600
large_emergency,106.45,7.73,11.31,30,20,0.75,200,800,18,13,14000
large_emergency,66.21,10.02,12.91,30,20,0.75,200,800,10,8,8400
large_emergency,93.28,9.48,7.69,30,20,0.75,200,800,14,16,15600
large_emergency,71.09,5.32,9.19,30,20,0.75,200,800,18,11,12400
large_emergency,51.9,6.2,11.15,30,20,0.75,200,800,12,7,8000
large_emergency,70.79,9.03,8.04,30,20,0.75,200,800,12,12,12000
large_emergency,57.66,5.73,12.72,30,20,0.75,200,800,14,7,8400
large_emergency,112.26,8.56,9.57,30,20,0.75,200,800,18,15,15600
large_emergency,86.99,10.19,9.52,30,20,0.75,200,800,13,12,12200
large_emergency,88.8,10.83,8.4,30,20,0.75,200,800,12,14,13600
large_emergency,94.2,6.92,10.8,30,20,0.75,200,800,18,12,13200
large_emergency,56.24,11.15,9.27,30,20,0.75,200,800,8,9,8800
large_emergency,75.18,5.36,9.18,30,20,0.75,200,800,20,11,12800
large_emergency,75.93,5.33,7.73,30,20,0.75,200,800,20,13,14400
large_emergency,99.3,11.92,6.74,30,20,0.75,200,800,12,19,17600
large_emergency,86.23,8.02,6.86,30,20,0.75,200,800,16,16,16000
large_emergency,101.44,11.14,11.03,30,20,0.75,200,800,14,12,12400
large_emergency,102.22,5.44,14.95,30,20,0.75,200,800,24,10,12800
large_emergency,52.93,5.44,11.43,30,20,0.75,200,800,14,7,8400
large_emergency,50.78,10.61,14.92,30,20,0.75,200,800,7,6,6200
large_emergency,92.5,11.72,14.87,30,20,0.75,200,800,11,9,9400
large_emergency,64.08,9.79,10.14,30,20,0.75,200,800,10,9,9200
large_emergency,94.59,9.35,14.79,30,20,0.75,200,800,14,9,10000
large_emergency,107.08,9.61,7.66,30,20,0.75,200,800,15,18,17400
large_emergency,61.0,7.5,11.03,30,20,0.75,200,800,12,8,8800
large_emergency,50.49,7.2,8.57,30,20,0.75,200,800,10,9,9200
large_emergency,85.18,10.1,13.46,30,20,0.75,200,800,12,9,9600
large_emergency,113.12,6.64,12.47,30,20,0.75,200,800,23,12,14200
large_emergency,62.33,9.8,11.75,30,20,0.75,200,800,10,8,8400
large_emergency,75.16,11.64,14.68,30,20,0.75,200,800,9,8,8200
large_emergency,52.37,5.67,12.14,30,20,0.75,200,800,13,7,8200
large_emergency,52.34,6.08,9.39,30,20,0.75,200,800,13,8,9000
large_emergency,90.15,7.19,10.82,30,20,0.75,200,800,19,11,12600
large_emergency,100.59,10.04,8.6,30,20,0.75,200,800,15,15,15000
large_emergency,93.59,7.06,10.82,30,20,0.75,200,800,18,12,13200
large_emergency,101.31,5.02,9.14,30,20,0.75,200,800,25,15,17000
large_emergency,72.32,11.46,6.65,30,20,0.75,200,800,10,14,13200
large_emergency,67.51,8.33,9.11,30,20,0.75,200,800,13,10,10600
large_emergency,99.32,11.72,8.47,30,20,0.75,200,800,13,15,14600
large_emergency,95.17,10.29,6.57,30,20,0.75,200,800,14,18,17200
large_emergency,113.02,8.75,14.75,30,20,0.75,200,800,17,11,12200
large_emergency,96.66,7.12,8.25,30,20,0.75,200,800,19,15,15800
large_emergency,85.55,9.92,8.68,30,20,0.75,200,800,13,13,13000
large_emergency,87.02,10.78,7.2,30,20,0.75,200,800,12,16,15200
large_emergency,108.32,10.88,9.26,30,20,0.75,200,800,14,15,14800
large_emergency,105.35,11.98,8.75,30,20,0.75,200,800,12,16,15200
large_emergency,98.6,11.4,14.14,30,20,0.75,200,800,12,10,10400
large_emergency,114.49,7.76,14.09,30,20,0.75,200,800,20,11,12800
large_emergency,55.04,9.42,14.02,30,20,0.75,200,800,9,6,6600
large_emergency,69.33,10.09,12.18,30,20,0.75,200,800,11,8,8600
large_emergency,95.03,9.63,7.49,30,20,0.75,200,800,15,16,15800
large_emergency,113.03,7.66,7.31,30,20,0.75,200,800,22,19,19600
large_emergency,94.08,9.2,12.65,30,20,0.75,200,800,15,10,11000
large_emergency,76.49,11.1,9.77,30,20,0.75,200,800,10,11,10800
large_emergency,60.66,6.13,9.18,30,20,0.75,200,800,14,10,10800
large_emergency,112.83,5.43,10.64,30,20,0.75,200,800,27,14,16600
large_emergency,54.44,7.35,11.06,30,20,0.75,200,800,13,7,8200
large_emergency,84.84,7.95,10.92,30,20,0.75,200,800,15,11,11800
large_emergency,60.23,6.95,12.07,30,20,0.75,200,800,12,8,8800
large_emergency,82.93,8.8,8.86,30,20,0.75,200,800,13,13,13000
large_emergency,86.28,7.91,6.24,30,20,0.75,200,800,15,18,17400
large_emergency,114.58,7.39,13.26,30,20,0.75,200,800,20,12,13600
large_emergency,72.75,7.87,10.65,30,20,0.75,200,800,13,10,10600
large_emergency,77.61,11.73,7.03,30,20,0.75,200,800,12,14,13600
large_emergency,106.0,7.15,10.54,30,20,0.75,200,800,21,13,14600
large_emergency,110.39,11.35,8.44,30,20,0.75,200,800,14,17,16400
large_emergency,61.64,6.27,6.06,30,20,0.75,200,800,14,14,14000
large_emergency,70.28,7.62,9.77,30,20,0.75,200,800,13,10,10600
large_emergency,55.69,7.47,6.61,30,20,0.75,200,800,11,12,11800
large_emergency,107.51,6.49,14.68,30,20,0.75,200,800,22,10,12400
large_emergency,62.76,8.94,14.65,30,20,0.75,200,800,10,7,7600
large_emergency,93.74,11.46,6.38,30,20,0.75,200,800,12,19,17600
large_emergency,56.27,10.13,14.87,30,20,0.75,200,800,9,6,6600
large_emergency,109.62,8.77,14.89,30,20,0.75,200,800,17,10,11400
large_emergency,86.52,8.68,6.59,30,20,0.75,200,800,14,17,16400
large_emergency,62.38,10.92,11.4,30,20,0.75,200,800,9,8,8200
large_emergency,94.5,10.73,7.17,30,20,0.75,200,800,13,17,16200
large_emergency,92.52,6.21,6.09,30,20,0.75,200,800,21,19,19400
large_emergency,106.24,7.17,9.4,30,20,0.75,200,800,19,15,15800
large_emergency,57.33,9.02,13.94,30,20,0.75,200,800,11,6,7000
large_emergency,106.21,5.53,13.42,30,20,0.75,200,800,25,11,13800
large_emergency,82.53,9.66,12.87,30,20,0.75,200,800,12,9,9600
large_emergency,105.19,9.8,7.32,30,20,0.75,200,800,16,18,17600
large_emergency,80.48,9.03,14.16,30,20,0.75,200,800,13,8,9000
large_emergency,91.62,9.42,12.58,30,20,0.75,200,800,14,10,10800
large_emergency,113.41,7.34,10.25,30,20,0.75,200,800,20,15,16000
large_emergency,81.42,5.98,11.72,30,20,0.75,200,800,18,10,11600
large_emergency,106.93,7.38,13.43,30,20,0.75,200,800,19,11,12600
large_emergency,71.32,5.89,7.73,30,20,0.75,200,800,16,13,13600
large_emergency,56.79,10.76,8.91,30,20,0.75,200,800,9,9,9000
large_emergency,107.06,5.41,13.12,30,20,0.75,200,800,26,11,14000
large_emergency,88.5,11.38,13.07,30,20,0.75,200,800,11,10,10200
large_emergency,103.83,10.17,8.11,30,20,0.75,200,800,16,16,16000
large_emergency,69.09,10.97,10.38,30,20,0.75,200,800,11,9,9400
large_emergency,81.37,11.86,6.55,30,20,0.75,200,800,11,16,15000
large_emergency,89.43,10.78,11.26,30,20,0.75,200,800,12,11,11200
large_emergency,82.13,6.31,11.46,30,20,0.75,200,800,18,10,11600
large_emergency,93.94,10.84,11.63,30,20,0.75,200,800,12,11,11200
large_emergency,82.44,5.76,12.53,30,20,0.75,200,800,21,9,11400
large_emergency,56.39,6.49,11.23,30,20,0.75,200,800,12,8,8800
large_emergency,103.71,11.38,6.84,30,20,0.75,200,800,13,19,17800
large_emergency,96.73,6.71,13.87,30,20,0.75,200,800,19,10,11800
large_emergency,108.08,7.62,8.5,30,20,0.75,200,800,20,16,16800
large_emergency,83.97,9.69,10.94,30,20,0.75,200,800,12,11,11200
large_emergency,99.56,8.12,10.26,30,20,0.75,200,800,17,13,13800
large_emergency,69.26,10.24,7.61,30,20,0.75,200,800,11,12,11800
large_emergency,81.55,6.67,7.64,30,20,0.75,200,800,17,14,14600
large_emergency,53.38,10.23,10.79,30,20,0.75,200,800,10,7,7600
large_emergency,81.64,9.82,6.65,30,20,0.75,200,800,12,16,15200
large_emergency,55.23,6.11,9.62,30,20,0.75,200,800,16,8,9600
large_emergency,57.5,9.76,7.8,30,20,0.75,200,800,10,10,10000
large_emergency,113.75,5.14,8.75,30,20,0.75,200,800,28,17,19200
large_emergency,92.95,9.5,9.12,30,20,0.75,200,800,13,14,13800
large_emergency,104.75,9.82,6.76,30,20,0.75,200,800,17,19,18600
large_emergency,59.5,8.68,12.48,30,20,0.75,200,800,11,7,7800
large_emergency,58.96,7.65,7.24,30,20,0.75,200,800,12,11,11200
large_emergency,84.32,5.03,6.88,30,20,0.75,200,800,22,16,17200
large_emergency,111.86,8.0,12.35,30,20,0.75,200,800,19,12,13400
large_emergency,102.79,9.07,9.3,30,20,0.75,200,800,18,14,14800
large_emergency,85.65,9.44,10.69,30,20,0.75,200,800,13,11,11400
large_emergency,85.94,6.25,14.35,30,20,0.75,200,800,18,9,10800
large_emergency,89.3,8.86,13.24,30,20,0.75,200,800,14,10,10800
large_emergency,112.1,8.63,9.12,30,20,0.75,200,800,17,16,16200
large_emergency,84.9,11.21,12.34,30,20,0.75,200,800,11,10,10200
large_emergency,113.29,11.98,8.3,30,20,0.75,200,800,14,17,16400
large_emergency,109.86,9.11,12.89,30,20,0.75,200,800,16,12,12800
large_emergency,105.04,11.89,8.22,30,20,0.75,200,800,14,16,15600
large_emergency,57.38,8.9,8.96,30,20,0.75,200,800,10,9,9200
large_emergency,62.48,7.5,6.12,30,20,0.75,200,800,12,14,13600
large_emergency,95.42,8.99,8.55,30,20,0.75,200,800,14,15,14800
large_emergency,91.64,8.78,12.52,30,20,0.75,200,800,15,10,11000
large_emergency,79.18,6.89,8.09,30,20,0.75,200,800,16,13,13600
large_emergency,70.21,5.47,14.25,30,20,0.75,200,800,17,8,9800
large_emergency,65.86,8.06,14.41,30,20,0.75,200,800,12,7,8000
large_emergency,93.28,9.19,9.22,30,20,0.75,200,800,16,13,13600
large_emergency,73.94,11.05,6.79,30,20,0.75,200,800,11,14,13400
large_emergency,105.03,5.55,10.73,30,20,0.75,200,800,25,13,15400
large_emergency,99.7,8.04,7.93,30,20,0.75,200,800,18,16,16400
large_emergency,76.78,6.73,11.13,30,20,0.75,200,800,15,10,11000
large_emergency,94.84,6.8,9.19,30,20,0.75,200,800,18,14,14800
large_emergency,96.46,7.31,6.06,30,20,0.75,200,800,18,20,19600
large_emergency,50.51,5.66,8.72,30,20,0.75,200,800,13,9,9800
large_emergency,84.22,5.66,7.78,30,20,0.75,200,800,21,14,15400
large_emergency,100.89,5.57,14.71,30,20,0.75,200,800,23,10,12600
large_emergency,111.88,9.66,13.68,30,20,0.75,200,800,16,11,12000
large_emergency,58.58,9.18,11.8,30,20,0.75,200,800,12,7,8000
large_emergency,51.47,5.91,7.19,30,20,0.75,200,800,13,10,10600
large_emergency,90.62,11.43,6.05,30,20,0.75,200,800,12,19,17600
large_emergency,60.9,10.14,11.85,30,20,0.75,200,800,9,8,8200
large_emergency,108.2,8.19,12.51,30,20,0.75,200,800,17,12,13000
large_emergency,111.95,11.72,8.61,30,20,0.75,200,800,13,17,16200
large_emergency,65.95,10.1,13.54,30,20,0.75,200,800,11,7,7800
large_emergency,94.64,10.0,11.36,30,20,0.75,200,800,14,11,11600
large_emergency,92.59,5.76,9.88,30,20,0.75,200,800,21,13,14600
large_emergency,61.68,9.55,8.15,30,20,0.75,200,800,10,11,10800
large_emergency,71.99,10.02,6.81,30,20,0.75,200,800,11,14,13400
large_emergency,113.51,11.8,8.51,30,20,0.75,200,800,14,17,16400
large_emergency,111.14,9.09,14.12,30,20,0.75,200,800,16,11,12000
large_emergency,70.34,5.97,9.11,30,20,0.75,200,800,16,11,12000
large_emergency,71.31,8.71,7.69,30,20,0.75,200,800,15,12,12600
large_emergency,51.04,10.39,10.34,30,20,0.75,200,800,9,7,7400
large_emergency,81.52,8.9,9.08,30,20,0.75,200,800,13,12,12200
large_emergency,57.66,8.1,12.73,30,20,0.75,200,800,10,7,7600
large_emergency,91.49,10.37,14.77,30,20,0.75,200,800,12,9,9600
large_emergency,88.22,10.21,11.77,30,20,0.75,200,800,14,10,10800
large_emergency,81.0,7.92,12.67,30,20,0.75,200,800,14,9,10000
large_emergency,109.83,11.94,11.86,30,20,0.75,200,800,14,12,12400
large_emergency,70.09,9.95,14.27,30,20,0.75,200,800,11,7,7800
large_emergency,77.83,5.44,12.72,30,20,0.75,200,800,19,9,11000
large_emergency,75.46,5.86,14.95,30,20,0.75,200,800,17,8,9800
large_emergency,50.54,7.16,10.23,30,20,0.75,200,800,10,8,8400
large_emergency,66.29,6.9,7.98,30,20,0.75,200,800,16,11,12000
large_emergency,75.58,10.75,12.82,30,20,0.75,200,800,10,9,9200
large_emergency,54.35,8.77,14.83,30,20,0.75,200,800,9,6,6600
large_emergency,104.76,9.96,10.44,30,20,0.75,200,800,15,13,13400
large_emergency,51.01,5.97,14.48,30,20,0.75,200,800,12,6,7200
large_emergency,68.68,11.55,9.79,30,20,0.75,200,800,9,10,9800
large_emergency,112.67,11.17,14.36,30,20,0.75,200,800,14,11,11600
large_emergency,55.54,10.99,14.61,30,20,0.75,200,800,8,6,6400
large_emergency,60.62,11.78,7.54,30,20,0.75,200,800,8,11,10400
large_emergency,111.84,10.83,7.36,30,20,0.75,200,800,15,19,18200
large_emergency,111.42,5.62,12.42,30,20,0.75,200,800,26,12,14800
large_emergency,57.01,6.92,10.92,30,20,0.75,200,800,12,8,8800
large_emergency,83.65,5.55,12.43,30,20,0.75,200,800,19,10,11800
large_emergency,90.27,7.53,14.03,30,20,0.75,200,800,17,9,10600
large_emergency,82.92,8.65,12.34,30,20,0.75,200,800,13,10,10600
large_emergency,59.08,7.2,10.11,30,20,0.75,200,800,12,9,9600
large_emergency,85.73,8.2,13.87,30,20,0.75,200,800,14,9,10000
large_emergency,54.0,6.26,9.99,30,20,0.75,200,800,13,8,9000
large_emergency,77.06,7.5,8.23,30,20,0.75,200,800,14,13,13200
large_emergency,110.04,8.52,7.89,30,20,0.75,200,800,17,18,17800
large_emergency,54.8,9.65,11.5,30,20,0.75,200,800,9,7,7400
large_emergency,55.74,9.32,9.58,30,20,0.75,200,800,9,9,9000
large_emergency,80.89,5.48,9.13,30,20,0.75,200,800,20,12,13600
large_emergency,77.67,6.75,14.58,30,20,0.75,200,800,16,8,9600
large_emergency,52.57,8.67,11.56,30,20,0.75,200,800,9,7,7400
large_emergency,62.11,7.86,11.57,30,20,0.75,200,800,11,8,8600
large_emergency,89.91,9.73,8.5,30,20,0.75,200,800,13,14,13800
large_emergency,57.49,10.78,7.5,30,20,0.75,200,800,8,11,10400
large_emergency,52.04,10.93,12.4,30,20,0.75,200,800,7,7,7000
large_emergency,97.09,7.32,14.61,30,20,0.75,200,800,20,9,11200
large_emergency,52.94,6.66,11.03,30,20,0.75,200,800,12,7,8000
large_emergency,81.1,7.14,8.16,30,20,0.75,200,800,17,13,13800
large_emergency,112.23,9.78,11.26,30,20,0.75,200,800,16,13,13600
large_emergency,89.84,5.96,14.58,30,20,0.75,200,800,20,9,11200
large_emergency,62.65,7.16,10.26,30,20,0.75,200,800,12,9,9600
large_emergency,98.19,9.11,13.7,30,20,0.75,200,800,15,10,11000
large_emergency,51.04,6.95,12.56,30,20,0.75,200,800,13,6,7400
large_emergency,93.31,5.53,8.23,30,20,0.75,200,800,22,15,16400
large_emergency,55.73,6.71,13.21,30,20,0.75,200,800,12,7,8000
large_emergency,93.11,7.77,13.52,30,20,0.75,200,800,16,10,11200
large_emergency,60.97,10.93,13.27,30,20,0.75,200,800,9,7,7400
large_emergency,111.13,6.91,13.4,30,20,0.75,200,800,22,11,13200
large_emergency,104.53,10.85,7.25,30,20,0.75,200,800,14,18,17200
large_emergency,110.22,6.85,7.0,30,20,0.75,200,800,21,20,20200
large_emergency,62.42,11.11,12.34,30,20,0.75,200,800,8,8,8000
large_emergency,53.9,10.79,7.87,30,20,0.75,200,800,8,10,9600
large_emergency,97.33,10.42,9.79,30,20,0.75,200,800,14,13,13200
large_emergency,73.95,8.0,6.2,30,20,0.75,200,800,13,16,15400
large_emergency,58.12,6.21,8.47,30,20,0.75,200,800,13,10,10600
large_emergency,97.46,8.73,6.94,30,20,0.75,200,800,15,18,17400
large_emergency,95.46,11.01,14.95,30,20,0.75,200,800,12,9,9600
large_emergency,83.01,6.17,6.57,30,20,0.75,200,800,20,16,16800
large_emergency,100.51,11.8,13.39,30,20,0.75,200,800,13,10,10600
large_emergency,94.6,5.93,14.16,30,20,0.75,200,800,20,10,12000
large_emergency,103.87,8.55,12.77,30,20,0.75,200,800,17,11,12200
large_emergency,73.3,6.41,12.0,30,20,0.75,200,800,16,9,10400
large_emergency,59.36,8.3,10.97,30,20,0.75,200,800,11,8,8600
large_emergency,72.79,9.14,12.31,30,20,0.75,200,800,11,9,9400
large_emergency,103.8,11.24,9.95,30,20,0.75,200,800,13,14,13800
large_emergency,81.43,10.84,8.93,30,20,0.75,200,800,12,12,12000
large_emergency,61.43,10.69,12.35,30,20,0.75,200,800,11,7,7800
large_emergency,99.0,8.94,9.73,30,20,0.75,200,800,18,13,14000
large_emergency,84.83,5.15,8.86,30,20,0.75,200,800,22,13,14800
large_emergency,55.98,5.3,6.59,30,20,0.75,200,800,15,12,12600
large_emergency,111.25,9.1,10.25,30,20,0.75,200,800,17,14,14600
large_emergency,53.4,10.91,11.68,30,20,0.75,200,800,8,7,7200
large_emergency,83.07,11.47,6.08,30,20,0.75,200,800,12,17,16000
large_emergency,74.81,7.39,10.03,30,20,0.75,200,800,16,10,11200
large_emergency,89.81,7.5,9.09,30,20,0.75,200,800,17,13,13800
large_emergency,72.52,8.92,13.67,30,20,0.75,200,800,12,8,8800
large_emergency,90.65,8.6,13.57,30,20,0.75,200,800,17,9,10600
large_emergency,88.81,6.11,11.92,30,20,0.75,200,800,21,10,12200
large_emergency,53.07,9.54,13.24,30,20,0.75,200,800,9,6,6600
large_emergency,66.59,12.0,13.76,30,20,0.75,200,800,9,7,7400
large_emergency,76.98,9.19,14.49,30,20,0.75,200,800,12,8,8800
large_emergency,91.94,10.05,10.02,30,20,0.75,200,800,14,12,12400
large_emergency,89.96,8.03,12.78,30,20,0.75,200,800,15,10,11000
large_emergency,68.93,7.77,14.16,30,20,0.75,200,800,14,7,8400
large_emergency,55.05,8.72,9.85,30,20,0.75,200,800,10,8,8400
large_emergency,75.7,7.43,8.62,30,20,0.75,200,800,14,12,12400
large_emergency,103.28,11.87,7.94,30,20,0.75,200,800,12,17,16000
large_emergency,67.95,7.8,13.72,30,20,0.75,200,800,15,7,8600
large_emergency,103.79,5.13,7.74,30,20,0.75,200,800,27,17,19000
large_emergency,72.76,10.52,13.81,30,20,0.75,200,800,10,8,8400
large_emergency,67.92,5.34,13.88,30,20,0.75,200,800,20,7,9600
large_emergency,91.85,6.26,7.04,30,20,0.75,200,800,20,17,17600
large_emergency,72.76,6.73,12.41,30,20,0.75,200,800,15,9,10200
large_emergency,79.27,5.51,13.55,30,20,0.75,200,800,19,9,11000
large_emergency,104.47,6.17,13.71,30,20,0.75,200,800,21,11,13000
large_emergency,94.24,9.01,13.16,30,20,0.75,200,800,14,10,10800
large_emergency,54.22,9.07,11.71,30,20,0.75,200,800,9,7,7400
large_emergency,67.31,7.84,8.85,30,20,0.75,200,800,12,11,11200
large_emergency,66.7,5.93,10.61,30,20,0.75,200,800,16,9,10400
large_emergency,78.1,8.67,9.13,30,20,0.75,200,800,13,12,12200
large_emergency,58.9,7.56,14.86,30,20,0.75,200,800,12,6,7200
large_emergency,93.61,11.17,8.36,30,20,0.75,200,800,12,15,14400
large_emergency,105.8,11.78,7.58,30,20,0.75,200,800,13,18,17000
large_emergency,56.61,6.49,6.08,30,20,0.75,200,800,13,13,13000
large_emergency,74.78,10.1,12.96,30,20,0.75,200,800,12,8,8800
large_emergency,68.96,11.3,6.31,30,20,0.75,200,800,11,14,13400
large_emergency,79.14,11.89,7.75,30,20,0.75,200,800,10,14,13200
large_emergency,98.46,6.34,13.2,30,20,0.75,200,800,22,10,12400
large_emergency,98.41,7.13,14.7,30,20,0.75,200,800,18,10,11600
large_emergency,52.91,7.24,6.39,30,20,0.75,200,800,13,11,11400
large_emergency,83.37,9.96,9.12,30,20,0.75,200,800,13,12,12200
large_emergency,72.4,10.86,11.78,30,20,0.75,200,800,10,9,9200
large_emergency,85.97,5.19,7.68,30,20,0.75,200,800,22,15,16400
large_emergency,53.79,10.77,14.5,30,20,0.75,200,800,8,6,6400
large_emergency,72.95,6.58,11.58,30,20,0.75,200,800,15,9,10200
large_emergency,63.16,9.42,8.01,30,20,0.75,200,800,10,11,10800
large_emergency,70.6,10.29,11.6,30,20,0.75,200,800,10,9,9200
large_emergency,63.03,7.68,8.21,30,20,0.75,200,800,12,11,11200
large_emergency,112.48,11.35,12.78,30,20,0.75,200,800,14,12,12400
large_emergency,96.33,8.84,12.51,30,20,0.75,200,800,15,11,11800
large_emergency,91.8,10.09,10.57,30,20,0.75,200,800,13,12,12200
large_emergency,79.84,11.55,10.75,30,20,0.75,200,800,11,10,10200
large_emergency,64.32,7.55,13.54,30,20,0.75,200,800,13,7,8200
large_emergency,73.18,8.24,9.75,30,20,0.75,200,800,15,10,11000
large_emergency,94.88,6.13,9.49,30,20,0.75,200,800,22,13,14800
large_emergency,85.55,11.4,9.91,30,20,0.75,200,800,11,12,11800
large_emergency,72.88,10.52,7.44,30,20,0.75,200,800,11,13,12600
large_emergency,51.32,10.29,9.14,30,20,0.75,200,800,8,8,8000
large_emergency,85.95,8.52,13.67,30,20,0.75,200,800,14,9,10000
large_emergency,58.02,7.97,9.71,30,20,0.75,200,800,11,9,9400
large_emergency,106.51,8.9,6.51,30,20,0.75,200,800,19,20,19800
large_emergency,57.62,10.5,8.6,30,20,0.75,200,800,8,10,9600
large_emergency,105.83,5.55,10.37,30,20,0.75,200,800,24,14,16000
large_emergency,113.51,7.15,7.66,30,20,0.75,200,800,21,19,19400
large_emergency,109.51,8.24,12.68,30,20,0.75,200,800,17,12,13000
large_emergency,94.16,11.25,12.01,30,20,0.75,200,800,12,11,11200
large_emergency,88.83,10.75,10.25,30,20,0.75,200,800,12,12,12000
large_emergency,63.86,6.39,11.01,30,20,0.75,200,800,14,9,10000
large_emergency,52.69,8.02,12.13,30,20,0.75,200,800,10,7,7600
large_emergency,50.69,9.44,14.52,30,20,0.75,200,800,8,6,6400
large_emergency,67.84,10.1,7.52,30,20,0.75,200,800,11,12,11800
large_emergency,70.36,10.28,7.19,30,20,0.75,200,800,11,13,12600
large_emergency,68.0,5.89,9.33,30,20,0.75,200,800,17,10,11400
large_emergency,68.86,11.97,11.46,30,20,0.75,200,800,9,9,9000
large_emergency,80.09,10.77,9.29,30,20,0.75,200,800,11,12,11800
large_emergency,63.66,11.42,7.91,30,20,0.75,200,800,9,11,10600
large_emergency,58.11,9.93,14.19,30,20,0.75,200,800,10,6,6800
large_emergency,104.97,11.56,12.96,30,20,0.75,200,800,13,11,11400
large_emergency,89.33,5.14,6.61,30,20,0.75,200,800,22,18,18800
large_emergency,93.1,5.54,7.16,30,20,0.75,200,800,22,17,18000
large_emergency,94.02,7.72,9.51,30,20,0.75,200,800,17,13,13800
large_emergency,107.99,8.04,8.07,30,20,0.75,200,800,18,17,17200
large_emergency,78.34,11.2,12.15,30,20,0.75,200,800,11,9,9400
large_emergency,91.41,6.14,8.97,30,20,0.75,200,800,19,14,15000
large_emergency,84.81,6.49,6.81,30,20,0.75,200,800,18,16,16400
large_emergency,101.67,9.77,13.09,30,20,0.75,200,800,14,11,11600
large_emergency,92.58,10.61,10.0,30,20,0.75,200,800,14,12,12400
large_emergency,93.16,11.07,6.72,30,20,0.75,200,800,12,18,16800
large_emergency,99.3,6.41,11.18,30,20,0.75,200,800,21,12,13800
large_emergency,91.43,6.03,6.36,30,20,0.75,200,800,22,18,18800
large_emergency,108.01,9.18,12.59,30,20,0.75,200,800,16,12,12800
large_emergency,81.84,7.1,13.11,30,20,0.75,200,800,16,9,10400
large_emergency,81.81,6.29,8.95,30,20,0.75,200,800,19,12,13400
large_emergency,107.48,10.59,10.85,30,20,0.75,200,800,14,13,13200
large_emergency,84.51,10.6,10.5,30,20,0.75,200,800,12,11,11200
large_emergency,77.64,9.45,8.82,30,20,0.75,200,800,12,12,12000
large_emergency,69.52,6.89,10.49,30,20,0.75,200,800,17,9,10600
large_emergency,64.93,10.25,13.44,30,20,0.75,200,800,10,7,7600
large_emergency,107.67,6.19,8.8,30,20,0.75,200,800,23,16,17400
large_emergency,114.3,5.74,11.71,30,20,0.75,200,800,26,13,15600
large_emergency,110.0,11.16,11.55,30,20,0.75,200,800,14,13,13200
large_emergency,109.93,9.96,8.68,30,20,0.75,200,800,16,16,16000
large_emergency,91.97,9.69,9.47,30,20,0.75,200,800,13,13,13000
large_emergency,75.11,8.08,13.85,30,20,0.75,200,800,13,8,9000
large_emergency,100.36,11.03,8.08,30,20,0.75,200,800,13,16,15400
large_emergency,79.64,10.51,12.89,30,20,0.75,200,800,11,9,9400
large_emergency,109.03,6.99,9.28,30,20,0.75,200,800,22,15,16400
large_emergency,62.71,10.07,12.09,30,20,0.75,200,800,9,8,8200
large_emergency,103.38,5.09,12.9,30,20,0.75,200,800,26,11,14000
large_emergency,89.79,8.74,7.2,30,20,0.75,200,800,15,16,15800
large_emergency,57.73,11.6,6.57,30,20,0.75,200,800,8,12,11200
large_emergency,63.75,9.56,6.84,30,20,0.75,200,800,10,13,12400
large_emergency,101.06,11.34,13.2,30,20,0.75,200,800,12,11,11200
large_emergency,113.91,9.04,10.52,30,20,0.75,200,800,17,14,14600
large_emergency,91.52,9.97,13.55,30,20,0.75,200,800,13,10,10600
large_emergency,95.77,5.43,8.42,30,20,0.75,200,800,23,15,16600
large_emergency,81.96,10.71,6.01,30,20,0.75,200,800,13,17,16200
large_emergency,79.36,11.38,6.12,30,20,0.75,200,800,10,17,15600
large_emergency,56.33,8.43,13.66,30,20,0.75,200,800,13,6,7400
large_emergency,79.82,11.94,12.02,30,20,0.75,200,800,11,9,9400
large_emergency,102.93,11.77,10.77,30,20,0.75,200,800,12,13,12800
large_emergency,72.37,10.55,13.93,30,20,0.75,200,800,10,8,8400
large_emergency,82.59,7.42,7.86,30,20,0.75,200,800,15,14,14200
large_emergency,77.38,11.45,14.53,30,20,0.75,200,800,10,8,8400
large_emergency,70.44,6.91,7.92,30,20,0.75,200,800,15,12,12600
large_emergency,100.34,10.28,6.47,30,20,0.75,200,800,16,19,18400
large_emergency,79.69,9.79,14.46,30,20,0.75,200,800,12,8,8800
large_emergency,90.12,6.07,12.89,30,20,0.75,200,800,19,10,11800
large_emergency,61.21,6.84,8.28,30,20,0.75,200,800,14,10,10800
large_emergency,94.06,6.33,7.09,30,20,0.75,200,800,20,17,17600
large_emergency,97.1,7.9,10.4,30,20,0.75,200,800,16,13,13600
large_emergency,56.98,9.7,11.81,30,20,0.75,200,800,10,7,7600
large_emergency,85.0,7.98,9.06,30,20,0.75,200,800,15,13,13400
large_emergency,56.06,9.01,10.33,30,20,0.75,200,800,10,8,8400
large_emergency,85.09,5.57,11.19,30,20,0.75,200,800,20,11,12800
large_emergency,57.5,6.64,7.66,30,20,0.75,200,800,12,11,11200
large_emergency,109.93,8.29,8.79,30,20,0.75,200,800,18,16,16400
large_emergency,64.91,8.18,13.41,30,20,0.75,200,800,12,7,8000
large_emergency,71.2,10.13,8.91,30,20,0.75,200,800,11,11,11000
large_emergency,57.36,9.54,6.22,30,20,0.75,200,800,12,12,12000
large_emergency,98.61,8.39,10.53,30,20,0.75,200,800,16,13,13600
large_emergency,112.79,6.78,11.72,30,20,0.75,200,800,21,13,14600
large_emergency,61.03,6.84,12.9,30,20,0.75,200,800,13,7,8200
large_emergency,114.91,9.47,14.67,30,20,0.75,200,800,16,11,12000
large_emergency,50.75,9.65,10.29,30,20,0.75,200,800,10,7,7600
large_emergency,59.35,7.27,10.05,30,20,0.75,200,800,12,9,9600
large_emergency,63.97,11.39,8.97,30,20,0.75,200,800,9,10,9800
large_emergency,62.58,9.56,14.0,30,20,0.75,200,800,10,7,7600
large_emergency,73.64,5.59,7.74,30,20,0.75,200,800,18,13,14000
large_emergency,55.33,6.07,13.24,30,20,0.75,200,800,13,7,8200
large_emergency,74.14,6.84,10.08,30,20,0.75,200,800,16,10,11200
large_emergency,102.23,8.5,13.5,30,20,0.75,200,800,16,11,12000
large_emergency,90.09,9.45,7.11,30,20,0.75,200,800,14,16,15600
large_emergency,75.07,11.2,8.07,30,20,0.75,200,800,13,12,12200
large_emergency,55.01,6.33,10.29,30,20,0.75,200,800,12,8,8800
large_emergency,64.4,5.78,10.55,30,20,0.75,200,800,15,9,10200
large_emergency,53.08,8.91,8.84,30,20,0.75,200,800,9,9,9000
large_emergency,114.52,5.39,14.96,30,20,0.75,200,800,26,11,14000
large_emergency,85.08,7.56,9.32,30,20,0.75,200,800,16,12,12800
large_emergency,71.91,5.39,14.46,30,20,0.75,200,800,17,8,9800
large_emergency,102.25,6.48,10.61,30,20,0.75,200,800,21,13,14600
large_emergency,62.02,9.88,6.42,30,20,0.75,200,800,10,13,12400
large_emergency,77.4,5.78,7.03,30,20,0.75,200,800,18,15,15600
large_emergency,68.32,5.17,7.15,30,20,0.75,200,800,18,13,14000
large_emergency,55.78,8.7,6.71,30,20,0.75,200,800,12,11,11200
large_emergency,65.38,7.82,6.47,30,20,0.75,200,800,12,14,13600
large_emergency,113.84,5.79,14.36,30,20,0.75,200,800,25,11,13800
large_emergency,61.22,10.11,13.71,30,20,0.75,200,800,9,7,7400
large_emergency,109.68,10.34,14.88,30,20,0.75,200,800,15,10,11000
large_emergency,75.4,10.33,6.45,30,20,0.75,200,800,11,15,14200
large_emergency,111.87,5.07,12.31,30,20,0.75,200,800,29,12,15400
large_emergency,62.98,7.41,11.01,30,20,0.75,200,800,14,8,9200
large_emergency,96.37,6.53,6.23,30,20,0.75,200,800,19,20,19800
large_emergency,91.35,8.06,13.23,30,20,0.75,200,800,15,10,11000
large_emergency,60.38,6.15,11.69,30,20,0.75,200,800,14,8,9200
large_emergency,104.59,7.87,9.68,30,20,0.75,200,800,18,14,14800
large_emergency,63.52,6.64,11.81,30,20,0.75,200,800,13,8,9000
large_emergency,59.93,11.08,14.59,30,20,0.75,200,800,10,6,6800
large_emergency,66.46,11.94,12.9,30,20,0.75,200,800,8,8,8000
large_emergency,98.13,8.45,14.52,30,20,0.75,200,800,15,10,11000
large_emergency,102.3,8.26,11.52,30,20,0.75,200,800,17,12,13000
large_emergency,85.32,5.48,10.33,30,20,0.75,200,800,22,11,13200
large_emergency,55.16,11.43,10.63,30,20,0.75,200,800,8,8,8000
large_emergency,83.45,7.79,11.27,30,20,0.75,200,800,16,10,11200
large_emergency,59.53,8.87,9.09,30,20,0.75,200,800,11,9,9400
large_emergency,58.33,8.18,12.67,30,20,0.75,200,800,11,7,7800
large_emergency,77.68,5.58,11.19,30,20,0.75,200,800,18,10,11600
large_emergency,103.45,11.82,7.39,30,20,0.75,200,800,12,18,16800
large_emergency,90.32,6.47,7.4,30,20,0.75,200,800,19,16,16600
large_emergency,93.97,9.68,10.69,30,20,0.75,200,800,14,12,12400
large_emergency,80.28,7.84,7.4,30,20,0.75,200,800,15,14,14200
large_emergency,69.95,7.31,6.74,30,20,0.75,200,800,14,14,14000
large_emergency,113.84,6.81,12.08,30,20,0.75,200,800,21,13,14600
large_emergency,80.44,10.37,9.08,30,20,0.75,200,800,11,12,11800
large_emergency,50.45,5.78,8.52,30,20,0.75,200,800,12,9,9600
large_emergency,102.06,6.0,8.93,30,20,0.75,200,800,22,15,16400
large_emergency,75.65,7.23,12.78,30,20,0.75,200,800,14,9,10000
large_emergency,98.77,6.64,14.12,30,20,0.75,200,800,19,10,11800
large_emergency,92.83,7.29,8.08,30,20,0.75,200,800,17,15,15400
large_emergency,80.67,8.71,6.2,30,20,0.75,200,800,13,17,16200
large_emergency,51.98,8.97,13.13,30,20,0.75,200,800,9,6,6600
large_emergency,52.75,5.85,8.15,30,20,0.75,200,800,14,9,10000
large_emergency,82.94,8.43,13.93,30,20,0.75,200,800,13,9,9800
large_emergency,79.66,5.63,14.11,30,20,0.75,200,800,20,8,10400
large_emergency,69.96,5.86,9.81,30,20,0.75,200,800,17,10,11400
large_emergency,61.66,10.35,14.81,30,20,0.75,200,800,9,7,7400
large_emergency,50.57,7.25,14.38,30,20,0.75,200,800,10,6,6800
large_emergency,95.78,9.99,7.22,30,20,0.75,200,800,14,17,16400
large_emergency,52.24,7.76,8.13,30,20,0.75,200,800,11,9,9400
large_emergency,77.23,8.66,7.02,30,20,0.75,200,800,16,14,14400
large_emergency,87.76,6.72,9.96,30,20,0.75,200,800,18,12,13200
large_emergency,66.85,10.24,12.42,30,20,0.75,200,800,10,8,8400
large_emergency,84.96,5.6,12.04,30,20,0.75,200,800,20,10,12000
large_emergency,55.6,11.2,12.76,30,20,0.75,200,800,8,7,7200
large_emergency,79.92,9.99,6.49,30,20,0.75,200,800,12,16,15200
large_emergency,68.74,8.99,13.53,30,20,0.75,200,800,11,8,8600
large_emergency,111.02,6.61,11.74,30,20,0.75,200,800,21,13,14600
large_emergency,51.16,8.08,12.12,30,20,0.75,200,800,9,7,7400
large_emergency,52.43,7.36,13.95,30,20,0.75,200,800,11,6,7000
large_emergency,75.12,6.05,13.91,30,20,0.75,200,800,17,8,9800
large_emergency,109.54,6.2,13.28,30,20,0.75,200,800,24,11,13600
large_emergency,100.09,10.79,14.29,30,20,0.75,200,800,13,10,10600
large_emergency,64.38,11.47,13.74,30,20,0.75,200,800,9,7,7400
large_emergency,60.74,10.47,7.25,30,20,0.75,200,800,11,11,11000
large_emergency,62.5,10.02,14.58,30,20,0.75,200,800,9,7,7400
large_emergency,51.5,7.13,7.86,30,20,0.75,200,800,12,9,9600
large_emergency,60.52,11.49,11.61,30,20,0.75,200,800,8,8,8000
large_emergency,59.83,6.96,12.73,30,20,0.75,200,800,13,7,8200
large_emergency,57.84,6.17,11.73,30,20,0.75,200,800,13,8,9000
large_emergency,107.22,11.2,10.05,30,20,0.75,200,800,14,14,14000
large_emergency,97.7,11.08,9.45,30,20,0.75,200,800,12,14,13600
large_emergency,98.2,5.19,6.56,30,20,0.75,200,800,25,19,20200
large_emergency,82.91,6.7,11.65,30,20,0.75,200,800,17,10,11400
large_emergency,95.78,5.15,14.39,30,20,0.75,200,800,23,10,12600
large_emergency,81.72,7.38,8.0,30,20,0.75,200,800,15,14,14200
large_emergency,82.05,11.35,8.55,30,20,0.75,200,800,11,13,12600
large_emergency,68.17,9.4,10.27,30,20,0.75,200,800,12,9,9600
large_emergency,88.12,9.43,14.2,30,20,0.75,200,800,13,9,9800
large_emergency,70.68,8.21,8.48,30,20,0.75,200,800,14,11,11600
large_emergency,89.76,11.33,11.05,30,20,0.75,200,800,12,11,11200
large_emergency,102.3,8.32,9.32,30,20,0.75,200,800,18,14,14800
large_emergency,65.25,6.82,7.12,30,20,0.75,200,800,16,12,12800
large_emergency,99.71,7.73,14.51,30,20,0.75,200,800,17,10,11400
large_emergency,81.96,10.77,9.9,30,20,0.75,200,800,12,11,11200
large_emergency,102.08,9.9,13.31,30,20,0.75,200,800,14,11,11600
large_emergency,52.64,6.26,8.63,30,20,0.75,200,800,12,9,9600
large_emergency,74.16,8.66,14.19,30,20,0.75,200,800,12,8,8800
large_emergency,68.73,11.19,14.1,30,20,0.75,200,800,10,7,7600
large_emergency,74.06,11.81,12.03,30,20,0.75,200,800,9,9,9000
large_emergency,114.05,9.72,13.09,30,20,0.75,200,800,16,12,12800
large_emergency,106.32,5.83,8.97,30,20,0.75,200,800,23,16,17400
large_emergency,83.45,5.27,7.3,30,20,0.75,200,800,21,15,16200
large_emergency,51.97,7.71,11.95,30,20,0.75,200,800,10,7,7600
large_emergency,89.33,11.7,13.21,30,20,0.75,200,800,11,10,10200
large_emergency,82.31,6.35,12.06,30,20,0.75,200,800,17,10,11400
large_emergency,61.03,8.84,11.33,30,20,0.75,200,800,10,8,8400
large_emergency,81.21,6.79,12.38,30,20,0.75,200,800,18,9,10800
large_emergency,56.15,11.4,14.41,30,20,0.75,200,800,8,6,6400
large_emergency,113.2,6.15,13.35,30,20,0.75,200,800,23,12,14200
large_emergency,84.73,8.26,12.5,30,20,0.75,200,800,14,10,10800
large_emergency,79.3,9.15,14.87,30,20,0.75,200,800,12,8,8800
large_emergency,100.16,11.9,14.36,30,20,0.75,200,800,12,10,10400
large_emergency,85.87,8.91,11.86,30,20,0.75,200,800,14,10,10800
large_emergency,79.34,6.3,9.0,30,20,0.75,200,800,17,12,13000
large_emergency,56.35,11.56,7.3,30,20,0.75,200,800,8,11,10400
large_emergency,96.38,6.66,14.48,30,20,0.75,200,800,22,9,11600
large_emergency,98.99,7.85,14.29,30,20,0.75,200,800,17,10,11400
large_emergency,91.08,7.04,9.98,30,20,0.75,200,800,19,12,13400
large_emergency,113.31,10.85,14.91,30,20,0.75,200,800,17,10,11400
large_emergency,78.29,6.83,7.34,30,20,0.75,200,800,16,14,14400
large_emergency,68.38,9.68,13.01,30,20,0.75,200,800,10,8,8400
large_emergency,62.01,11.73,8.16,30,20,0.75,200,800,8,11,10400
large_emergency,66.47,9.29,13.41,30,20,0.75,200,800,12,7,8000
large_emergency,106.73,8.48,13.91,30,20,0.75,200,800,17,11,12200
large_emergency,93.31,10.3,11.18,30,20,0.75,200,800,14,11,11600
large_emergency,100.89,7.94,11.79,30,20,0.75,200,800,17,12,13000
large_emergency,64.24,7.27,12.52,30,20,0.75,200,800,12,8,8800
large_emergency,98.64,5.53,9.42,30,20,0.75,200,800,23,14,15800
large_emergency,70.47,5.6,14.82,30,20,0.75,200,800,18,7,9200
large_emergency,79.58,11.36,11.54,30,20,0.75,200,800,10,10,10000
large_emergency,93.31,11.45,8.89,30,20,0.75,200,800,12,14,13600
large_emergency,107.33,7.04,10.31,30,20,0.75,200,800,20,14,15200
large_emergency,77.66,11.87,9.27,30,20,0.75,200,800,11,11,11000
large_emergency,87.62,5.07,9.42,30,20,0.75,200,800,22,13,14800
large_emergency,78.58,7.75,12.89,30,20,0.75,200,800,14,9,10000
large_emergency,106.76,11.16,7.06,30,20,0.75,200,800,14,19,18000
large_emergency,96.32,7.56,6.87,30,20,0.75,200,800,17,18,17800
large_emergency,107.03,11.17,12.1,30,20,0.75,200,800,13,12,12200
large_emergency,106.6,10.06,10.1,30,20,0.75,200,800,15,14,14200
large_emergency,105.39,5.92,13.51,30,20,0.75,200,800,23,11,13400
large_emergency,111.8,9.24,8.56,30,20,0.75,200,800,16,17,16800
large_emergency,64.38,5.91,7.72,30,20,0.75,200,800,15,12,12600
large_emergency,71.15,8.94,9.17,30,20,0.75,200,800,11,11,11000
large_emergency,63.45,11.67,13.43,30,20,0.75,200,800,9,7,7400
large_emergency,102.74,6.95,9.04,30,20,0.75,200,800,20,15,16000
large_emergency,97.14,10.8,7.88,30,20,0.75,200,800,13,16,15400
large_emergency,99.47,7.02,14.18,30,20,0.75,200,800,19,10,11800
large_emergency,70.82,11.49,11.06,30,20,0.75,200,800,10,9,9200
large_emergency,98.5,8.86,10.92,30,20,0.75,200,800,16,12,12800
large_emergency,112.77,10.93,14.22,30,20,0.75,200,800,14,11,11600
large_emergency,85.87,11.0,7.18,30,20,0.75,200,800,11,16,15000
large_emergency,52.12,8.28,14.37,30,20,0.75,200,800,9,6,6600
large_emergency,61.02,10.76,10.47,30,20,0.75,200,800,11,8,8600
large_emergency,58.13,10.1,6.2,30,20,0.75,200,800,9,13,12200
large_emergency,112.2,9.67,9.12,30,20,0.75,200,800,16,16,16000
large_emergency,88.26,6.73,9.62,30,20,0.75,200,800,19,12,13400
large_emergency,112.56,9.93,11.71,30,20,0.75,200,800,15,13,13400
large_emergency,64.06,7.43,11.57,30,20,0.75,200,800,13,8,9000
large_emergency,87.48,6.68,11.58,30,20,0.75,200,800,17,11,12200
large_emergency,57.05,6.74,9.98,30,20,0.75,200,800,14,8,9200
large_emergency,98.2,10.88,10.19,30,20,0.75,200,800,13,13,13000
large_emergency,63.85,9.11,13.73,30,20,0.75,200,800,10,7,7600
large_emergency,76.39,11.35,14.56,30,20,0.75,200,800,10,8,8400
large_emergency,63.49,6.98,8.46,30,20,0.75,200,800,13,11,11400
large_emergency,72.95,11.62,6.61,30,20,0.75,200,800,12,14,13600
large_emergency,108.15,5.69,10.35,30,20,0.75,200,800,24,14,16000
large_emergency,65.55,5.41,7.53,30,20,0.75,200,800,17,12,13000
large_emergency,87.71,8.68,9.58,30,20,0.75,200,800,15,12,12600
large_emergency,88.74,8.89,7.06,30,20,0.75,200,800,15,16,15800
large_emergency,64.05,10.52,11.61,30,20,0.75,200,800,9,8,8200
large_emergency,78.1,9.8,12.28,30,20,0.75,200,800,12,9,9600
large_emergency,89.45,6.71,13.22,30,20,0.75,200,800,17,10,11400
large_emergency,91.57,6.26,13.62,30,20,0.75,200,800,19,10,11800
large_emergency,51.68,9.69,9.42,30,20,0.75,200,800,9,8,8200
large_emergency,106.57,5.19,8.04,30,20,0.75,200,800,27,17,19000
large_emergency,64.84,7.02,6.38,30,20,0.75,200,800,13,14,13800
large_emergency,82.04,9.09,8.4,30,20,0.75,200,800,13,13,13000
large_emergency,55.24,6.42,8.4,30,20,0.75,200,800,15,9,10200
large_emergency,92.17,9.15,12.72,30,20,0.75,200,800,14,10,10800
large_emergency,72.98,7.77,13.86,30,20,0.75,200,800,13,8,9000
large_emergency,96.89,9.89,7.34,30,20,0.75,200,800,14,17,16400
large_emergency,51.72,11.32,13.69,30,20,0.75,200,800,7,6,6200
large_emergency,92.16,5.57,9.08,30,20,0.75,200,800,21,14,15400
large_emergency,63.35,5.99,8.22,30,20,0.75,200,800,15,11,11800
large_emergency,82.13,9.93,14.68,30,20,0.75,200,800,12,8,8800
large_emergency,52.54,5.44,13.0,30,20,0.75,200,800,16,6,8000
large_emergency,52.05,10.81,12.2,30,20,0.75,200,800,8,7,7200
large_emergency,101.56,6.33,14.56,30,20,0.75,200,800,21,10,12200
large_emergency,84.43,5.33,11.68,30,20,0.75,200,800,21,10,12200
large_emergency,72.97,7.13,13.52,30,20,0.75,200,800,14,8,9200
large_emergency,53.52,7.29,11.35,30,20,0.75,200,800,11,7,7800
large_emergency,87.72,9.82,13.24,30,20,0.75,200,800,14,9,10000
large_emergency,94.22,5.55,6.3,30,20,0.75,200,800,23,19,19800
large_emergency,83.13,8.5,6.12,30,20,0.75,200,800,15,17,16600
large_emergency,104.48,8.49,13.78,30,20,0.75,200,800,16,11,12000
large_emergency,70.71,10.01,9.57,30,20,0.75,200,800,11,10,10200
large_emergency,88.38,10.12,11.15,30,20,0.75,200,800,12,11,11200
large_emergency,107.76,11.29,7.83,30,20,0.75,200,800,16,17,16800
large_emergency,52.19,5.47,13.66,30,20,0.75,200,800,14,6,7600
large_emergency,52.31,5.51,9.23,30,20,0.75,200,800,15,8,9400
large_emergency,89.3,9.02,12.23,30,20,0.75,200,800,14,10,10800
large_emergency,72.23,10.9,6.72,30,20,0.75,200,800,10,14,13200
large_emergency,96.5,6.56,14.1,30,20,0.75,200,800,19,10,11800
large_emergency,55.37,10.07,8.54,30,20,0.75,200,800,9,9,9000
large_emergency,95.98,5.52,9.55,30,20,0.75,200,800,22,14,15600
large_emergency,99.45,8.01,11.3,30,20,0.75,200,800,17,12,13000
large_emergency,83.22,10.66,10.81,30,20,0.75,200,800,11,11,11000
large_emergency,102.1,8.33,10.8,30,20,0.75,200,800,16,13,13600
large_emergency,80.62,7.34,8.7,30,20,0.75,200,800,15,13,13400
large_emergency,57.04,10.57,12.26,30,20,0.75,200,800,9,7,7400
large_emergency,65.54,11.5,6.55,30,20,0.75,200,800,10,13,12400
large_emergency,89.77,8.64,9.32,30,20,0.75,200,800,14,13,13200
large_emergency,112.05,9.31,11.45,30,20,0.75,200,800,16,13,13600
large_emergency,95.26,8.08,14.56,30,20,0.75,200,800,17,9,10600
large_emergency,93.99,11.02,13.89,30,20,0.75,200,800,12,10,10400
large_emergency,78.23,5.26,8.25,30,20,0.75,200,800,20,13,14400
large_emergency,99.31,7.35,6.68,30,20,0.75,200,800,18,19,18800
large_emergency,63.99,5.59,7.34,30,20,0.75,200,800,16,12,12800
large_emergency,69.67,10.76,6.25,30,20,0.75,200,800,10,15,14000
large_emergency,98.77,5.37,6.14,30,20,0.75,200,800,26,20,21200
large_emergency,58.28,6.63,8.8,30,20,0.75,200,800,12,10,10400
large_emergency,92.81,10.2,13.51,30,20,0.75,200,800,13,10,10600
large_emergency,110.08,11.95,8.32,30,20,0.75,200,800,13,17,16200
large_emergency,113.62,8.6,11.57,30,20,0.75,200,800,18,13,14000
large_emergency,57.04,8.77,7.1,30,20,0.75,200,800,10,11,10800
large_emergency,99.0,6.38,12.37,30,20,0.75,200,800,20,11,12800
large_emergency,81.07,11.61,7.53,30,20,0.75,200,800,11,14,13400
large_emergency,98.96,8.12,10.55,30,20,0.75,200,800,16,13,13600
large_emergency,96.16,9.37,14.29,30,20,0.75,200,800,14,10,10800
large_emergency,84.5,5.77,12.23,30,20,0.75,200,800,19,10,11800
large_emergency,101.81,7.93,14.3,30,20,0.75,200,800,17,10,11400
large_emergency,102.85,5.38,13.16,30,20,0.75,200,800,24,11,13600
large_emergency,69.17,6.26,13.3,30,20,0.75,200,800,15,8,9400
large_emergency,71.6,10.84,8.56,30,20,0.75,200,800,11,11,11000
large_emergency,68.2,8.68,7.4,30,20,0.75,200,800,14,12,12400
large_emergency,51.11,9.82,11.27,30,20,0.75,200,800,8,7,7200
large_emergency,95.32,8.63,9.23,30,20,0.75,200,800,15,14,14200
large_emergency,91.32,7.15,7.8,30,20,0.75,200,800,18,15,15600
large_emergency,81.23,10.33,7.0,30,20,0.75,200,800,12,15,14400
large_emergency,75.52,8.58,7.61,30,20,0.75,200,800,13,13,13000
large_emergency,104.26,8.91,8.61,30,20,0.75,200,800,16,16,16000
large_emergency,98.93,5.05,14.43,30,20,0.75,200,800,25,10,13000
large_emergency,73.91,6.65,7.56,30,20,0.75,200,800,16,13,13600
large_emergency,60.41,10.33,7.01,30,20,0.75,200,800,9,12,11400
large_emergency,58.5,8.05,9.46,30,20,0.75,200,800,11,9,9400
large_emergency,86.75,8.06,10.95,30,20,0.75,200,800,15,11,11800
large_emergency,61.53,8.6,12.36,30,20,0.75,200,800,10,8,8400
large_emergency,54.65,7.91,12.68,30,20,0.75,200,800,10,7,7600
large_emergency,62.12,11.21,12.93,30,20,0.75,200,800,9,7,7400
large_emergency,97.56,11.96,7.39,30,20,0.75,200,800,12,17,16000
large_emergency,83.77,7.99,14.81,30,20,0.75,200,800,15,8,9400
large_emergency,90.32,5.49,14.72,30,20,0.75,200,800,21,9,11400
large_emergency,53.47,11.88,13.83,30,20,0.75,200,800,7,6,6200
large_emergency,66.45,6.57,7.79,30,20,0.75,200,800,14,12,12400
large_emergency,65.12,9.92,8.74,30,20,0.75,200,800,11,10,10200
large_emergency,89.52,10.02,12.56,30,20,0.75,200,800,13,10,10600
large_emergency,74.64,6.53,11.99,30,20,0.75,200,800,16,9,10400
large_emergency,51.65,5.13,9.2,30,20,0.75,200,800,16,8,9600
large_emergency,110.9,8.49,12.77,30,20,0.75,200,800,17,12,13000
large_emergency,106.61,5.71,9.09,30,20,0.75,200,800,25,15,17000
large_emergency,66.76,11.28,8.33,30,20,0.75,200,800,9,11,10600
large_emergency,83.53,9.56,11.76,30,20,0.75,200,800,12,10,10400
large_emergency,59.42,8.68,9.4,30,20,0.75,200,800,10,9,9200
large_emergency,90.39,7.8,14.09,30,20,0.75,200,800,16,9,10400
large_emergency,76.93,11.47,9.81,30,20,0.75,200,800,10,11,10800
large_emergency,85.78,8.39,9.4,30,20,0.75,200,800,15,12,12600
large_emergency,106.57,8.18,7.92,30,20,0.75,200,800,18,17,17200
large_emergency,75.12,7.99,7.51,30,20,0.75,200,800,15,13,13400
large_emergency,73.05,5.22,11.34,30,20,0.75,200,800,20,9,11200
large_emergency,69.28,10.89,14.64,30,20,0.75,200,800,10,7,7600
large_emergency,101.44,10.77,14.67,30,20,0.75,200,800,13,10,10600
large_emergency,72.55,11.23,13.25,30,20,0.75,200,800,10,8,8400
large_emergency,98.06,9.92,12.19,30,20,0.75,200,800,14,11,11600
large_emergency,62.76,7.13,9.83,30,20,0.75,200,800,13,9,9800
large_emergency,51.6,11.01,7.9,30,20,0.75,200,800,8,9,8800
large_emergency,54.2,9.17,10.82,30,20,0.75,200,800,9,8,8200
large_emergency,71.57,11.71,11.29,30,20,0.75,200,800,9,9,9000
large_emergency,67.78,7.54,10.75,30,20,0.75,200,800,13,9,9800
large_emergency,63.5,9.5,12.65,30,20,0.75,200,800,10,8,8400
large_emergency,84.45,11.62,10.62,30,20,0.75,200,800,11,11,11000
large_emergency,78.15,10.04,14.81,30,20,0.75,200,800,11,8,8600
large_emergency,88.84,6.37,8.96,30,20,0.75,200,800,19,13,14200
large_emergency,77.27,9.72,10.3,30,20,0.75,200,800,13,10,10600
large_emergency,92.95,5.12,8.93,30,20,0.75,200,800,23,14,15800
large_emergency,105.34,8.72,11.43,30,20,0.75,200,800,18,12,13200
large_emergency,81.99,10.27,10.87,30,20,0.75,200,800,13,10,10600
large_emergency,88.42,6.49,9.25,30,20,0.75,200,800,18,13,14000
large_emergency,73.59,6.52,7.09,30,20,0.75,200,800,16,14,14400
large_emergency,68.58,9.14,14.62,30,20,0.75,200,800,11,7,7800
large_emergency,108.41,6.27,11.06,30,20,0.75,200,800,23,13,15000
large_emergency,73.93,8.91,12.94,30,20,0.75,200,800,13,8,9000
large_emergency,91.52,8.88,7.17,30,20,0.75,200,800,16,16,16000
large_emergency,94.89,10.07,7.15,30,20,0.75,200,800,14,17,16400
large_emergency,91.71,6.45,14.01,30,20,0.75,200,800,20,9,11200
large_emergency,106.53,9.86,11.75,30,20,0.75,200,800,15,12,12600
large_emergency,75.79,5.98,14.16,30,20,0.75,200,800,17,8,9800
large_emergency,76.98,11.13,6.16,30,20,0.75,200,800,11,16,15000
large_emergency,50.36,7.21,14.6,30,20,0.75,200,800,10,6,6800
large_emergency,114.77,7.13,12.17,30,20,0.75,200,800,21,13,14600
large_emergency,54.0,5.79,11.1,30,20,0.75,200,800,15,7,8600
large_emergency,53.09,5.3,13.02,30,20,0.75,200,800,14,7,8400
large_emergency,70.16,7.18,8.72,30,20,0.75,200,800,14,11,11600
large_emergency,94.42,9.75,6.69,30,20,0.75,200,800,14,18,17200
large_emergency,86.6,5.99,9.74,30,20,0.75,200,800,20,12,13600
large_emergency,88.12,7.21,14.13,30,20,0.75,200,800,16,9,10400
large_emergency,85.96,9.0,11.93,30,20,0.75,200,800,14,10,10800
large_emergency,82.39,6.36,14.04,30,20,0.75,200,800,17,9,10600
large_emergency,63.79,9.78,8.26,30,20,0.75,200,800,10,11,10800
large_emergency,50.14,5.98,6.64,30,20,0.75,200,800,12,11,11200
large_emergency,83.34,6.36,12.63,30,20,0.75,200,800,20,9,11200
large_emergency,55.58,7.77,7.99,30,20,0.75,200,800,11,10,10200
large_emergency,65.64,11.2,7.95,30,20,0.75,200,800,10,11,10800
large_emergency,95.79,10.56,6.03,30,20,0.75,200,800,13,20,18600
large_emergency,113.03,10.98,10.45,30,20,0.75,200,800,15,14,14200
large_emergency,81.69,6.07,9.21,30,20,0.75,200,800,18,12,13200
large_emergency,105.16,10.49,13.04,30,20,0.75,200,800,14,11,11600
large_emergency,102.18,6.44,13.09,30,20,0.75,200,800,20,11,12800
large_emergency,53.37,5.58,9.03,30,20,0.75,200,800,13,9,9800
large_emergency,111.5,7.68,9.42,30,20,0.75,200,800,21,15,16200
large_emergency,102.3,11.39,11.39,30,20,0.75,200,800,13,12,12200
large_emergency,84.88,6.6,7.82,30,20,0.75,200,800,19,14,15000
large_emergency,80.22,5.27,9.7,30,20,0.75,200,800,23,11,13400
large_emergency,50.48,9.29,7.6,30,20,0.75,200,800,11,9,9400
large_emergency,71.77,7.07,9.86,30,20,0.75,200,800,15,10,11000
large_emergency,64.31,8.67,6.02,30,20,0.75,200,800,12,14,13600
large_emergency,80.3,11.64,10.74,30,20,0.75,200,800,11,10,10200
large_emergency,106.26,11.52,8.99,30,20,0.75,200,800,14,15,14800
large_emergency,51.67,11.14,11.82,30,20,0.75,200,800,7,7,7000
large_emergency,59.22,6.31,10.2,30,20,0.75,200,800,13,9,9800
large_emergency,114.44,5.84,9.84,30,20,0.75,200,800,26,15,17200
large_emergency,109.26,8.47,13.23,30,20,0.75,200,800,18,11,12400
large_emergency,54.19,8.54,14.67,30,20,0.75,200,800,10,6,6800
large_emergency,58.58,7.11,9.41,30,20,0.75,200,800,12,9,9600
large_emergency,92.97,5.48,13.95,30,20,0.75,200,800,22,10,12400
large_emergency,61.44,5.56,13.02,30,20,0.75,200,800,16,7,8800
large_emergency,54.49,10.63,8.71,30,20,0.75,200,800,8,9,8800
large_emergency,95.21,5.65,12.28,30,20,0.75,200,800,22,11,13200
large_emergency,108.45,9.66,6.78,30,20,0.75,200,800,16,20,19200
large_emergency,104.25,5.6,12.29,30,20,0.75,200,800,23,12,14200
large_emergency,101.84,10.47,10.03,30,20,0.75,200,800,15,13,13400
large_emergency,55.19,6.86,9.73,30,20,0.75,200,800,13,8,9000
large_emergency,93.06,5.49,8.92,30,20,0.75,200,800,22,14,15600
large_emergency,62.18,5.27,11.11,30,20,0.75,200,800,17,8,9800
large_emergency,107.62,8.77,12.27,30,20,0.75,200,800,16,12,12800
large_emergency,52.13,9.44,8.99,30,20,0.75,200,800,11,8,8600
large_emergency,84.96,11.55,9.52,30,20,0.75,200,800,11,12,11800
large_emergency,97.04,11.59,10.2,30,20,0.75,200,800,12,13,12800
large_emergency,107.33,5.73,10.26,30,20,0.75,200,800,24,14,16000
large_emergency,108.76,6.27,10.4,30,20,0.75,200,800,22,14,15600
large_emergency,72.46,10.06,12.36,30,20,0.75,200,800,10,9,9200
large_emergency,66.51,6.33,12.13,30,20,0.75,200,800,15,8,9400
large_emergency,84.47,8.11,13.83,30,20,0.75,200,800,14,9,10000
large_emergency,92.47,7.85,7.74,30,20,0.75,200,800,16,16,16000
large_emergency,59.66,9.35,14.37,30,20,0.75,200,800,9,7,7400
large_emergency,69.46,5.28,12.52,30,20,0.75,200,800,18,8,10000
large_emergency,107.75,9.08,13.08,30,20,0.75,200,800,17,11,12200
large_emergency,109.39,8.44,7.89,30,20,0.75,200,800,17,18,17800
large_emergency,57.33,6.99,11.47,30,20,0.75,200,800,12,8,8800
large_emergency,78.6,9.33,14.39,30,20,0.75,200,800,12,8,8800
large_emergency,81.16,5.14,14.03,30,20,0.75,200,800,20,9,11200
large_emergency,55.41,11.96,10.52,30,20,0.75,200,800,7,8,7800
large_emergency,85.79,5.18,7.33,30,20,0.75,200,800,24,15,16800
large_emergency,74.79,11.22,12.01,30,20,0.75,200,800,10,9,9200
large_emergency,102.78,11.53,10.58,30,20,0.75,200,800,13,13,13000
large_emergency,57.64,9.64,12.52,30,20,0.75,200,800,9,7,7400
large_emergency,105.09,10.43,12.33,30,20,0.75,200,800,14,12,12400
large_emergency,104.91,10.18,11.71,30,20,0.75,200,800,14,12,12400
large_emergency,67.89,5.86,12.21,30,20,0.75,200,800,16,8,9600
large_emergency,90.42,9.77,6.12,30,20,0.75,200,800,13,19,17800
large_emergency,93.11,11.17,6.57,30,20,0.75,200,800,12,18,16800
large_emergency,71.68,7.83,10.97,30,20,0.75,200,800,14,9,10000
large_emergency,96.42,6.89,13.86,30,20,0.75,200,800,18,10,11600
large_emergency,96.65,9.16,6.67,30,20,0.75,200,800,16,18,17600
large_emergency,92.18,6.7,8.32,30,20,0.75,200,800,18,15,15600
large_emergency,91.38,11.45,9.92,30,20,0.75,200,800,13,12,12200
large_emergency,60.94,10.71,12.55,30,20,0.75,200,800,9,7,7400
large_emergency,60.67,8.07,13.25,30,20,0.75,200,800,11,7,7800
large_emergency,62.04,9.34,11.35,30,20,0.75,200,800,10,8,8400
large_emergency,71.6,5.66,6.26,30,20,0.75,200,800,18,15,15600
large_emergency,65.37,6.87,7.61,30,20,0.75,200,800,13,12,12200
large_emergency,56.32,5.84,8.37,30,20,0.75,200,800,13,10,10600
large_emergency,73.71,7.47,8.44,30,20,0.75,200,800,14,12,12400
large_emergency,83.17,10.51,11.49,30,20,0.75,200,800,12,10,10400
large_emergency,90.61,6.18,9.04,30,20,0.75,200,800,21,13,14600
large_emergency,86.8,7.95,13.34,30,20,0.75,200,800,16,9,10400
large_emergency,60.26,7.99,8.2,30,20,0.75,200,800,12,10,10400
large_emergency,108.25,6.63,9.75,30,20,0.75,200,800,21,15,16200
large_emergency,78.42,8.82,13.73,30,20,0.75,200,800,13,8,9000
large_emergency,77.94,6.68,10.41,30,20,0.75,200,800,19,10,11800
large_emergency,57.19,9.7,9.65,30,20,0.75,200,800,9,9,9000
large_emergency,67.07,6.32,12.04,30,20,0.75,200,800,15,8,9400
large_emergency,107.8,9.93,12.28,30,20,0.75,200,800,15,12,12600
large_emergency,51.82,10.18,7.33,30,20,0.75,200,800,8,10,9600
large_emergency,64.54,8.85,9.29,30,20,0.75,200,800,11,10,10200
large_emergency,82.06,9.11,9.5,30,20,0.75,200,800,13,12,12200
large_emergency,77.0,8.17,14.56,30,20,0.75,200,800,13,8,9000
large_emergency,104.98,9.31,7.89,30,20,0.75,200,800,16,17,16800
large_emergency,52.91,5.47,6.87,30,20,0.75,200,800,14,11,11600
large_emergency,75.08,11.01,11.33,30,20,0.75,200,800,11,9,9400
large_emergency,91.25,6.68,7.84,30,20,0.75,200,800,19,15,15800
large_emergency,68.36,8.84,11.52,30,20,0.75,200,800,11,9,9400
large_emergency,97.71,10.39,12.99,30,20,0.75,200,800,15,10,11000
large_emergency,57.4,10.49,11.05,30,20,0.75,200,800,8,8,8000
large_emergency,77.09,5.72,13.65,30,20,0.75,200,800,19,8,10200
large_emergency,58.79,11.02,14.54,30,20,0.75,200,800,9,6,6600
large_emergency,64.91,11.27,12.11,30,20,0.75,200,800,9,8,8200
large_emergency,66.0,6.7,10.92,30,20,0.75,200,800,14,9,10000
large_emergency,81.66,6.51,10.13,30,20,0.75,200,800,17,11,12200
large_emergency,54.93,6.0,14.72,30,20,0.75,200,800,13,6,7400
large_emergency,74.35,10.44,10.92,30,20,0.75,200,800,10,10,10000
large_emergency,58.64,7.71,6.58,30,20,0.75,200,800,12,12,12000
large_emergency,54.4,5.35,13.28,30,20,0.75,200,800,14,7,8400
large_emergency,99.98,10.18,8.04,30,20,0.75,200,800,14,16,15600
large_emergency,104.59,5.83,13.92,30,20,0.75,200,800,23,11,13400
large_emergency,86.47,9.1,13.3,30,20,0.75,200,800,14,9,10000
large_emergency,55.82,9.88,6.0,30,20,0.75,200,800,9,13,12200
large_emergency,60.93,8.86,10.22,30,20,0.75,200,800,10,9,9200
large_emergency,97.41,9.49,9.47,30,20,0.75,200,800,14,14,14000
large_emergency,76.44,8.22,6.76,30,20,0.75,200,800,13,15,14600
large_emergency,111.28,7.55,7.09,30,20,0.75,200,800,19,20,19800
large_emergency,87.85,9.46,6.9,30,20,0.75,200,800,15,16,15800
large_emergency,59.43,9.47,10.74,30,20,0.75,200,800,10,8,8400
large_emergency,68.52,10.24,14.61,30,20,0.75,200,800,10,7,7600
large_emergency,54.07,7.38,10.34,30,20,0.75,200,800,11,8,8600
large_emergency,76.82,5.56,7.12,30,20,0.75,200,800,20,14,15200
large_emergency,99.9,10.48,7.69,30,20,0.75,200,800,13,17,16200
large_emergency,78.21,8.74,6.37,30,20,0.75,200,800,13,16,15400
large_emergency,112.54,8.59,12.41,30,20,0.75,200,800,18,12,13200
large_emergency,62.98,6.64,14.17,30,20,0.75,200,800,13,7,8200
large_emergency,96.92,11.19,11.2,30,20,0.75,200,800,12,12,12000
large_emergency,58.84,5.21,12.68,30,20,0.75,200,800,16,7,8800
large_emergency,98.45,8.85,12.62,30,20,0.75,200,800,15,11,11800
large_emergency,78.38,6.98,13.58,30,20,0.75,200,800,17,8,9800
large_emergency,109.45,5.57,8.28,30,20,0.75,200,800,25,17,18600
large_emergency,96.37,10.31,10.44,30,20,0.75,200,800,14,12,12400
large_emergency,74.18,6.62,13.75,30,20,0.75,200,800,15,8,9400
large_emergency,80.74,9.42,6.8,30,20,0.75,200,800,14,15,14800
large_emergency,111.53,6.53,13.27,30,20,0.75,200,800,22,12,14000
large_emergency,70.49,11.4,10.13,30,20,0.75,200,800,9,10,9800
large_emergency,65.34,6.88,14.48,30,20,0.75,200,800,13,7,8200
large_emergency,112.83,11.08,9.44,30,20,0.75,200,800,16,15,15200
large_emergency,73.02,5.26,11.23,30,20,0.75,200,800,20,9,11200
large_emergency,61.94,11.02,12.46,30,20,0.75,200,800,10,7,7600
large_emergency,56.71,11.72,8.02,30,20,0.75,200,800,8,10,9600
large_emergency,61.53,11.64,6.52,30,20,0.75,200,800,8,13,12000
large_emergency,92.2,10.46,12.02,30,20,0.75,200,800,12,11,11200
large_emergency,50.3,9.1,11.98,30,20,0.75,200,800,8,7,7200
large_emergency,79.89,8.54,13.37,30,20,0.75,200,800,13,9,9800
large_emergency,74.95,5.48,7.16,30,20,0.75,200,800,19,14,15000
large_emergency,59.0,11.98,8.34,30,20,0.75,200,800,8,10,9600
large_emergency,80.44,7.72,6.71,30,20,0.75,200,800,14,16,15600
large_emergency,101.26,7.33,9.57,30,20,0.75,200,800,18,14,14800
large_emergency,50.52,11.31,13.41,30,20,0.75,200,800,7,6,6200
large_emergency,108.0,11.86,7.92,30,20,0.75,200,800,14,17,16400
large_emergency,74.02,5.71,14.14,30,20,0.75,200,800,17,8,9800
large_emergency,56.91,6.83,12.28,30,20,0.75,200,800,12,7,8000
large_emergency,77.64,5.65,14.16,30,20,0.75,200,800,19,8,10200
large_emergency,85.45,9.83,14.0,30,20,0.75,200,800,12,9,9600
large_emergency,92.9,5.29,6.1,30,20,0.75,200,800,25,19,20200
large_emergency,54.8,7.54,9.94,30,20,0.75,200,800,11,8,8600
large_emergency,91.82,6.96,10.97,30,20,0.75,200,800,20,11,12800
large_emergency,90.05,6.88,6.3,30,20,0.75,200,800,19,18,18200
large_emergency,79.42,6.59,8.67,30,20,0.75,200,800,18,12,13200
large_emergency,83.38,8.86,11.55,30,20,0.75,200,800,13,10,10600
large_emergency,72.67,9.87,14.17,30,20,0.75,200,800,11,8,8600
large_emergency,88.58,11.82,9.42,30,20,0.75,200,800,11,13,12600
large_emergency,98.16,11.54,11.2,30,20,0.75,200,800,12,12,12000
large_emergency,102.84,9.38,12.1,30,20,0.75,200,800,15,12,12600
large_emergency,98.29,10.98,14.19,30,20,0.75,200,800,12,10,10400
large_emergency,107.77,10.27,13.24,30,20,0.75,200,800,15,11,11800
large_emergency,69.13,9.9,10.99,30,20,0.75,200,800,10,9,9200
large_emergency,72.7,11.89,14.0,30,20,0.75,200,800,9,8,8200
large_emergency,107.33,7.3,13.75,30,20,0.75,200,800,19,11,12600
large_emergency,90.47,10.54,10.85,30,20,0.75,200,800,13,11,11400
large_emergency,97.91,10.86,9.15,30,20,0.75,200,800,13,14,13800
large_emergency,55.82,11.27,8.5,30,20,0.75,200,800,9,9,9000
large_emergency,72.62,10.31,10.65,30,20,0.75,200,800,10,10,10000
large_emergency,87.7,9.72,12.27,30,20,0.75,200,800,13,10,10600
large_emergency,91.03,5.35,13.2,30,20,0.75,200,800,22,10,12400
large_emergency,55.71,5.18,12.51,30,20,0.75,200,800,15,7,8600
large_emergency,102.94,9.6,8.45,30,20,0.75,200,800,15,16,15800
large_emergency,98.79,7.62,9.81,30,20,0.75,200,800,19,13,14200
large_emergency,60.24,10.18,10.31,30,20,0.75,200,800,9,9,9000
large_emergency,72.68,11.53,12.9,30,20,0.75,200,800,10,8,8400
large_emergency,73.27,11.7,10.61,30,20,0.75,200,800,9,10,9800
large_emergency,65.3,5.43,11.12,30,20,0.75,200,800,16,9,10400
large_emergency,77.83,9.62,10.9,30,20,0.75,200,800,12,10,10400
large_emergency,104.42,7.88,10.57,30,20,0.75,200,800,18,13,14000
large_emergency,50.3,6.77,13.39,30,20,0.75,200,800,11,6,7000
large_emergency,81.1,10.28,8.89,30,20,0.75,200,800,12,12,12000
large_emergency,103.77,5.0,6.45,30,20,0.75,200,800,28,20,21600
large_emergency,65.18,11.49,7.72,30,20,0.75,200,800,9,12,11400
large_emergency,106.99,6.84,14.27,30,20,0.75,200,800,23,10,12600
large_emergency,65.77,9.7,6.31,30,20,0.75,200,800,10,14,13200
large_emergency,94.86,8.57,8.06,30,20,0.75,200,800,16,15,15200
large_emergency,88.91,9.53,11.96,30,20,0.75,200,800,14,10,10800
large_emergency,51.91,6.87,9.02,30,20,0.75,200,800,14,8,9200
large_emergency,77.3,10.46,6.72,30,20,0.75,200,800,11,15,14200
large_emergency,64.09,11.15,6.63,30,20,0.75,200,800,9,13,12200
large_emergency,61.89,9.35,10.07,30,20,0.75,200,800,10,9,9200
large_emergency,69.73,6.06,10.56,30,20,0.75,200,800,15,10,11000
large_emergency,85.19,8.48,14.83,30,20,0.75,200,800,15,8,9400
large_emergency,109.34,9.51,6.75,30,20,0.75,200,800,17,20,19400
large_emergency,106.6,7.12,13.75,30,20,0.75,200,800,19,11,12600
large_emergency,64.55,5.42,13.22,30,20,0.75,200,800,19,7,9400
large_emergency,112.37,9.11,9.23,30,20,0.75,200,800,17,16,16200
large_emergency,98.75,7.9,10.37,30,20,0.75,200,800,17,13,13800
large_emergency,59.51,6.8,6.99,30,20,0.75,200,800,12,12,12000
large_emergency,94.69,8.02,13.41,30,20,0.75,200,800,16,10,11200
large_emergency,85.48,10.3,13.46,30,20,0.75,200,800,12,9,9600
large_emergency,111.35,10.15,11.94,30,20,0.75,200,800,17,12,13000
large_emergency,87.99,7.97,14.64,30,20,0.75,200,800,15,9,10200
large_emergency,75.27,11.93,8.52,30,20,0.75,200,800,10,12,11600
large_emergency,61.02,8.26,6.68,30,20,0.75,200,800,12,12,12000
large_emergency,112.64,9.93,13.37,30,20,0.75,200,800,17,11,12200
large_emergency,105.75,10.58,11.77,30,20,0.75,200,800,14,12,12400
large_emergency,75.08,8.58,6.75,30,20,0.75,200,800,12,15,14400
large_emergency,67.43,9.52,7.26,30,20,0.75,200,800,10,13,12400
large_emergency,95.61,9.02,14.72,30,20,0.75,200,800,15,9,10200
large_emergency,86.29,7.73,12.13,30,20,0.75,200,800,15,10,11000
large_emergency,63.49,10.2,8.48,30,20,0.75,200,800,11,10,10200
large_emergency,95.91,10.49,12.22,30,20,0.75,200,800,13,11,11400
large_emergency,109.28,10.26,14.37,30,20,0.75,200,800,14,11,11600
large_emergency,65.35,9.29,9.02,30,20,0.75,200,800,11,10,10200
large_emergency,64.83,8.83,8.27,30,20,0.75,200,800,11,11,11000
large_emergency,65.57,8.95,11.74,30,20,0.75,200,800,11,8,8600
large_emergency,95.99,9.3,12.82,30,20,0.75,200,800,16,10,11200
large_emergency,102.34,9.24,6.95,30,20,0.75,200,800,15,19,18200
large_emergency,77.53,8.81,9.16,30,20,0.75,200,800,12,12,12000
large_emergency,108.58,7.74,12.74,30,20,0.75,200,800,18,12,13200
large_emergency,111.84,7.18,13.12,30,20,0.75,200,800,20,12,13600
large_emergency,84.32,9.57,14.02,30,20,0.75,200,800,12,9,9600
large_emergency,69.9,6.65,11.49,30,20,0.75,200,800,14,9,10000
large_emergency,52.54,7.42,6.99,30,20,0.75,200,800,10,11,10800
large_emergency,54.05,5.12,11.0,30,20,0.75,200,800,14,8,9200
large_emergency,101.42,6.57,14.86,30,20,0.75,200,800,20,10,12000
large_emergency,79.79,5.96,7.19,30,20,0.75,200,800,18,15,15600
large_emergency,68.85,11.37,14.79,30,20,0.75,200,800,9,7,7400
large_emergency,82.24,5.87,12.9,30,20,0.75,200,800,19,9,11000
large_emergency,70.81,11.78,11.97,30,20,0.75,200,800,9,9,9000
large_emergency,59.98,7.66,9.4,30,20,0.75,200,800,12,9,9600
large_emergency,68.77,10.47,13.99,30,20,0.75,200,800,11,7,7800
large_emergency,76.05,10.53,6.83,30,20,0.75,200,800,11,15,14200
large_emergency,86.93,6.43,7.73,30,20,0.75,200,800,18,15,15600
large_emergency,84.62,11.06,8.21,30,20,0.75,200,800,11,14,13400
large_emergency,74.26,10.96,8.72,30,20,0.75,200,800,10,12,11600
large_emergency,104.96,5.77,13.0,30,20,0.75,200,800,24,11,13600
large_emergency,108.91,7.71,10.16,30,20,0.75,200,800,19,14,15000
large_emergency,58.65,11.23,7.2,30,20,0.75,200,800,9,11,10600
large_emergency,100.77,8.9,10.83,30,20,0.75,200,800,18,12,13200
large_emergency,94.94,5.45,11.27,30,20,0.75,200,800,22,12,14000
large_emergency,92.06,9.08,10.86,30,20,0.75,200,800,14,12,12400
large_emergency,91.09,6.37,11.58,30,20,0.75,200,800,19,11,12600
large_emergency,79.94,6.79,7.87,30,20,0.75,200,800,16,14,14400
large_emergency,84.43,5.6,12.84,30,20,0.75,200,800,22,9,11600
large_emergency,81.96,8.71,9.9,30,20,0.75,200,800,14,11,11600
large_emergency,58.32,5.44,6.89,30,20,0.75,200,800,15,12,12600
large_emergency,100.35,10.69,10.42,30,20,0.75,200,800,13,13,13000
large_emergency,65.81,10.47,13.96,30,20,0.75,200,800,10,7,7600
large_emergency,56.08,5.87,10.06,30,20,0.75,200,800,14,8,9200
large_emergency,86.46,6.25,8.58,30,20,0.75,200,800,21,13,14600
large_emergency,51.38,11.79,6.86,30,20,0.75,200,800,9,10,9800
large_emergency,109.94,8.29,7.99,30,20,0.75,200,800,18,18,18000
large_emergency,60.06,11.05,6.91,30,20,0.75,200,800,9,12,11400
large_emergency,86.14,9.8,11.02,30,20,0.75,200,800,12,11,11200
large_emergency,107.01,5.56,13.76,30,20,0.75,200,800,24,11,13600
large_emergency,79.42,7.6,11.85,30,20,0.75,200,800,14,10,10800
large_emergency,56.2,5.02,12.6,30,20,0.75,200,800,15,7,8600
large_emergency,90.86,7.9,7.59,30,20,0.75,200,800,16,16,16000
large_emergency,110.19,9.57,9.67,30,20,0.75,200,800,16,15,15200
large_emergency,89.73,7.66,12.64,30,20,0.75,200,800,16,10,11200
large_emergency,56.23,8.57,6.85,30,20,0.75,200,800,11,11,11000
large_emergency,99.64,6.03,8.33,30,20,0.75,200,800,21,16,17000
large_emergency,62.31,10.91,8.3,30,20,0.75,200,800,11,10,10200
large_emergency,87.69,10.34,9.83,30,20,0.75,200,800,12,12,12000
large_emergency,62.55,6.92,10.74,30,20,0.75,200,800,13,9,9800
large_emergency,59.66,11.62,9.06,30,20,0.75,200,800,9,9,9000
large_emergency,78.1,6.26,8.9,30,20,0.75,200,800,17,12,13000
large_emergency,54.3,11.33,14.71,30,20,0.75,200,800,8,6,6400
large_emergency,56.02,10.73,9.61,30,20,0.75,200,800,11,8,8600
large_emergency,110.96,7.78,9.08,30,20,0.75,200,800,19,16,16600
large_emergency,63.34,11.72,13.96,30,20,0.75,200,800,8,7,7200
large_emergency,88.27,5.47,7.32,30,20,0.75,200,800,21,16,17000
large_emergency,81.84,7.03,6.2,30,20,0.75,200,800,16,17,16800
large_emergency,112.19,8.98,9.01,30,20,0.75,200,800,17,16,16200
large_emergency,70.59,7.31,10.64,30,20,0.75,200,800,16,9,10400
large_emergency,88.92,6.58,8.53,30,20,0.75,200,800,18,14,14800
large_emergency,80.41,10.39,9.92,30,20,0.75,200,800,12,11,11200
large_emergency,56.23,11.14,8.72,30,20,0.75,200,800,8,9,8800
large_emergency,76.98,10.89,11.17,30,20,0.75,200,800,10,10,10000
large_emergency,93.0,5.87,13.13,30,20,0.75,200,800,21,10,12200
large_emergency,100.33,9.5,12.42,30,20,0.75,200,800,15,11,11800
large_emergency,114.12,7.17,13.05,30,20,0.75,200,800,21,12,13800
large_emergency,86.42,10.37,12.27,30,20,0.75,200,800,12,10,10400
large_emergency,61.32,10.8,8.56,30,20,0.75,200,800,9,10,9800
large_emergency,100.7,11.22,13.56,30,20,0.75,200,800,13,10,10600
large_emergency,93.42,8.25,12.89,30,20,0.75,200,800,16,10,11200
large_emergency,72.04,7.07,7.11,30,20,0.75,200,800,14,14,14000
large_emergency,100.07,9.37,8.44,30,20,0.75,200,800,16,15,15200
large_emergency,66.85,5.71,14.49,30,20,0.75,200,800,16,7,8800
large_emergency,98.27,7.07,9.36,30,20,0.75,200,800,19,14,15000
large_emergency,62.41,7.77,13.7,30,20,0.75,200,800,12,7,8000
large_emergency,63.13,9.76,12.09,30,20,0.75,200,800,10,8,8400
large_emergency,64.21,10.51,12.53,30,20,0.75,200,800,9,8,8200
large_emergency,107.87,11.07,8.64,30,20,0.75,200,800,14,16,15600
large_emergency,75.41,11.07,7.5,30,20,0.75,200,800,11,13,12600
large_emergency,81.74,9.05,11.14,30,20,0.75,200,800,13,10,10600
large_emergency,67.14,9.52,11.05,30,20,0.75,200,800,10,9,9200
large_emergency,67.51,7.76,8.82,30,20,0.75,200,800,12,11,11200
large_emergency,77.97,6.61,10.34,30,20,0.75,200,800,16,11,12000
large_emergency,112.74,10.44,7.98,30,20,0.75,200,800,15,18,17400
large_emergency,70.35,8.79,10.75,30,20,0.75,200,800,12,9,9600
large_emergency,77.47,5.8,14.62,30,20,0.75,200,800,18,8,10000
large_emergency,102.8,11.31,13.74,30,20,0.75,200,800,14,10,10800
large_emergency,112.29,9.66,8.62,30,20,0.75,200,800,16,17,16800
large_emergency,61.41,7.42,12.11,30,20,0.75,200,800,12,8,8800
large_emergency,55.44,8.68,12.0,30,20,0.75,200,800,10,7,7600
large_emergency,91.91,6.01,12.29,30,20,0.75,200,800,23,10,12600
large_emergency,111.35,10.88,13.43,30,20,0.75,200,800,15,11,11800
large_emergency,66.0,9.14,11.35,30,20,0.75,200,800,13,8,9000
large_emergency,74.11,6.86,11.04,30,20,0.75,200,800,15,10,11000
large_emergency,113.2,8.13,9.46,30,20,0.75,200,800,18,16,16400
large_emergency,89.81,11.93,7.25,30,20,0.75,200,800,11,16,15000
large_emergency,82.84,11.24,8.82,30,20,0.75,200,800,11,13,12600
large_emergency,74.13,5.29,14.77,30,20,0.75,200,800,18,8,10000
large_emergency,110.59,7.13,11.52,30,20,0.75,200,800,20,13,14400
large_emergency,67.83,9.47,10.68,30,20,0.75,200,800,11,9,9400
large_emergency,74.26,9.34,6.08,30,20,0.75,200,800,12,16,15200
large_emergency,67.99,5.13,14.49,30,20,0.75,200,800,18,7,9200
large_emergency,77.26,9.5,13.84,30,20,0.75,200,800,12,8,8800
large_emergency,85.03,8.88,8.4,30,20,0.75,200,800,15,13,13400
large_emergency,112.03,6.03,8.83,30,20,0.75,200,800,26,16,18000
large_emergency,103.85,5.61,8.28,30,20,0.75,200,800,25,16,17800
large_emergency,55.32,9.29,12.58,30,20,0.75,200,800,9,7,7400
large_emergency,65.75,11.31,6.89,30,20,0.75,200,800,9,13,12200
large_emergency,51.28,8.64,9.83,30,20,0.75,200,800,9,8,8200
large_emergency,53.52,9.27,7.22,30,20,0.75,200,800,10,10,10000
large_emergency,72.64,6.19,11.02,30,20,0.75,200,800,18,9,10800
large_emergency,100.65,11.25,13.64,30,20,0.75,200,800,13,10,10600
large_emergency,79.19,10.63,9.14,30,20,0.75,200,800,11,12,11800
large_emergency,75.13,9.13,10.66,30,20,0.75,200,800,12,10,10400
large_emergency,83.89,5.09,13.26,30,20,0.75,200,800,22,9,11600
large_emergency,96.73,5.03,9.1,30,20,0.75,200,800,25,14,16200
large_emergency,50.16,9.22,7.93,30,20,0.75,200,800,9,9,9000
large_emergency,97.4,10.93,10.79,30,20,0.75,200,800,13,12,12200
large_emergency,109.18,11.96,12.47,30,20,0.75,200,800,13,12,12200
large_emergency,64.34,10.03,10.72,30,20,0.75,200,800,9,9,9000
large_emergency,66.99,10.82,13.12,30,20,0.75,200,800,9,8,8200
large_emergency,93.51,5.96,9.44,30,20,0.75,200,800,22,13,14800
large_emergency,110.97,7.02,12.17,30,20,0.75,200,800,22,12,14000
large_emergency,60.98,11.71,8.03,30,20,0.75,200,800,8,11,10400
large_emergency,80.97,8.09,10.67,30,20,0.75,200,800,14,11,11600
large_emergency,94.67,5.46,9.58,30,20,0.75,200,800,23,13,15000
large_emergency,71.05,7.86,9.42,30,20,0.75,200,800,13,11,11400
large_emergency,68.11,8.02,6.37,30,20,0.75,200,800,13,14,13800
large_emergency,100.37,9.72,10.96,30,20,0.75,200,800,15,12,12600
large_emergency,60.06,11.98,12.6,30,20,0.75,200,800,8,7,7200
large_emergency,99.97,10.56,13.24,30,20,0.75,200,800,15,10,11000
large_emergency,57.62,9.85,10.98,30,20,0.75,200,800,9,8,8200
large_emergency,85.29,11.64,13.55,30,20,0.75,200,800,11,9,9400
large_emergency,99.5,6.59,6.67,30,20,0.75,200,800,20,19,19200
large_emergency,55.31,6.95,11.71,30,20,0.75,200,800,12,7,8000
large_emergency,91.89,7.25,9.22,30,20,0.75,200,800,18,13,14000
large_emergency,88.24,7.96,6.15,30,20,0.75,200,800,16,18,17600
large_emergency,70.74,8.59,8.44,30,20,0.75,200,800,14,11,11600
large_emergency,64.99,6.64,9.72,30,20,0.75,200,800,13,10,10600
large_emergency,79.9,8.79,9.8,30,20,0.75,200,800,13,11,11400
large_emergency,104.72,9.09,7.68,30,20,0.75,200,800,17,17,17000
large_emergency,108.1,7.84,8.61,30,20,0.75,200,800,19,16,16600
large_emergency,61.06,7.25,10.32,30,20,0.75,200,800,12,9,9600
large_emergency,107.8,11.71,13.67,30,20,0.75,200,800,13,11,11400
large_emergency,111.8,11.43,11.79,30,20,0.75,200,800,13,13,13000
large_emergency,81.49,6.0,7.1,30,20,0.75,200,800,19,15,15800
large_emergency,83.37,8.69,11.72,30,20,0.75,200,800,13,10,10600
large_emergency,71.75,10.15,10.26,30,20,0.75,200,800,10,10,10000
large_emergency,96.56,10.29,11.39,30,20,0.75,200,800,13,12,12200
large_emergency,54.65,11.08,11.54,30,20,0.75,200,800,8,7,7200
large_emergency,70.17,5.91,12.41,30,20,0.75,200,800,17,8,9800
large_emergency,77.97,11.27,10.27,30,20,0.75,200,800,10,11,10800
large_emergency,60.79,8.31,12.29,30,20,0.75,200,800,13,7,8200
large_emergency,97.39,10.92,8.34,30,20,0.75,200,800,13,15,14600
large_emergency,54.17,10.99,12.98,30,20,0.75,200,800,8,7,7200
large_emergency,103.55,10.68,14.53,30,20,0.75,200,800,13,10,10600
large_emergency,83.39,8.2,12.21,30,20,0.75,200,800,14,10,10800
large_emergency,91.29,11.14,8.36,30,20,0.75,200,800,13,14,13800
large_emergency,60.5,11.56,14.9,30,20,0.75,200,800,9,6,6600
large_emergency,61.74,10.85,11.03,30,20,0.75,200,800,9,8,8200
large_emergency,60.03,7.19,14.9,30,20,0.75,200,800,13,6,7400
large_emergency,55.77,5.13,12.3,30,20,0.75,200,800,15,7,8600
large_emergency,69.14,11.84,6.05,30,20,0.75,200,800,9,15,13800
large_emergency,91.29,5.98,10.71,30,20,0.75,200,800,20,12,13600
large_emergency,54.19,7.88,8.07,30,20,0.75,200,800,10,10,10000
large_emergency,78.67,11.51,13.54,30,20,0.75,200,800,12,8,8800
large_emergency,65.83,7.82,8.23,30,20,0.75,200,800,12,11,11200
large_emergency,83.2,6.19,9.84,30,20,0.75,200,800,18,12,13200
large_emergency,85.38,7.19,8.32,30,20,0.75,200,800,16,14,14400
large_emergency,106.26,11.0,14.55,30,20,0.75,200,800,14,10,10800
large_emergency,68.86,11.1,13.2,30,20,0.75,200,800,9,8,8200
large_emergency,78.73,8.28,8.76,30,20,0.75,200,800,14,12,12400
large_emergency,53.74,11.05,12.74,30,20,0.75,200,800,8,7,7200
large_emergency,106.8,8.29,11.22,30,20,0.75,200,800,17,13,13800
large_emergency,73.27,9.58,9.57,30,20,0.75,200,800,11,11,11000
large_emergency,87.4,6.72,6.45,30,20,0.75,200,800,20,17,17600
large_emergency,99.73,9.28,6.74,30,20,0.75,200,800,15,19,18200
large_emergency,93.53,10.5,10.63,30,20,0.75,200,800,13,12,12200
large_emergency,55.86,10.37,9.81,30,20,0.75,200,800,9,8,8200
large_emergency,66.7,11.63,12.35,30,20,0.75,200,800,9,8,8200
large_emergency,76.7,7.56,10.52,30,20,0.75,200,800,15,10,11000
large_emergency,84.68,10.88,8.31,30,20,0.75,200,800,14,13,13200
large_emergency,84.28,8.92,8.87,30,20,0.75,200,800,13,13,13000
large_emergency,112.92,8.22,11.64,30,20,0.75,200,800,18,13,14000
large_emergency,100.4,8.54,7.79,30,20,0.75,200,800,16,17,16800
large_emergency,59.83,8.15,11.2,30,20,0.75,200,800,11,8,8600
large_emergency,109.6,11.61,7.91,30,20,0.75,200,800,13,18,17000
large_emergency,74.44,11.47,6.6,30,20,0.75,200,800,10,15,14000
large_emergency,60.94,8.88,10.5,30,20,0.75,200,800,13,8,9000
large_emergency,56.04,6.83,13.02,30,20,0.75,200,800,12,7,8000
large_emergency,55.12,7.03,13.93,30,20,0.75,200,800,12,6,7200
large_emergency,62.43,11.69,12.04,30,20,0.75,200,800,8,8,8000
large_emergency,61.75,5.1,7.25,30,20,0.75,200,800,17,12,13000
large_emergency,50.74,5.75,14.5,30,20,0.75,200,800,12,6,7200
large_emergency,76.69,5.98,8.74,30,20,0.75,200,800,17,12,13000
large_emergency,94.54,9.52,7.13,30,20,0.75,200,800,14,17,16400
large_emergency,101.29,5.77,14.04,30,20,0.75,200,800,23,10,12600
large_emergency,101.44,9.8,11.46,30,20,0.75,200,800,14,12,12400
large_emergency,96.57,6.07,12.28,30,20,0.75,200,800,21,11,13000
large_emergency,80.38,11.13,12.55,30,20,0.75,200,800,11,9,9400
large_emergency,72.54,6.9,13.35,30,20,0.75,200,800,15,8,9400
large_emergency,92.25,5.92,7.59,30,20,0.75,200,800,21,16,17000
large_emergency,59.91,11.77,11.2,30,20,0.75,200,800,8,8,8000
large_emergency,90.62,5.32,11.4,30,20,0.75,200,800,22,11,13200
large_emergency,96.74,6.51,14.72,30,20,0.75,200,800,21,9,11400
large_emergency,75.67,10.43,14.53,30,20,0.75,200,800,10,8,8400
large_emergency,98.6,10.87,7.46,30,20,0.75,200,800,13,17,16200
large_emergency,89.93,10.37,10.22,30,20,0.75,200,800,12,12,12000
large_emergency,96.06,8.8,7.36,30,20,0.75,200,800,15,17,16600
large_emergency,66.73,11.0,13.61,30,20,0.75,200,800,10,7,7600
large_emergency,57.85,10.02,10.07,30,20,0.75,200,800,10,8,8400
large_emergency,89.12,8.05,13.91,30,20,0.75,200,800,15,9,10200
large_emergency,109.84,9.4,14.52,30,20,0.75,200,800,18,10,11600
large_emergency,112.84,8.15,10.28,30,20,0.75,200,800,20,14,15200
large_emergency,60.62,9.92,7.2,30,20,0.75,200,800,9,12,11400
large_emergency,89.16,7.8,6.48,30,20,0.75,200,800,16,18,17600
large_emergency,104.81,11.97,8.5,30,20,0.75,200,800,13,16,15400
large_emergency,54.44,5.63,11.34,30,20,0.75,200,800,15,7,8600
large_emergency,63.3,11.49,11.12,30,20,0.75,200,800,9,8,8200
large_emergency,79.84,9.72,14.68,30,20,0.75,200,800,12,8,8800
large_emergency,101.82,11.22,13.9,30,20,0.75,200,800,13,10,10600
large_emergency,59.95,9.39,9.92,30,20,0.75,200,800,10,9,9200
large_emergency,68.17,5.06,6.33,30,20,0.75,200,800,20,14,15200
large_emergency,70.16,8.6,9.11,30,20,0.75,200,800,12,11,11200
large_emergency,102.15,8.87,7.57,30,20,0.75,200,800,17,17,17000
large_emergency,56.33,7.26,8.93,30,20,0.75,200,800,12,9,9600
large_emergency,113.87,6.27,13.34,30,20,0.75,200,800,23,12,14200
large_emergency,77.22,8.75,6.16,30,20,0.75,200,800,13,16,15400
large_emergency,65.15,10.81,7.41,30,20,0.75,200,800,9,12,11400
large_emergency,74.01,9.25,11.68,30,20,0.75,200,800,12,9,9600
large_emergency,60.01,7.08,7.04,30,20,0.75,200,800,12,12,12000
large_emergency,112.44,7.07,9.28,30,20,0.75,200,800,21,16,17000
large_emergency,62.56,11.44,10.95,30,20,0.75,200,800,9,8,8200
large_emergency,91.03,5.45,6.82,30,20,0.75,200,800,23,17,18200
large_emergency,92.3,7.51,11.01,30,20,0.75,200,800,19,11,12600
large_emergency,57.28,6.59,8.65,30,20,0.75,200,800,12,10,10400
large_emergency,95.11,11.64,8.9,30,20,0.75,200,800,12,14,13600
large_emergency,83.52,10.86,8.0,30,20,0.75,200,800,11,14,13400
large_emergency,98.81,9.62,14.23,30,20,0.75,200,800,14,10,10800
large_emergency,60.74,9.87,13.19,30,20,0.75,200,800,9,7,7400
large_emergency,55.87,9.06,10.84,30,20,0.75,200,800,9,8,8200
large_emergency,112.0,9.25,11.71,30,20,0.75,200,800,16,13,13600
large_emergency,90.23,7.72,8.09,30,20,0.75,200,800,16,15,15200
large_emergency,108.28,11.81,11.99,30,20,0.75,200,800,13,12,12200
large_emergency,110.93,10.32,7.87,30,20,0.75,200,800,15,18,17400
large_emergency,99.39,8.59,12.6,30,20,0.75,200,800,16,11,12000
large_emergency,67.0,8.75,7.39,30,20,0.75,200,800,12,12,12000
large_emergency,75.99,9.73,8.69,30,20,0.75,200,800,11,12,11800
large_emergency,111.21,6.37,14.69,30,20,0.75,200,800,22,11,13200
large_emergency,85.22,10.4,12.91,30,20,0.75,200,800,13,9,9800
large_emergency,57.11,9.3,12.76,30,20,0.75,200,800,9,7,7400
large_emergency,62.06,10.08,7.98,30,20,0.75,200,800,9,11,10600
large_emergency,85.51,11.83,6.47,30,20,0.75,200,800,11,17,15800
large_emergency,91.52,8.34,10.54,30,20,0.75,200,800,15,12,12600
large_emergency,75.35,7.73,7.56,30,20,0.75,200,800,15,13,13400
large_emergency,87.41,7.31,12.35,30,20,0.75,200,800,16,10,11200
large_emergency,90.0,9.06,14.89,30,20,0.75,200,800,14,9,10000
large_emergency,107.35,8.76,9.35,30,20,0.75,200,800,17,15,15400
large_emergency,88.98,6.17,11.58,30,20,0.75,200,800,19,11,12600
large_emergency,111.51,11.73,10.71,30,20,0.75,200,800,13,14,13800
large_emergency,66.82,11.93,13.89,30,20,0.75,200,800,9,7,7400
large_emergency,56.19,6.61,6.77,30,20,0.75,200,800,12,12,12000
large_emergency,91.51,8.43,7.89,30,20,0.75,200,800,15,15,15000
large_emergency,64.85,7.3,7.59,30,20,0.75,200,800,13,12,12200
large_emergency,68.95,11.7,10.63,30,20,0.75,200,800,9,9,9000
large_emergency,85.71,5.78,12.7,30,20,0.75,200,800,19,10,11800
large_emergency,94.14,10.55,10.18,30,20,0.75,200,800,14,12,12400
large_emergency,77.51,6.61,9.39,30,20,0.75,200,800,17,11,12200
large_emergency,59.87,6.49,7.92,30,20,0.75,200,800,13,11,11400
large_emergency,106.28,8.14,8.54,30,20,0.75,200,800,18,16,16400
large_emergency,97.63,6.29,7.42,30,20,0.75,200,800,21,17,17800
large_emergency,58.38,11.18,9.34,30,20,0.75,200,800,8,9,8800
large_emergency,70.55,7.65,8.14,30,20,0.75,200,800,13,12,12200
large_emergency,61.12,5.08,7.1,30,20,0.75,200,800,17,12,13000
large_emergency,76.33,7.2,12.6,30,20,0.75,200,800,14,9,10000
large_emergency,88.32,8.48,12.33,30,20,0.75,200,800,14,10,10800
large_emergency,96.43,9.93,6.99,30,20,0.75,200,800,13,18,17000
large_emergency,95.39,10.37,11.49,30,20,0.75,200,800,14,11,11600
large_emergency,56.5,6.21,12.35,30,20,0.75,200,800,13,7,8200
large_emergency,100.67,6.32,6.73,30,20,0.75,200,800,21,19,19400
large_emergency,63.48,7.62,6.83,30,20,0.75,200,800,12,13,12800
large_emergency,67.08,9.26,10.39,30,20,0.75,200,800,11,9,9400
large_emergency,55.81,7.68,8.66,30,20,0.75,200,800,11,9,9400
large_emergency,61.28,7.72,11.66,30,20,0.75,200,800,11,8,8600
large_emergency,50.7,10.88,9.73,30,20,0.75,200,800,7,8,7800
large_emergency,113.07,11.35,12.13,30,20,0.75,200,800,16,12,12800
large_emergency,100.5,10.39,13.26,30,20,0.75,200,800,16,10,11200
large_emergency,109.72,8.9,11.47,30,20,0.75,200,800,16,13,13600
large_emergency,81.51,10.19,13.13,30,20,0.75,200,800,11,9,9400
large_emergency,113.77,9.07,12.54,30,20,0.75,200,800,17,12,13000
large_emergency,51.65,7.71,11.09,30,20,0.75,200,800,10,7,7600
large_emergency,105.87,11.86,9.59,30,20,0.75,200,800,14,14,14000
large_emergency,75.49,10.25,10.06,30,20,0.75,200,800,12,10,10400
large_emergency,89.37,9.57,9.29,30,20,0.75,200,800,13,13,13000
large_emergency,63.95,8.69,12.67,30,20,0.75,200,800,11,8,8600
large_emergency,70.22,11.76,9.98,30,20,0.75,200,800,9,10,9800
large_emergency,74.87,5.57,6.06,30,20,0.75,200,800,19,16,16600
large_emergency,91.97,7.38,11.31,30,20,0.75,200,800,17,11,12200
large_emergency,74.77,7.44,9.72,30,20,0.75,200,800,14,11,11600
large_emergency,112.9,11.6,14.73,30,20,0.75,200,800,13,11,11400
large_emergency,60.7,10.83,11.68,30,20,0.75,200,800,9,8,8200
large_emergency,113.96,10.58,8.04,30,20,0.75,200,800,15,18,17400
large_emergency,91.76,9.69,6.49,30,20,0.75,200,800,14,18,17200
large_emergency,95.94,7.8,8.32,30,20,0.75,200,800,17,15,15400
large_emergency,99.86,11.36,8.93,30,20,0.75,200,800,12,15,14400
large_emergency,104.69,5.84,12.32,30,20,0.75,200,800,23,12,14200
large_emergency,57.49,10.4,14.8,30,20,0.75,200,800,9,6,6600
large_emergency,59.84,9.86,12.39,30,20,0.75,200,800,10,7,7600
large_emergency,114.84,9.17,7.15,30,20,0.75,200,800,17,20,19400
large_emergency,102.18,6.01,9.49,30,20,0.75,200,800,23,14,15800
large_emergency,65.16,8.31,14.29,30,20,0.75,200,800,11,7,7800
large_emergency,101.89,6.61,12.05,30,20,0.75,200,800,20,12,13600
large_emergency,89.13,6.8,14.27,30,20,0.75,200,800,18,9,10800
large_emergency,53.67,10.53,14.98,30,20,0.75,200,800,8,6,6400
large_emergency,90.43,5.83,12.86,30,20,0.75,200,800,20,10,12000
large_emergency,77.46,10.95,8.63,30,20,0.75,200,800,11,12,11800
large_emergency,113.41,11.45,8.82,30,20,0.75,200,800,16,16,16000
large_emergency,98.41,8.97,8.33,30,20,0.75,200,800,16,15,15200
large_emergency,56.97,6.65,12.14,30,20,0.75,200,800,13,7,8200
large_emergency,96.3,10.29,10.78,30,20,0.75,200,800,13,12,12200
large_emergency,73.15,5.87,6.04,30,20,0.75,200,800,17,16,16200
large_emergency,61.34,6.07,14.61,30,20,0.75,200,800,14,7,8400
large_emergency,114.82,5.66,8.67,30,20,0.75,200,800,26,17,18800
large_emergency,90.41,9.42,7.06,30,20,0.75,200,800,16,16,16000
large_emergency,52.34,9.4,9.41,30,20,0.75,200,800,9,8,8200
large_emergency,83.67,5.12,13.32,30,20,0.75,200,800,22,9,11600
large_emergency,100.46,11.72,6.9,30,20,0.75,200,800,14,18,17200
large_emergency,110.72,11.63,9.9,30,20,0.75,200,800,13,15,14600
large_emergency,88.77,8.84,12.8,30,20,0.75,200,800,14,10,10800
large_emergency,56.89,5.8,11.75,30,20,0.75,200,800,15,7,8600
large_emergency,96.73,6.81,12.34,30,20,0.75,200,800,19,11,12600
large_emergency,76.85,8.7,13.7,30,20,0.75,200,800,13,8,9000
large_emergency,108.49,8.69,6.89,30,20,0.75,200,800,17,20,19400
large_emergency,91.22,10.49,7.22,30,20,0.75,200,800,13,16,15400
large_emergency,73.69,6.06,14.35,30,20,0.75,200,800,16,8,9600
large_emergency,63.07,5.12,7.16,30,20,0.75,200,800,17,12,13000
large_emergency,91.43,10.21,9.55,30,20,0.75,200,800,13,13,13000
large_emergency,97.74,11.94,11.55,30,20,0.75,200,800,14,11,11600
large_emergency,60.0,7.24,9.28,30,20,0.75,200,800,13,9,9800
large_emergency,68.75,10.84,10.9,30,20,0.75,200,800,10,9,9200
large_emergency,99.62,5.63,7.4,30,20,0.75,200,800,25,17,18600
large_emergency,83.15,11.73,6.34,30,20,0.75,200,800,11,17,15800
large_emergency,94.93,8.62,7.05,30,20,0.75,200,800,16,17,16800
large_emergency,84.59,8.85,9.25,30,20,0.75,200,800,14,12,12400
large_emergency,86.02,10.97,6.2,30,20,0.75,200,800,11,18,16600
large_emergency,58.89,11.6,7.3,30,20,0.75,200,800,8,11,10400
large_emergency,104.94,5.98,14.36,30,20,0.75,200,800,23,10,12600
large_emergency,82.8,8.76,14.27,30,20,0.75,200,800,15,8,9400
large_emergency,59.21,8.41,8.64,30,20,0.75,200,800,10,10,10000
large_emergency,86.19,5.88,13.94,30,20,0.75,200,800,19,9,11000
large_emergency,80.72,10.68,9.65,30,20,0.75,200,800,12,11,11200
large_emergency,93.74,6.03,10.89,30,20,0.75,200,800,20,12,13600
large_emergency,63.16,11.76,13.83,30,20,0.75,200,800,8,7,7200
large_emergency,106.28,5.37,7.99,30,20,0.75,200,800,26,17,18800
large_emergency,60.08,11.25,12.75,30,20,0.75,200,800,9,7,7400
large_emergency,112.82,10.98,8.34,30,20,0.75,200,800,15,17,16600
large_emergency,73.18,11.97,7.77,30,20,0.75,200,800,9,13,12200
large_emergency,53.04,7.89,11.8,30,20,0.75,200,800,10,7,7600
large_emergency,83.72,6.39,11.53,30,20,0.75,200,800,18,10,11600
large_emergency,81.29,9.19,8.16,30,20,0.75,200,800,13,13,13000
large_emergency,72.94,11.22,8.65,30,20,0.75,200,800,13,11,11400
large_emergency,110.6,8.59,9.5,30,20,0.75,200,800,18,15,15600
large_emergency,85.03,6.09,11.58,30,20,0.75,200,800,20,10,12000
large_emergency,92.76,10.67,7.99,30,20,0.75,200,800,13,15,14600
large_emergency,67.26,9.99,12.59,30,20,0.75,200,800,10,8,8400
large_emergency,103.88,11.23,14.91,30,20,0.75,200,800,13,10,10600
large_emergency,97.75,9.04,14.16,30,20,0.75,200,800,15,10,11000
large_emergency,91.9,5.9,6.07,30,20,0.75,200,800,22,19,19600
large_emergency,87.53,9.83,12.83,30,20,0.75,200,800,12,10,10400
large_emergency,69.4,11.11,12.07,30,20,0.75,200,800,10,8,8400
large_emergency,107.57,11.29,13.71,30,20,0.75,200,800,13,11,11400
large_emergency,54.59,5.67,9.86,30,20,0.75,200,800,14,8,9200
large_emergency,93.76,10.82,7.78,30,20,0.75,200,800,12,16,15200
large_emergency,91.47,9.06,11.8,30,20,0.75,200,800,14,11,11600
large_emergency,108.46,7.87,12.13,30,20,0.75,200,800,19,12,13400
large_emergency,63.31,11.44,13.77,30,20,0.75,200,800,9,7,7400
large_emergency,95.68,5.99,13.08,30,20,0.75,200,800,22,10,12400
large_emergency,94.17,8.55,7.67,30,20,0.75,200,800,15,16,15800
large_emergency,59.03,10.34,11.58,30,20,0.75,200,800,9,8,8200
large_emergency,86.89,7.1,13.17,30,20,0.75,200,800,18,9,10800
large_emergency,71.98,8.72,9.24,30,20,0.75,200,800,12,11,11200
large_emergency,50.61,9.09,9.24,30,20,0.75,200,800,9,8,8200
large_emergency,84.28,9.2,9.89,30,20,0.75,200,800,13,12,12200
large_emergency,66.11,5.16,6.28,30,20,0.75,200,800,18,14,14800
large_emergency,106.09,8.85,10.14,30,20,0.75,200,800,16,14,14400
large_emergency,76.31,7.72,7.53,30,20,0.75,200,800,14,14,14000
large_emergency,74.45,11.91,7.17,30,20,0.75,200,800,9,14,13000
large_emergency,59.88,9.77,14.78,30,20,0.75,200,800,10,6,6800
large_emergency,88.7,9.58,11.56,30,20,0.75,200,800,13,11,11400
large_emergency,84.55,7.81,6.54,30,20,0.75,200,800,15,17,16600
large_emergency,74.56,7.25,10.6,30,20,0.75,200,800,14,10,10800
large_emergency,72.2,5.71,7.47,30,20,0.75,200,800,17,13,13800
large_emergency,50.46,10.62,10.81,30,20,0.75,200,800,8,7,7200
large_emergency,96.37,5.52,14.76,30,20,0.75,200,800,24,9,12000
large_emergency,60.45,6.11,13.39,30,20,0.75,200,800,14,7,8400
large_emergency,58.58,10.72,9.03,30,20,0.75,200,800,9,9,9000
large_emergency,57.65,6.98,14.87,30,20,0.75,200,800,12,6,7200
large_emergency,52.78,8.58,6.9,30,20,0.75,200,800,9,11,10600
large_emergency,93.8,6.62,12.24,30,20,0.75,200,800,18,11,12400
large_emergency,55.18,7.6,6.96,30,20,0.75,200,800,11,11,11000
large_emergency,111.58,6.18,10.12,30,20,0.75,200,800,23,15,16600
large_emergency,87.03,7.48,6.31,30,20,0.75,200,800,16,18,17600
large_emergency,109.55,7.31,13.97,30,20,0.75,200,800,19,11,12600
large_emergency,56.88,10.79,7.12,30,20,0.75,200,800,9,11,10600
large_emergency,111.7,8.87,11.81,30,20,0.75,200,800,17,13,13800
large_emergency,95.43,5.47,8.29,30,20,0.75,200,800,23,15,16600
large_emergency,105.18,9.5,9.95,30,20,0.75,200,800,15,14,14200
large_emergency,108.94,5.02,13.58,30,20,0.75,200,800,28,11,14400
large_emergency,68.63,7.78,10.33,30,20,0.75,200,800,15,9,10200
large_emergency,101.26,6.44,13.55,30,20,0.75,200,800,23,10,12600
large_emergency,80.82,7.93,13.02,30,20,0.75,200,800,14,9,10000
large_emergency,87.09,11.63,10.34,30,20,0.75,200,800,13,11,11400
large_emergency,66.28,8.13,7.46,30,20,0.75,200,800,12,12,12000
large_emergency,84.65,6.47,6.58,30,20,0.75,200,800,18,17,17200
large_emergency,79.36,7.71,14.36,30,20,0.75,200,800,14,8,9200
large_emergency,98.6,8.31,6.92,30,20,0.75,200,800,17,18,17800
large_emergency,73.8,9.75,11.73,30,20,0.75,200,800,11,9,9400
large_emergency,65.5,11.51,8.51,30,20,0.75,200,800,9,11,10600
large_emergency,98.8,10.34,6.28,30,20,0.75,200,800,13,20,18600
large_emergency,100.95,10.69,6.4,30,20,0.75,200,800,13,20,18600
large_emergency,103.5,7.11,7.19,30,20,0.75,200,800,21,18,18600
large_emergency,100.31,9.96,14.65,30,20,0.75,200,800,14,10,10800
large_emergency,89.82,6.95,10.89,30,20,0.75,200,800,18,11,12400
large_emergency,58.91,5.38,8.73,30,20,0.75,200,800,15,10,11000
large_emergency,111.45,6.4,10.78,30,20,0.75,200,800,22,14,15600
large_emergency,90.52,5.47,7.88,30,20,0.75,200,800,22,15,16400
large_emergency,85.56,10.37,10.03,30,20,0.75,200,800,12,12,12000
large_emergency,106.71,9.57,14.56,30,20,0.75,200,800,16,10,11200
large_emergency,70.0,8.35,6.99,30,20,0.75,200,800,13,13,13000
large_emergency,85.96,9.05,11.56,30,20,0.75,200,800,14,10,10800
large_emergency,84.06,6.03,9.28,30,20,0.75,200,800,20,12,13600
large_emergency,61.39,5.28,6.82,30,20,0.75,200,800,18,12,13200
large_emergency,70.25,8.41,9.92,30,20,0.75,200,800,12,10,10400
large_emergency,67.55,9.54,11.51,30,20,0.75,200,800,10,9,9200
large_emergency,102.48,5.59,7.25,30,20,0.75,200,800,24,18,19200
large_emergency,65.09,11.27,11.35,30,20,0.75,200,800,10,8,8400
large_emergency,107.99,5.04,13.56,30,20,0.75,200,800,27,11,14200
large_emergency,112.56,8.24,12.68,30,20,0.75,200,800,18,12,13200
large_emergency,109.43,8.29,8.89,30,20,0.75,200,800,18,16,16400
large_emergency,82.83,7.44,9.83,30,20,0.75,200,800,15,12,12600
large_emergency,103.99,7.89,10.77,30,20,0.75,200,800,18,13,14000
large_emergency,51.95,8.46,11.93,30,20,0.75,200,800,9,7,7400
large_emergency,60.21,5.01,6.9,30,20,0.75,200,800,17,12,13000
large_emergency,101.56,9.97,14.86,30,20,0.75,200,800,14,10,10800
large_emergency,96.84,5.97,6.17,30,20,0.75,200,800,21,20,20200
large_emergency,101.0,9.43,7.76,30,20,0.75,200,800,15,17,16600
large_emergency,55.57,6.24,11.43,30,20,0.75,200,800,14,7,8400
large_emergency,103.41,8.92,11.01,30,20,0.75,200,800,15,13,13400
large_emergency,111.09,10.51,11.0,30,20,0.75,200,800,16,13,13600
large_emergency,61.16,10.45,9.42,30,20,0.75,200,800,10,9,9200
large_emergency,75.12,10.56,7.04,30,20,0.75,200,800,11,14,13400
large_emergency,101.52,9.01,12.24,30,20,0.75,200,800,16,11,12000
large_emergency,70.41,9.62,12.22,30,20,0.75,200,800,12,8,8800
large_emergency,52.04,9.1,7.8,30,20,0.75,200,800,9,10,9800
large_emergency,110.72,11.9,12.79,30,20,0.75,200,800,13,12,12200
large_emergency,63.99,11.87,12.88,30,20,0.75,200,800,10,7,7600
large_emergency,53.89,8.52,11.11,30,20,0.75,200,800,10,7,7600
large_emergency,91.75,5.44,13.92,30,20,0.75,200,800,21,10,12200
large_emergency,94.62,7.79,11.71,30,20,0.75,200,800,17,11,12200
large_emergency,79.53,7.89,6.35,30,20,0.75,200,800,15,16,15800
large_emergency,74.51,8.21,13.77,30,20,0.75,200,800,13,8,9000
large_emergency,83.18,7.72,14.9,30,20,0.75,200,800,15,8,9400
large_emergency,62.59,9.52,10.64,30,20,0.75,200,800,10,9,9200
large_emergency,77.23,10.64,14.3,30,20,0.75,200,800,11,8,8600
large_emergency,98.39,8.18,9.21,30,20,0.75,200,800,17,14,14600
large_emergency,81.14,7.02,14.57,30,20,0.75,200,800,16,8,9600
large_emergency,67.04,6.25,12.84,30,20,0.75,200,800,15,8,9400
large_emergency,111.66,10.48,7.92,30,20,0.75,200,800,15,18,17400
large_emergency,67.71,9.18,9.03,30,20,0.75,200,800,13,10,10600
large_emergency,58.35,11.44,12.27,30,20,0.75,200,800,8,7,7200
large_emergency,110.18,5.59,14.44,30,20,0.75,200,800,25,11,13800
large_emergency,79.74,11.91,13.41,30,20,0.75,200,800,10,9,9200
large_emergency,80.99,9.34,12.65,30,20,0.75,200,800,13,9,9800
large_emergency,102.26,6.28,11.5,30,20,0.75,200,800,21,12,13800
large_emergency,95.45,10.38,8.64,30,20,0.75,200,800,15,14,14200
large_emergency,64.03,9.0,7.44,30,20,0.75,200,800,11,12,11800
large_emergency,107.5,10.05,10.43,30,20,0.75,200,800,14,14,14000
large_emergency,109.47,6.13,10.42,30,20,0.75,200,800,23,14,15800
large_emergency,84.07,8.87,6.58,30,20,0.75,200,800,16,16,16000
large_emergency,68.92,7.54,8.07,30,20,0.75,200,800,13,12,12200
large_emergency,106.38,8.05,10.94,30,20,0.75,200,800,18,13,14000
large_emergency,68.3,8.56,6.75,30,20,0.75,200,800,11,14,13400
large_emergency,92.48,6.67,13.79,30,20,0.75,200,800,18,10,11600
large_emergency,89.2,5.39,12.91,30,20,0.75,200,800,21,10,12200
large_emergency,56.62,9.98,9.34,30,20,0.75,200,800,9,9,9000
large_emergency,74.03,10.7,9.97,30,20,0.75,200,800,11,10,10200
large_emergency,89.14,11.99,9.18,30,20,0.75,200,800,11,13,12600
large_emergency,106.75,9.34,12.39,30,20,0.75,200,800,15,12,12600
large_emergency,59.56,9.13,7.49,30,20,0.75,200,800,10,11,10800
large_emergency,92.15,11.17,9.25,30,20,0.75,200,800,12,13,12800
large_emergency,96.91,11.62,7.9,30,20,0.75,200,800,12,16,15200
large_emergency,62.67,8.66,6.06,30,20,0.75,200,800,11,14,13400
large_emergency,80.08,7.19,11.72,30,20,0.75,200,800,15,10,11000
large_emergency,109.66,5.88,12.56,30,20,0.75,200,800,24,12,14400
large_emergency,76.87,8.43,13.44,30,20,0.75,200,800,14,8,9200
large_emergency,50.2,5.95,6.88,30,20,0.75,200,800,13,10,10600
large_emergency,56.93,5.38,14.97,30,20,0.75,200,800,15,6,7800
large_emergency,51.61,6.45,9.75,30,20,0.75,200,800,12,8,8800
large_emergency,71.87,8.02,8.3,30,20,0.75,200,800,13,12,12200
large_emergency,71.19,10.45,6.43,30,20,0.75,200,800,10,15,14000
large_emergency,80.98,8.74,7.71,30,20,0.75,200,800,13,14,13800
large_emergency,70.16,11.34,10.66,30,20,0.75,200,800,10,9,9200
large_emergency,55.74,8.2,14.62,30,20,0.75,200,800,10,6,6800
large_emergency,88.93,7.89,6.74,30,20,0.75,200,800,16,17,16800
large_emergency,93.05,5.01,9.04,30,20,0.75,200,800,24,14,16000
large_emergency,75.19,7.43,12.56,30,20,0.75,200,800,14,9,10000
large_emergency,59.26,10.42,12.82,30,20,0.75,200,800,9,7,7400
large_emergency,84.93,11.22,8.34,30,20,0.75,200,800,13,13,13000
large_emergency,61.24,10.08,13.12,30,20,0.75,200,800,9,7,7400
large_emergency,52.44,5.25,7.07,30,20,0.75,200,800,14,11,11600
large_emergency,71.33,6.02,11.51,30,20,0.75,200,800,16,9,10400
large_emergency,111.49,9.15,12.01,30,20,0.75,200,800,18,12,13200
large_emergency,85.9,11.52,12.52,30,20,0.75,200,800,11,10,10200
large_emergency,59.74,11.22,8.34,30,20,0.75,200,800,9,10,9800
large_emergency,81.98,7.89,12.87,30,20,0.75,200,800,15,9,10200
large_emergency,92.18,9.23,9.93,30,20,0.75,200,800,16,12,12800
large_emergency,51.68,11.34,12.19,30,20,0.75,200,800,7,7,7000
large_emergency,95.3,10.74,10.8,30,20,0.75,200,800,13,12,12200
large_emergency,113.62,6.01,9.45,30,20,0.75,200,800,24,16,17600
large_emergency,72.34,10.28,12.12,30,20,0.75,200,800,10,9,9200
large_emergency,64.94,10.35,11.35,30,20,0.75,200,800,10,8,8400
large_emergency,70.0,10.75,13.1,30,20,0.75,200,800,10,8,8400
large_emergency,102.26,7.33,11.28,30,20,0.75,200,800,19,12,13400
large_emergency,50.83,5.66,10.21,30,20,0.75,200,800,13,8,9000
large_emergency,54.09,9.4,6.27,30,20,0.75,200,800,9,12,11400
large_emergency,109.51,5.36,11.8,30,20,0.75,200,800,25,13,15400
large_emergency,101.6,5.51,12.67,30,20,0.75,200,800,24,11,13600
large_emergency,73.44,9.96,7.69,30,20,0.75,200,800,11,13,12600
large_emergency,73.28,8.07,12.91,30,20,0.75,200,800,14,8,9200
large_emergency,81.75,6.82,7.41,30,20,0.75,200,800,16,15,15200
large_emergency,52.96,7.26,9.12,30,20,0.75,200,800,11,9,9400
large_emergency,101.02,5.73,6.92,30,20,0.75,200,800,23,19,19800
large_emergency,85.36,9.29,11.44,30,20,0.75,200,800,14,10,10800
large_emergency,67.83,5.27,6.9,30,20,0.75,200,800,19,13,14200
large_emergency,74.9,8.55,6.19,30,20,0.75,200,800,13,16,15400
large_emergency,103.09,10.42,12.0,30,20,0.75,200,800,14,12,12400
large_emergency,58.35,9.64,13.11,30,20,0.75,200,800,9,7,7400
large_emergency,86.18,11.36,9.52,30,20,0.75,200,800,11,12,11800
large_emergency,104.46,6.06,6.94,30,20,0.75,200,800,23,19,19800
large_emergency,105.19,5.04,14.75,30,20,0.75,200,800,27,10,13400
large_emergency,76.2,6.24,13.58,30,20,0.75,200,800,17,8,9800
large_emergency,86.85,6.02,8.09,30,20,0.75,200,800,20,14,15200
large_emergency,97.15,6.05,10.91,30,20,0.75,200,800,21,12,13800
large_emergency,89.48,8.52,9.24,30,20,0.75,200,800,15,13,13400
large_emergency,53.96,10.0,9.43,30,20,0.75,200,800,9,8,8200
large_emergency,58.33,7.79,11.87,30,20,0.75,200,800,13,7,8200
large_emergency,61.06,6.86,10.31,30,20,0.75,200,800,12,9,9600
large_emergency,58.27,9.45,6.44,30,20,0.75,200,800,10,12,11600
large_emergency,96.39,10.2,6.92,30,20,0.75,200,800,13,18,17000
large_emergency,56.0,6.67,6.88,30,20,0.75,200,800,13,11,11400
large_emergency,58.63,5.64,10.55,30,20,0.75,200,800,15,8,9400
large_emergency,73.58,8.57,6.6,30,20,0.75,200,800,12,15,14400
large_emergency,68.4,9.88,10.01,30,20,0.75,200,800,10,10,10000
large_emergency,82.6,7.19,10.21,30,20,0.75,200,800,16,11,12000
large_emergency,74.49,7.99,11.62,30,20,0.75,200,800,14,9,10000
large_emergency,80.06,5.8,9.56,30,20,0.75,200,800,18,12,13200
large_emergency,74.34,9.02,7.43,30,20,0.75,200,800,13,13,13000
large_emergency,106.66,11.98,10.55,30,20,0.75,200,800,14,13,13200
large_emergency,99.71,9.5,6.49,30,20,0.75,200,800,16,19,18400
large_emergency,83.74,11.04,11.61,30,20,0.75,200,800,11,10,10200
large_emergency,86.5,9.81,9.89,30,20,0.75,200,800,12,12,12000
large_emergency,66.5,6.59,11.87,30,20,0.75,200,800,15,8,9400
large_emergency,98.77,7.64,10.65,30,20,0.75,200,800,20,12,13600
large_emergency,70.38,8.42,9.04,30,20,0.75,200,800,12,11,11200
large_emergency,59.73,6.12,14.05,30,20,0.75,200,800,13,7,8200
large_emergency,77.88,11.22,6.73,30,20,0.75,200,800,11,15,14200
large_emergency,75.97,11.08,7.23,30,20,0.75,200,800,10,14,13200
large_emergency,99.25,11.99,13.99,30,20,0.75,200,800,12,10,10400
large_emergency,107.26,9.42,10.19,30,20,0.75,200,800,15,14,14200
large_emergency,80.55,5.61,9.77,30,20,0.75,200,800,21,11,13000
large_emergency,104.91,10.86,10.96,30,20,0.75,200,800,13,13,13000
large_emergency,98.93,11.2,9.71,30,20,0.75,200,800,15,13,13400
large_emergency,54.69,5.91,6.57,30,20,0.75,200,800,13,12,12200
large_emergency,84.37,9.21,10.32,30,20,0.75,200,800,13,11,11400
large_emergency,61.82,6.91,8.9,30,20,0.75,200,800,13,10,10600
large_emergency,80.49,9.87,14.1,30,20,0.75,200,800,12,8,8800
large_emergency,95.65,8.28,10.85,30,20,0.75,200,800,16,12,12800
large_emergency,84.84,6.16,10.06,30,20,0.75,200,800,18,12,13200
large_emergency,101.96,9.2,14.61,30,20,0.75,200,800,15,10,11000
large_emergency,61.73,11.13,7.04,30,20,0.75,200,800,9,12,11400
large_emergency,112.07,11.36,7.3,30,20,0.75,200,800,15,19,18200
large_emergency,93.58,6.93,11.23,30,20,0.75,200,800,20,11,12800
large_emergency,56.98,6.5,11.22,30,20,0.75,200,800,12,8,8800
large_emergency,70.19,7.96,11.1,30,20,0.75,200,800,13,9,9800
large_emergency,78.38,11.96,9.4,30,20,0.75,200,800,11,11,11000
large_emergency,68.89,7.81,8.4,30,20,0.75,200,800,13,11,11400
large_emergency,55.31,6.68,9.22,30,20,0.75,200,800,12,9,9600
large_emergency,94.85,5.18,10.01,30,20,0.75,200,800,23,13,15000
large_emergency,89.72,10.35,8.73,30,20,0.75,200,800,12,14,13600
large_emergency,102.35,11.15,7.36,30,20,0.75,200,800,13,18,17000
large_emergency,103.69,9.62,12.74,30,20,0.75,200,800,15,11,11800
large_emergency,86.77,8.2,6.61,30,20,0.75,200,800,15,17,16600
large_emergency,114.94,11.28,9.67,30,20,0.75,200,800,15,15,15000
large_emergency,84.57,9.23,14.06,30,20,0.75,200,800,13,9,9800
large_emergency,95.65,5.63,10.55,30,20,0.75,200,800,23,12,14200
large_emergency,63.51,6.01,12.03,30,20,0.75,200,800,15,8,9400
large_emergency,73.84,6.99,7.33,30,20,0.75,200,800,17,13,13800
large_emergency,66.56,9.87,9.47,30,20,0.75,200,800,10,10,10000
large_emergency,99.09,11.49,13.77,30,20,0.75,200,800,12,10,10400
large_emergency,105.96,9.53,9.53,30,20,0.75,200,800,15,15,15000
large_emergency,81.25,5.83,13.69,30,20,0.75,200,800,18,9,10800
large_emergency,99.75,9.58,11.27,30,20,0.75,200,800,14,12,12400
large_emergency,87.04,8.13,6.45,30,20,0.75,200,800,16,17,16800
large_emergency,75.32,7.23,11.1,30,20,0.75,200,800,14,10,10800
large_emergency,92.61,7.83,6.22,30,20,0.75,200,800,16,19,18400
large_emergency,99.04,6.37,9.46,30,20,0.75,200,800,20,14,15200
large_emergency,94.67,10.37,8.58,30,20,0.75,200,800,15,14,14200
large_emergency,101.79,7.0,6.4,30,20,0.75,200,800,20,20,20000
large_emergency,85.69,6.41,9.98,30,20,0.75,200,800,18,12,13200
large_emergency,88.68,10.37,6.59,30,20,0.75,200,800,13,17,16200
large_emergency,91.52,10.37,11.5,30,20,0.75,200,800,13,11,11400
large_emergency,91.09,8.06,14.22,30,20,0.75,200,800,16,9,10400
large_emergency,90.12,6.06,12.39,30,20,0.75,200,800,20,10,12000
large_emergency,100.15,8.82,13.41,30,20,0.75,200,800,17,10,11400
large_emergency,60.82,7.21,11.86,30,20,0.75,200,800,12,8,8800
large_emergency,102.06,7.54,14.52,30,20,0.75,200,800,18,10,11600
large_emergency,62.12,5.58,8.91,30,20,0.75,200,800,15,10,11000
large_emergency,79.28,7.16,10.16,30,20,0.75,200,800,15,11,11800
large_emergency,68.82,5.45,14.17,30,20,0.75,200,800,19,7,9400
large_emergency,91.36,5.94,10.58,30,20,0.75,200,800,20,12,13600
large_emergency,111.9,7.69,10.43,30,20,0.75,200,800,20,14,15200
large_emergency,102.98,11.81,14.28,30,20,0.75,200,800,12,10,10400
large_emergency,87.88,6.78,6.0,30,20,0.75,200,800,17,19,18600
large_emergency,88.06,8.5,10.62,30,20,0.75,200,800,15,11,11800
large_emergency,113.05,10.6,7.23,30,20,0.75,200,800,15,20,19000
large_emergency,87.41,7.75,11.99,30,20,0.75,200,800,16,10,11200
large_emergency,74.17,7.86,14.5,30,20,0.75,200,800,13,8,9000
large_emergency,59.65,9.37,8.44,30,20,0.75,200,800,10,10,10000
large_emergency,112.94,6.32,14.73,30,20,0.75,200,800,23,11,13400
large_emergency,93.72,6.95,13.52,30,20,0.75,200,800,18,10,11600
large_emergency,53.5,10.03,8.34,30,20,0.75,200,800,9,9,9000
large_emergency,110.96,11.43,6.86,30,20,0.75,200,800,14,20,18800
large_emergency,89.14,8.26,14.1,30,20,0.75,200,800,15,9,10200
large_emergency,76.27,10.03,13.16,30,20,0.75,200,800,13,8,9000
large_emergency,112.35,6.0,13.85,30,20,0.75,200,800,24,11,13600
large_emergency,101.61,6.86,13.81,30,20,0.75,200,800,20,10,12000
large_emergency,86.34,11.13,12.59,30,20,0.75,200,800,11,10,10200
large_emergency,64.69,9.65,9.6,30,20,0.75,200,800,10,10,10000
large_emergency,92.69,11.95,8.63,30,20,0.75,200,800,12,14,13600
large_emergency,63.57,5.68,11.03,30,20,0.75,200,800,15,9,10200
large_emergency,70.74,10.11,12.43,30,20,0.75,200,800,11,8,8600
large_emergency,79.28,7.32,7.17,30,20,0.75,200,800,15,15,15000
large_emergency,54.01,5.75,11.87,30,20,0.75,200,800,13,7,8200
large_emergency,107.0,10.52,8.06,30,20,0.75,200,800,14,17,16400
large_emergency,101.12,11.14,8.71,30,20,0.75,200,800,13,15,14600
large_emergency,112.42,7.51,8.28,30,20,0.75,200,800,21,17,17800
large_emergency,110.28,10.79,12.01,30,20,0.75,200,800,15,12,12600
large_emergency,62.0,8.15,11.63,30,20,0.75,200,800,11,8,8600
large_emergency,68.03,8.15,10.37,30,20,0.75,200,800,13,9,9800
large_emergency,74.21,9.91,13.59,30,20,0.75,200,800,11,8,8600
large_emergency,98.87,5.27,7.66,30,20,0.75,200,800,24,17,18400
large_emergency,68.08,8.07,8.51,30,20,0.75,200,800,12,11,11200
large_emergency,63.49,5.65,8.88,30,20,0.75,200,800,16,10,11200
large_emergency,76.31,9.06,6.62,30,20,0.75,200,800,13,15,14600
large_emergency,71.25,8.49,7.09,30,20,0.75,200,800,14,13,13200
large_emergency,51.61,6.5,8.16,30,20,0.75,200,800,12,9,9600
large_emergency,72.23,11.9,10.78,30,20,0.75,200,800,11,9,9400
large_emergency,98.49,7.48,11.67,30,20,0.75,200,800,17,12,13000
large_emergency,50.35,9.33,9.16,30,20,0.75,200,800,9,8,8200
large_emergency,80.93,9.95,6.6,30,20,0.75,200,800,12,16,15200
large_emergency,104.39,9.1,9.29,30,20,0.75,200,800,15,15,15000
large_emergency,71.85,8.58,9.45,30,20,0.75,200,800,12,11,11200
large_emergency,104.35,5.32,14.27,30,20,0.75,200,800,26,10,13200
large_emergency,75.87,5.12,13.15,30,20,0.75,200,800,19,9,11000
large_emergency,53.63,11.67,13.91,30,20,0.75,200,800,8,6,6400
large_emergency,67.84,8.91,8.38,30,20,0.75,200,800,12,11,11200
large_emergency,53.94,8.82,7.37,30,20,0.75,200,800,10,10,10000
large_emergency,90.92,7.05,10.46,30,20,0.75,200,800,17,12,13000
large_emergency,103.95,7.39,10.51,30,20,0.75,200,800,19,13,14200
large_emergency,63.67,9.24,13.99,30,20,0.75,200,800,10,7,7600
large_emergency,84.81,10.76,9.8,30,20,0.75,200,800,11,12,11800
large_emergency,92.65,11.7,14.73,30,20,0.75,200,800,11,9,9400
large_emergency,53.27,5.73,9.84,30,20,0.75,200,800,13,8,9000
large_emergency,100.4,6.06,6.87,30,20,0.75,200,800,21,19,19400
large_emergency,110.4,8.38,10.46,30,20,0.75,200,800,18,14,14800
large_emergency,74.23,11.12,6.12,30,20,0.75,200,800,10,16,14800
large_emergency,78.29,8.89,9.63,30,20,0.75,200,800,13,11,11400
large_emergency,75.5,7.5,14.18,30,20,0.75,200,800,14,8,9200
large_emergency,108.37,6.11,9.57,30,20,0.75,200,800,23,15,16600
large_emergency,58.66,9.71,8.86,30,20,0.75,200,800,11,9,9400
large_emergency,77.28,8.21,11.46,30,20,0.75,200,800,13,10,10600
large_emergency,87.26,11.62,7.96,30,20,0.75,200,800,12,14,13600
large_emergency,69.99,11.96,14.37,30,20,0.75,200,800,10,7,7600
large_emergency,107.77,8.95,10.95,30,20,0.75,200,800,17,13,13800
large_emergency,81.47,5.61,6.88,30,20,0.75,200,800,19,16,16600
large_emergency,83.42,8.74,13.33,30,20,0.75,200,800,13,9,9800
large_emergency,103.45,9.85,10.06,30,20,0.75,200,800,14,14,14000
large_emergency,81.85,11.56,12.94,30,20,0.75,200,800,11,9,9400
large_emergency,57.4,6.25,6.41,30,20,0.75,200,800,14,12,12400
large_emergency,79.81,10.93,12.28,30,20,0.75,200,800,11,9,9400
large_emergency,113.25,11.84,10.6,30,20,0.75,200,800,14,14,14000
large_emergency,54.96,11.77,12.9,30,20,0.75,200,800,7,7,7000
large_emergency,78.56,10.13,9.52,30,20,0.75,200,800,12,11,11200
large_emergency,71.95,6.07,11.32,30,20,0.75,200,800,17,9,10600
large_emergency,97.68,9.0,7.37,30,20,0.75,200,800,15,17,16600
large_emergency,60.1,10.34,14.51,30,20,0.75,200,800,11,6,7000
large_emergency,92.84,9.2,13.52,30,20,0.75,200,800,14,10,10800
large_emergency,55.89,11.94,11.22,30,20,0.75,200,800,9,7,7400
large_emergency,86.38,7.94,10.74,30,20,0.75,200,800,15,11,11800
large_emergency,59.76,8.84,8.44,30,20,0.75,200,800,10,10,10000
large_emergency,79.45,9.25,10.83,30,20,0.75,200,800,13,10,10600
large_emergency,64.91,6.61,11.9,30,20,0.75,200,800,14,8,9200
large_emergency,89.0,5.91,13.32,30,20,0.75,200,800,19,10,11800
large_emergency,57.51,8.48,9.76,30,20,0.75,200,800,10,9,9200
large_emergency,88.2,7.55,9.75,30,20,0.75,200,800,17,12,13000
large_emergency,64.05,8.6,12.56,30,20,0.75,200,800,11,8,8600
large_emergency,92.61,9.96,9.07,30,20,0.75,200,800,13,14,13800
large_emergency,78.78,7.02,8.72,30,20,0.75,200,800,16,12,12800
large_emergency,82.09,9.84,6.48,30,20,0.75,200,800,13,16,15400
large_emergency,88.66,9.89,13.27,30,20,0.75,200,800,15,9,10200
large_emergency,89.35,10.31,11.95,30,20,0.75,200,800,13,10,10600
large_emergency,77.15,7.28,8.11,30,20,0.75,200,800,15,13,13400
large_emergency,107.16,11.87,13.66,30,20,0.75,200,800,13,11,11400
large_emergency,107.37,6.01,13.5,30,20,0.75,200,800,23,11,13400
large_emergency,64.95,7.74,13.79,30,20,0.75,200,800,12,7,8000
large_emergency,112.7,11.18,14.61,30,20,0.75,200,800,14,11,11600
large_emergency,70.65,10.69,11.49,30,20,0.75,200,800,10,9,9200
large_emergency,68.29,8.09,9.21,30,20,0.75,200,800,13,10,10600
large_emergency,58.75,10.24,12.11,30,20,0.75,200,800,10,7,7600
large_emergency,96.13,7.72,7.82,30,20,0.75,200,800,17,16,16200
large_emergency,96.44,5.22,12.76,30,20,0.75,200,800,23,11,13400
large_emergency,66.11,6.95,10.36,30,20,0.75,200,800,14,9,10000
large_emergency,108.47,11.75,14.62,30,20,0.75,200,800,14,10,10800
large_emergency,85.94,9.25,11.59,30,20,0.75,200,800,14,10,10800
large_emergency,67.45,6.1,7.18,30,20,0.75,200,800,15,13,13400
large_emergency,109.72,5.82,8.48,30,20,0.75,200,800,24,17,18400
large_emergency,96.4,10.29,10.19,30,20,0.75,200,800,13,13,13000
large_emergency,54.07,9.37,7.99,30,20,0.75,200,800,9,10,9800
large_emergency,67.05,9.46,11.72,30,20,0.75,200,800,11,8,8600
large_emergency,86.6,10.51,12.44,30,20,0.75,200,800,12,10,10400
large_emergency,95.65,9.72,8.82,30,20,0.75,200,800,14,14,14000
large_emergency,88.2,5.25,14.82,30,20,0.75,200,800,21,9,11400
large_emergency,84.77,11.47,9.77,30,20,0.75,200,800,11,12,11800
large_emergency,57.57,6.9,7.76,30,20,0.75,200,800,14,10,10800
large_emergency,54.81,7.34,7.1,30,20,0.75,200,800,11,11,11000
large_emergency,95.89,7.8,13.9,30,20,0.75,200,800,16,10,11200
large_emergency,74.97,9.5,8.62,30,20,0.75,200,800,11,12,11800
large_emergency,59.83,9.84,12.72,30,20,0.75,200,800,9,7,7400
large_emergency,58.14,7.9,8.71,30,20,0.75,200,800,11,10,10200
large_emergency,112.06,6.37,8.0,30,20,0.75,200,800,23,18,19000
large_emergency,110.43,11.54,8.54,30,20,0.75,200,800,13,17,16200
large_emergency,86.65,8.91,14.61,30,20,0.75,200,800,13,9,9800
large_emergency,90.5,6.59,6.48,30,20,0.75,200,800,19,18,18200
large_emergency,55.52,8.97,13.05,30,20,0.75,200,800,9,7,7400
large_emergency,66.28,11.07,11.53,30,20,0.75,200,800,10,8,8400
large_emergency,84.01,6.35,14.22,30,20,0.75,200,800,17,9,10600
large_emergency,51.19,6.21,7.56,30,20,0.75,200,800,12,10,10400
large_emergency,87.99,7.37,13.59,30,20,0.75,200,800,17,9,10600
large_emergency,80.25,5.3,10.04,30,20,0.75,200,800,20,11,12800
large_emergency,57.73,7.24,12.86,30,20,0.75,200,800,11,7,7800
large_emergency,55.59,11.12,13.85,30,20,0.75,200,800,8,6,6400
large_emergency,74.87,5.58,6.38,30,20,0.75,200,800,21,15,16200
large_emergency,109.92,5.31,12.63,30,20,0.75,200,800,26,12,14800
large_emergency,83.21,9.79,12.76,30,20,0.75,200,800,13,9,9800
large_emergency,65.84,8.89,7.81,30,20,0.75,200,800,11,12,11800
large_emergency,107.47,8.95,12.95,30,20,0.75,200,800,17,11,12200
large_emergency,68.32,10.1,7.67,30,20,0.75,200,800,10,12,11600
large_emergency,70.81,9.9,6.93,30,20,0.75,200,800,10,14,13200
large_emergency,62.8,5.64,11.68,30,20,0.75,200,800,15,8,9400
large_emergency,64.66,5.43,8.56,30,20,0.75,200,800,16,11,12000
large_emergency,66.83,5.71,8.89,30,20,0.75,200,800,16,11,12000
large_emergency,109.15,10.65,7.83,30,20,0.75,200,800,14,18,17200
large_emergency,111.4,11.8,12.37,30,20,0.75,200,800,13,12,12200
large_emergency,57.58,5.67,9.44,30,20,0.75,200,800,14,9,10000
large_emergency,85.6,9.56,10.94,30,20,0.75,200,800,13,11,11400
large_emergency,81.22,7.0,7.85,30,20,0.75,200,800,16,14,14400
large_emergency,77.29,11.24,14.32,30,20,0.75,200,800,10,8,8400
large_emergency,85.39,5.75,12.21,30,20,0.75,200,800,20,10,12000
large_emergency,77.02,6.44,14.05,30,20,0.75,200,800,16,8,9600
large_emergency,107.39,10.57,11.0,30,20,0.75,200,800,14,13,13200
large_emergency,93.42,8.79,12.57,30,20,0.75,200,800,16,10,11200
large_emergency,80.96,10.67,13.63,30,20,0.75,200,800,11,9,9400
large_emergency,106.07,8.23,14.1,30,20,0.75,200,800,19,10,11800
large_emergency,96.98,5.29,9.81,30,20,0.75,200,800,25,13,15400
large_emergency,50.13,11.28,13.87,30,20,0.75,200,800,7,6,6200
